exception_type,iteration,message,multiplier,reason,rms,roughness,step_scale
,1,Another step cut from the same linear candidate had a lower nonlinear RMS.,0.005,step_cut_discarded,69.81017865913424,332.3469077099706,1.0
,1,Another step cut from the same linear candidate had a lower nonlinear RMS.,0.005,step_cut_discarded,42.23156570419003,83.08672692749266,0.5
,1,Another step cut from the same linear candidate had a lower nonlinear RMS.,0.005,step_cut_discarded,29.45713316857879,20.77168173187317,0.25
,1,Another step cut from the same linear candidate had a lower nonlinear RMS.,0.015811388300841896,step_cut_discarded,69.77230170105149,328.3579889839789,1.0
,1,Another step cut from the same linear candidate had a lower nonlinear RMS.,0.015811388300841896,step_cut_discarded,42.13891681837528,82.08949724599472,0.5
,1,Another step cut from the same linear candidate had a lower nonlinear RMS.,0.015811388300841896,step_cut_discarded,29.40460702763247,20.52237431149868,0.25
,1,Another step cut from the same linear candidate had a lower nonlinear RMS.,0.05,step_cut_discarded,68.04121370268308,242.005146570265,1.0
,1,Another step cut from the same linear candidate had a lower nonlinear RMS.,0.05,step_cut_discarded,39.90148526697005,60.50128664256624,0.5
,1,Another step cut from the same linear candidate had a lower nonlinear RMS.,0.05,step_cut_discarded,28.22713972826802,15.125321660641562,0.25
,1,Another step cut from the same linear candidate had a lower nonlinear RMS.,0.15811388300841894,step_cut_discarded,67.20379719465572,179.04055718063557,1.0
,1,Another step cut from the same linear candidate had a lower nonlinear RMS.,0.15811388300841894,step_cut_discarded,38.83870016358344,44.760139295158886,0.5
,1,Another step cut from the same linear candidate had a lower nonlinear RMS.,0.15811388300841894,step_cut_discarded,27.684325231041836,11.190034823789723,0.25
,1,Another step cut from the same linear candidate had a lower nonlinear RMS.,0.5,step_cut_discarded,66.98486481313189,108.35573599411548,1.0
,1,Another step cut from the same linear candidate had a lower nonlinear RMS.,0.5,step_cut_discarded,38.01994290342647,27.088933998528873,0.5
,1,Another step cut from the same linear candidate had a lower nonlinear RMS.,0.5,step_cut_discarded,27.11131282927545,6.772233499632219,0.25
,1,Another step cut from the same linear candidate had a lower nonlinear RMS.,1.5811388300841898,step_cut_discarded,62.94123426174941,79.08405382353534,1.0
,1,Another step cut from the same linear candidate had a lower nonlinear RMS.,1.5811388300841898,step_cut_discarded,35.52751674839313,19.771013455883836,0.5
,1,Another step cut from the same linear candidate had a lower nonlinear RMS.,1.5811388300841898,step_cut_discarded,26.082027707371186,4.9427533639709615,0.25
,1,Another step cut from the same linear candidate had a lower nonlinear RMS.,5.0,step_cut_discarded,51.82502228655253,43.99152087183698,1.0
,1,Another step cut from the same linear candidate had a lower nonlinear RMS.,5.0,step_cut_discarded,29.637578669489162,10.997880217959246,0.5
,1,A different valid candidate better satisfied the Occam selection policy.,0.005,not_selected,25.496589217327756,5.192920432968292,0.125
,1,A different valid candidate better satisfied the Occam selection policy.,0.015811388300841896,not_selected,25.47933241862842,5.13059357787467,0.125
,1,A different valid candidate better satisfied the Occam selection policy.,0.05,not_selected,25.083592672639345,3.7813304151603915,0.125
,1,A different valid candidate better satisfied the Occam selection policy.,0.15811388300841894,not_selected,24.90549820759115,2.79750870594743,0.125
,1,A different valid candidate better satisfied the Occam selection policy.,0.5,not_selected,24.688099323819152,1.6930583749080548,0.125
,1,A different valid candidate better satisfied the Occam selection policy.,1.5811388300841898,not_selected,24.384733027672414,1.2356883409927404,0.125
,1,A different valid candidate better satisfied the Occam selection policy.,5.0,not_selected,23.889035722323307,2.7494700544898127,0.25
,1,A different valid candidate better satisfied the Occam selection policy.,15.811388300841898,not_selected,21.293304668441728,16.33709928400182,1.0
,1,A different valid candidate better satisfied the Occam selection policy.,50.0,not_selected,10.556884796851605,4.784499760051341,1.0
,1,A different valid candidate better satisfied the Occam selection policy.,158.11388300841895,not_selected,9.06753463222436,1.2750183904326071,1.0
,1,A different valid candidate better satisfied the Occam selection policy.,500.0,not_selected,8.64346918068153,0.3763742278025003,1.0
,1,A different valid candidate better satisfied the Occam selection policy.,1581.1388300841897,not_selected,8.361183957923355,0.13305651491177314,1.0
,2,Another step cut from the same linear candidate had a lower nonlinear RMS.,5.0,step_cut_discarded,54.901795934398535,39.16258950731787,1.0
,2,Another step cut from the same linear candidate had a lower nonlinear RMS.,5.0,step_cut_discarded,21.1913211487508,9.819673882469134,0.5
,2,Another step cut from the same linear candidate had a lower nonlinear RMS.,5.0,step_cut_discarded,9.145592539337676,2.494029148135223,0.25
,2,Another step cut from the same linear candidate had a lower nonlinear RMS.,15.811388300841896,step_cut_discarded,32.489231028028556,17.284371370366586,1.0
,2,Another step cut from the same linear candidate had a lower nonlinear RMS.,15.811388300841896,step_cut_discarded,12.154671095492025,4.337978891370659,0.5
,2,Another step cut from the same linear candidate had a lower nonlinear RMS.,50.0,step_cut_discarded,14.634180865507492,5.160920095030977,1.0
,2,Another step cut from the same linear candidate had a lower nonlinear RMS.,500000.0,step_cut_discarded,8.23759595273886,0.0009985355447355232,1.0
,2,Another step cut from the same linear candidate had a lower nonlinear RMS.,1581138.8300841898,step_cut_discarded,8.651645062990212,0.0001456690139611277,1.0
,2,Another step cut from the same linear candidate had a lower nonlinear RMS.,5000000.0,step_cut_discarded,8.838387099525802,1.6795473425211978e-05,1.0
,2,A different valid candidate better satisfied the Occam selection policy.,5.0,not_selected,7.662655500601925,0.6676600504908781,0.125
,2,A different valid candidate better satisfied the Occam selection policy.,15.811388300841896,not_selected,7.582280133300936,1.117535171930274,0.25
,2,A different valid candidate better satisfied the Occam selection policy.,50.0,not_selected,7.470466993397239,1.2994461112449038,0.5
,2,A different valid candidate better satisfied the Occam selection policy.,158.11388300841895,not_selected,7.671984423376195,1.4379140804288115,1.0
,2,A different valid candidate better satisfied the Occam selection policy.,500.0,not_selected,6.4591262311508295,0.43230737036349004,1.0
,2,A different valid candidate better satisfied the Occam selection policy.,5000.0,not_selected,6.496797009545015,0.07239796485697896,1.0
,2,A different valid candidate better satisfied the Occam selection policy.,15811.388300841898,not_selected,6.682401816074301,0.03627357179612743,1.0
,2,A different valid candidate better satisfied the Occam selection policy.,50000.0,not_selected,7.069397672129422,0.01463848969743847,1.0
,2,A different valid candidate better satisfied the Occam selection policy.,158113.88300841895,not_selected,7.635573633360386,0.00457856905228608,1.0
,2,A different valid candidate better satisfied the Occam selection policy.,500000.0,not_selected,7.671989030800293,0.018897650292246312,0.5
,2,A different valid candidate better satisfied the Occam selection policy.,1581138.8300841898,not_selected,7.752602984567753,0.017307896815403567,0.5
,2,A different valid candidate better satisfied the Occam selection policy.,5000000.0,not_selected,7.789356564343138,0.01670037280628066,0.5
,3,Another step cut from the same linear candidate had a lower nonlinear RMS.,1.5811388300841898,step_cut_discarded,58.65970931482964,68.1080600257638,1.0
,3,Another step cut from the same linear candidate had a lower nonlinear RMS.,1.5811388300841898,step_cut_discarded,24.739716487407094,17.33191202576449,0.5
,3,Another step cut from the same linear candidate had a lower nonlinear RMS.,1.5811388300841898,step_cut_discarded,10.337871963231077,4.5423759489896485,0.25
,3,Another step cut from the same linear candidate had a lower nonlinear RMS.,1.5811388300841898,step_cut_discarded,6.7749549463057805,1.2972423914084354,0.125
,3,Another step cut from the same linear candidate had a lower nonlinear RMS.,5.0,step_cut_discarded,48.190305497026316,39.05802271803648,1.0
,3,Another step cut from the same linear candidate had a lower nonlinear RMS.,5.0,step_cut_discarded,19.03694618446541,10.072573905498169,0.5
,3,Another step cut from the same linear candidate had a lower nonlinear RMS.,5.0,step_cut_discarded,8.391640621898713,2.729127022255829,0.25
,3,Another step cut from the same linear candidate had a lower nonlinear RMS.,5.0,step_cut_discarded,6.495655137006858,0.8447229613913615,0.125
,3,Another step cut from the same linear candidate had a lower nonlinear RMS.,15.811388300841898,step_cut_discarded,26.75153563262975,17.167808950345776,1.0
,3,Another step cut from the same linear candidate had a lower nonlinear RMS.,15.811388300841898,step_cut_discarded,10.686091291180594,4.573254287106132,0.5
,3,Another step cut from the same linear candidate had a lower nonlinear RMS.,15.811388300841898,step_cut_discarded,6.739803266663738,1.3409140294231363,0.25
,3,Another step cut from the same linear candidate had a lower nonlinear RMS.,50.0,step_cut_discarded,10.98906215628332,5.190683698012007,1.0
,3,Another step cut from the same linear candidate had a lower nonlinear RMS.,50.0,step_cut_discarded,6.708379531662283,1.5340544668597418,0.5
,3,Another step cut from the same linear candidate had a lower nonlinear RMS.,5000.000000000001,step_cut_discarded,6.466392908997727,0.06517744109354241,1.0
,3,Another step cut from the same linear candidate had a lower nonlinear RMS.,5000.000000000001,step_cut_discarded,6.409650945652522,0.09848374082997438,0.5
,3,Another step cut from the same linear candidate had a lower nonlinear RMS.,15811.388300841898,step_cut_discarded,6.713479153845437,0.03071180050110454,1.0
,3,Another step cut from the same linear candidate had a lower nonlinear RMS.,15811.388300841898,step_cut_discarded,6.498109601609082,0.07195279251250575,0.5
,3,Another step cut from the same linear candidate had a lower nonlinear RMS.,15811.388300841898,step_cut_discarded,6.435791967828177,0.10707505220850178,0.25
,3,Another step cut from the same linear candidate had a lower nonlinear RMS.,15811.388300841898,step_cut_discarded,6.416569499153486,0.1282616229790737,0.125
,3,Another step cut from the same linear candidate had a lower nonlinear RMS.,15811.388300841898,step_cut_discarded,6.410008370813585,0.13976126859500315,0.0625
,3,Another step cut from the same linear candidate had a lower nonlinear RMS.,15811.388300841898,step_cut_discarded,6.4074979023450265,0.14573768146062877,0.03125
,3,Another step cut from the same linear candidate had a lower nonlinear RMS.,15811.388300841898,step_cut_discarded,6.406436090523336,0.14878253540785674,0.015625
,3,Another step cut from the same linear candidate had a lower nonlinear RMS.,15811.388300841898,step_cut_discarded,6.4059536493988825,0.1503191242600747,0.0078125
,3,Another step cut from the same linear candidate had a lower nonlinear RMS.,50000.0,step_cut_discarded,7.111549594257407,0.012846430128167772,1.0
,3,Another step cut from the same linear candidate had a lower nonlinear RMS.,50000.0,step_cut_discarded,6.618486614552179,0.055388210106321056,0.5
,3,Another step cut from the same linear candidate had a lower nonlinear RMS.,50000.0,step_cut_discarded,6.476410366507995,0.0968847867004804,0.25
,3,Another step cut from the same linear candidate had a lower nonlinear RMS.,50000.0,step_cut_discarded,6.432100517923926,0.12268949664883075,0.125
,3,Another step cut from the same linear candidate had a lower nonlinear RMS.,50000.0,step_cut_discarded,6.416599960192953,0.13685595703582365,0.0625
,3,Another step cut from the same linear candidate had a lower nonlinear RMS.,50000.0,step_cut_discarded,6.410503172665376,0.14425521358252455,0.03125
,3,Another step cut from the same linear candidate had a lower nonlinear RMS.,50000.0,step_cut_discarded,6.407866486823856,0.14803384844417594,0.015625
,3,Another step cut from the same linear candidate had a lower nonlinear RMS.,50000.0,step_cut_discarded,6.406650838257941,0.14994291752207706,0.0078125
,3,Another step cut from the same linear candidate had a lower nonlinear RMS.,158113.88300841898,step_cut_discarded,7.600435294527319,0.004686737671758855,1.0
,3,Another step cut from the same linear candidate had a lower nonlinear RMS.,158113.88300841898,step_cut_discarded,6.759436511381972,0.04610594146934614,0.5
,3,Another step cut from the same linear candidate had a lower nonlinear RMS.,158113.88300841898,step_cut_discarded,6.516984352248492,0.09094304677980038,0.25
,3,Another step cut from the same linear candidate had a lower nonlinear RMS.,158113.88300841898,step_cut_discarded,6.444753743070936,0.11939347528794259,0.125
,3,Another step cut from the same linear candidate had a lower nonlinear RMS.,158113.88300841898,step_cut_discarded,6.421024832187036,0.13512665850524255,0.0625
,3,Another step cut from the same linear candidate had a lower nonlinear RMS.,158113.88300841898,step_cut_discarded,6.412242713568275,0.14337024235469958,0.03125
,3,Another step cut from the same linear candidate had a lower nonlinear RMS.,158113.88300841898,step_cut_discarded,6.408618456610175,0.14758628233963003,0.015625
,3,Another step cut from the same linear candidate had a lower nonlinear RMS.,158113.88300841898,step_cut_discarded,6.406997432413253,0.14971786434714565,0.0078125
,3,Another step cut from the same linear candidate had a lower nonlinear RMS.,500000.00000000006,step_cut_discarded,8.158106646825507,0.00114952724199536,1.0
,3,Another step cut from the same linear candidate had a lower nonlinear RMS.,500000.00000000006,step_cut_discarded,6.923868088129197,0.04124120978898509,0.5
,3,Another step cut from the same linear candidate had a lower nonlinear RMS.,500000.00000000006,step_cut_discarded,6.559996065156453,0.08773664932325,0.25
,3,Another step cut from the same linear candidate had a lower nonlinear RMS.,500000.00000000006,step_cut_discarded,6.4557519533743415,0.11759676865557492,0.125
,3,Another step cut from the same linear candidate had a lower nonlinear RMS.,500000.00000000006,step_cut_discarded,6.423869375111823,0.13417992821303562,0.0625
,3,Another step cut from the same linear candidate had a lower nonlinear RMS.,500000.00000000006,step_cut_discarded,6.41300204858734,0.14288478296459042,0.03125
,3,Another step cut from the same linear candidate had a lower nonlinear RMS.,500000.00000000006,step_cut_discarded,6.408832740653221,0.14734052908357395,0.015625
,3,Another step cut from the same linear candidate had a lower nonlinear RMS.,500000.00000000006,step_cut_discarded,6.40706328873935,0.14959423182886722,0.0078125
,3,Another step cut from the same linear candidate had a lower nonlinear RMS.,1581138.8300841898,step_cut_discarded,8.584846002393581,0.00017687433441061434,1.0
,3,Another step cut from the same linear candidate had a lower nonlinear RMS.,1581138.8300841898,step_cut_discarded,7.054150938543707,0.03911049977119972,0.5
,3,Another step cut from the same linear candidate had a lower nonlinear RMS.,1581138.8300841898,step_cut_discarded,6.593579228855397,0.08626019842335902,0.25
,3,Another step cut from the same linear candidate had a lower nonlinear RMS.,1581138.8300841898,step_cut_discarded,6.463849706907766,0.11675576923287992,0.125
,3,Another step cut from the same linear candidate had a lower nonlinear RMS.,1581138.8300841898,step_cut_discarded,6.425709945127364,0.13373373500850066,0.0625
,3,Another step cut from the same linear candidate had a lower nonlinear RMS.,1581138.8300841898,step_cut_discarded,6.41337062424904,0.14265526298902612,0.03125
,3,Another step cut from the same linear candidate had a lower nonlinear RMS.,1581138.8300841898,step_cut_discarded,6.408879447716389,0.1472241632524676,0.015625
,3,Another step cut from the same linear candidate had a lower nonlinear RMS.,1581138.8300841898,step_cut_discarded,6.407052309103892,0.14953564745248304,0.0078125
,3,A different valid candidate better satisfied the Occam selection policy.,1.5811388300841898,not_selected,6.379106839690557,0.4620842328193813,0.0625
,3,A different valid candidate better satisfied the Occam selection policy.,5.0,not_selected,6.3485146600936275,0.349350776148303,0.0625
,3,A different valid candidate better satisfied the Occam selection policy.,15.811388300841898,not_selected,6.333001422872922,0.49097816906584657,0.125
,3,A different valid candidate better satisfied the Occam selection policy.,50.0,not_selected,6.28125717585556,0.5586548207800657,0.25
,3,A different valid candidate better satisfied the Occam selection policy.,158.11388300841898,not_selected,6.34369840122321,1.4118568678350807,1.0
,3,A different valid candidate better satisfied the Occam selection policy.,1581.1388300841897,not_selected,6.3135083187086405,0.14185156300748447,1.0
,3,A different valid candidate better satisfied the Occam selection policy.,5000.000000000001,not_selected,6.400301081974722,0.12266505837254858,0.25
,3,A different valid candidate better satisfied the Occam selection policy.,15811.388300841898,not_selected,6.405724558481165,0.15109095915583445,0.00390625
,3,A different valid candidate better satisfied the Occam selection policy.,50000.0,not_selected,6.406068656977058,0.15090238997279642,0.00390625
,3,A different valid candidate better satisfied the Occam selection policy.,158113.88300841898,not_selected,6.406234614205127,0.15078954585466617,0.00390625
,3,A different valid candidate better satisfied the Occam selection policy.,500000.00000000006,not_selected,6.406257229482261,0.15072754062296434,0.00390625
,3,A different valid candidate better satisfied the Occam selection policy.,1581138.8300841898,not_selected,6.406243165288064,0.1506981480695644,0.00390625
,4,Another step cut from the same linear candidate had a lower nonlinear RMS.,0.5000000000000001,step_cut_discarded,58.54136174259083,119.70011227284857,1.0
,4,Another step cut from the same linear candidate had a lower nonlinear RMS.,0.5000000000000001,step_cut_discarded,25.171422017862376,31.214958070050763,0.5
,4,Another step cut from the same linear candidate had a lower nonlinear RMS.,0.5000000000000001,step_cut_discarded,10.473934750651063,8.601965897764838,0.25
,4,Another step cut from the same linear candidate had a lower nonlinear RMS.,0.5000000000000001,step_cut_discarded,6.5672129014196905,2.702866043900123,0.125
,4,Another step cut from the same linear candidate had a lower nonlinear RMS.,1.58113883008419,step_cut_discarded,54.07545116016233,71.6917423534088,1.0
,4,Another step cut from the same linear candidate had a lower nonlinear RMS.,1.58113883008419,step_cut_discarded,22.136218447484186,19.193442720108212,0.5
,4,Another step cut from the same linear candidate had a lower nonlinear RMS.,1.58113883008419,step_cut_discarded,9.254895770428933,5.586875625237891,0.25
,4,Another step cut from the same linear candidate had a lower nonlinear RMS.,1.58113883008419,step_cut_discarded,6.379858295721244,1.9442377582477308,0.125
,4,Another step cut from the same linear candidate had a lower nonlinear RMS.,5.000000000000001,step_cut_discarded,42.99141123241568,37.46819392723031,1.0
,4,Another step cut from the same linear candidate had a lower nonlinear RMS.,5.000000000000001,step_cut_discarded,16.60655581001624,10.527072396644906,0.5
,4,Another step cut from the same linear candidate had a lower nonlinear RMS.,5.000000000000001,step_cut_discarded,7.594739362548916,3.3650414359127265,0.25
,4,Another step cut from the same linear candidate had a lower nonlinear RMS.,5.000000000000001,step_cut_discarded,6.18722562517292,1.3611584066867697,0.125
,4,Another step cut from the same linear candidate had a lower nonlinear RMS.,15.811388300841898,step_cut_discarded,22.469688386749365,16.659112652885767,1.0
,4,Another step cut from the same linear candidate had a lower nonlinear RMS.,15.811388300841898,step_cut_discarded,9.214520865233164,5.118152568678478,0.5
,4,Another step cut from the same linear candidate had a lower nonlinear RMS.,15.811388300841898,step_cut_discarded,6.342893135566433,1.9094867242309745,0.25
,4,Another step cut from the same linear candidate had a lower nonlinear RMS.,50.00000000000001,step_cut_discarded,8.638484615575207,4.9310781772462535,1.0
,4,Another step cut from the same linear candidate had a lower nonlinear RMS.,50.00000000000001,step_cut_discarded,6.253989832144886,1.8948206890734112,0.5
,4,Another step cut from the same linear candidate had a lower nonlinear RMS.,500.00000000000006,step_cut_discarded,6.164177607926449,0.38158497521055496,1.0
,4,Another step cut from the same linear candidate had a lower nonlinear RMS.,500.00000000000006,step_cut_discarded,6.161408572015205,0.3940171887375263,0.5
,4,Another step cut from the same linear candidate had a lower nonlinear RMS.,1581.13883008419,step_cut_discarded,6.3229039121418,0.13867405794061533,1.0
,4,Another step cut from the same linear candidate had a lower nonlinear RMS.,1581.13883008419,step_cut_discarded,6.231581976283414,0.24596671447745197,0.5
,4,Another step cut from the same linear candidate had a lower nonlinear RMS.,1581.13883008419,step_cut_discarded,6.193637644672196,0.3204021579483497,0.25
,4,Another step cut from the same linear candidate had a lower nonlinear RMS.,1581.13883008419,step_cut_discarded,6.176725890292895,0.36281715848441864,0.125
,4,Another step cut from the same linear candidate had a lower nonlinear RMS.,1581.13883008419,step_cut_discarded,6.1688234155359885,0.3853239784526079,0.0625
,4,Another step cut from the same linear candidate had a lower nonlinear RMS.,1581.13883008419,step_cut_discarded,6.165016487872532,0.39690221836174144,0.03125
,4,Another step cut from the same linear candidate had a lower nonlinear RMS.,1581.13883008419,step_cut_discarded,6.163149913990389,0.4027725457975679,0.015625
,4,Another step cut from the same linear candidate had a lower nonlinear RMS.,1581.13883008419,step_cut_discarded,6.162225955162159,0.4057280113857961,0.0078125
,4,Another step cut from the same linear candidate had a lower nonlinear RMS.,5000.000000000001,step_cut_discarded,6.4935369573679855,0.06440981070506144,1.0
,4,Another step cut from the same linear candidate had a lower nonlinear RMS.,5000.000000000001,step_cut_discarded,6.28940507534054,0.17902869534089508,0.5
,4,Another step cut from the same linear candidate had a lower nonlinear RMS.,5000.000000000001,step_cut_discarded,6.216051703094588,0.2794816745003764,0.25
,4,Another step cut from the same linear candidate had a lower nonlinear RMS.,5000.000000000001,step_cut_discarded,6.186300307479506,0.3404940482905081,0.125
,4,Another step cut from the same linear candidate had a lower nonlinear RMS.,5000.000000000001,step_cut_discarded,6.17319861408913,0.37369670623817164,0.0625
,4,Another step cut from the same linear candidate had a lower nonlinear RMS.,5000.000000000001,step_cut_discarded,6.167100441881035,0.39097215297515325,0.03125
,4,Another step cut from the same linear candidate had a lower nonlinear RMS.,5000.000000000001,step_cut_discarded,6.164165889727552,0.3997784057844312,0.015625
,4,Another step cut from the same linear candidate had a lower nonlinear RMS.,5000.000000000001,step_cut_discarded,6.162727430882351,0.40422366454926706,0.0078125
,4,Another step cut from the same linear candidate had a lower nonlinear RMS.,15811.388300841898,step_cut_discarded,6.781726336617329,0.028309538248065168,1.0
,4,Another step cut from the same linear candidate had a lower nonlinear RMS.,15811.388300841898,step_cut_discarded,6.36649805780497,0.14172318516456744,0.5
,4,Another step cut from the same linear candidate had a lower nonlinear RMS.,15811.388300841898,step_cut_discarded,6.2392956385889375,0.25601507592525524,0.25
,4,Another step cut from the same linear candidate had a lower nonlinear RMS.,15811.388300841898,step_cut_discarded,6.194331299788324,0.32755728813120827,0.125
,4,Another step cut from the same linear candidate had a lower nonlinear RMS.,15811.388300841898,step_cut_discarded,6.176347545620956,0.366927460940587,0.0625
,4,Another step cut from the same linear candidate had a lower nonlinear RMS.,15811.388300841898,step_cut_discarded,6.168462221848946,0.38751231402187725,0.03125
,4,Another step cut from the same linear candidate had a lower nonlinear RMS.,15811.388300841898,step_cut_discarded,6.164794104366766,0.39802968223167223,0.015625
,4,Another step cut from the same linear candidate had a lower nonlinear RMS.,15811.388300841898,step_cut_discarded,6.163028431421903,0.4033446017538574,0.0078125
,4,Another step cut from the same linear candidate had a lower nonlinear RMS.,50000.00000000001,step_cut_discarded,7.208030201069766,0.011525081364928462,1.0
,4,Another step cut from the same linear candidate had a lower nonlinear RMS.,50000.00000000001,step_cut_discarded,6.472840519259225,0.120995765192665,0.5
,4,Another step cut from the same linear candidate had a lower nonlinear RMS.,50000.00000000001,step_cut_discarded,6.2679425139298885,0.24256756805672056,0.25
,4,Another step cut from the same linear candidate had a lower nonlinear RMS.,50000.00000000001,step_cut_discarded,6.203056069735133,0.320062584726295,0.125
,4,Another step cut from the same linear candidate had a lower nonlinear RMS.,50000.00000000001,step_cut_discarded,6.179388059407366,0.36298737187046914,0.0625
,4,Another step cut from the same linear candidate had a lower nonlinear RMS.,50000.00000000001,step_cut_discarded,6.169662217391564,0.3854940851449026,0.03125
,4,Another step cut from the same linear candidate had a lower nonlinear RMS.,50000.00000000001,step_cut_discarded,6.165315335347255,0.397008521707706,0.015625
,4,Another step cut from the same linear candidate had a lower nonlinear RMS.,50000.00000000001,step_cut_discarded,6.163269518720832,0.4028310099705045,0.0078125
,4,Another step cut from the same linear candidate had a lower nonlinear RMS.,158113.883008419,step_cut_discarded,7.679289743302604,0.004382790785702052,1.0
,4,Another step cut from the same linear candidate had a lower nonlinear RMS.,158113.883008419,step_cut_discarded,6.602613717237844,0.11059444164236645,0.5
,4,Another step cut from the same linear candidate had a lower nonlinear RMS.,158113.883008419,step_cut_discarded,6.303415535737254,0.2356593617163998,0.25
,4,Another step cut from the same linear candidate had a lower nonlinear RMS.,158113.883008419,step_cut_discarded,6.213563479293477,0.31618159541484203,0.125
,4,Another step cut from the same linear candidate had a lower nonlinear RMS.,158113.883008419,step_cut_discarded,6.18288263937088,0.3609401556794191,0.0625
,4,Another step cut from the same linear candidate had a lower nonlinear RMS.,158113.883008419,step_cut_discarded,6.170977626521595,0.38444379666554684,0.03125
,4,Another step cut from the same linear candidate had a lower nonlinear RMS.,158113.883008419,step_cut_discarded,6.1658661669210595,0.3964767073720707,0.015625
,4,Another step cut from the same linear candidate had a lower nonlinear RMS.,158113.883008419,step_cut_discarded,6.163518359982172,0.40256343527869726,0.0078125
,4,Another step cut from the same linear candidate had a lower nonlinear RMS.,500000.00000000006,step_cut_discarded,8.202910765408895,0.001123964154579216,1.0
,4,Another step cut from the same linear candidate had a lower nonlinear RMS.,500000.00000000006,step_cut_discarded,6.766244161993645,0.10550540226907781,0.5
,4,Another step cut from the same linear candidate had a lower nonlinear RMS.,500000.00000000006,step_cut_discarded,6.349290753585482,0.23224993551532366,0.25
,4,Another step cut from the same linear candidate had a lower nonlinear RMS.,500000.00000000006,step_cut_discarded,6.2267579685975365,0.31426065568569556,0.125
,4,Another step cut from the same linear candidate had a lower nonlinear RMS.,500000.00000000006,step_cut_discarded,6.18701676425894,0.3599256291576942,0.0625
,4,Another step cut from the same linear candidate had a lower nonlinear RMS.,500000.00000000006,step_cut_discarded,6.172430066474985,0.38392301924039623,0.03125
,4,Another step cut from the same linear candidate had a lower nonlinear RMS.,500000.00000000006,step_cut_discarded,6.166439161967263,0.39621294011842345,0.015625
,4,Another step cut from the same linear candidate had a lower nonlinear RMS.,500000.00000000006,step_cut_discarded,6.163766622804498,0.4024307070166057,0.0078125
,4,A different valid candidate better satisfied the Occam selection policy.,0.5000000000000001,not_selected,6.1344443156558395,1.1051651750373244,0.0625
,4,A different valid candidate better satisfied the Occam selection policy.,1.58113883008419,not_selected,6.118893991056001,0.9130802448638987,0.0625
,4,A different valid candidate better satisfied the Occam selection policy.,5.000000000000001,not_selected,6.108538846302485,0.7535000048588241,0.0625
,4,A different valid candidate better satisfied the Occam selection policy.,15.811388300841898,not_selected,6.097821292991518,0.9456073514212587,0.125
,4,A different valid candidate better satisfied the Occam selection policy.,50.00000000000001,not_selected,6.0789756070014755,0.9579921239821153,0.25
,4,A different valid candidate better satisfied the Occam selection policy.,500.00000000000006,not_selected,6.161016676366637,0.4010761489846632,0.25
,4,A different valid candidate better satisfied the Occam selection policy.,1581.13883008419,not_selected,6.1617663212281135,0.4072108196474887,0.00390625
,4,A different valid candidate better satisfied the Occam selection policy.,5000.000000000001,not_selected,6.162015429535794,0.4064568270217343,0.00390625
,4,A different valid candidate better satisfied the Occam selection policy.,15811.388300841898,not_selected,6.162162660868297,0.40601612036927165,0.00390625
,4,A different valid candidate better satisfied the Occam selection policy.,50000.00000000001,not_selected,6.1622783429751875,0.4057585715972529,0.00390625
,4,A different valid candidate better satisfied the Occam selection policy.,158113.883008419,not_selected,6.162396138340929,0.405624367370352,0.00390625
,4,A different valid candidate better satisfied the Occam selection policy.,500000.00000000006,not_selected,6.162510721115928,0.4055577920804891,0.00390625
,5,Another step cut from the same linear candidate had a lower nonlinear RMS.,0.15811388300841897,step_cut_discarded,55.86724620297245,180.05009117627597,1.0
,5,Another step cut from the same linear candidate had a lower nonlinear RMS.,0.15811388300841897,step_cut_discarded,24.02643029079375,48.25666577760341,0.5
,5,Another step cut from the same linear candidate had a lower nonlinear RMS.,0.15811388300841897,step_cut_discarded,10.162589308304542,14.178551810690799,0.25
,5,Another step cut from the same linear candidate had a lower nonlinear RMS.,0.15811388300841897,step_cut_discarded,6.5562328147833435,5.094144510340406,0.125
,5,Another step cut from the same linear candidate had a lower nonlinear RMS.,0.15811388300841897,step_cut_discarded,6.082954422980439,2.540603280941689,0.0625
,5,Another step cut from the same linear candidate had a lower nonlinear RMS.,0.5,step_cut_discarded,55.653979614607714,104.51941785582552,1.0
,5,Another step cut from the same linear candidate had a lower nonlinear RMS.,0.5,step_cut_discarded,23.399521798707205,29.401105458158646,0.5
,5,Another step cut from the same linear candidate had a lower nonlinear RMS.,0.5,step_cut_discarded,9.834897311609984,9.47821573616352,0.25
,5,Another step cut from the same linear candidate had a lower nonlinear RMS.,0.5,step_cut_discarded,6.494671339919544,3.9258374943755476,0.125
,5,Another step cut from the same linear candidate had a lower nonlinear RMS.,0.5,step_cut_discarded,6.0760476928654334,2.2519150282839537,0.0625
,5,Another step cut from the same linear candidate had a lower nonlinear RMS.,1.5811388300841898,step_cut_discarded,52.953512899232024,71.24150291382279,1.0
,5,Another step cut from the same linear candidate had a lower nonlinear RMS.,1.5811388300841898,step_cut_discarded,22.162861586128,21.01238879538314,0.5
,5,Another step cut from the same linear candidate had a lower nonlinear RMS.,1.5811388300841898,step_cut_discarded,9.37470320386977,7.34641760683224,0.25
,5,Another step cut from the same linear candidate had a lower nonlinear RMS.,1.5811388300841898,step_cut_discarded,6.421132845693486,3.375578480224023,0.125
,5,Another step cut from the same linear candidate had a lower nonlinear RMS.,1.5811388300841898,step_cut_discarded,6.068141196351603,2.1056955338367214,0.0625
,5,Another step cut from the same linear candidate had a lower nonlinear RMS.,5.0,step_cut_discarded,35.947059905431196,38.43720316070815,1.0
,5,Another step cut from the same linear candidate had a lower nonlinear RMS.,5.0,step_cut_discarded,14.373218936495629,12.486663374655786,0.5
,5,Another step cut from the same linear candidate had a lower nonlinear RMS.,5.0,step_cut_discarded,7.287357564418491,5.052661010426054,0.25
,5,Another step cut from the same linear candidate had a lower nonlinear RMS.,5.0,step_cut_discarded,6.150851056057607,2.720976710510302,0.125
,5,Another step cut from the same linear candidate had a lower nonlinear RMS.,15.811388300841898,step_cut_discarded,15.633598521213669,15.512379908513532,1.0
,5,Another step cut from the same linear candidate had a lower nonlinear RMS.,15.811388300841898,step_cut_discarded,7.555527540375732,6.14059967962251,0.5
,5,Another step cut from the same linear candidate had a lower nonlinear RMS.,15.811388300841898,step_cut_discarded,6.166101095354969,3.158716145675426,0.25
,5,Another step cut from the same linear candidate had a lower nonlinear RMS.,50.00000000000001,step_cut_discarded,6.1891049949552075,4.013800137492851,1.0
,5,Another step cut from the same linear candidate had a lower nonlinear RMS.,500.00000000000006,step_cut_discarded,6.299658117510425,0.2986659934541446,1.0
,5,Another step cut from the same linear candidate had a lower nonlinear RMS.,500.00000000000006,step_cut_discarded,6.11855418243733,0.6798738192430817,0.5
,5,Another step cut from the same linear candidate had a lower nonlinear RMS.,500.00000000000006,step_cut_discarded,6.073212597454004,0.9648859897732777,0.25
,5,Another step cut from the same linear candidate had a lower nonlinear RMS.,500.00000000000006,step_cut_discarded,6.059369873069096,1.1309941394473078,0.125
,5,Another step cut from the same linear candidate had a lower nonlinear RMS.,500.00000000000006,step_cut_discarded,6.054818504574206,1.2199487303865555,0.0625
,5,Another step cut from the same linear candidate had a lower nonlinear RMS.,500.00000000000006,step_cut_discarded,6.053176725935643,1.2659011548817387,0.03125
,5,Another step cut from the same linear candidate had a lower nonlinear RMS.,500.00000000000006,step_cut_discarded,6.052520577871667,1.289246149385719,0.015625
,5,Another step cut from the same linear candidate had a lower nonlinear RMS.,500.00000000000006,step_cut_discarded,6.052234533712934,1.3010108422018065,0.0078125
,5,Another step cut from the same linear candidate had a lower nonlinear RMS.,1581.1388300841897,step_cut_discarded,6.636480286364418,0.12852661303119217,1.0
,5,Another step cut from the same linear candidate had a lower nonlinear RMS.,1581.1388300841897,step_cut_discarded,6.1883500769253255,0.499078460684355,0.5
,5,Another step cut from the same linear candidate had a lower nonlinear RMS.,1581.1388300841897,step_cut_discarded,6.096150637029877,0.8505568934071019,0.25
,5,Another step cut from the same linear candidate had a lower nonlinear RMS.,1581.1388300841897,step_cut_discarded,6.068262139990477,1.067846736992517,0.125
,5,Another step cut from the same linear candidate had a lower nonlinear RMS.,1581.1388300841897,step_cut_discarded,6.058621906327977,1.1868793155912343,0.0625
,5,Another step cut from the same linear candidate had a lower nonlinear RMS.,1581.1388300841897,step_cut_discarded,6.0549153660625885,1.2489925190920959,0.03125
,5,Another step cut from the same linear candidate had a lower nonlinear RMS.,1581.1388300841897,step_cut_discarded,6.053348691643411,1.2806983493929023,0.015625
,5,Another step cut from the same linear candidate had a lower nonlinear RMS.,1581.1388300841897,step_cut_discarded,6.052638225376295,1.2967135716808997,0.0078125
,5,Another step cut from the same linear candidate had a lower nonlinear RMS.,5000.0,step_cut_discarded,6.899069096151661,0.06464126617089504,1.0
,5,Another step cut from the same linear candidate had a lower nonlinear RMS.,5000.0,step_cut_discarded,6.246190582423688,0.4170608913300791,0.5
,5,Another step cut from the same linear candidate had a lower nonlinear RMS.,5000.0,step_cut_discarded,6.11236155968337,0.797029384748932,0.25
,5,Another step cut from the same linear candidate had a lower nonlinear RMS.,5000.0,step_cut_discarded,6.073450667742275,1.0379533016681741,0.125
,5,Another step cut from the same linear candidate had a lower nonlinear RMS.,5000.0,step_cut_discarded,6.060493861958298,1.1711501776802486,0.0625
,5,Another step cut from the same linear candidate had a lower nonlinear RMS.,5000.0,step_cut_discarded,6.0556701425674015,1.2409323450743992,0.03125
,5,Another step cut from the same linear candidate had a lower nonlinear RMS.,5000.0,step_cut_discarded,6.05368061264056,1.276619361118503,0.015625
,5,Another step cut from the same linear candidate had a lower nonlinear RMS.,5000.0,step_cut_discarded,6.052792792787832,1.294661852227312,0.0078125
,5,Another step cut from the same linear candidate had a lower nonlinear RMS.,15811.388300841898,step_cut_discarded,7.254992509346375,0.02546399260846908,1.0
,5,Another step cut from the same linear candidate had a lower nonlinear RMS.,15811.388300841898,step_cut_discarded,6.335105227584801,0.3708829580781461,0.5
,5,Another step cut from the same linear candidate had a lower nonlinear RMS.,15811.388300841898,step_cut_discarded,6.134528466753717,0.7672930940052856,0.25
,5,Another step cut from the same linear candidate had a lower nonlinear RMS.,15811.388300841898,step_cut_discarded,6.079361216928049,1.0214233252669311,0.125
,5,Another step cut from the same linear candidate had a lower nonlinear RMS.,15811.388300841898,step_cut_discarded,6.062204208857828,1.162469731722272,0.0625
,5,Another step cut from the same linear candidate had a lower nonlinear RMS.,15811.388300841898,step_cut_discarded,6.056219467184447,1.236488257656072,0.03125
,5,Another step cut from the same linear candidate had a lower nonlinear RMS.,15811.388300841898,step_cut_discarded,6.053879433039374,1.2743713512995052,0.015625
,5,Another step cut from the same linear candidate had a lower nonlinear RMS.,15811.388300841898,step_cut_discarded,6.052873316483149,1.2935313557903547,0.0078125
,5,Another step cut from the same linear candidate had a lower nonlinear RMS.,50000.00000000001,step_cut_discarded,7.746700886206743,0.008550218853445823,1.0
,5,Another step cut from the same linear candidate had a lower nonlinear RMS.,50000.00000000001,step_cut_discarded,6.455542912029366,0.346484078814872,0.5
,5,Another step cut from the same linear candidate had a lower nonlinear RMS.,50000.00000000001,step_cut_discarded,6.164475349029283,0.7511081562772076,0.25
,5,Another step cut from the same linear candidate had a lower nonlinear RMS.,50000.00000000001,step_cut_discarded,6.087678857506508,1.0123344818787816,0.125
,5,Another step cut from the same linear candidate had a lower nonlinear RMS.,50000.00000000001,step_cut_discarded,6.064825952303625,1.1576762163971699,0.0625
,5,Another step cut from the same linear candidate had a lower nonlinear RMS.,50000.00000000001,step_cut_discarded,6.0571617771429676,1.2340292265857646,0.03125
,5,Another step cut from the same linear candidate had a lower nonlinear RMS.,50000.00000000001,step_cut_discarded,6.054260378267319,1.2731262674124117,0.015625
,5,Another step cut from the same linear candidate had a lower nonlinear RMS.,50000.00000000001,step_cut_discarded,6.05304147533993,1.292904921758823,0.0078125
,5,Another step cut from the same linear candidate had a lower nonlinear RMS.,158113.88300841898,step_cut_discarded,8.225834491410925,0.0028734496736396043,1.0
,5,Another step cut from the same linear candidate had a lower nonlinear RMS.,158113.88300841898,step_cut_discarded,6.582734243546806,0.33555093840662636,0.5
,5,Another step cut from the same linear candidate had a lower nonlinear RMS.,158113.88300841898,step_cut_discarded,6.199583273413264,0.7436178971184997,0.25
,5,Another step cut from the same linear candidate had a lower nonlinear RMS.,158113.88300841898,step_cut_discarded,6.098942622834892,1.0080834300607808,0.125
,5,Another step cut from the same linear candidate had a lower nonlinear RMS.,158113.88300841898,step_cut_discarded,6.069023740861927,1.155424209928508,0.0625
,5,Another step cut from the same linear candidate had a lower nonlinear RMS.,158113.88300841898,step_cut_discarded,6.058920758712505,1.2328716032115181,0.03125
,5,Another step cut from the same linear candidate had a lower nonlinear RMS.,158113.88300841898,step_cut_discarded,6.055057274225675,1.2725395506903103,0.015625
,5,Another step cut from the same linear candidate had a lower nonlinear RMS.,158113.88300841898,step_cut_discarded,6.053419575390148,1.2926095871390273,0.0078125
,5,A different valid candidate better satisfied the Occam selection policy.,0.15811388300841897,not_selected,6.038331604914301,1.760998271436452,0.03125
,5,A different valid candidate better satisfied the Occam selection policy.,0.5,not_selected,6.037582538165367,1.690520458938758,0.03125
,5,A different valid candidate better satisfied the Occam selection policy.,1.5811388300841898,not_selected,6.036988256284521,1.6496382148722737,0.03125
,5,A different valid candidate better satisfied the Occam selection policy.,5.0,not_selected,6.0375052234648825,1.9014637811022046,0.0625
,5,A different valid candidate better satisfied the Occam selection policy.,15.811388300841898,not_selected,6.0287319162722826,2.09377602382649,0.125
,5,A different valid candidate better satisfied the Occam selection policy.,158.11388300841898,not_selected,6.033455484016585,0.991657386657317,1.0
,5,A different valid candidate better satisfied the Occam selection policy.,500.00000000000006,not_selected,6.0521021283117635,1.306916237500875,0.00390625
,5,A different valid candidate better satisfied the Occam selection policy.,1581.1388300841897,not_selected,6.052301374364371,1.3047617596092966,0.00390625
,5,A different valid candidate better satisfied the Occam selection policy.,5000.0,not_selected,6.052375806181233,1.303732843553406,0.00390625
,5,A different valid candidate better satisfied the Occam selection policy.,15811.388300841898,not_selected,6.052411355419508,1.303165972453062,0.00390625
,5,A different valid candidate better satisfied the Occam selection policy.,50000.00000000001,not_selected,6.052489886060544,1.302851782415301,0.00390625
,5,A different valid candidate better satisfied the Occam selection policy.,158113.88300841898,not_selected,6.05267388685839,1.3027036210407161,0.00390625
,6,Another step cut from the same linear candidate had a lower nonlinear RMS.,0.05000000000000001,step_cut_discarded,50.54420963760034,254.1840608655963,1.0
,6,Another step cut from the same linear candidate had a lower nonlinear RMS.,0.05000000000000001,step_cut_discarded,22.362837069895708,68.7329192344099,0.5
,6,Another step cut from the same linear candidate had a lower nonlinear RMS.,0.05000000000000001,step_cut_discarded,9.845751421567222,20.68602218562044,0.25
,6,Another step cut from the same linear candidate had a lower nonlinear RMS.,0.05000000000000001,step_cut_discarded,6.513615077526627,7.832242102926637,0.125
,6,Another step cut from the same linear candidate had a lower nonlinear RMS.,0.05000000000000001,step_cut_discarded,6.041408091183778,4.19776917200497,0.0625
,6,Another step cut from the same linear candidate had a lower nonlinear RMS.,0.158113883008419,step_cut_discarded,50.49055120034746,165.5998765591337,1.0
,6,Another step cut from the same linear candidate had a lower nonlinear RMS.,0.158113883008419,step_cut_discarded,21.619681687811163,46.6216997097854,0.5
,6,Another step cut from the same linear candidate had a lower nonlinear RMS.,0.158113883008419,step_cut_discarded,9.516258063676643,15.175630580459892,0.25
,6,Another step cut from the same linear candidate had a lower nonlinear RMS.,0.158113883008419,step_cut_discarded,6.455057981888514,6.463350839634286,0.125
,6,Another step cut from the same linear candidate had a lower nonlinear RMS.,0.158113883008419,step_cut_discarded,6.035639035618076,3.8598996751807775,0.0625
,6,Another step cut from the same linear candidate had a lower nonlinear RMS.,0.5000000000000001,step_cut_discarded,50.38620698057216,107.3519144780318,1.0
,6,Another step cut from the same linear candidate had a lower nonlinear RMS.,0.5000000000000001,step_cut_discarded,21.351185587822776,32.07921720233138,0.5
,6,Another step cut from the same linear candidate had a lower nonlinear RMS.,0.5000000000000001,step_cut_discarded,9.364955859330458,11.549763960007105,0.25
,6,Another step cut from the same linear candidate had a lower nonlinear RMS.,0.5000000000000001,step_cut_discarded,6.4289157048301,5.561761187726453,0.125
,6,Another step cut from the same linear candidate had a lower nonlinear RMS.,0.5000000000000001,step_cut_discarded,6.033275751425845,3.636940763806498,0.0625
,6,Another step cut from the same linear candidate had a lower nonlinear RMS.,1.5811388300841898,step_cut_discarded,46.80077108005993,78.73884685966738,1.0
,6,Another step cut from the same linear candidate had a lower nonlinear RMS.,1.5811388300841898,step_cut_discarded,20.274044189155216,24.785115416564356,0.5
,6,Another step cut from the same linear candidate had a lower nonlinear RMS.,1.5811388300841898,step_cut_discarded,9.091304343135985,9.655821072977393,0.25
,6,Another step cut from the same linear candidate had a lower nonlinear RMS.,1.5811388300841898,step_cut_discarded,6.393560569796958,5.053066745675046,0.125
,6,Another step cut from the same linear candidate had a lower nonlinear RMS.,1.5811388300841898,step_cut_discarded,6.030072109365178,3.4921627931466594,0.0625
,6,Another step cut from the same linear candidate had a lower nonlinear RMS.,5.000000000000001,step_cut_discarded,26.195593528320344,36.57524148379186,1.0
,6,Another step cut from the same linear candidate had a lower nonlinear RMS.,5.000000000000001,step_cut_discarded,11.202856898648328,13.564807615707121,0.5
,6,Another step cut from the same linear candidate had a lower nonlinear RMS.,5.000000000000001,step_cut_discarded,6.747217430647882,6.5110408943189055,0.25
,6,Another step cut from the same linear candidate had a lower nonlinear RMS.,5.000000000000001,step_cut_discarded,6.06359657958636,4.097020086788334,0.125
,6,Another step cut from the same linear candidate had a lower nonlinear RMS.,15.8113883008419,step_cut_discarded,9.708406693942619,12.853324347768575,1.0
,6,Another step cut from the same linear candidate had a lower nonlinear RMS.,15.8113883008419,step_cut_discarded,6.434505484733235,6.424131285609713,0.5
,6,Another step cut from the same linear candidate had a lower nonlinear RMS.,15.8113883008419,step_cut_discarded,6.007954328769137,4.12077328874876,0.25
,6,Another step cut from the same linear candidate had a lower nonlinear RMS.,158.113883008419,step_cut_discarded,6.250777996016287,0.7339079631230716,1.0
,6,Another step cut from the same linear candidate had a lower nonlinear RMS.,158.113883008419,step_cut_discarded,6.03658618066171,1.4020940250835439,0.5
,6,Another step cut from the same linear candidate had a lower nonlinear RMS.,158.113883008419,step_cut_discarded,6.000042186064621,1.869172391434821,0.25
,6,Another step cut from the same linear candidate had a lower nonlinear RMS.,500.00000000000006,step_cut_discarded,7.057733918104943,0.24866314684907953,1.0
,6,Another step cut from the same linear candidate had a lower nonlinear RMS.,500.00000000000006,step_cut_discarded,6.148209692607468,0.9539272721399984,0.5
,6,Another step cut from the same linear candidate had a lower nonlinear RMS.,500.00000000000006,step_cut_discarded,6.032133762682451,1.5937029287614108,0.25
,6,Another step cut from the same linear candidate had a lower nonlinear RMS.,500.00000000000006,step_cut_discarded,6.0046966908032315,1.9853766555661052,0.125
,6,Another step cut from the same linear candidate had a lower nonlinear RMS.,500.00000000000006,step_cut_discarded,5.996977773904914,2.1991599935919486,0.0625
,6,Another step cut from the same linear candidate had a lower nonlinear RMS.,500.00000000000006,step_cut_discarded,5.994613833702324,2.310538281260745,0.03125
,6,Another step cut from the same linear candidate had a lower nonlinear RMS.,500.00000000000006,step_cut_discarded,5.99381483447967,2.367349079759113,0.015625
,6,Another step cut from the same linear candidate had a lower nonlinear RMS.,500.00000000000006,step_cut_discarded,5.993512735178201,2.3960348926742876,0.0078125
,6,Another step cut from the same linear candidate had a lower nonlinear RMS.,1581.1388300841897,step_cut_discarded,7.625487053566849,0.12679445841117118,1.0
,6,Another step cut from the same linear candidate had a lower nonlinear RMS.,1581.1388300841897,step_cut_discarded,6.219516125965709,0.7790270973063408,0.5
,6,Another step cut from the same linear candidate had a lower nonlinear RMS.,1581.1388300841897,step_cut_discarded,6.049963460993675,1.477761383690906,0.25
,6,Another step cut from the same linear candidate had a lower nonlinear RMS.,1581.1388300841897,step_cut_discarded,6.010705588451116,1.9202830186174342,0.125
,6,Another step cut from the same linear candidate had a lower nonlinear RMS.,1581.1388300841897,step_cut_discarded,5.999324299616313,2.1648324590142587,0.0625
,6,Another step cut from the same linear candidate had a lower nonlinear RMS.,1581.1388300841897,step_cut_discarded,5.9956251029789955,2.292929334946062,0.03125
,6,Another step cut from the same linear candidate had a lower nonlinear RMS.,1581.1388300841897,step_cut_discarded,5.9942799501748,2.358433311845311,0.015625
,6,Another step cut from the same linear candidate had a lower nonlinear RMS.,1581.1388300841897,step_cut_discarded,5.993735141454464,2.391549185028272,0.0078125
,6,Another step cut from the same linear candidate had a lower nonlinear RMS.,5000.000000000001,step_cut_discarded,7.909097147439811,0.06859732598322177,1.0
,6,Another step cut from the same linear candidate had a lower nonlinear RMS.,5000.000000000001,step_cut_discarded,6.278101244457184,0.6985081830102894,0.5
,6,Another step cut from the same linear candidate had a lower nonlinear RMS.,5000.000000000001,step_cut_discarded,6.0644159046806445,1.4246468395223604,0.25
,6,Another step cut from the same linear candidate had a lower nonlinear RMS.,5000.000000000001,step_cut_discarded,6.014829674924906,1.890511974778032,0.125
,6,Another step cut from the same linear candidate had a lower nonlinear RMS.,5000.000000000001,step_cut_discarded,6.000642103186557,2.149143494155775,0.0625
,6,Another step cut from the same linear candidate had a lower nonlinear RMS.,5000.000000000001,step_cut_discarded,5.99609885151607,2.2848839917821246,0.03125
,6,Another step cut from the same linear candidate had a lower nonlinear RMS.,5000.000000000001,step_cut_discarded,5.994470466719003,2.3543604250796686,0.015625
,6,Another step cut from the same linear candidate had a lower nonlinear RMS.,5000.000000000001,step_cut_discarded,5.9938187905098745,2.3895001878495314,0.0078125
,6,Another step cut from the same linear candidate had a lower nonlinear RMS.,15811.3883008419,step_cut_discarded,8.25350729249294,0.0259733161851648,1.0
,6,Another step cut from the same linear candidate had a lower nonlinear RMS.,15811.3883008419,step_cut_discarded,6.378353973545729,0.6505510464873655,0.5
,6,Another step cut from the same linear candidate had a lower nonlinear RMS.,15811.3883008419,step_cut_discarded,6.088830658309271,1.3940069883549258,0.25
,6,Another step cut from the same linear candidate had a lower nonlinear RMS.,15811.3883008419,step_cut_discarded,6.021111933041375,1.8735267284678205,0.125
,6,Another step cut from the same linear candidate had a lower nonlinear RMS.,15811.3883008419,step_cut_discarded,6.0023556699665885,2.140234540819046,0.0625
,6,Another step cut from the same linear candidate had a lower nonlinear RMS.,15811.3883008419,step_cut_discarded,5.996603360734701,2.2803254325683535,0.03125
,6,Another step cut from the same linear candidate had a lower nonlinear RMS.,15811.3883008419,step_cut_discarded,5.994635079633851,2.3520551248364314,0.015625
,6,Another step cut from the same linear candidate had a lower nonlinear RMS.,15811.3883008419,step_cut_discarded,5.993879230301607,2.388341032568826,0.0078125
,6,Another step cut from the same linear candidate had a lower nonlinear RMS.,50000.00000000001,step_cut_discarded,8.745788591427079,0.0071324495897540615,1.0
,6,Another step cut from the same linear candidate had a lower nonlinear RMS.,50000.00000000001,step_cut_discarded,6.5143232527665,0.6243549280323953,0.5
,6,Another step cut from the same linear candidate had a lower nonlinear RMS.,50000.00000000001,step_cut_discarded,6.122036734250844,1.3767150078381245,0.25
,6,Another step cut from the same linear candidate had a lower nonlinear RMS.,50000.00000000001,step_cut_discarded,6.029980886331723,1.8638322578870903,0.125
,6,Another step cut from the same linear candidate had a lower nonlinear RMS.,50000.00000000001,step_cut_discarded,6.004989798762004,2.1351251854481,0.0625
,6,Another step cut from the same linear candidate had a lower nonlinear RMS.,50000.00000000001,step_cut_discarded,5.997485784051146,2.277705224862735,0.03125
,6,Another step cut from the same linear candidate had a lower nonlinear RMS.,50000.00000000001,step_cut_discarded,5.994969454626822,2.3507286384785853,0.015625
,6,Another step cut from the same linear candidate had a lower nonlinear RMS.,50000.00000000001,step_cut_discarded,5.994019929323187,2.387673693763644,0.0078125
,6,A different valid candidate better satisfied the Occam selection policy.,0.05000000000000001,not_selected,5.987754736659871,3.0786369841504437,0.03125
,6,A different valid candidate better satisfied the Occam selection policy.,0.158113883008419,not_selected,5.987219638126902,2.996346269443843,0.03125
,6,A different valid candidate better satisfied the Occam selection policy.,0.5000000000000001,not_selected,5.987198571323566,2.9418257924016133,0.03125
,6,A different valid candidate better satisfied the Occam selection policy.,1.5811388300841898,not_selected,5.987243069209323,2.8968291196631593,0.03125
,6,A different valid candidate better satisfied the Occam selection policy.,5.000000000000001,not_selected,5.985367062612977,3.168225321313935,0.0625
,6,A different valid candidate better satisfied the Occam selection policy.,15.8113883008419,not_selected,5.970016842915741,3.1969039238729033,0.125
,6,A different valid candidate better satisfied the Occam selection policy.,158.113883008419,not_selected,5.992784684390335,2.1359579084532196,0.125
,6,A different valid candidate better satisfied the Occam selection policy.,500.00000000000006,not_selected,5.993386272991746,2.4104479025483734,0.00390625
,6,A different valid candidate better satisfied the Occam selection policy.,1581.1388300841897,not_selected,5.9934949343477,2.408198092803088,0.00390625
,6,A different valid candidate better satisfied the Occam selection policy.,5000.000000000001,not_selected,5.993533853415705,2.4071704557647378,0.00390625
,6,A different valid candidate better satisfied the Occam selection policy.,15811.3883008419,not_selected,5.9935586115138655,2.4065892518346126,0.00390625
,6,A different valid candidate better satisfied the Occam selection policy.,50000.00000000001,not_selected,5.993622366027228,2.406254558525457,0.00390625
,7,Another step cut from the same linear candidate had a lower nonlinear RMS.,0.05000000000000001,step_cut_discarded,37.770613698128024,254.13103215304596,1.0
,7,Another step cut from the same linear candidate had a lower nonlinear RMS.,0.05000000000000001,step_cut_discarded,16.22414052566314,70.01408624974624,0.5
,7,Another step cut from the same linear candidate had a lower nonlinear RMS.,0.05000000000000001,step_cut_discarded,7.9801557354688,21.847932720205407,0.25
,7,Another step cut from the same linear candidate had a lower nonlinear RMS.,0.05000000000000001,step_cut_discarded,6.092942902750535,8.737935810962256,0.125
,7,Another step cut from the same linear candidate had a lower nonlinear RMS.,0.158113883008419,step_cut_discarded,37.703161443769325,168.69176973308734,1.0
,7,Another step cut from the same linear candidate had a lower nonlinear RMS.,0.158113883008419,step_cut_discarded,15.504877249301783,48.65961337182046,0.5
,7,Another step cut from the same linear candidate had a lower nonlinear RMS.,0.158113883008419,step_cut_discarded,7.674873330069134,16.511985864255905,0.25
,7,Another step cut from the same linear candidate had a lower nonlinear RMS.,0.158113883008419,step_cut_discarded,6.045512694440832,7.405284778740848,0.125
,7,Another step cut from the same linear candidate had a lower nonlinear RMS.,0.5000000000000001,step_cut_discarded,31.253221156608795,96.24142673183968,1.0
,7,Another step cut from the same linear candidate had a lower nonlinear RMS.,0.5000000000000001,step_cut_discarded,13.090533792287088,30.37727830919991,0.5
,7,Another step cut from the same linear candidate had a lower nonlinear RMS.,0.5000000000000001,step_cut_discarded,7.072193369222771,11.856527442446447,0.25
,7,Another step cut from the same linear candidate had a lower nonlinear RMS.,0.5000000000000001,step_cut_discarded,5.979846076264475,6.198982845211321,0.125
,7,Another step cut from the same linear candidate had a lower nonlinear RMS.,1.5811388300841898,step_cut_discarded,26.029077739070438,62.83694341695658,1.0
,7,Another step cut from the same linear candidate had a lower nonlinear RMS.,1.5811388300841898,step_cut_discarded,11.351962650137613,21.7106041762465,0.5
,7,Another step cut from the same linear candidate had a lower nonlinear RMS.,1.5811388300841898,step_cut_discarded,6.675975935451395,9.532082257091776,0.25
,7,Another step cut from the same linear candidate had a lower nonlinear RMS.,1.5811388300841898,step_cut_discarded,5.938564231511716,5.538983222814497,0.125
,7,Another step cut from the same linear candidate had a lower nonlinear RMS.,5.000000000000001,step_cut_discarded,16.976043556822034,32.87910195914737,1.0
,7,Another step cut from the same linear candidate had a lower nonlinear RMS.,5.000000000000001,step_cut_discarded,8.128006226229745,13.285293415584382,0.5
,7,Another step cut from the same linear candidate had a lower nonlinear RMS.,5.000000000000001,step_cut_discarded,6.106243180810689,6.957829368821338,0.25
,7,Another step cut from the same linear candidate had a lower nonlinear RMS.,15.8113883008419,step_cut_discarded,7.686130130873889,12.640759812353886,1.0
,7,Another step cut from the same linear candidate had a lower nonlinear RMS.,15.8113883008419,step_cut_discarded,6.042032778879576,6.830484966424075,0.5
,7,Another step cut from the same linear candidate had a lower nonlinear RMS.,50.00000000000001,step_cut_discarded,5.901273514590807,2.839169037074148,1.0
,7,Another step cut from the same linear candidate had a lower nonlinear RMS.,158.113883008419,step_cut_discarded,6.44307199822142,0.6861219868856913,1.0
,7,Another step cut from the same linear candidate had a lower nonlinear RMS.,158.113883008419,step_cut_discarded,6.002081286054674,1.5665233866046773,0.5
,7,Another step cut from the same linear candidate had a lower nonlinear RMS.,158.113883008419,step_cut_discarded,5.937388859227588,2.1928743436192715,0.25
,7,Another step cut from the same linear candidate had a lower nonlinear RMS.,158.113883008419,step_cut_discarded,5.9169072359962644,2.552587386415345,0.125
,7,Another step cut from the same linear candidate had a lower nonlinear RMS.,158.113883008419,step_cut_discarded,5.908320643196266,2.7440782988855754,0.0625
,7,Another step cut from the same linear candidate had a lower nonlinear RMS.,158.113883008419,step_cut_discarded,5.904375335236265,2.84273235288874,0.03125
,7,Another step cut from the same linear candidate had a lower nonlinear RMS.,158.113883008419,step_cut_discarded,5.90248670432198,2.8927865293323327,0.015625
,7,Another step cut from the same linear candidate had a lower nonlinear RMS.,158.113883008419,step_cut_discarded,5.9015633224908015,2.917995404914633,0.0078125
,7,Another step cut from the same linear candidate had a lower nonlinear RMS.,500.00000000000006,step_cut_discarded,7.569509454263343,0.24007509685713885,1.0
,7,Another step cut from the same linear candidate had a lower nonlinear RMS.,500.00000000000006,step_cut_discarded,6.108735369371335,1.095914842679671,0.5
,7,Another step cut from the same linear candidate had a lower nonlinear RMS.,500.00000000000006,step_cut_discarded,5.961214462568312,1.8956737969290876,0.25
,7,Another step cut from the same linear candidate had a lower nonlinear RMS.,500.00000000000006,step_cut_discarded,5.925657874734636,2.388513044388332,0.125
,7,Another step cut from the same linear candidate had a lower nonlinear RMS.,500.00000000000006,step_cut_discarded,5.912135088792025,2.6581726107015897,0.0625
,7,Another step cut from the same linear candidate had a lower nonlinear RMS.,500.00000000000006,step_cut_discarded,5.906156388188774,2.7988123795041258,0.03125
,7,Another step cut from the same linear candidate had a lower nonlinear RMS.,500.00000000000006,step_cut_discarded,5.90334663697519,2.8705847603168717,0.015625
,7,Another step cut from the same linear candidate had a lower nonlinear RMS.,500.00000000000006,step_cut_discarded,5.9019857116412515,2.9068340748261123,0.0078125
,7,Another step cut from the same linear candidate had a lower nonlinear RMS.,1581.1388300841897,step_cut_discarded,8.222947546163892,0.13268522277152406,1.0
,7,Another step cut from the same linear candidate had a lower nonlinear RMS.,1581.1388300841897,step_cut_discarded,6.174779834101255,0.9166352454536038,0.5
,7,Another step cut from the same linear candidate had a lower nonlinear RMS.,1581.1388300841897,step_cut_discarded,5.974288832231379,1.774637833270238,0.25
,7,Another step cut from the same linear candidate had a lower nonlinear RMS.,1581.1388300841897,step_cut_discarded,5.929882841222382,2.3201460212974543,0.125
,7,Another step cut from the same linear candidate had a lower nonlinear RMS.,1581.1388300841897,step_cut_discarded,5.913825548183055,2.6220268388407875,0.0625
,7,Another step cut from the same linear candidate had a lower nonlinear RMS.,1581.1388300841897,step_cut_discarded,5.906906327003357,2.780248928494884,0.03125
,7,Another step cut from the same linear candidate had a lower nonlinear RMS.,1581.1388300841897,step_cut_discarded,5.9036985391429555,2.8611803935425395,0.015625
,7,Another step cut from the same linear candidate had a lower nonlinear RMS.,1581.1388300841897,step_cut_discarded,5.902155959562749,2.9021012311215197,0.0078125
,7,Another step cut from the same linear candidate had a lower nonlinear RMS.,5000.000000000001,step_cut_discarded,8.489617607425199,0.07483946668283434,1.0
,7,Another step cut from the same linear candidate had a lower nonlinear RMS.,5000.000000000001,step_cut_discarded,6.230205719806709,0.834186499416502,0.5
,7,Another step cut from the same linear candidate had a lower nonlinear RMS.,5000.000000000001,step_cut_discarded,5.986492501593731,1.7200319932534973,0.25
,7,Another step cut from the same linear candidate had a lower nonlinear RMS.,5000.000000000001,step_cut_discarded,5.933192203826236,2.2894977345395353,0.125
,7,Another step cut from the same linear candidate had a lower nonlinear RMS.,5000.000000000001,step_cut_discarded,5.914862462768066,2.605866353774441,0.0625
,7,Another step cut from the same linear candidate had a lower nonlinear RMS.,5000.000000000001,step_cut_discarded,5.9072756808973015,2.7719596005398643,0.03125
,7,Another step cut from the same linear candidate had a lower nonlinear RMS.,5000.000000000001,step_cut_discarded,5.9038463016940765,2.856983458209568,0.015625
,7,Another step cut from the same linear candidate had a lower nonlinear RMS.,5000.000000000001,step_cut_discarded,5.902220638283295,2.8999896956161693,0.0078125
,7,Another step cut from the same linear candidate had a lower nonlinear RMS.,15811.3883008419,step_cut_discarded,8.803922184330851,0.028409250776145447,1.0
,7,Another step cut from the same linear candidate had a lower nonlinear RMS.,15811.3883008419,step_cut_discarded,6.332673337039458,0.7836214811643919,0.5
,7,Another step cut from the same linear candidate had a lower nonlinear RMS.,15811.3883008419,step_cut_discarded,6.010273677634316,1.6879120065527502,0.25
,7,Another step cut from the same linear candidate had a lower nonlinear RMS.,15811.3883008419,step_cut_discarded,5.939045990565178,2.2717283717954895,0.125
,7,Another step cut from the same linear candidate had a lower nonlinear RMS.,15811.3883008419,step_cut_discarded,5.916376529485047,2.596554330053999,0.0625
,7,Another step cut from the same linear candidate had a lower nonlinear RMS.,15811.3883008419,step_cut_discarded,5.9076877680144255,2.767196753092539,0.03125
,7,Another step cut from the same linear candidate had a lower nonlinear RMS.,15811.3883008419,step_cut_discarded,5.903966852984777,2.854575325589131,0.015625
,7,Another step cut from the same linear candidate had a lower nonlinear RMS.,15811.3883008419,step_cut_discarded,5.902259615002735,2.8987789520817566,0.0078125
,7,Another step cut from the same linear candidate had a lower nonlinear RMS.,50000.00000000001,step_cut_discarded,9.284908843746583,0.0073389111066946055,1.0
,7,Another step cut from the same linear candidate had a lower nonlinear RMS.,50000.00000000001,step_cut_discarded,6.474749247038692,0.7553015223316288,0.5
,7,Another step cut from the same linear candidate had a lower nonlinear RMS.,50000.00000000001,step_cut_discarded,6.042786415477708,1.669305829886861,0.25
,7,Another step cut from the same linear candidate had a lower nonlinear RMS.,50000.00000000001,step_cut_discarded,5.94688137958826,2.261313734150168,0.125
,7,Another step cut from the same linear candidate had a lower nonlinear RMS.,50000.00000000001,step_cut_discarded,5.918363103878255,2.591069123903243,0.0625
,7,Another step cut from the same linear candidate had a lower nonlinear RMS.,50000.00000000001,step_cut_discarded,5.9082175026142085,2.764384678185137,0.03125
,7,Another step cut from the same linear candidate had a lower nonlinear RMS.,50000.00000000001,step_cut_discarded,5.904118011154136,2.853151920177425,0.015625
,7,Another step cut from the same linear candidate had a lower nonlinear RMS.,50000.00000000001,step_cut_discarded,5.902307023962787,2.8980629073864024,0.0078125
,7,A different valid candidate better satisfied the Occam selection policy.,0.05000000000000001,not_selected,5.891546166141434,4.92620732022249,0.0625
,7,A different valid candidate better satisfied the Occam selection policy.,0.158113883008419,not_selected,5.887632205739905,4.593712403050123,0.0625
,7,A different valid candidate better satisfied the Occam selection policy.,0.5000000000000001,not_selected,5.883563954153516,4.270918255629161,0.0625
,7,A different valid candidate better satisfied the Occam selection policy.,1.5811388300841898,not_selected,5.881375371894881,4.066474187000876,0.0625
,7,A different valid candidate better satisfied the Occam selection policy.,5.000000000000001,not_selected,5.887348283600745,4.661457401694432,0.125
,7,A different valid candidate better satisfied the Occam selection policy.,50.00000000000001,not_selected,5.900307462315204,2.8872558017934487,0.5
,7,A different valid candidate better satisfied the Occam selection policy.,158.113883008419,not_selected,5.901106873891319,2.9306452895459105,0.00390625
,7,A different valid candidate better satisfied the Occam selection policy.,500.00000000000006,not_selected,5.901316180221531,2.9250495131064524,0.00390625
,7,A different valid candidate better satisfied the Occam selection policy.,1581.1388300841897,not_selected,5.901399884478783,2.9226754261747994,0.00390625
,7,A different valid candidate better satisfied the Occam selection policy.,5000.000000000001,not_selected,5.901429925263719,2.921616391462408,0.00390625
,7,A different valid candidate better satisfied the Occam selection policy.,15811.3883008419,not_selected,5.901444096961524,2.921009350389152,0.00390625
,7,A different valid candidate better satisfied the Occam selection policy.,50000.00000000001,not_selected,5.901460790078873,2.9206502425440974,0.00390625
,8,Another step cut from the same linear candidate had a lower nonlinear RMS.,0.0158113883008419,step_cut_discarded,28.56065821956303,249.17394079260808,1.0
,8,Another step cut from the same linear candidate had a lower nonlinear RMS.,0.0158113883008419,step_cut_discarded,13.001244301832603,71.12630918328414,0.5
,8,Another step cut from the same linear candidate had a lower nonlinear RMS.,0.0158113883008419,step_cut_discarded,7.291342342137122,23.940432713499703,0.25
,8,Another step cut from the same linear candidate had a lower nonlinear RMS.,0.0158113883008419,step_cut_discarded,6.038896233443113,10.806979312326874,0.125
,8,Another step cut from the same linear candidate had a lower nonlinear RMS.,0.0158113883008419,step_cut_discarded,5.884259257935109,6.855123820170306,0.0625
,8,Another step cut from the same linear candidate had a lower nonlinear RMS.,0.05000000000000001,step_cut_discarded,27.94607124293758,217.41146063966457,1.0
,8,Another step cut from the same linear candidate had a lower nonlinear RMS.,0.05000000000000001,step_cut_discarded,12.340937818494627,63.13051401120864,0.5
,8,Another step cut from the same linear candidate had a lower nonlinear RMS.,0.05000000000000001,step_cut_discarded,7.113165611755413,21.913896353561015,0.25
,8,Another step cut from the same linear candidate had a lower nonlinear RMS.,0.05000000000000001,step_cut_discarded,6.013137498697539,10.286551438882292,0.125
,8,Another step cut from the same linear candidate had a lower nonlinear RMS.,0.05000000000000001,step_cut_discarded,5.881837752964251,6.718119960079207,0.0625
,8,Another step cut from the same linear candidate had a lower nonlinear RMS.,0.158113883008419,step_cut_discarded,26.311909036658125,153.5699195816835,1.0
,8,Another step cut from the same linear candidate had a lower nonlinear RMS.,0.158113883008419,step_cut_discarded,11.495624552287342,47.04863661224899,0.5
,8,Another step cut from the same linear candidate had a lower nonlinear RMS.,0.158113883008419,step_cut_discarded,6.85484208156262,17.832680936588925,0.25
,8,Another step cut from the same linear candidate had a lower nonlinear RMS.,0.158113883008419,step_cut_discarded,5.978671873663401,9.235874551023176,0.125
,8,Another step cut from the same linear candidate had a lower nonlinear RMS.,0.5000000000000001,step_cut_discarded,19.8459946631958,96.4571812047352,1.0
,8,Another step cut from the same linear candidate had a lower nonlinear RMS.,0.5000000000000001,step_cut_discarded,9.624744866531403,32.50341464846338,0.5
,8,Another step cut from the same linear candidate had a lower nonlinear RMS.,0.5000000000000001,step_cut_discarded,6.475256992684762,14.062856760868243,0.25
,8,Another step cut from the same linear candidate had a lower nonlinear RMS.,0.5000000000000001,step_cut_discarded,5.937174035242751,8.226659164705874,0.125
,8,Another step cut from the same linear candidate had a lower nonlinear RMS.,1.58113883008419,step_cut_discarded,14.089732675385864,56.383502977554905,1.0
,8,Another step cut from the same linear candidate had a lower nonlinear RMS.,1.58113883008419,step_cut_discarded,7.703064902120598,21.84510585732156,0.5
,8,Another step cut from the same linear candidate had a lower nonlinear RMS.,1.58113883008419,step_cut_discarded,6.123294185167877,11.07833494590942,0.25
,8,Another step cut from the same linear candidate had a lower nonlinear RMS.,1.58113883008419,step_cut_discarded,5.894789654983177,7.320556402379482,0.125
,8,Another step cut from the same linear candidate had a lower nonlinear RMS.,5.000000000000001,step_cut_discarded,9.06469690912577,27.416670556722377,1.0
,8,Another step cut from the same linear candidate had a lower nonlinear RMS.,5.000000000000001,step_cut_discarded,6.341751639710952,13.205449537039227,0.5
,8,Another step cut from the same linear candidate had a lower nonlinear RMS.,5.000000000000001,step_cut_discarded,5.916241790833956,8.21944675830174,0.25
,8,Another step cut from the same linear candidate had a lower nonlinear RMS.,50.000000000000014,step_cut_discarded,6.362947435481431,1.6767474112310055,1.0
,8,Another step cut from the same linear candidate had a lower nonlinear RMS.,50.000000000000014,step_cut_discarded,5.9425294271391955,2.8837077223423133,0.5
,8,Another step cut from the same linear candidate had a lower nonlinear RMS.,50.000000000000014,step_cut_discarded,5.895860837142097,3.695630790465471,0.25
,8,Another step cut from the same linear candidate had a lower nonlinear RMS.,50.000000000000014,step_cut_discarded,5.884914559490134,4.1537030526689245,0.125
,8,Another step cut from the same linear candidate had a lower nonlinear RMS.,50.000000000000014,step_cut_discarded,5.88170799548312,4.39576686580612,0.0625
,8,Another step cut from the same linear candidate had a lower nonlinear RMS.,50.000000000000014,step_cut_discarded,5.88065669762676,4.520055692883588,0.03125
,8,Another step cut from the same linear candidate had a lower nonlinear RMS.,50.000000000000014,step_cut_discarded,5.880271202191953,4.583014336549536,0.015625
,8,Another step cut from the same linear candidate had a lower nonlinear RMS.,50.000000000000014,step_cut_discarded,5.880113972991101,4.614697215914316,0.0078125
,8,Another step cut from the same linear candidate had a lower nonlinear RMS.,158.113883008419,step_cut_discarded,8.56359625383276,0.5019698333560446,1.0
,8,Another step cut from the same linear candidate had a lower nonlinear RMS.,158.113883008419,step_cut_discarded,6.10819967480119,1.87599495397483,0.5
,8,Another step cut from the same linear candidate had a lower nonlinear RMS.,158.113883008419,step_cut_discarded,5.929004993348318,3.086693411424229,0.25
,8,Another step cut from the same linear candidate had a lower nonlinear RMS.,158.113883008419,step_cut_discarded,5.896000479273246,3.8229641144339297,0.125
,8,Another step cut from the same linear candidate had a lower nonlinear RMS.,158.113883008419,step_cut_discarded,5.886182437436553,4.223829834510029,0.0625
,8,Another step cut from the same linear candidate had a lower nonlinear RMS.,158.113883008419,step_cut_discarded,5.882640807305089,4.432445286690892,0.03125
,8,Another step cut from the same linear candidate had a lower nonlinear RMS.,158.113883008419,step_cut_discarded,5.881200516423548,4.5387986608170285,0.015625
,8,Another step cut from the same linear candidate had a lower nonlinear RMS.,158.113883008419,step_cut_discarded,5.880562943728766,4.59248675988902,0.0078125
,8,Another step cut from the same linear candidate had a lower nonlinear RMS.,500.0000000000001,step_cut_discarded,9.912916705221367,0.21334922905013218,1.0
,8,Another step cut from the same linear candidate had a lower nonlinear RMS.,500.0000000000001,step_cut_discarded,6.21979702827035,1.4868381747150536,0.5
,8,Another step cut from the same linear candidate had a lower nonlinear RMS.,500.0000000000001,step_cut_discarded,5.948126867727771,2.830903402517635,0.25
,8,Another step cut from the same linear candidate had a lower nonlinear RMS.,500.0000000000001,step_cut_discarded,5.9018140602822875,3.679766205161457,0.125
,8,Another step cut from the same linear candidate had a lower nonlinear RMS.,500.0000000000001,step_cut_discarded,5.888419250900197,4.148405153669,0.0625
,8,Another step cut from the same linear candidate had a lower nonlinear RMS.,500.0000000000001,step_cut_discarded,5.883606405660435,4.393776514719179,0.03125
,8,Another step cut from the same linear candidate had a lower nonlinear RMS.,500.0000000000001,step_cut_discarded,5.881645980713363,4.519225166943371,0.015625
,8,Another step cut from the same linear candidate had a lower nonlinear RMS.,500.0000000000001,step_cut_discarded,5.880776395702204,4.582640235980243,0.0078125
,8,Another step cut from the same linear candidate had a lower nonlinear RMS.,1581.13883008419,step_cut_discarded,10.382417787491844,0.13104352048116008,1.0
,8,Another step cut from the same linear candidate had a lower nonlinear RMS.,1581.13883008419,step_cut_discarded,6.281643167192933,1.3324012642244483,0.5
,8,Another step cut from the same linear candidate had a lower nonlinear RMS.,1581.13883008419,step_cut_discarded,5.959112172957933,2.7253639332208026,0.25
,8,Another step cut from the same linear candidate had a lower nonlinear RMS.,1581.13883008419,step_cut_discarded,5.904864681086781,3.6199162170001573,0.125
,8,Another step cut from the same linear candidate had a lower nonlinear RMS.,1581.13883008419,step_cut_discarded,5.889487056423278,4.116710096210132,0.0625
,8,Another step cut from the same linear candidate had a lower nonlinear RMS.,1581.13883008419,step_cut_discarded,5.884035504677797,4.37748647014519,0.03125
,8,Another step cut from the same linear candidate had a lower nonlinear RMS.,1581.13883008419,step_cut_discarded,5.881834990966072,4.510969515695237,0.015625
,8,Another step cut from the same linear candidate had a lower nonlinear RMS.,1581.13883008419,step_cut_discarded,5.880864567472811,4.578484753115891,0.0078125
,8,Another step cut from the same linear candidate had a lower nonlinear RMS.,5000.000000000002,step_cut_discarded,10.5612485572129,0.07698856811673956,1.0
,8,Another step cut from the same linear candidate had a lower nonlinear RMS.,5000.000000000002,step_cut_discarded,6.341495116282901,1.2581668598994853,0.5
,8,Another step cut from the same linear candidate had a lower nonlinear RMS.,5000.000000000002,step_cut_discarded,5.971445923173494,2.676444999022633,0.25
,8,Another step cut from the same linear candidate had a lower nonlinear RMS.,5000.000000000002,step_cut_discarded,5.90792334930879,3.5925063168921496,0.125
,8,Another step cut from the same linear candidate had a lower nonlinear RMS.,5000.000000000002,step_cut_discarded,5.890337128022816,4.102267537903896,0.0625
,8,Another step cut from the same linear candidate had a lower nonlinear RMS.,5000.000000000002,step_cut_discarded,5.884296751900359,4.370080788929015,0.03125
,8,Another step cut from the same linear candidate had a lower nonlinear RMS.,5000.000000000002,step_cut_discarded,5.881925035626842,4.507220574571385,0.015625
,8,Another step cut from the same linear candidate had a lower nonlinear RMS.,5000.000000000002,step_cut_discarded,5.8808994677696145,4.576598757425024,0.0078125
,8,Another step cut from the same linear candidate had a lower nonlinear RMS.,15811.3883008419,step_cut_discarded,10.814546251300479,0.02930425813896272,1.0
,8,Another step cut from the same linear candidate had a lower nonlinear RMS.,15811.3883008419,step_cut_discarded,6.455186682311376,1.2094752375858704,0.5
,8,Another step cut from the same linear candidate had a lower nonlinear RMS.,15811.3883008419,step_cut_discarded,5.997353263944495,2.645886821034643,0.25
,8,Another step cut from the same linear candidate had a lower nonlinear RMS.,15811.3883008419,step_cut_discarded,5.9142003127783465,3.57567413619036,0.125
,8,Another step cut from the same linear candidate had a lower nonlinear RMS.,15811.3883008419,step_cut_discarded,5.891912450389757,4.093463174626052,0.0625
,8,Another step cut from the same linear candidate had a lower nonlinear RMS.,15811.3883008419,step_cut_discarded,5.8847007708906185,4.365581539058358,0.03125
,8,Another step cut from the same linear candidate had a lower nonlinear RMS.,15811.3883008419,step_cut_discarded,5.882031621274867,4.5049466825781215,0.015625
,8,Another step cut from the same linear candidate had a lower nonlinear RMS.,15811.3883008419,step_cut_discarded,5.880928940502325,4.575455744663908,0.0078125
,8,A different valid candidate better satisfied the Occam selection policy.,0.0158113883008419,not_selected,5.872430009516854,5.53291387619948,0.03125
,8,A different valid candidate better satisfied the Occam selection policy.,0.05000000000000001,not_selected,5.8722462192260965,5.495214465311728,0.03125
,8,A different valid candidate better satisfied the Occam selection policy.,0.158113883008419,not_selected,5.87947518394147,6.44026422130638,0.0625
,8,A different valid candidate better satisfied the Occam selection policy.,0.5000000000000001,not_selected,5.875552860486493,6.154580703533484,0.0625
,8,A different valid candidate better satisfied the Occam selection policy.,1.58113883008419,not_selected,5.870732202516241,5.8480688586585465,0.0625
,8,A different valid candidate better satisfied the Occam selection policy.,5.000000000000001,not_selected,5.8695206146435694,6.256347301709011,0.125
,8,A different valid candidate better satisfied the Occam selection policy.,50.000000000000014,not_selected,5.88004431010687,4.6305895449796575,0.00390625
,8,A different valid candidate better satisfied the Occam selection policy.,158.113883008419,not_selected,5.880264869675711,4.619458662427249,0.00390625
,8,A different valid candidate better satisfied the Occam selection policy.,500.0000000000001,not_selected,5.880369279054717,4.614520456229872,0.00390625
,8,A different valid candidate better satisfied the Occam selection policy.,1581.13883008419,not_selected,5.880411786150194,4.612435800487623,0.00390625
,8,A different valid candidate better satisfied the Occam selection policy.,5000.000000000002,not_selected,5.8804267072023775,4.611489921359956,0.00390625
,8,A different valid candidate better satisfied the Occam selection policy.,15811.3883008419,not_selected,5.880435491498832,4.610916898288276,0.00390625
,9,Another step cut from the same linear candidate had a lower nonlinear RMS.,0.0158113883008419,step_cut_discarded,29.05088283341395,252.37107101587617,1.0
,9,Another step cut from the same linear candidate had a lower nonlinear RMS.,0.0158113883008419,step_cut_discarded,12.74587328080686,75.5983323373883,0.5
,9,Another step cut from the same linear candidate had a lower nonlinear RMS.,0.0158113883008419,step_cut_discarded,7.116694380383513,27.89240561334593,0.25
,9,Another step cut from the same linear candidate had a lower nonlinear RMS.,0.0158113883008419,step_cut_discarded,5.9817020096660025,14.209552905125134,0.125
,9,Another step cut from the same linear candidate had a lower nonlinear RMS.,0.0158113883008419,step_cut_discarded,5.843109401934625,9.910654214464826,0.0625
,9,Another step cut from the same linear candidate had a lower nonlinear RMS.,0.05000000000000001,step_cut_discarded,28.538857460941156,224.43237403439005,1.0
,9,Another step cut from the same linear candidate had a lower nonlinear RMS.,0.05000000000000001,step_cut_discarded,12.304213509479327,68.55266082284867,0.5
,9,Another step cut from the same linear candidate had a lower nonlinear RMS.,0.05000000000000001,step_cut_discarded,7.009714296531901,26.100489100126946,0.25
,9,Another step cut from the same linear candidate had a lower nonlinear RMS.,0.05000000000000001,step_cut_discarded,5.966683117456663,13.74632445952835,0.125
,9,Another step cut from the same linear candidate had a lower nonlinear RMS.,0.05000000000000001,step_cut_discarded,5.841491951376015,9.787222444419614,0.0625
,9,Another step cut from the same linear candidate had a lower nonlinear RMS.,0.158113883008419,step_cut_discarded,26.758366482607787,158.92378880812146,1.0
,9,Another step cut from the same linear candidate had a lower nonlinear RMS.,0.158113883008419,step_cut_discarded,11.025321960890212,51.92814049535305,0.5
,9,Another step cut from the same linear candidate had a lower nonlinear RMS.,0.158113883008419,step_cut_discarded,6.622562724942722,21.82067200778882,0.25
,9,Another step cut from the same linear candidate had a lower nonlinear RMS.,0.158113883008419,step_cut_discarded,5.914225309515031,12.614526681211705,0.125
,9,Another step cut from the same linear candidate had a lower nonlinear RMS.,0.158113883008419,step_cut_discarded,5.836378473032862,9.473351247224395,0.0625
,9,Another step cut from the same linear candidate had a lower nonlinear RMS.,0.5000000000000001,step_cut_discarded,17.66833929285876,89.6436996203879,1.0
,9,Another step cut from the same linear candidate had a lower nonlinear RMS.,0.5000000000000001,step_cut_discarded,8.34499678383999,33.917087527614775,0.5
,9,Another step cut from the same linear candidate had a lower nonlinear RMS.,0.5000000000000001,step_cut_discarded,6.161281172596646,16.972393430451813,0.25
,9,Another step cut from the same linear candidate had a lower nonlinear RMS.,0.5000000000000001,step_cut_discarded,5.862434545793955,11.229699369176231,0.125
,9,Another step cut from the same linear candidate had a lower nonlinear RMS.,1.58113883008419,step_cut_discarded,8.924207623417164,49.384147298660864,1.0
,9,Another step cut from the same linear candidate had a lower nonlinear RMS.,1.58113883008419,step_cut_discarded,6.337369177469072,22.591131346032874,0.5
,9,Another step cut from the same linear candidate had a lower nonlinear RMS.,1.58113883008419,step_cut_discarded,5.88498211722503,13.510370334481268,0.25
,9,Another step cut from the same linear candidate had a lower nonlinear RMS.,5.000000000000001,step_cut_discarded,5.936652700328402,18.46944250427852,1.0
,9,Another step cut from the same linear candidate had a lower nonlinear RMS.,15.8113883008419,step_cut_discarded,5.960928890137309,3.908503891289886,1.0
,9,Another step cut from the same linear candidate had a lower nonlinear RMS.,15.8113883008419,step_cut_discarded,5.8523993539015615,5.409133946325558,0.5
,9,Another step cut from the same linear candidate had a lower nonlinear RMS.,15.8113883008419,step_cut_discarded,5.837590855622224,6.3083277106221525,0.25
,9,Another step cut from the same linear candidate had a lower nonlinear RMS.,15.8113883008419,step_cut_discarded,5.833972759356863,6.7951442769651385,0.125
,9,Another step cut from the same linear candidate had a lower nonlinear RMS.,15.8113883008419,step_cut_discarded,5.83294026084843,7.0478574811853045,0.0625
,9,Another step cut from the same linear candidate had a lower nonlinear RMS.,15.8113883008419,step_cut_discarded,5.832616216408338,7.176540313557555,0.03125
,9,Another step cut from the same linear candidate had a lower nonlinear RMS.,15.8113883008419,step_cut_discarded,5.8325028748736845,7.241463287309223,0.015625
,9,Another step cut from the same linear candidate had a lower nonlinear RMS.,15.8113883008419,step_cut_discarded,5.832458499129049,7.274070163576444,0.0078125
,9,Another step cut from the same linear candidate had a lower nonlinear RMS.,50.000000000000014,step_cut_discarded,8.647663194181721,1.0369289467359468,1.0
,9,Another step cut from the same linear candidate had a lower nonlinear RMS.,50.000000000000014,step_cut_discarded,6.009461280105248,3.245749584489342,0.5
,9,Another step cut from the same linear candidate had a lower nonlinear RMS.,50.000000000000014,step_cut_discarded,5.866273108643882,5.044736307314231,0.25
,9,Another step cut from the same linear candidate had a lower nonlinear RMS.,50.000000000000014,step_cut_discarded,5.843368579057783,6.117873769713728,0.125
,9,Another step cut from the same linear candidate had a lower nonlinear RMS.,50.000000000000014,step_cut_discarded,5.836719187164626,6.697853526160235,0.0625
,9,Another step cut from the same linear candidate had a lower nonlinear RMS.,50.000000000000014,step_cut_discarded,5.834292244560991,6.9986961606951805,0.03125
,9,Another step cut from the same linear candidate had a lower nonlinear RMS.,50.000000000000014,step_cut_discarded,5.8332884385861075,7.151830667040578,0.015625
,9,Another step cut from the same linear candidate had a lower nonlinear RMS.,50.000000000000014,step_cut_discarded,5.8328382197759465,7.229076217482753,0.0078125
,9,Another step cut from the same linear candidate had a lower nonlinear RMS.,158.113883008419,step_cut_discarded,11.21843693206018,0.3571725280704528,1.0
,9,Another step cut from the same linear candidate had a lower nonlinear RMS.,158.113883008419,step_cut_discarded,6.171770822291261,2.4310782624401726,0.5
,9,Another step cut from the same linear candidate had a lower nonlinear RMS.,158.113883008419,step_cut_discarded,5.887253739739932,4.518702368110542,0.25
,9,Another step cut from the same linear candidate had a lower nonlinear RMS.,158.113883008419,step_cut_discarded,5.848941278846028,5.825182230567106,0.125
,9,Another step cut from the same linear candidate had a lower nonlinear RMS.,158.113883008419,step_cut_discarded,5.838735179031385,6.54408911420073,0.0625
,9,Another step cut from the same linear candidate had a lower nonlinear RMS.,158.113883008419,step_cut_discarded,5.835132201410508,6.9199592941188826,0.03125
,9,Another step cut from the same linear candidate had a lower nonlinear RMS.,158.113883008419,step_cut_discarded,5.833667857476289,7.111998568603287,0.015625
,9,Another step cut from the same linear candidate had a lower nonlinear RMS.,158.113883008419,step_cut_discarded,5.833017881104373,7.209044251976828,0.0078125
,9,Another step cut from the same linear candidate had a lower nonlinear RMS.,500.0000000000001,step_cut_discarded,12.191182740519722,0.1826006073081075,1.0
,9,Another step cut from the same linear candidate had a lower nonlinear RMS.,500.0000000000001,step_cut_discarded,6.272527888941935,2.109473788000031,0.5
,9,Another step cut from the same linear candidate had a lower nonlinear RMS.,500.0000000000001,step_cut_discarded,5.899842456570684,4.299320502375729,0.25
,9,Another step cut from the same linear candidate had a lower nonlinear RMS.,500.0000000000001,step_cut_discarded,5.851925492634649,5.700846390571012,0.125
,9,Another step cut from the same linear candidate had a lower nonlinear RMS.,500.0000000000001,step_cut_discarded,5.839732215872307,6.478259967420515,0.0625
,9,Another step cut from the same linear candidate had a lower nonlinear RMS.,500.0000000000001,step_cut_discarded,5.835526395706731,6.886129414033226,0.03125
,9,Another step cut from the same linear candidate had a lower nonlinear RMS.,500.0000000000001,step_cut_discarded,5.833840147783974,7.094854801886578,0.015625
,9,Another step cut from the same linear candidate had a lower nonlinear RMS.,500.0000000000001,step_cut_discarded,5.833097918482007,7.2004151619500005,0.0078125
,9,Another step cut from the same linear candidate had a lower nonlinear RMS.,1581.13883008419,step_cut_discarded,12.520227012923485,0.1288375268263138,1.0
,9,Another step cut from the same linear candidate had a lower nonlinear RMS.,1581.13883008419,step_cut_discarded,6.331654005452246,1.98362114593809,0.5
,9,Another step cut from the same linear candidate had a lower nonlinear RMS.,1581.13883008419,step_cut_discarded,5.9076893272139595,4.211651405889499,0.25
,9,Another step cut from the same linear candidate had a lower nonlinear RMS.,1581.13883008419,step_cut_discarded,5.8536606104964894,5.650826148464082,0.125
,9,Another step cut from the same linear candidate had a lower nonlinear RMS.,1581.13883008419,step_cut_discarded,5.840259283302304,6.451703422901093,0.0625
,9,Another step cut from the same linear candidate had a lower nonlinear RMS.,1581.13883008419,step_cut_discarded,5.835718057078172,6.87246453590703,0.03125
,9,Another step cut from the same linear candidate had a lower nonlinear RMS.,1581.13883008419,step_cut_discarded,5.833918977671826,7.0879257113568555,0.015625
,9,Another step cut from the same linear candidate had a lower nonlinear RMS.,1581.13883008419,step_cut_discarded,5.833133164568002,7.1969264538184845,0.0078125
,9,Another step cut from the same linear candidate had a lower nonlinear RMS.,5000.000000000002,step_cut_discarded,12.663245326374902,0.08100756551975197,1.0
,9,Another step cut from the same linear candidate had a lower nonlinear RMS.,5000.000000000002,step_cut_discarded,6.392111529673506,1.920880101654087,0.5
,9,Another step cut from the same linear candidate had a lower nonlinear RMS.,5000.000000000002,step_cut_discarded,5.918581164001938,4.170574367839817,0.25
,9,Another step cut from the same linear candidate had a lower nonlinear RMS.,5000.000000000002,step_cut_discarded,5.85621678293666,5.627861000462323,0.125
,9,Another step cut from the same linear candidate had a lower nonlinear RMS.,5000.000000000002,step_cut_discarded,5.8409583533563225,6.439614191655985,0.0625
,9,Another step cut from the same linear candidate had a lower nonlinear RMS.,5000.000000000002,step_cut_discarded,5.83593201672293,6.866268255973417,0.03125
,9,Another step cut from the same linear candidate had a lower nonlinear RMS.,5000.000000000002,step_cut_discarded,5.833992703964239,7.084789655312287,0.015625
,9,Another step cut from the same linear candidate had a lower nonlinear RMS.,5000.000000000002,step_cut_discarded,5.833161764738764,7.195348946776756,0.0078125
,9,Another step cut from the same linear candidate had a lower nonlinear RMS.,15811.3883008419,step_cut_discarded,12.8836116008637,0.03184598658747015,1.0
,9,Another step cut from the same linear candidate had a lower nonlinear RMS.,15811.3883008419,step_cut_discarded,6.511782023949997,1.875227264115796,0.5
,9,Another step cut from the same linear candidate had a lower nonlinear RMS.,15811.3883008419,step_cut_discarded,5.945332909862999,4.1424799370526335,0.25
,9,Another step cut from the same linear candidate had a lower nonlinear RMS.,15811.3883008419,step_cut_discarded,5.862898339294413,5.612496782064221,0.125
,9,Another step cut from the same linear candidate had a lower nonlinear RMS.,15811.3883008419,step_cut_discarded,5.842761169684711,6.431602831705807,0.0625
,9,Another step cut from the same linear candidate had a lower nonlinear RMS.,15811.3883008419,step_cut_discarded,5.8364566906782525,6.862180263310548,0.03125
,9,Another step cut from the same linear candidate had a lower nonlinear RMS.,15811.3883008419,step_cut_discarded,5.834161265240858,7.082725080808904,0.015625
,9,Another step cut from the same linear candidate had a lower nonlinear RMS.,15811.3883008419,step_cut_discarded,5.833222619285439,7.19431151498208,0.0078125
,9,A different valid candidate better satisfied the Occam selection policy.,0.0158113883008419,not_selected,5.829748078769442,8.396836784997198,0.03125
,9,A different valid candidate better satisfied the Occam selection policy.,0.05000000000000001,not_selected,5.829545198356835,8.362166513162887,0.03125
,9,A different valid candidate better satisfied the Occam selection policy.,0.158113883008419,not_selected,5.829034133350419,8.268237837556052,0.03125
,9,A different valid candidate better satisfied the Occam selection policy.,0.5000000000000001,not_selected,5.830125993516451,9.040765585364914,0.0625
,9,A different valid candidate better satisfied the Occam selection policy.,1.58113883008419,not_selected,5.829843338462868,10.048926569896063,0.125
,9,A different valid candidate better satisfied the Occam selection policy.,15.8113883008419,not_selected,5.832439403274028,7.2904099490579,0.00390625
,9,A different valid candidate better satisfied the Occam selection policy.,50.000000000000014,not_selected,5.832626001073794,7.267868567021215,0.00390625
,9,A different valid candidate better satisfied the Occam selection policy.,158.113883008419,not_selected,5.832713325922152,7.257823605196427,0.00390625
,9,A different valid candidate better satisfied the Occam selection policy.,500.0000000000001,not_selected,5.832751825535261,7.253494758515897,0.00390625
,9,A different valid candidate better satisfied the Occam selection policy.,1581.13883008419,not_selected,5.83276841417005,7.251744363733474,0.00390625
,9,A different valid candidate better satisfied the Occam selection policy.,5000.000000000002,not_selected,5.832780653031984,7.250953240457751,0.00390625
,9,A different valid candidate better satisfied the Occam selection policy.,15811.3883008419,not_selected,5.8328052240173145,7.250433238424668,0.00390625
,10,Another step cut from the same linear candidate had a lower nonlinear RMS.,0.005000000000000001,step_cut_discarded,20.409184951681528,210.3644232920578,1.0
,10,Another step cut from the same linear candidate had a lower nonlinear RMS.,0.005000000000000001,step_cut_discarded,9.524140967959283,70.39725766509552,0.5
,10,Another step cut from the same linear candidate had a lower nonlinear RMS.,0.005000000000000001,step_cut_discarded,6.4681116353461565,31.060354560558743,0.25
,10,Another step cut from the same linear candidate had a lower nonlinear RMS.,0.005000000000000001,step_cut_discarded,5.905523873268029,19.05357293552645,0.125
,10,Another step cut from the same linear candidate had a lower nonlinear RMS.,0.005000000000000001,step_cut_discarded,5.832755423743558,14.96559960481932,0.0625
,10,Another step cut from the same linear candidate had a lower nonlinear RMS.,0.0158113883008419,step_cut_discarded,20.302220796985438,199.97398525795398,1.0
,10,Another step cut from the same linear candidate had a lower nonlinear RMS.,0.0158113883008419,step_cut_discarded,9.501056833261107,67.76985239327468,0.5
,10,Another step cut from the same linear candidate had a lower nonlinear RMS.,0.0158113883008419,step_cut_discarded,6.46540843988837,30.38860536095611,0.25
,10,Another step cut from the same linear candidate had a lower nonlinear RMS.,0.0158113883008419,step_cut_discarded,5.90498023936671,18.878186694802068,0.125
,10,Another step cut from the same linear candidate had a lower nonlinear RMS.,0.0158113883008419,step_cut_discarded,5.8327108745015,14.918028574226371,0.0625
,10,Another step cut from the same linear candidate had a lower nonlinear RMS.,0.05000000000000001,step_cut_discarded,19.999351243941025,191.93571390399453,1.0
,10,Another step cut from the same linear candidate had a lower nonlinear RMS.,0.05000000000000001,step_cut_discarded,9.437990010816815,65.71371819906499,0.5
,10,Another step cut from the same linear candidate had a lower nonlinear RMS.,0.05000000000000001,step_cut_discarded,6.4572683639986925,29.851288634543764,0.25
,10,Another step cut from the same linear candidate had a lower nonlinear RMS.,0.05000000000000001,step_cut_discarded,5.903842720369353,18.732215924269024,0.125
,10,Another step cut from the same linear candidate had a lower nonlinear RMS.,0.05000000000000001,step_cut_discarded,5.832574455906414,14.87571508712813,0.0625
,10,Another step cut from the same linear candidate had a lower nonlinear RMS.,0.158113883008419,step_cut_discarded,18.616522259564313,146.41292946155414,1.0
,10,Another step cut from the same linear candidate had a lower nonlinear RMS.,0.158113883008419,step_cut_discarded,8.630116709732325,54.068062780453225,0.5
,10,Another step cut from the same linear candidate had a lower nonlinear RMS.,0.158113883008419,step_cut_discarded,6.245610672827745,26.807395125889983,0.25
,10,Another step cut from the same linear candidate had a lower nonlinear RMS.,0.158113883008419,step_cut_discarded,5.878753737268892,17.905002720105163,0.125
,10,Another step cut from the same linear candidate had a lower nonlinear RMS.,0.158113883008419,step_cut_discarded,5.830351642774728,14.635791872586953,0.0625
,10,Another step cut from the same linear candidate had a lower nonlinear RMS.,0.5000000000000001,step_cut_discarded,10.88186824241678,78.05529699247698,1.0
,10,Another step cut from the same linear candidate had a lower nonlinear RMS.,0.5000000000000001,step_cut_discarded,6.697351739832735,35.46201367064554,0.5
,10,Another step cut from the same linear candidate had a lower nonlinear RMS.,0.5000000000000001,step_cut_discarded,5.942203207881769,21.397562352168862,0.25
,10,Another step cut from the same linear candidate had a lower nonlinear RMS.,0.5000000000000001,step_cut_discarded,5.837953164278149,16.17338427854029,0.125
,10,Another step cut from the same linear candidate had a lower nonlinear RMS.,1.58113883008419,step_cut_discarded,6.100993238875704,27.80131139561106,1.0
,10,Another step cut from the same linear candidate had a lower nonlinear RMS.,1.58113883008419,step_cut_discarded,5.842641374318794,18.77590849433849,0.5
,10,Another step cut from the same linear candidate had a lower nonlinear RMS.,5.000000000000001,step_cut_discarded,6.208315091941195,6.826202587815275,1.0
,10,Another step cut from the same linear candidate had a lower nonlinear RMS.,5.000000000000001,step_cut_discarded,5.833359875384991,8.889129451652565,0.5
,10,Another step cut from the same linear candidate had a lower nonlinear RMS.,15.8113883008419,step_cut_discarded,10.276705084872315,1.8115935873227924,1.0
,10,Another step cut from the same linear candidate had a lower nonlinear RMS.,15.8113883008419,step_cut_discarded,5.95773255415268,5.349038270370013,0.5
,10,Another step cut from the same linear candidate had a lower nonlinear RMS.,15.8113883008419,step_cut_discarded,5.841124096485107,8.343293727606492,0.25
,10,Another step cut from the same linear candidate had a lower nonlinear RMS.,15.8113883008419,step_cut_discarded,5.827404125242135,10.14680473515295,0.125
,10,Another step cut from the same linear candidate had a lower nonlinear RMS.,50.00000000000001,step_cut_discarded,13.168423162004725,0.6205014343504005,1.0
,10,Another step cut from the same linear candidate had a lower nonlinear RMS.,50.00000000000001,step_cut_discarded,6.109182011453063,4.035603393019847,0.5
,10,Another step cut from the same linear candidate had a lower nonlinear RMS.,50.00000000000001,step_cut_discarded,5.860517227995322,7.507104088715417,0.25
,10,Another step cut from the same linear candidate had a lower nonlinear RMS.,50.00000000000001,step_cut_discarded,5.832276965665364,9.683841865653415,0.125
,10,Another step cut from the same linear candidate had a lower nonlinear RMS.,50.00000000000001,step_cut_discarded,5.826638789719152,10.882457611394964,0.0625
,10,Another step cut from the same linear candidate had a lower nonlinear RMS.,50.00000000000001,step_cut_discarded,5.825381439842873,11.509327198583875,0.03125
,10,Another step cut from the same linear candidate had a lower nonlinear RMS.,50.00000000000001,step_cut_discarded,5.825117087710176,11.829652420757867,0.015625
,10,Another step cut from the same linear candidate had a lower nonlinear RMS.,158.11388300841898,step_cut_discarded,14.271535984597458,0.2627335727948993,1.0
,10,Another step cut from the same linear candidate had a lower nonlinear RMS.,158.11388300841898,step_cut_discarded,6.2424675023229845,3.486599014627113,0.5
,10,Another step cut from the same linear candidate had a lower nonlinear RMS.,158.11388300841898,step_cut_discarded,5.87583899274785,7.1400717876153035,0.25
,10,Another step cut from the same linear candidate had a lower nonlinear RMS.,158.11388300841898,step_cut_discarded,5.8355982111032665,9.47719318712742,0.125
,10,Another step cut from the same linear candidate had a lower nonlinear RMS.,158.11388300841898,step_cut_discarded,5.827610238920346,10.773350140137984,0.0625
,10,Another step cut from the same linear candidate had a lower nonlinear RMS.,158.11388300841898,step_cut_discarded,5.825714929992279,11.453327679956894,0.03125
,10,Another step cut from the same linear candidate had a lower nonlinear RMS.,158.11388300841898,step_cut_discarded,5.825246847318283,11.801291215694746,0.015625
,10,Another step cut from the same linear candidate had a lower nonlinear RMS.,158.11388300841898,step_cut_discarded,5.82513037922007,11.977266675020784,0.0078125
,10,Another step cut from the same linear candidate had a lower nonlinear RMS.,500.0000000000001,step_cut_discarded,14.744538305050948,0.1614390554582722,1.0
,10,Another step cut from the same linear candidate had a lower nonlinear RMS.,500.0000000000001,step_cut_discarded,6.332634402161063,3.2638629538308397,0.5
,10,Another step cut from the same linear candidate had a lower nonlinear RMS.,500.0000000000001,step_cut_discarded,5.8857692357046005,6.9856815566851775,0.25
,10,Another step cut from the same linear candidate had a lower nonlinear RMS.,500.0000000000001,step_cut_discarded,5.837572197412357,9.38924252152936,0.125
,10,Another step cut from the same linear candidate had a lower nonlinear RMS.,500.0000000000001,step_cut_discarded,5.828149625339212,10.726685919805703,0.0625
,10,Another step cut from the same linear candidate had a lower nonlinear RMS.,500.0000000000001,step_cut_discarded,5.8258892100444974,11.42932334790744,0.03125
,10,Another step cut from the same linear candidate had a lower nonlinear RMS.,500.0000000000001,step_cut_discarded,5.825311151121342,11.7891209941992,0.015625
,10,Another step cut from the same linear candidate had a lower nonlinear RMS.,500.0000000000001,step_cut_discarded,5.825156891938258,11.971139550405296,0.0078125
,10,Another step cut from the same linear candidate had a lower nonlinear RMS.,1581.13883008419,step_cut_discarded,14.949832869034012,0.12463531141123396,1.0
,10,Another step cut from the same linear candidate had a lower nonlinear RMS.,1581.13883008419,step_cut_discarded,6.386463581577609,3.175302286471521,0.5
,10,Another step cut from the same linear candidate had a lower nonlinear RMS.,1581.13883008419,step_cut_discarded,5.892138013684248,6.923861524171565,0.25
,10,Another step cut from the same linear candidate had a lower nonlinear RMS.,1581.13883008419,step_cut_discarded,5.8388560320037035,9.353947580564068,0.125
,10,Another step cut from the same linear candidate had a lower nonlinear RMS.,1581.13883008419,step_cut_discarded,5.8284991751074,10.707942218145933,0.0625
,10,Another step cut from the same linear candidate had a lower nonlinear RMS.,1581.13883008419,step_cut_discarded,5.826001836275897,11.419677439283275,0.03125
,10,Another step cut from the same linear candidate had a lower nonlinear RMS.,1581.13883008419,step_cut_discarded,5.825352696390584,11.784229525438544,0.015625
,10,Another step cut from the same linear candidate had a lower nonlinear RMS.,1581.13883008419,step_cut_discarded,5.825174035808388,11.968676687412827,0.0078125
,10,Another step cut from the same linear candidate had a lower nonlinear RMS.,5000.000000000001,step_cut_discarded,15.06529566911526,0.08145333816025974,1.0
,10,Another step cut from the same linear candidate had a lower nonlinear RMS.,5000.000000000001,step_cut_discarded,6.445154929264684,3.1265157680585722,0.5
,10,Another step cut from the same linear candidate had a lower nonlinear RMS.,5000.000000000001,step_cut_discarded,5.902228023941595,6.8926693820182265,0.25
,10,Another step cut from the same linear candidate had a lower nonlinear RMS.,5000.000000000001,step_cut_discarded,5.841235640002016,9.336651788750679,0.125
,10,Another step cut from the same linear candidate had a lower nonlinear RMS.,5000.000000000001,step_cut_discarded,5.8291551045638,10.69886939205506,0.0625
,10,Another step cut from the same linear candidate had a lower nonlinear RMS.,5000.000000000001,step_cut_discarded,5.826204320214846,11.415034793691792,0.03125
,10,Another step cut from the same linear candidate had a lower nonlinear RMS.,5000.000000000001,step_cut_discarded,5.825423121914024,11.781881644506292,0.015625
,10,Another step cut from the same linear candidate had a lower nonlinear RMS.,5000.000000000001,step_cut_discarded,5.825201588918158,11.967496107412577,0.0078125
,10,A different valid candidate better satisfied the Occam selection policy.,0.005000000000000001,not_selected,5.824000214372986,13.40046730991802,0.03125
,10,A different valid candidate better satisfied the Occam selection policy.,0.0158113883008419,not_selected,5.823999475629524,13.38671231706386,0.03125
,10,A different valid candidate better satisfied the Occam selection policy.,0.05000000000000001,not_selected,5.823983758836301,13.373223548056801,0.03125
,10,A different valid candidate better satisfied the Occam selection policy.,0.158113883008419,not_selected,5.823777696965915,13.2966827876714,0.03125
,10,A different valid candidate better satisfied the Occam selection policy.,0.5000000000000001,not_selected,5.823650067832218,14.013307138128438,0.0625
,10,A different valid candidate better satisfied the Occam selection policy.,5.000000000000001,not_selected,5.820018474830676,10.371535988506846,0.25
,10,A different valid candidate better satisfied the Occam selection policy.,15.8113883008419,not_selected,5.825049686209659,11.125156058658229,0.0625
,10,A different valid candidate better satisfied the Occam selection policy.,50.00000000000001,not_selected,5.825074689955791,11.991537638989746,0.0078125
,10,A different valid candidate better satisfied the Occam selection policy.,158.11388300841898,not_selected,5.8251014261917895,12.065752827548074,0.00390625
,10,A different valid candidate better satisfied the Occam selection policy.,500.0000000000001,not_selected,5.8251132781476,12.062678761773405,0.00390625
,10,A different valid candidate better satisfied the Occam selection policy.,1581.13883008419,not_selected,5.825120948863953,12.061443048124133,0.00390625
,10,A different valid candidate better satisfied the Occam selection policy.,5000.000000000001,not_selected,5.825132814609454,12.060851098240478,0.00390625
,11,Another step cut from the same linear candidate had a lower nonlinear RMS.,0.00158113883008419,step_cut_discarded,13.590957082315686,215.2783399204383,1.0
,11,Another step cut from the same linear candidate had a lower nonlinear RMS.,0.00158113883008419,step_cut_discarded,7.7451277260319245,75.2039638672475,0.5
,11,Another step cut from the same linear candidate had a lower nonlinear RMS.,0.00158113883008419,step_cut_discarded,6.208845598502308,35.17995478646089,0.25
,11,Another step cut from the same linear candidate had a lower nonlinear RMS.,0.00158113883008419,step_cut_discarded,5.8679883715180345,22.671244982519788,0.125
,11,Another step cut from the same linear candidate had a lower nonlinear RMS.,0.00158113883008419,step_cut_discarded,5.820577822626698,18.29271376466228,0.0625
,11,Another step cut from the same linear candidate had a lower nonlinear RMS.,0.005000000000000001,step_cut_discarded,13.563496867482236,215.0567573197432,1.0
,11,Another step cut from the same linear candidate had a lower nonlinear RMS.,0.005000000000000001,step_cut_discarded,7.735576478827903,75.15083766139057,0.5
,11,Another step cut from the same linear candidate had a lower nonlinear RMS.,0.005000000000000001,step_cut_discarded,6.207804504470325,35.16780795715508,0.25
,11,Another step cut from the same linear candidate had a lower nonlinear RMS.,0.005000000000000001,step_cut_discarded,5.867871724367633,22.668775636272542,0.125
,11,Another step cut from the same linear candidate had a lower nonlinear RMS.,0.005000000000000001,step_cut_discarded,5.820560411902814,18.292380108640074,0.0625
,11,Another step cut from the same linear candidate had a lower nonlinear RMS.,0.0158113883008419,step_cut_discarded,13.493840492628605,199.68934113946256,1.0
,11,Another step cut from the same linear candidate had a lower nonlinear RMS.,0.0158113883008419,step_cut_discarded,7.715484220252076,71.27392282627318,0.5
,11,Another step cut from the same linear candidate had a lower nonlinear RMS.,0.0158113883008419,step_cut_discarded,6.20387377279982,34.18104885335211,0.25
,11,Another step cut from the same linear candidate had a lower nonlinear RMS.,0.0158113883008419,step_cut_discarded,5.867055864424939,22.41332066280999,0.125
,11,Another step cut from the same linear candidate had a lower nonlinear RMS.,0.0158113883008419,step_cut_discarded,5.820503050472326,18.224133766518534,0.0625
,11,Another step cut from the same linear candidate had a lower nonlinear RMS.,0.05000000000000001,step_cut_discarded,13.26516500296928,193.73235741648872,1.0
,11,Another step cut from the same linear candidate had a lower nonlinear RMS.,0.05000000000000001,step_cut_discarded,7.658910854775299,69.77489215689822,0.5
,11,Another step cut from the same linear candidate had a lower nonlinear RMS.,0.05000000000000001,step_cut_discarded,6.196652630512841,33.80139881669264,0.25
,11,Another step cut from the same linear candidate had a lower nonlinear RMS.,0.05000000000000001,step_cut_discarded,5.866034315808886,22.315961968987253,0.125
,11,Another step cut from the same linear candidate had a lower nonlinear RMS.,0.05000000000000001,step_cut_discarded,5.820374523045813,18.19857100073391,0.0625
,11,Another step cut from the same linear candidate had a lower nonlinear RMS.,0.158113883008419,step_cut_discarded,11.489735444162887,128.87528243321464,1.0
,11,Another step cut from the same linear candidate had a lower nonlinear RMS.,0.158113883008419,step_cut_discarded,6.938687972599797,53.02037447999088,0.5
,11,Another step cut from the same linear candidate had a lower nonlinear RMS.,0.158113883008419,step_cut_discarded,5.9896592396244,29.342644931921388,0.25
,11,Another step cut from the same linear candidate had a lower nonlinear RMS.,0.158113883008419,step_cut_discarded,5.8393640152140085,21.06621126502223,0.125
,11,Another step cut from the same linear candidate had a lower nonlinear RMS.,0.158113883008419,step_cut_discarded,5.817715483730939,17.818602208356555,0.0625
,11,Another step cut from the same linear candidate had a lower nonlinear RMS.,0.5000000000000001,step_cut_discarded,7.227942459612972,65.08849096819853,1.0
,11,Another step cut from the same linear candidate had a lower nonlinear RMS.,0.5000000000000001,step_cut_discarded,6.032534256346623,34.418648360832805,0.5
,11,Another step cut from the same linear candidate had a lower nonlinear RMS.,0.5000000000000001,step_cut_discarded,5.8438194291971035,23.364699275679836,0.25
,11,Another step cut from the same linear candidate had a lower nonlinear RMS.,0.5000000000000001,step_cut_discarded,5.816491383445245,18.90796778773584,0.125
,11,Another step cut from the same linear candidate had a lower nonlinear RMS.,5.000000000000001,step_cut_discarded,7.232534025791183,4.4063427062315785,1.0
,11,Another step cut from the same linear candidate had a lower nonlinear RMS.,5.000000000000001,step_cut_discarded,5.863661887057173,8.4796536552078,0.5
,11,Another step cut from the same linear candidate had a lower nonlinear RMS.,5.000000000000001,step_cut_discarded,5.819245104329134,11.495721779206958,0.25
,11,Another step cut from the same linear candidate had a lower nonlinear RMS.,15.8113883008419,step_cut_discarded,11.837885721739289,1.2300650256890173,1.0
,11,Another step cut from the same linear candidate had a lower nonlinear RMS.,15.8113883008419,step_cut_discarded,6.00537414193486,5.639422566396001,0.5
,11,Another step cut from the same linear candidate had a lower nonlinear RMS.,15.8113883008419,step_cut_discarded,5.8383196343597055,9.76258317266593,0.25
,11,Another step cut from the same linear candidate had a lower nonlinear RMS.,15.8113883008419,step_cut_discarded,5.819852568143092,12.303783934779998,0.125
,11,Another step cut from the same linear candidate had a lower nonlinear RMS.,15.8113883008419,step_cut_discarded,5.816641582411365,13.694289430581817,0.0625
,11,Another step cut from the same linear candidate had a lower nonlinear RMS.,50.00000000000001,step_cut_discarded,14.142764015475077,0.49428748142263235,1.0
,11,Another step cut from the same linear candidate had a lower nonlinear RMS.,50.00000000000001,step_cut_discarded,6.141283161970898,4.609749235629831,0.5
,11,Another step cut from the same linear candidate had a lower nonlinear RMS.,50.00000000000001,step_cut_discarded,5.853222404473552,9.082300367624597,0.25
,11,Another step cut from the same linear candidate had a lower nonlinear RMS.,50.00000000000001,step_cut_discarded,5.823160881556474,11.922280997344773,0.125
,11,Another step cut from the same linear candidate had a lower nonlinear RMS.,50.00000000000001,step_cut_discarded,5.817626011520095,13.493197578135561,0.0625
,11,Another step cut from the same linear candidate had a lower nonlinear RMS.,50.00000000000001,step_cut_discarded,5.81653640119395,14.316387435013628,0.03125
,11,Another step cut from the same linear candidate had a lower nonlinear RMS.,158.113883008419,step_cut_discarded,14.998020718964904,0.23723610319431376,1.0
,11,Another step cut from the same linear candidate had a lower nonlinear RMS.,158.113883008419,step_cut_discarded,6.259414327434754,4.17482912013065,0.5
,11,Another step cut from the same linear candidate had a lower nonlinear RMS.,158.113883008419,step_cut_discarded,5.865255043918345,8.788241703278755,0.25
,11,Another step cut from the same linear candidate had a lower nonlinear RMS.,158.113883008419,step_cut_discarded,5.8255072356390905,11.756102013522787,0.125
,11,Another step cut from the same linear candidate had a lower nonlinear RMS.,158.113883008419,step_cut_discarded,5.8182496899302265,13.405320673312307,0.0625
,11,Another step cut from the same linear candidate had a lower nonlinear RMS.,158.113883008419,step_cut_discarded,5.8167295178792084,14.271252129373938,0.03125
,11,Another step cut from the same linear candidate had a lower nonlinear RMS.,500.00000000000017,step_cut_discarded,15.418977847357436,0.1568697994722304,1.0
,11,Another step cut from the same linear candidate had a lower nonlinear RMS.,500.00000000000017,step_cut_discarded,6.346055539036099,3.994274755843863,0.5
,11,Another step cut from the same linear candidate had a lower nonlinear RMS.,500.00000000000017,step_cut_discarded,5.873789144746115,8.662871718028924,0.25
,11,Another step cut from the same linear candidate had a lower nonlinear RMS.,500.00000000000017,step_cut_discarded,5.827051351950934,11.684643820121265,0.125
,11,Another step cut from the same linear candidate had a lower nonlinear RMS.,500.00000000000017,step_cut_discarded,5.818635831222894,13.367398276417385,0.0625
,11,Another step cut from the same linear candidate had a lower nonlinear RMS.,500.00000000000017,step_cut_discarded,5.816841838050983,14.251742605877935,0.03125
,11,Another step cut from the same linear candidate had a lower nonlinear RMS.,500.00000000000017,step_cut_discarded,5.816482386493467,14.704656545936333,0.015625
,11,Another step cut from the same linear candidate had a lower nonlinear RMS.,1581.13883008419,step_cut_discarded,15.622150786443255,0.12446945553665986,1.0
,11,Another step cut from the same linear candidate had a lower nonlinear RMS.,1581.13883008419,step_cut_discarded,6.397995483396614,3.9208376983093527,0.5
,11,Another step cut from the same linear candidate had a lower nonlinear RMS.,1581.13883008419,step_cut_discarded,5.879382173096999,8.611843967869985,0.25
,11,Another step cut from the same linear candidate had a lower nonlinear RMS.,1581.13883008419,step_cut_discarded,5.828104937781986,11.65555263969388,0.125
,11,Another step cut from the same linear candidate had a lower nonlinear RMS.,1581.13883008419,step_cut_discarded,5.8189045621864794,13.351958359866712,0.0625
,11,Another step cut from the same linear candidate had a lower nonlinear RMS.,1581.13883008419,step_cut_discarded,5.816921892668925,14.243799066018356,0.03125
,11,Another step cut from the same linear candidate had a lower nonlinear RMS.,1581.13883008419,step_cut_discarded,5.816509526989792,14.700628880610482,0.015625
,11,A different valid candidate better satisfied the Occam selection policy.,0.00158113883008419,not_selected,5.815243665294784,16.572404076761792,0.03125
,11,A different valid candidate better satisfied the Occam selection policy.,0.005000000000000001,not_selected,5.8152392140221645,16.572462503026046,0.03125
,11,A different valid candidate better satisfied the Occam selection policy.,0.0158113883008419,not_selected,5.815237704774033,16.553209618117705,0.03125
,11,A different valid candidate better satisfied the Occam selection policy.,0.05000000000000001,not_selected,5.815210903314091,16.54620738050708,0.03125
,11,A different valid candidate better satisfied the Occam selection policy.,0.158113883008419,not_selected,5.814920810862002,16.41744962421969,0.03125
,11,A different valid candidate better satisfied the Occam selection policy.,0.5000000000000001,not_selected,5.8134159142301955,16.947162807421954,0.0625
,11,A different valid candidate better satisfied the Occam selection policy.,5.000000000000001,not_selected,5.814763191068033,13.248609003584297,0.125
,11,A different valid candidate better satisfied the Occam selection policy.,15.8113883008419,not_selected,5.816193438247778,14.419518457168918,0.03125
,11,A different valid candidate better satisfied the Occam selection policy.,50.00000000000001,not_selected,5.816377548619247,14.737415255073333,0.015625
,11,A different valid candidate better satisfied the Occam selection policy.,158.113883008419,not_selected,5.816445464931989,14.714548388946469,0.015625
,11,A different valid candidate better satisfied the Occam selection policy.,500.00000000000017,not_selected,5.816433366379616,14.933798959797565,0.0078125
,11,A different valid candidate better satisfied the Occam selection policy.,1581.13883008419,not_selected,5.816443769546682,14.931771153285624,0.0078125
,12,Another step cut from the same linear candidate had a lower nonlinear RMS.,0.00158113883008419,step_cut_discarded,10.822428153336263,199.7028285385831,1.0
,12,Another step cut from the same linear candidate had a lower nonlinear RMS.,0.00158113883008419,step_cut_discarded,7.239981379843058,74.7913359854853,0.5
,12,Another step cut from the same linear candidate had a lower nonlinear RMS.,0.00158113883008419,step_cut_discarded,6.106283397357167,38.03606499170926,0.25
,12,Another step cut from the same linear candidate had a lower nonlinear RMS.,0.00158113883008419,step_cut_discarded,5.850917559958644,26.083548315514456,0.125
,12,Another step cut from the same linear candidate had a lower nonlinear RMS.,0.00158113883008419,step_cut_discarded,5.810684555965997,21.713569682590354,0.0625
,12,Another step cut from the same linear candidate had a lower nonlinear RMS.,0.005000000000000001,step_cut_discarded,10.792946283155956,192.31767016288174,1.0
,12,Another step cut from the same linear candidate had a lower nonlinear RMS.,0.005000000000000001,step_cut_discarded,7.225405036251757,72.92392602983777,0.5
,12,Another step cut from the same linear candidate had a lower nonlinear RMS.,0.005000000000000001,step_cut_discarded,6.099996381902728,37.55865232193627,0.25
,12,Another step cut from the same linear candidate had a lower nonlinear RMS.,0.005000000000000001,step_cut_discarded,5.849716184863709,25.958915057640652,0.125
,12,Another step cut from the same linear candidate had a lower nonlinear RMS.,0.005000000000000001,step_cut_discarded,5.81046780244588,21.679771322906625,0.0625
,12,Another step cut from the same linear candidate had a lower nonlinear RMS.,0.0158113883008419,step_cut_discarded,10.728592648102552,188.324661896527,1.0
,12,Another step cut from the same linear candidate had a lower nonlinear RMS.,0.0158113883008419,step_cut_discarded,7.189517177806474,71.94912669566689,0.5
,12,Another step cut from the same linear candidate had a lower nonlinear RMS.,0.0158113883008419,step_cut_discarded,6.086287283499153,37.32667885460248,0.25
,12,Another step cut from the same linear candidate had a lower nonlinear RMS.,0.0158113883008419,step_cut_discarded,5.847238329758313,25.906784873911672,0.125
,12,Another step cut from the same linear candidate had a lower nonlinear RMS.,0.0158113883008419,step_cut_discarded,5.81001329309404,21.669670368526607,0.0625
,12,Another step cut from the same linear candidate had a lower nonlinear RMS.,0.05000000000000001,step_cut_discarded,10.433773976155441,170.4817328466333,1.0
,12,Another step cut from the same linear candidate had a lower nonlinear RMS.,0.05000000000000001,step_cut_discarded,7.12249365084883,67.30392062573739,0.5
,12,Another step cut from the same linear candidate had a lower nonlinear RMS.,0.05000000000000001,step_cut_discarded,6.04513238342369,36.07314043339208,0.25
,12,Another step cut from the same linear candidate had a lower nonlinear RMS.,0.05000000000000001,step_cut_discarded,5.839356761669849,25.54728181674506,0.125
,12,Another step cut from the same linear candidate had a lower nonlinear RMS.,0.05000000000000001,step_cut_discarded,5.808588878685863,21.55673537830295,0.0625
,12,Another step cut from the same linear candidate had a lower nonlinear RMS.,0.158113883008419,step_cut_discarded,9.492857713380447,119.18970330957677,1.0
,12,Another step cut from the same linear candidate had a lower nonlinear RMS.,0.158113883008419,step_cut_discarded,6.430858309270929,53.711636538903086,0.5
,12,Another step cut from the same linear candidate had a lower nonlinear RMS.,0.158113883008419,step_cut_discarded,5.8866435986789805,32.29043106039839,0.25
,12,Another step cut from the same linear candidate had a lower nonlinear RMS.,0.158113883008419,step_cut_discarded,5.8124248565662935,24.40928529785408,0.125
,12,Another step cut from the same linear candidate had a lower nonlinear RMS.,0.5000000000000001,step_cut_discarded,6.500149329704087,58.010383680521834,1.0
,12,Another step cut from the same linear candidate had a lower nonlinear RMS.,0.5000000000000001,step_cut_discarded,5.890459628091118,34.0534781046202,0.5
,12,Another step cut from the same linear candidate had a lower nonlinear RMS.,0.5000000000000001,step_cut_discarded,5.806247848557634,25.19422718831809,0.25
,12,Another step cut from the same linear candidate had a lower nonlinear RMS.,1.58113883008419,step_cut_discarded,5.829697910593115,21.72570753536971,1.0
,12,Another step cut from the same linear candidate had a lower nonlinear RMS.,5.000000000000001,step_cut_discarded,6.7882023108926655,4.4910769300240005,1.0
,12,Another step cut from the same linear candidate had a lower nonlinear RMS.,5.000000000000001,step_cut_discarded,5.866010906199989,9.60819960700493,0.5
,12,Another step cut from the same linear candidate had a lower nonlinear RMS.,5.000000000000001,step_cut_discarded,5.810371931856337,13.550181658918866,0.25
,12,Another step cut from the same linear candidate had a lower nonlinear RMS.,15.8113883008419,step_cut_discarded,9.641274771142129,0.9566816333014437,1.0
,12,Another step cut from the same linear candidate had a lower nonlinear RMS.,15.8113883008419,step_cut_discarded,6.024032377367281,6.3029887673555285,0.5
,12,Another step cut from the same linear candidate had a lower nonlinear RMS.,15.8113883008419,step_cut_discarded,5.828394267303557,11.513072941272133,0.25
,12,Another step cut from the same linear candidate had a lower nonlinear RMS.,15.8113883008419,step_cut_discarded,5.809213505486911,14.752347679952834,0.125
,12,Another step cut from the same linear candidate had a lower nonlinear RMS.,15.8113883008419,step_cut_discarded,5.805787890241489,16.530543212223773,0.0625
,12,Another step cut from the same linear candidate had a lower nonlinear RMS.,15.8113883008419,step_cut_discarded,5.805044921700571,17.459280519091894,0.03125
,12,Another step cut from the same linear candidate had a lower nonlinear RMS.,15.8113883008419,step_cut_discarded,5.80488527317522,17.933559057709118,0.015625
,12,Another step cut from the same linear candidate had a lower nonlinear RMS.,50.00000000000001,step_cut_discarded,13.024666209179664,0.4195671411179223,1.0
,12,Another step cut from the same linear candidate had a lower nonlinear RMS.,50.00000000000001,step_cut_discarded,6.174056923342381,5.325240715368472,0.5
,12,Another step cut from the same linear candidate had a lower nonlinear RMS.,50.00000000000001,step_cut_discarded,5.83990608000217,10.846901213804784,0.25
,12,Another step cut from the same linear candidate had a lower nonlinear RMS.,50.00000000000001,step_cut_discarded,5.8114213843765805,14.374937390850697,0.125
,12,Another step cut from the same linear candidate had a lower nonlinear RMS.,50.00000000000001,step_cut_discarded,5.8064925786103725,16.330756961330593,0.0625
,12,Another step cut from the same linear candidate had a lower nonlinear RMS.,50.00000000000001,step_cut_discarded,5.805323367635063,17.35661711705978,0.03125
,12,Another step cut from the same linear candidate had a lower nonlinear RMS.,50.00000000000001,step_cut_discarded,5.8050077445431985,17.881534787546677,0.015625
,12,Another step cut from the same linear candidate had a lower nonlinear RMS.,50.00000000000001,step_cut_discarded,5.804913615389103,18.146990520945707,0.0078125
,12,Another step cut from the same linear candidate had a lower nonlinear RMS.,158.113883008419,step_cut_discarded,14.5918065894619,0.23811330927524446,1.0
,12,Another step cut from the same linear candidate had a lower nonlinear RMS.,158.113883008419,step_cut_discarded,6.292160871706856,4.954400318528083,0.5
,12,Another step cut from the same linear candidate had a lower nonlinear RMS.,158.113883008419,step_cut_discarded,5.848347245519528,10.591452645154824,0.25
,12,Another step cut from the same linear candidate had a lower nonlinear RMS.,158.113883008419,step_cut_discarded,5.812718153633848,14.229706013968277,0.125
,12,Another step cut from the same linear candidate had a lower nonlinear RMS.,158.113883008419,step_cut_discarded,5.806852662883867,16.253764499750023,0.0625
,12,Another step cut from the same linear candidate had a lower nonlinear RMS.,158.113883008419,step_cut_discarded,5.805454954958053,17.317026692984655,0.03125
,12,Another step cut from the same linear candidate had a lower nonlinear RMS.,158.113883008419,step_cut_discarded,5.805062907078096,17.861466027187905,0.015625
,12,Another step cut from the same linear candidate had a lower nonlinear RMS.,158.113883008419,step_cut_discarded,5.80493864603474,18.13688775368602,0.0078125
,12,Another step cut from the same linear candidate had a lower nonlinear RMS.,500.00000000000017,step_cut_discarded,15.222272763199662,0.17556366849597416,1.0
,12,Another step cut from the same linear candidate had a lower nonlinear RMS.,500.00000000000017,step_cut_discarded,6.384300224058329,4.804563098969595,0.5
,12,Another step cut from the same linear candidate had a lower nonlinear RMS.,500.00000000000017,step_cut_discarded,5.855358049062883,10.486893435583367,0.25
,12,Another step cut from the same linear candidate had a lower nonlinear RMS.,500.00000000000017,step_cut_discarded,5.813784011924642,14.170016259234497,0.125
,12,Another step cut from the same linear candidate had a lower nonlinear RMS.,500.00000000000017,step_cut_discarded,5.807158878706367,16.22206708489612,0.0625
,12,Another step cut from the same linear candidate had a lower nonlinear RMS.,500.00000000000017,step_cut_discarded,5.8055726757557276,17.300714851185948,0.03125
,12,Another step cut from the same linear candidate had a lower nonlinear RMS.,500.00000000000017,step_cut_discarded,5.805114288804409,17.853194322695614,0.015625
,12,Another step cut from the same linear candidate had a lower nonlinear RMS.,500.00000000000017,step_cut_discarded,5.804962568160247,18.132722955541634,0.0078125
,12,Another step cut from the same linear candidate had a lower nonlinear RMS.,1581.13883008419,step_cut_discarded,15.498364014152031,0.14400404215061557,1.0
,12,Another step cut from the same linear candidate had a lower nonlinear RMS.,1581.13883008419,step_cut_discarded,6.44270474906904,4.741837505148808,0.5
,12,Another step cut from the same linear candidate had a lower nonlinear RMS.,1581.13883008419,step_cut_discarded,5.8613537655826695,10.443794193510948,0.25
,12,Another step cut from the same linear candidate had a lower nonlinear RMS.,1581.13883008419,step_cut_discarded,5.815090614460541,14.14553252690778,0.125
,12,Another step cut from the same linear candidate had a lower nonlinear RMS.,1581.13883008419,step_cut_discarded,5.807626938663634,16.209091690910135,0.0625
,12,Another step cut from the same linear candidate had a lower nonlinear RMS.,1581.13883008419,step_cut_discarded,5.805774605307462,17.2940437722373,0.03125
,12,Another step cut from the same linear candidate had a lower nonlinear RMS.,1581.13883008419,step_cut_discarded,5.805208233113244,17.849812937732377,0.015625
,12,Another step cut from the same linear candidate had a lower nonlinear RMS.,1581.13883008419,step_cut_discarded,5.805007868567091,18.131020801687797,0.0078125
,12,A different valid candidate better satisfied the Occam selection policy.,0.00158113883008419,not_selected,5.804500056011655,19.93015029242163,0.03125
,12,A different valid candidate better satisfied the Occam selection policy.,0.005000000000000001,not_selected,5.804451533519678,19.920380679893057,0.03125
,12,A different valid candidate better satisfied the Occam selection policy.,0.0158113883008419,not_selected,5.804347326926798,19.919321237074165,0.03125
,12,A different valid candidate better satisfied the Occam selection policy.,0.05000000000000001,not_selected,5.804040803832897,19.879557876552248,0.03125
,12,A different valid candidate better satisfied the Occam selection policy.,0.158113883008419,not_selected,5.803172322011679,21.176076660758927,0.0625
,12,A different valid candidate better satisfied the Occam selection policy.,0.5000000000000001,not_selected,5.79910123150246,21.544402198079215,0.125
,12,A different valid candidate better satisfied the Occam selection policy.,5.000000000000001,not_selected,5.804538814843774,15.867027863231707,0.125
,12,A different valid candidate better satisfied the Occam selection policy.,15.8113883008419,not_selected,5.804856430298478,18.173175798313526,0.0078125
,12,A different valid candidate better satisfied the Occam selection policy.,50.00000000000001,not_selected,5.804882197028422,18.28046761218411,0.00390625
,12,A different valid candidate better satisfied the Occam selection policy.,158.113883008419,not_selected,5.804894083596423,18.275399131784194,0.00390625
,12,A different valid candidate better satisfied the Occam selection policy.,500.00000000000017,not_selected,5.804905611025948,18.273309496237445,0.00390625
,12,A different valid candidate better satisfied the Occam selection policy.,1581.13883008419,not_selected,5.804927851254521,18.27245555396747,0.00390625
,13,Another step cut from the same linear candidate had a lower nonlinear RMS.,0.00158113883008419,step_cut_discarded,15.11947132535611,212.39637285621293,1.0
,13,Another step cut from the same linear candidate had a lower nonlinear RMS.,0.00158113883008419,step_cut_discarded,7.806353109041375,78.58096773403987,0.5
,13,Another step cut from the same linear candidate had a lower nonlinear RMS.,0.00158113883008419,step_cut_discarded,6.119852626195341,39.61026723041801,0.25
,13,Another step cut from the same linear candidate had a lower nonlinear RMS.,0.00158113883008419,step_cut_discarded,5.837781027698543,27.109167492973224,0.125
,13,Another step cut from the same linear candidate had a lower nonlinear RMS.,0.00158113883008419,step_cut_discarded,5.800077713444666,22.60468025284237,0.0625
,13,Another step cut from the same linear candidate had a lower nonlinear RMS.,0.005000000000000001,step_cut_discarded,15.065585562464776,196.2135680840743,1.0
,13,Another step cut from the same linear candidate had a lower nonlinear RMS.,0.005000000000000001,step_cut_discarded,7.8033872360244425,74.51367559581793,0.5
,13,Another step cut from the same linear candidate had a lower nonlinear RMS.,0.005000000000000001,step_cut_discarded,6.117954047189059,38.58264872326886,0.25
,13,Another step cut from the same linear candidate had a lower nonlinear RMS.,0.005000000000000001,step_cut_discarded,5.837417147447868,26.846865129889107,0.125
,13,Another step cut from the same linear candidate had a lower nonlinear RMS.,0.005000000000000001,step_cut_discarded,5.800024429503359,22.536405793922928,0.0625
,13,Another step cut from the same linear candidate had a lower nonlinear RMS.,0.0158113883008419,step_cut_discarded,14.918608206656117,192.60955137511587,1.0
,13,Another step cut from the same linear candidate had a lower nonlinear RMS.,0.0158113883008419,step_cut_discarded,7.778187599907956,73.59214624333626,0.5
,13,Another step cut from the same linear candidate had a lower nonlinear RMS.,0.0158113883008419,step_cut_discarded,6.114999770177412,38.34200379752741,0.25
,13,Another step cut from the same linear candidate had a lower nonlinear RMS.,0.0158113883008419,step_cut_discarded,5.837096200946143,26.781572604643234,0.125
,13,Another step cut from the same linear candidate had a lower nonlinear RMS.,0.0158113883008419,step_cut_discarded,5.799980035677845,22.51751701570621,0.0625
,13,Another step cut from the same linear candidate had a lower nonlinear RMS.,0.05000000000000001,step_cut_discarded,14.647213693934267,187.16048860058308,1.0
,13,Another step cut from the same linear candidate had a lower nonlinear RMS.,0.05000000000000001,step_cut_discarded,7.741649280588477,72.19813243188449,0.5
,13,Another step cut from the same linear candidate had a lower nonlinear RMS.,0.05000000000000001,step_cut_discarded,6.109044280994441,37.97762628575518,0.25
,13,Another step cut from the same linear candidate had a lower nonlinear RMS.,0.05000000000000001,step_cut_discarded,5.83627600436615,26.682541197245538,0.125
,13,Another step cut from the same linear candidate had a lower nonlinear RMS.,0.05000000000000001,step_cut_discarded,5.7998599996254345,22.488790649129463,0.0625
,13,Another step cut from the same linear candidate had a lower nonlinear RMS.,0.158113883008419,step_cut_discarded,12.394294008096198,124.65401465525568,1.0
,13,Another step cut from the same linear candidate had a lower nonlinear RMS.,0.158113883008419,step_cut_discarded,6.9554969199989,55.40589330140299,0.5
,13,Another step cut from the same linear candidate had a lower nonlinear RMS.,0.158113883008419,step_cut_discarded,5.950695587059403,33.19675618106,0.25
,13,Another step cut from the same linear candidate had a lower nonlinear RMS.,0.158113883008419,step_cut_discarded,5.813935643513602,25.195918510034332,0.125
,13,Another step cut from the same linear candidate had a lower nonlinear RMS.,0.158113883008419,step_cut_discarded,5.795995412898529,21.971432396807955,0.0625
,13,Another step cut from the same linear candidate had a lower nonlinear RMS.,0.5000000000000001,step_cut_discarded,7.897048143704782,61.42110207170795,1.0
,13,Another step cut from the same linear candidate had a lower nonlinear RMS.,0.5000000000000001,step_cut_discarded,6.070359807987811,35.70422384506237,0.5
,13,Another step cut from the same linear candidate had a lower nonlinear RMS.,0.5000000000000001,step_cut_discarded,5.824097667697478,26.324618161748003,0.25
,13,Another step cut from the same linear candidate had a lower nonlinear RMS.,0.5000000000000001,step_cut_discarded,5.795641743395424,22.504523677592907,0.125
,13,Another step cut from the same linear candidate had a lower nonlinear RMS.,1.58113883008419,step_cut_discarded,5.874973837814225,16.956804402257426,1.0
,13,Another step cut from the same linear candidate had a lower nonlinear RMS.,5.000000000000001,step_cut_discarded,9.012330403897588,3.1942342983938232,1.0
,13,Another step cut from the same linear candidate had a lower nonlinear RMS.,5.000000000000001,step_cut_discarded,5.863877220828924,9.03285036720019,0.5
,13,Another step cut from the same linear candidate had a lower nonlinear RMS.,5.000000000000001,step_cut_discarded,5.80343613984858,13.599446525015624,0.25
,13,Another step cut from the same linear candidate had a lower nonlinear RMS.,5.000000000000001,step_cut_discarded,5.796480067740401,16.294566634776398,0.125
,13,Another step cut from the same linear candidate had a lower nonlinear RMS.,5.000000000000001,step_cut_discarded,5.795139015104471,17.745082197370053,0.0625
,13,Another step cut from the same linear candidate had a lower nonlinear RMS.,5.000000000000001,step_cut_discarded,5.79487773858814,18.4960788555952,0.03125
,13,Another step cut from the same linear candidate had a lower nonlinear RMS.,15.8113883008419,step_cut_discarded,13.171870882795652,0.9255946264179367,1.0
,13,Another step cut from the same linear candidate had a lower nonlinear RMS.,15.8113883008419,step_cut_discarded,5.9931097516010725,6.439139452415298,0.5
,13,Another step cut from the same linear candidate had a lower nonlinear RMS.,15.8113883008419,step_cut_discarded,5.817680573071573,11.937743297923943,0.25
,13,Another step cut from the same linear candidate had a lower nonlinear RMS.,15.8113883008419,step_cut_discarded,5.799948429811335,15.372503078805748,0.125
,13,Another step cut from the same linear candidate had a lower nonlinear RMS.,15.8113883008419,step_cut_discarded,5.796302129614078,17.26124743377853,0.0625
,13,Another step cut from the same linear candidate had a lower nonlinear RMS.,15.8113883008419,step_cut_discarded,5.7953343057077955,18.248460727397884,0.03125
,13,Another step cut from the same linear candidate had a lower nonlinear RMS.,15.8113883008419,step_cut_discarded,5.795040861424985,18.752777653240802,0.015625
,13,Another step cut from the same linear candidate had a lower nonlinear RMS.,15.8113883008419,step_cut_discarded,5.7949402996964725,19.00761368592058,0.0078125
,13,Another step cut from the same linear candidate had a lower nonlinear RMS.,50.00000000000001,step_cut_discarded,14.837631894356957,0.42424423914191517,1.0
,13,Another step cut from the same linear candidate had a lower nonlinear RMS.,50.00000000000001,step_cut_discarded,6.112077322423371,5.5373320197711715,0.5
,13,Another step cut from the same linear candidate had a lower nonlinear RMS.,50.00000000000001,step_cut_discarded,5.828025788487214,11.324056521850345,0.25
,13,Another step cut from the same linear candidate had a lower nonlinear RMS.,50.00000000000001,step_cut_discarded,5.80191557325687,15.024963925831072,0.125
,13,Another step cut from the same linear candidate had a lower nonlinear RMS.,50.00000000000001,step_cut_discarded,5.796871606106618,17.07730391605672,0.0625
,13,Another step cut from the same linear candidate had a lower nonlinear RMS.,50.00000000000001,step_cut_discarded,5.795535683407243,18.15394548322836,0.03125
,13,Another step cut from the same linear candidate had a lower nonlinear RMS.,50.00000000000001,step_cut_discarded,5.795121928959775,18.70488415982889,0.015625
,13,Another step cut from the same linear candidate had a lower nonlinear RMS.,50.00000000000001,step_cut_discarded,5.794976011355761,18.983507971382824,0.0078125
,13,Another step cut from the same linear candidate had a lower nonlinear RMS.,158.113883008419,step_cut_discarded,15.525099249168559,0.22656636834116986,1.0
,13,Another step cut from the same linear candidate had a lower nonlinear RMS.,158.113883008419,step_cut_discarded,6.2222077586532,5.163688331791155,0.5
,13,Another step cut from the same linear candidate had a lower nonlinear RMS.,158.113883008419,step_cut_discarded,5.836815047318182,11.068533489715426,0.25
,13,Another step cut from the same linear candidate had a lower nonlinear RMS.,158.113883008419,step_cut_discarded,5.803327440941903,14.880027112727387,0.125
,13,Another step cut from the same linear candidate had a lower nonlinear RMS.,158.113883008419,step_cut_discarded,5.797229348254795,17.000541685245818,0.0625
,13,Another step cut from the same linear candidate had a lower nonlinear RMS.,158.113883008419,step_cut_discarded,5.79564857836511,18.114490911758146,0.03125
,13,Another step cut from the same linear candidate had a lower nonlinear RMS.,158.113883008419,step_cut_discarded,5.795163168137028,18.684888510077588,0.015625
,13,Another step cut from the same linear candidate had a lower nonlinear RMS.,158.113883008419,step_cut_discarded,5.794992917270604,18.973443055503132,0.0078125
,13,Another step cut from the same linear candidate had a lower nonlinear RMS.,500.00000000000017,step_cut_discarded,15.941785806043773,0.16138537613060092,1.0
,13,Another step cut from the same linear candidate had a lower nonlinear RMS.,500.00000000000017,step_cut_discarded,6.3088646230474,5.009682391058031,0.5
,13,Another step cut from the same linear candidate had a lower nonlinear RMS.,500.00000000000017,step_cut_discarded,5.8437208461065735,10.961176658191903,0.25
,13,Another step cut from the same linear candidate had a lower nonlinear RMS.,500.00000000000017,step_cut_discarded,5.804392139631815,14.818760231676379,0.125
,13,Another step cut from the same linear candidate had a lower nonlinear RMS.,500.00000000000017,step_cut_discarded,5.797495400020593,16.968011128398004,0.0625
,13,Another step cut from the same linear candidate had a lower nonlinear RMS.,500.00000000000017,step_cut_discarded,5.79573324662588,18.097751354253663,0.03125
,13,Another step cut from the same linear candidate had a lower nonlinear RMS.,500.00000000000017,step_cut_discarded,5.795194586856002,18.676400161555204,0.015625
,13,Another step cut from the same linear candidate had a lower nonlinear RMS.,500.00000000000017,step_cut_discarded,5.795005985076697,18.969169238799406,0.0078125
,13,Another step cut from the same linear candidate had a lower nonlinear RMS.,1581.13883008419,step_cut_discarded,16.15522560967668,0.13038950530479465,1.0
,13,Another step cut from the same linear candidate had a lower nonlinear RMS.,1581.13883008419,step_cut_discarded,6.362564295376996,4.945655364038956,0.5
,13,Another step cut from the same linear candidate had a lower nonlinear RMS.,1581.13883008419,step_cut_discarded,5.848943949586522,10.917030871780826,0.25
,13,Another step cut from the same linear candidate had a lower nonlinear RMS.,1581.13883008419,step_cut_discarded,5.805357291055657,14.793654270245456,0.125
,13,Another step cut from the same linear candidate had a lower nonlinear RMS.,1581.13883008419,step_cut_discarded,5.7977670969765995,16.954699880626194,0.0625
,13,Another step cut from the same linear candidate had a lower nonlinear RMS.,1581.13883008419,step_cut_discarded,5.7958284524084025,18.09090616360367,0.03125
,13,Another step cut from the same linear candidate had a lower nonlinear RMS.,1581.13883008419,step_cut_discarded,5.795232910524046,18.672930174539182,0.015625
,13,Another step cut from the same linear candidate had a lower nonlinear RMS.,1581.13883008419,step_cut_discarded,5.795022903264802,18.96742239736864,0.0078125
,13,A different valid candidate better satisfied the Occam selection policy.,0.00158113883008419,not_selected,5.79464752980558,20.78895228992484,0.03125
,13,A different valid candidate better satisfied the Occam selection policy.,0.005000000000000001,not_selected,5.794637899988309,20.770534241120764,0.03125
,13,A different valid candidate better satisfied the Occam selection policy.,0.0158113883008419,not_selected,5.794629992801551,20.764529223113957,0.03125
,13,A different valid candidate better satisfied the Occam selection policy.,0.05000000000000001,not_selected,5.794608460089191,20.755363374106114,0.03125
,13,A different valid candidate better satisfied the Occam selection policy.,0.158113883008419,not_selected,5.7938323043692685,20.55317252076639,0.03125
,13,A different valid candidate better satisfied the Occam selection policy.,0.5000000000000001,not_selected,5.792964913687308,20.811903524890884,0.0625
,13,A different valid candidate better satisfied the Occam selection policy.,5.000000000000001,not_selected,5.794842741064435,18.87801190393985,0.015625
,13,A different valid candidate better satisfied the Occam selection policy.,15.8113883008419,not_selected,5.794901454203179,19.135701094700035,0.00390625
,13,A different valid candidate better satisfied the Occam selection policy.,50.00000000000001,not_selected,5.79491811093587,19.123608495473217,0.00390625
,13,A different valid candidate better satisfied the Occam selection policy.,158.113883008419,not_selected,5.794925642348758,19.118559264782352,0.00390625
,13,A different valid candidate better satisfied the Occam selection policy.,500.00000000000017,not_selected,5.794931523334511,19.11641494581986,0.00390625
,13,A different valid candidate better satisfied the Occam selection policy.,1581.13883008419,not_selected,5.794939429062851,19.11553856312379,0.00390625
,14,Another step cut from the same linear candidate had a lower nonlinear RMS.,0.00158113883008419,step_cut_discarded,10.050154121432245,195.26664747829423,1.0
,14,Another step cut from the same linear candidate had a lower nonlinear RMS.,0.00158113883008419,step_cut_discarded,7.026522178968813,73.50009886976738,0.5
,14,Another step cut from the same linear candidate had a lower nonlinear RMS.,0.00158113883008419,step_cut_discarded,5.999798508959284,37.27994098840715,0.25
,14,Another step cut from the same linear candidate had a lower nonlinear RMS.,0.00158113883008419,step_cut_discarded,5.81429050089557,25.33564115345283,0.125
,14,Another step cut from the same linear candidate had a lower nonlinear RMS.,0.00158113883008419,step_cut_discarded,5.792327582193706,20.90493601240712,0.0625
,14,Another step cut from the same linear candidate had a lower nonlinear RMS.,0.005000000000000001,step_cut_discarded,10.048540374413932,180.32124329653772,1.0
,14,Another step cut from the same linear candidate had a lower nonlinear RMS.,0.005000000000000001,step_cut_discarded,7.033965759617425,69.7468281175084,0.5
,14,Another step cut from the same linear candidate had a lower nonlinear RMS.,0.005000000000000001,step_cut_discarded,5.998286286211951,36.33316344693249,0.25
,14,Another step cut from the same linear candidate had a lower nonlinear RMS.,0.005000000000000001,step_cut_discarded,5.814097166450866,25.094716841379196,0.125
,14,Another step cut from the same linear candidate had a lower nonlinear RMS.,0.005000000000000001,step_cut_discarded,5.792311951540069,20.842589971036233,0.0625
,14,Another step cut from the same linear candidate had a lower nonlinear RMS.,0.0158113883008419,step_cut_discarded,10.045031321961977,177.53059840909043,1.0
,14,Another step cut from the same linear candidate had a lower nonlinear RMS.,0.0158113883008419,step_cut_discarded,7.036600905789761,69.03112743850157,0.5
,14,Another step cut from the same linear candidate had a lower nonlinear RMS.,0.0158113883008419,step_cut_discarded,5.9987171685474445,36.145218548608256,0.25
,14,Another step cut from the same linear candidate had a lower nonlinear RMS.,0.0158113883008419,step_cut_discarded,5.814140497768282,25.043220752511886,0.125
,14,Another step cut from the same linear candidate had a lower nonlinear RMS.,0.0158113883008419,step_cut_discarded,5.7923208702739135,20.827461016676274,0.0625
,14,Another step cut from the same linear candidate had a lower nonlinear RMS.,0.05000000000000001,step_cut_discarded,10.034286909083821,176.8573241450657,1.0
,14,Another step cut from the same linear candidate had a lower nonlinear RMS.,0.05000000000000001,step_cut_discarded,7.040097386149128,68.83532668084334,0.5
,14,Another step cut from the same linear candidate had a lower nonlinear RMS.,0.05000000000000001,step_cut_discarded,5.999996204275739,36.08252726336767,0.25
,14,Another step cut from the same linear candidate had a lower nonlinear RMS.,0.05000000000000001,step_cut_discarded,5.814300631091336,25.02067738328873,0.125
,14,Another step cut from the same linear candidate had a lower nonlinear RMS.,0.05000000000000001,step_cut_discarded,5.792345033539296,20.818389900413983,0.0625
,14,Another step cut from the same linear candidate had a lower nonlinear RMS.,0.158113883008419,step_cut_discarded,9.263820244961572,121.71467340665865,1.0
,14,Another step cut from the same linear candidate had a lower nonlinear RMS.,0.158113883008419,step_cut_discarded,6.445409874584186,53.998617347214974,0.5
,14,Another step cut from the same linear candidate had a lower nonlinear RMS.,0.158113883008419,step_cut_discarded,5.8823550050238325,31.84782660544729,0.25
,14,Another step cut from the same linear candidate had a lower nonlinear RMS.,0.158113883008419,step_cut_discarded,5.800912140041794,23.699240556551985,0.125
,14,Another step cut from the same linear candidate had a lower nonlinear RMS.,0.5000000000000001,step_cut_discarded,6.522471963119746,60.85626524857967,1.0
,14,Another step cut from the same linear candidate had a lower nonlinear RMS.,0.5000000000000001,step_cut_discarded,5.8996299759557616,34.86558608345837,0.5
,14,Another step cut from the same linear candidate had a lower nonlinear RMS.,0.5000000000000001,step_cut_discarded,5.801362373969011,25.10535417738971,0.25
,14,Another step cut from the same linear candidate had a lower nonlinear RMS.,1.58113883008419,step_cut_discarded,5.832857787619771,24.286459241523332,1.0
,14,Another step cut from the same linear candidate had a lower nonlinear RMS.,5.000000000000001,step_cut_discarded,6.523857076533683,6.079307399937443,1.0
,14,Another step cut from the same linear candidate had a lower nonlinear RMS.,5.000000000000001,step_cut_discarded,5.843332590504637,10.309814351023364,0.5
,14,Another step cut from the same linear candidate had a lower nonlinear RMS.,5.000000000000001,step_cut_discarded,5.799339695459873,13.535645109143733,0.25
,14,Another step cut from the same linear candidate had a lower nonlinear RMS.,5.000000000000001,step_cut_discarded,5.793117082199305,15.42620480884827,0.125
,14,Another step cut from the same linear candidate had a lower nonlinear RMS.,5.000000000000001,step_cut_discarded,5.791675339350161,16.440895738861624,0.0625
,14,Another step cut from the same linear candidate had a lower nonlinear RMS.,5.000000000000001,step_cut_discarded,5.791275699158688,16.96559397390858,0.03125
,14,Another step cut from the same linear candidate had a lower nonlinear RMS.,5.000000000000001,step_cut_discarded,5.7911519948534105,17.23228128394212,0.015625
,14,Another step cut from the same linear candidate had a lower nonlinear RMS.,5.000000000000001,step_cut_discarded,5.7911090359158335,17.366709487086407,0.0078125
,14,Another step cut from the same linear candidate had a lower nonlinear RMS.,15.8113883008419,step_cut_discarded,8.941116788039743,1.1332860053452527,1.0
,14,Another step cut from the same linear candidate had a lower nonlinear RMS.,15.8113883008419,step_cut_discarded,6.002088549610072,6.307240025116879,0.5
,14,Another step cut from the same linear candidate had a lower nonlinear RMS.,15.8113883008419,step_cut_discarded,5.820707953630337,11.151967039037894,0.25
,14,Another step cut from the same linear candidate had a lower nonlinear RMS.,15.8113883008419,step_cut_discarded,5.799193327452173,14.1387680470072,0.125
,14,Another step cut from the same linear candidate had a lower nonlinear RMS.,15.8113883008419,step_cut_discarded,5.7940063705214895,15.773277926244056,0.0625
,14,Another step cut from the same linear candidate had a lower nonlinear RMS.,15.8113883008419,step_cut_discarded,5.792289068293504,16.625810209675528,0.03125
,14,Another step cut from the same linear candidate had a lower nonlinear RMS.,15.8113883008419,step_cut_discarded,5.791622270785343,17.060895687344534,0.015625
,14,Another step cut from the same linear candidate had a lower nonlinear RMS.,15.8113883008419,step_cut_discarded,5.791335197692028,17.280643260167352,0.0078125
,14,Another step cut from the same linear candidate had a lower nonlinear RMS.,50.00000000000001,step_cut_discarded,12.352330725718804,0.4242731996248546,1.0
,14,Another step cut from the same linear candidate had a lower nonlinear RMS.,50.00000000000001,step_cut_discarded,6.178989726676122,5.15985255097068,0.5
,14,Another step cut from the same linear candidate had a lower nonlinear RMS.,50.00000000000001,step_cut_discarded,5.836267955947969,10.380053034143293,0.25
,14,Another step cut from the same linear candidate had a lower nonlinear RMS.,50.00000000000001,step_cut_discarded,5.802367069307927,13.703255977604522,0.125
,14,Another step cut from the same linear candidate had a lower nonlinear RMS.,50.00000000000001,step_cut_discarded,5.795013312906991,15.543133124803875,0.0625
,14,Another step cut from the same linear candidate had a lower nonlinear RMS.,50.00000000000001,step_cut_discarded,5.7926787220161495,16.507640617270734,0.03125
,14,Another step cut from the same linear candidate had a lower nonlinear RMS.,50.00000000000001,step_cut_discarded,5.791790742423845,17.001036593220952,0.015625
,14,Another step cut from the same linear candidate had a lower nonlinear RMS.,50.00000000000001,step_cut_discarded,5.791413013255037,17.250520138625266,0.0078125
,14,Another step cut from the same linear candidate had a lower nonlinear RMS.,158.113883008419,step_cut_discarded,14.260885814306155,0.21844631910637882,1.0
,14,Another step cut from the same linear candidate had a lower nonlinear RMS.,158.113883008419,step_cut_discarded,6.317467817589186,4.7364098107063635,0.5
,14,Another step cut from the same linear candidate had a lower nonlinear RMS.,158.113883008419,step_cut_discarded,5.84715562516093,10.088199339009867,0.25
,14,Another step cut from the same linear candidate had a lower nonlinear RMS.,158.113883008419,step_cut_discarded,5.804145454782899,13.537296048787494,0.125
,14,Another step cut from the same linear candidate had a lower nonlinear RMS.,158.113883008419,step_cut_discarded,5.795484498114961,15.45514489008278,0.0625
,14,Another step cut from the same linear candidate had a lower nonlinear RMS.,158.113883008419,step_cut_discarded,5.792836375873202,16.46239443233204,0.03125
,14,Another step cut from the same linear candidate had a lower nonlinear RMS.,158.113883008419,step_cut_discarded,5.791851740786124,16.978100483857073,0.015625
,14,Another step cut from the same linear candidate had a lower nonlinear RMS.,158.113883008419,step_cut_discarded,5.7914391736247035,17.23897382971969,0.0078125
,14,Another step cut from the same linear candidate had a lower nonlinear RMS.,500.00000000000017,step_cut_discarded,15.029034553142855,0.15359914027365285,1.0
,14,Another step cut from the same linear candidate had a lower nonlinear RMS.,500.00000000000017,step_cut_discarded,6.415716840457636,4.569471578392473,0.5
,14,Another step cut from the same linear candidate had a lower nonlinear RMS.,500.00000000000017,step_cut_discarded,5.855076883202183,9.971101562128538,0.25
,14,Another step cut from the same linear candidate had a lower nonlinear RMS.,500.00000000000017,step_cut_discarded,5.805306968909155,13.47033999516574,0.125
,14,Another step cut from the same linear candidate had a lower nonlinear RMS.,500.00000000000017,step_cut_discarded,5.795757774862419,15.419565071976626,0.0625
,14,Another step cut from the same linear candidate had a lower nonlinear RMS.,500.00000000000017,step_cut_discarded,5.792917750906715,16.444079075455143,0.03125
,14,Another step cut from the same linear candidate had a lower nonlinear RMS.,500.00000000000017,step_cut_discarded,5.791879973665573,16.968811443462673,0.015625
,14,Another step cut from the same linear candidate had a lower nonlinear RMS.,500.00000000000017,step_cut_discarded,5.7914502738339,17.2342964690335,0.0078125
,14,Another step cut from the same linear candidate had a lower nonlinear RMS.,1581.13883008419,step_cut_discarded,15.343980365639952,0.12366987408074348,1.0
,14,Another step cut from the same linear candidate had a lower nonlinear RMS.,1581.13883008419,step_cut_discarded,6.473943327798791,4.5018334858203914,0.5
,14,Another step cut from the same linear candidate had a lower nonlinear RMS.,1581.13883008419,step_cut_discarded,5.860662485862639,9.924114150973592,0.25
,14,Another step cut from the same linear candidate had a lower nonlinear RMS.,1581.13883008419,step_cut_discarded,5.806223664547087,13.443554198371034,0.125
,14,Another step cut from the same linear candidate had a lower nonlinear RMS.,1581.13883008419,step_cut_discarded,5.795981960422408,15.40534915077497,0.0625
,14,Another step cut from the same linear candidate had a lower nonlinear RMS.,1581.13883008419,step_cut_discarded,5.792985437014083,16.436765359153238,0.03125
,14,Another step cut from the same linear candidate had a lower nonlinear RMS.,1581.13883008419,step_cut_discarded,5.791903716869728,16.965103146386447,0.015625
,14,Another step cut from the same linear candidate had a lower nonlinear RMS.,1581.13883008419,step_cut_discarded,5.791459703715044,17.232429460764067,0.0078125
,14,A different valid candidate better satisfied the Occam selection policy.,0.00158113883008419,not_selected,5.789980608585332,19.074944635992125,0.03125
,14,A different valid candidate better satisfied the Occam selection policy.,0.005000000000000001,not_selected,5.789979414623566,19.058300643973165,0.03125
,14,A different valid candidate better satisfied the Occam selection policy.,0.0158113883008419,not_selected,5.78998228482637,19.05339093931161,0.03125
,14,A different valid candidate better satisfied the Occam selection policy.,0.05000000000000001,not_selected,5.7899884302643985,19.049405523267783,0.03125
,14,A different valid candidate better satisfied the Occam selection policy.,0.158113883008419,not_selected,5.790491528078249,20.35664986260147,0.0625
,14,A different valid candidate better satisfied the Occam selection policy.,1.58113883008419,not_selected,5.790704869344328,20.22029563975057,0.5
,14,A different valid candidate better satisfied the Occam selection policy.,5.000000000000001,not_selected,5.791092284255366,17.434194725690435,0.00390625
,14,A different valid candidate better satisfied the Occam selection policy.,15.8113883008419,not_selected,5.791203132374254,17.391068255075837,0.00390625
,14,A different valid candidate better satisfied the Occam selection policy.,50.00000000000001,not_selected,5.791240450811993,17.375958300684722,0.00390625
,14,A different valid candidate better satisfied the Occam selection policy.,158.113883008419,not_selected,5.791252455980965,17.370165582676027,0.00390625
,14,A different valid candidate better satisfied the Occam selection policy.,500.00000000000017,not_selected,5.791257259985572,17.367818692210683,0.00390625
,14,A different valid candidate better satisfied the Occam selection policy.,1581.13883008419,not_selected,5.791261372451554,17.36688197314314,0.00390625
,15,Another step cut from the same linear candidate had a lower nonlinear RMS.,0.0005000000000000001,step_cut_discarded,8.256533454834782,190.00707759860296,1.0
,15,Another step cut from the same linear candidate had a lower nonlinear RMS.,0.0005000000000000001,step_cut_discarded,6.716301803719048,75.64470700930497,0.5
,15,Another step cut from the same linear candidate had a lower nonlinear RMS.,0.0005000000000000001,step_cut_discarded,5.950917146510797,40.87040123595776,0.25
,15,Another step cut from the same linear candidate had a lower nonlinear RMS.,0.0005000000000000001,step_cut_discarded,5.806516515558073,29.084968229609586,0.125
,15,Another step cut from the same linear candidate had a lower nonlinear RMS.,0.0005000000000000001,step_cut_discarded,5.7901297701606715,24.592681696516863,0.0625
,15,Another step cut from the same linear candidate had a lower nonlinear RMS.,0.0015811388300841901,step_cut_discarded,8.256504101458589,189.97845066519528,1.0
,15,Another step cut from the same linear candidate had a lower nonlinear RMS.,0.0015811388300841901,step_cut_discarded,6.716331483538289,75.63505564171304,0.5
,15,Another step cut from the same linear candidate had a lower nonlinear RMS.,0.0015811388300841901,step_cut_discarded,5.950918880470132,40.86674107693976,0.25
,15,Another step cut from the same linear candidate had a lower nonlinear RMS.,0.0015811388300841901,step_cut_discarded,5.806516437274642,29.083429531295078,0.125
,15,Another step cut from the same linear candidate had a lower nonlinear RMS.,0.0015811388300841901,step_cut_discarded,5.790130078070455,24.591985192658225,0.0625
,15,Another step cut from the same linear candidate had a lower nonlinear RMS.,0.005000000000000001,step_cut_discarded,8.255449987319514,175.68357083984495,1.0
,15,Another step cut from the same linear candidate had a lower nonlinear RMS.,0.005000000000000001,step_cut_discarded,6.722851842024293,72.04369993433997,0.5
,15,Another step cut from the same linear candidate had a lower nonlinear RMS.,0.005000000000000001,step_cut_discarded,5.948804552619368,39.96008427457875,0.25
,15,Another step cut from the same linear candidate had a lower nonlinear RMS.,0.005000000000000001,step_cut_discarded,5.8062769812972395,28.85235639294596,0.125
,15,Another step cut from the same linear candidate had a lower nonlinear RMS.,0.005000000000000001,step_cut_discarded,5.790112464576585,24.53201243919152,0.0625
,15,Another step cut from the same linear candidate had a lower nonlinear RMS.,0.0158113883008419,step_cut_discarded,8.25468352268307,172.41546427051304,1.0
,15,Another step cut from the same linear candidate had a lower nonlinear RMS.,0.0158113883008419,step_cut_discarded,6.72371269860946,71.19719230962082,0.5
,15,Another step cut from the same linear candidate had a lower nonlinear RMS.,0.0158113883008419,step_cut_discarded,5.948378787023459,39.73371687720588,0.25
,15,Another step cut from the same linear candidate had a lower nonlinear RMS.,0.0158113883008419,step_cut_discarded,5.806214475488585,28.78839429800619,0.125
,15,Another step cut from the same linear candidate had a lower nonlinear RMS.,0.0158113883008419,step_cut_discarded,5.79011076854028,24.512336792658306,0.0625
,15,Another step cut from the same linear candidate had a lower nonlinear RMS.,0.05000000000000002,step_cut_discarded,8.25146302683934,171.45626039780626,1.0
,15,Another step cut from the same linear candidate had a lower nonlinear RMS.,0.05000000000000002,step_cut_discarded,6.722886851579562,70.89576616276652,0.5
,15,Another step cut from the same linear candidate had a lower nonlinear RMS.,0.05000000000000002,step_cut_discarded,5.9479192602856665,39.627547751153486,0.25
,15,Another step cut from the same linear candidate had a lower nonlinear RMS.,0.05000000000000002,step_cut_discarded,5.806147039096361,28.746445721823694,0.125
,15,Another step cut from the same linear candidate had a lower nonlinear RMS.,0.05000000000000002,step_cut_discarded,5.790109773612115,24.494146501277974,0.0625
,15,Another step cut from the same linear candidate had a lower nonlinear RMS.,0.158113883008419,step_cut_discarded,6.793619957816569,101.11994173987031,1.0
,15,Another step cut from the same linear candidate had a lower nonlinear RMS.,0.158113883008419,step_cut_discarded,5.968903927101702,51.24376247414099,0.5
,15,Another step cut from the same linear candidate had a lower nonlinear RMS.,0.158113883008419,step_cut_discarded,5.814331493001344,33.68058481692634,0.25
,15,Another step cut from the same linear candidate had a lower nonlinear RMS.,0.158113883008419,step_cut_discarded,5.791040564028494,26.742723982231528,0.125
,15,Another step cut from the same linear candidate had a lower nonlinear RMS.,0.5000000000000001,step_cut_discarded,5.806842123094151,41.61189506005882,1.0
,15,Another step cut from the same linear candidate had a lower nonlinear RMS.,1.5811388300841902,step_cut_discarded,6.0747087545849565,16.504120605884662,1.0
,15,Another step cut from the same linear candidate had a lower nonlinear RMS.,1.5811388300841902,step_cut_discarded,5.803965520245863,17.852927146641697,0.5
,15,Another step cut from the same linear candidate had a lower nonlinear RMS.,5.000000000000001,step_cut_discarded,8.110335238594864,3.148778506575319,1.0
,15,Another step cut from the same linear candidate had a lower nonlinear RMS.,5.000000000000001,step_cut_discarded,5.917957172860151,9.422303877464724,0.5
,15,Another step cut from the same linear candidate had a lower nonlinear RMS.,5.000000000000001,step_cut_discarded,5.805202949406068,14.560886273581021,0.25
,15,Another step cut from the same linear candidate had a lower nonlinear RMS.,5.000000000000001,step_cut_discarded,5.792783022806921,17.63063239930707,0.125
,15,Another step cut from the same linear candidate had a lower nonlinear RMS.,5.000000000000001,step_cut_discarded,5.790165087601267,19.290619194087064,0.0625
,15,Another step cut from the same linear candidate had a lower nonlinear RMS.,5.000000000000001,step_cut_discarded,5.789467306912361,20.151891024456308,0.03125
,15,Another step cut from the same linear candidate had a lower nonlinear RMS.,5.000000000000001,step_cut_discarded,5.789257496638598,20.590346547885737,0.015625
,15,Another step cut from the same linear candidate had a lower nonlinear RMS.,5.000000000000001,step_cut_discarded,5.789186631515937,20.811529211661657,0.0078125
,15,Another step cut from the same linear candidate had a lower nonlinear RMS.,15.8113883008419,step_cut_discarded,11.336766240304563,0.806244397530881,1.0
,15,Another step cut from the same linear candidate had a lower nonlinear RMS.,15.8113883008419,step_cut_discarded,6.0797054906251216,6.7578170473418915,0.5
,15,Another step cut from the same linear candidate had a lower nonlinear RMS.,15.8113883008419,step_cut_discarded,5.821346309273633,12.855337914619449,0.25
,15,Another step cut from the same linear candidate had a lower nonlinear RMS.,15.8113883008419,step_cut_discarded,5.796542417380921,16.684531983851244,0.125
,15,Another step cut from the same linear candidate had a lower nonlinear RMS.,15.8113883008419,step_cut_discarded,5.79143292272457,18.794237427365392,0.0625
,15,Another step cut from the same linear candidate had a lower nonlinear RMS.,15.8113883008419,step_cut_discarded,5.789974246483972,19.897867251347026,0.03125
,15,Another step cut from the same linear candidate had a lower nonlinear RMS.,15.8113883008419,step_cut_discarded,5.789481115111626,20.461876438893984,0.015625
,15,Another step cut from the same linear candidate had a lower nonlinear RMS.,15.8113883008419,step_cut_discarded,5.789291145965524,20.74692960155651,0.0078125
,15,Another step cut from the same linear candidate had a lower nonlinear RMS.,50.000000000000014,step_cut_discarded,14.3351509351332,0.37381413066764557,1.0
,15,Another step cut from the same linear candidate had a lower nonlinear RMS.,50.000000000000014,step_cut_discarded,6.213456426317394,5.913325818321946,0.5
,15,Another step cut from the same linear candidate had a lower nonlinear RMS.,50.000000000000014,step_cut_discarded,5.831622043621987,12.276023276212394,0.25
,15,Another step cut from the same linear candidate had a lower nonlinear RMS.,50.000000000000014,step_cut_discarded,5.798441298236073,16.355607408673443,0.125
,15,Another step cut from the same linear candidate had a lower nonlinear RMS.,50.000000000000014,step_cut_discarded,5.791977641321108,18.61995832578292,0.0625
,15,Another step cut from the same linear candidate had a lower nonlinear RMS.,50.000000000000014,step_cut_discarded,5.790166612551144,19.80827349705741,0.03125
,15,Another step cut from the same linear candidate had a lower nonlinear RMS.,50.000000000000014,step_cut_discarded,5.7895587253427925,20.41646601087458,0.015625
,15,Another step cut from the same linear candidate had a lower nonlinear RMS.,50.000000000000014,step_cut_discarded,5.789325424256184,20.724070999828143,0.0078125
,15,Another step cut from the same linear candidate had a lower nonlinear RMS.,158.113883008419,step_cut_discarded,15.694978919967223,0.20520090018300002,1.0
,15,Another step cut from the same linear candidate had a lower nonlinear RMS.,158.113883008419,step_cut_discarded,6.324990899470232,5.574301779170833,0.5
,15,Another step cut from the same linear candidate had a lower nonlinear RMS.,158.113883008419,step_cut_discarded,5.840086473146557,12.042831900659646,0.25
,15,Another step cut from the same linear candidate had a lower nonlinear RMS.,158.113883008419,step_cut_discarded,5.799778160766946,16.223091881902764,0.125
,15,Another step cut from the same linear candidate had a lower nonlinear RMS.,158.113883008419,step_cut_discarded,5.79230080535921,18.549720602649018,0.0625
,15,Another step cut from the same linear candidate had a lower nonlinear RMS.,158.113883008419,step_cut_discarded,5.790261098194047,19.7721596455533,0.03125
,15,Another step cut from the same linear candidate had a lower nonlinear RMS.,158.113883008419,step_cut_discarded,5.789590344422647,20.398160337638245,0.015625
,15,Another step cut from the same linear candidate had a lower nonlinear RMS.,158.113883008419,step_cut_discarded,5.789337406282221,20.714855976338907,0.0078125
,15,Another step cut from the same linear candidate had a lower nonlinear RMS.,500.0000000000001,step_cut_discarded,16.273435762582526,0.15150741941128198,1.0
,15,Another step cut from the same linear candidate had a lower nonlinear RMS.,500.0000000000001,step_cut_discarded,6.407461872847537,5.437161963005655,0.5
,15,Another step cut from the same linear candidate had a lower nonlinear RMS.,500.0000000000001,step_cut_discarded,5.846601467836886,11.946688723632224,0.25
,15,Another step cut from the same linear candidate had a lower nonlinear RMS.,500.0000000000001,step_cut_discarded,5.800761943974967,16.168126976152852,0.125
,15,Another step cut from the same linear candidate had a lower nonlinear RMS.,500.0000000000001,step_cut_discarded,5.79252908612603,18.520514820465,0.0625
,15,Another step cut from the same linear candidate had a lower nonlinear RMS.,500.0000000000001,step_cut_discarded,5.790325343255642,19.757125922134033,0.03125
,15,Another step cut from the same linear candidate had a lower nonlinear RMS.,500.0000000000001,step_cut_discarded,5.789610968982461,20.390535767846792,0.015625
,15,Another step cut from the same linear candidate had a lower nonlinear RMS.,500.0000000000001,step_cut_discarded,5.7893449116218125,20.711016764422734,0.0078125
,15,A different valid candidate better satisfied the Occam selection policy.,0.0005000000000000001,not_selected,5.78837521632776,22.696645922490834,0.03125
,15,A different valid candidate better satisfied the Occam selection policy.,0.0015811388300841901,not_selected,5.7883754428491345,22.696315881886175,0.03125
,15,A different valid candidate better satisfied the Occam selection policy.,0.005000000000000001,not_selected,5.7883745041665104,22.680220459079788,0.03125
,15,A different valid candidate better satisfied the Occam selection policy.,0.0158113883008419,not_selected,5.7883765337912125,22.673458986047343,0.03125
,15,A different valid candidate better satisfied the Occam selection policy.,0.05000000000000002,not_selected,5.788380538127275,22.665059839534912,0.03125
,15,A different valid candidate better satisfied the Occam selection policy.,0.158113883008419,not_selected,5.787943005518724,23.73472556336224,0.0625
,15,A different valid candidate better satisfied the Occam selection policy.,1.5811388300841902,not_selected,5.788592770769604,19.214435963050086,0.25
,15,A different valid candidate better satisfied the Occam selection policy.,5.000000000000001,not_selected,5.789159669063013,20.922609269064914,0.00390625
,15,A different valid candidate better satisfied the Occam selection policy.,15.8113883008419,not_selected,5.789210119748806,20.89021832511002,0.00390625
,15,A different valid candidate better satisfied the Occam selection policy.,50.000000000000014,not_selected,5.789226138267306,20.878750677316184,0.00390625
,15,A different valid candidate better satisfied the Occam selection policy.,158.113883008419,not_selected,5.789231178478439,20.874127618853795,0.00390625
,15,A different valid candidate better satisfied the Occam selection policy.,500.0000000000001,not_selected,5.789234234729747,20.87220128114059,0.00390625
,16,Another step cut from the same linear candidate had a lower nonlinear RMS.,0.0005000000000000001,step_cut_discarded,7.846025360355414,194.7302391775109,1.0
,16,Another step cut from the same linear candidate had a lower nonlinear RMS.,0.0005000000000000001,step_cut_discarded,6.647665009344489,83.48405389776018,0.5
,16,Another step cut from the same linear candidate had a lower nonlinear RMS.,0.0005000000000000001,step_cut_discarded,5.944425470930729,49.46167592224726,0.25
,16,Another step cut from the same linear candidate had a lower nonlinear RMS.,0.0005000000000000001,step_cut_discarded,5.802434175922752,37.85066560058142,0.125
,16,Another step cut from the same linear candidate had a lower nonlinear RMS.,0.0005000000000000001,step_cut_discarded,5.7865522381026935,33.39520510627114,0.0625
,16,Another step cut from the same linear candidate had a lower nonlinear RMS.,0.0015811388300841901,step_cut_discarded,7.834644827261785,193.6529926474867,1.0
,16,Another step cut from the same linear candidate had a lower nonlinear RMS.,0.0015811388300841901,step_cut_discarded,6.641490680178405,83.22069724755139,0.5
,16,Another step cut from the same linear candidate had a lower nonlinear RMS.,0.0015811388300841901,step_cut_discarded,5.942660411567337,49.39881425084369,0.25
,16,Another step cut from the same linear candidate had a lower nonlinear RMS.,0.0015811388300841901,step_cut_discarded,5.802164563490449,37.836438928304844,0.125
,16,Another step cut from the same linear candidate had a lower nonlinear RMS.,0.0015811388300841901,step_cut_discarded,5.786512240214367,33.39239281098916,0.0625
,16,Another step cut from the same linear candidate had a lower nonlinear RMS.,0.005000000000000001,step_cut_discarded,7.808322785833577,180.20466386470252,1.0
,16,Another step cut from the same linear candidate had a lower nonlinear RMS.,0.005000000000000001,step_cut_discarded,6.630155147232487,79.87748764802157,0.5
,16,Another step cut from the same linear candidate had a lower nonlinear RMS.,0.005000000000000001,step_cut_discarded,5.935822294367095,48.572448149044334,0.25
,16,Another step cut from the same linear candidate had a lower nonlinear RMS.,0.005000000000000001,step_cut_discarded,5.801156459962958,37.63456555189655,0.125
,16,Another step cut from the same linear candidate had a lower nonlinear RMS.,0.005000000000000001,step_cut_discarded,5.786379289884148,33.34428354140786,0.0625
,16,Another step cut from the same linear candidate had a lower nonlinear RMS.,0.0158113883008419,step_cut_discarded,7.778480881613532,169.9845059633339,1.0
,16,Another step cut from the same linear candidate had a lower nonlinear RMS.,0.0158113883008419,step_cut_discarded,6.609315810524466,77.32222673411104,0.5
,16,Another step cut from the same linear candidate had a lower nonlinear RMS.,0.0158113883008419,step_cut_discarded,5.9278977982098615,47.93352220128255,0.25
,16,Another step cut from the same linear candidate had a lower nonlinear RMS.,0.0158113883008419,step_cut_discarded,5.799941185326549,37.474778705314016,0.125
,16,Another step cut from the same linear candidate had a lower nonlinear RMS.,0.0158113883008419,step_cut_discarded,5.786208506657101,33.30430914994118,0.0625
,16,Another step cut from the same linear candidate had a lower nonlinear RMS.,0.05000000000000002,step_cut_discarded,7.673052123149649,153.87100379256077,1.0
,16,Another step cut from the same linear candidate had a lower nonlinear RMS.,0.05000000000000002,step_cut_discarded,6.394661989217037,72.75298998000075,0.5
,16,Another step cut from the same linear candidate had a lower nonlinear RMS.,0.05000000000000002,step_cut_discarded,5.892592088920005,46.52078240704647,0.25
,16,Another step cut from the same linear candidate had a lower nonlinear RMS.,0.05000000000000002,step_cut_discarded,5.7960019408448336,36.98637845390075,0.125
,16,Another step cut from the same linear candidate had a lower nonlinear RMS.,0.05000000000000002,step_cut_discarded,5.785715693112223,33.114601435660745,0.0625
,16,Another step cut from the same linear candidate had a lower nonlinear RMS.,0.158113883008419,step_cut_discarded,6.248920332688662,72.62250555599827,1.0
,16,Another step cut from the same linear candidate had a lower nonlinear RMS.,0.158113883008419,step_cut_discarded,5.893257686103292,46.423685177879754,0.5
,16,Another step cut from the same linear candidate had a lower nonlinear RMS.,0.158113883008419,step_cut_discarded,5.7924487222387935,36.92986608502602,0.25
,16,Another step cut from the same linear candidate had a lower nonlinear RMS.,0.5000000000000001,step_cut_discarded,5.8455552908860735,21.52438407581449,1.0
,16,Another step cut from the same linear candidate had a lower nonlinear RMS.,1.5811388300841902,step_cut_discarded,8.263731719182925,6.569770056786598,1.0
,16,Another step cut from the same linear candidate had a lower nonlinear RMS.,1.5811388300841902,step_cut_discarded,5.869974722013997,14.638072087569268,0.5
,16,Another step cut from the same linear candidate had a lower nonlinear RMS.,1.5811388300841902,step_cut_discarded,5.792542600775975,21.347248204694623,0.25
,16,Another step cut from the same linear candidate had a lower nonlinear RMS.,1.5811388300841902,step_cut_discarded,5.785863585626312,25.37059253869079,0.125
,16,Another step cut from the same linear candidate had a lower nonlinear RMS.,5.000000000000001,step_cut_discarded,13.081425026774836,1.4057234985081182,1.0
,16,Another step cut from the same linear candidate had a lower nonlinear RMS.,5.000000000000001,step_cut_discarded,5.997288777074774,9.911602827840946,0.5
,16,Another step cut from the same linear candidate had a lower nonlinear RMS.,5.000000000000001,step_cut_discarded,5.803466600923197,18.44790207968319,0.25
,16,Another step cut from the same linear candidate had a lower nonlinear RMS.,5.000000000000001,step_cut_discarded,5.788401931748324,23.786891602398267,0.125
,16,Another step cut from the same linear candidate had a lower nonlinear RMS.,5.000000000000001,step_cut_discarded,5.785925709609553,26.72409633795429,0.0625
,16,Another step cut from the same linear candidate had a lower nonlinear RMS.,5.000000000000001,step_cut_discarded,5.78543442477784,28.259626199281925,0.03125
,16,Another step cut from the same linear candidate had a lower nonlinear RMS.,15.8113883008419,step_cut_discarded,15.874056792754669,0.6530877499714144,1.0
,16,Another step cut from the same linear candidate had a lower nonlinear RMS.,15.8113883008419,step_cut_discarded,6.077970531730901,8.529857194441474,0.5
,16,Another step cut from the same linear candidate had a lower nonlinear RMS.,15.8113883008419,step_cut_discarded,5.809454158789944,17.505672323200674,0.25
,16,Another step cut from the same linear candidate had a lower nonlinear RMS.,15.8113883008419,step_cut_discarded,5.789583183871461,23.25293748921131,0.125
,16,Another step cut from the same linear candidate had a lower nonlinear RMS.,15.8113883008419,step_cut_discarded,5.786282256873893,26.441409472624393,0.0625
,16,Another step cut from the same linear candidate had a lower nonlinear RMS.,15.8113883008419,step_cut_discarded,5.785565470804846,28.114355314432867,0.03125
,16,Another step cut from the same linear candidate had a lower nonlinear RMS.,15.8113883008419,step_cut_discarded,5.785403195823263,28.970505697862603,0.015625
,16,Another step cut from the same linear candidate had a lower nonlinear RMS.,15.8113883008419,step_cut_discarded,5.785368524897716,29.40350025520883,0.0078125
,16,Another step cut from the same linear candidate had a lower nonlinear RMS.,50.000000000000014,step_cut_discarded,16.91266883549217,0.3592177524201792,1.0
,16,Another step cut from the same linear candidate had a lower nonlinear RMS.,50.000000000000014,step_cut_discarded,6.148121604628813,7.992738641165115,0.5
,16,Another step cut from the same linear candidate had a lower nonlinear RMS.,50.000000000000014,step_cut_discarded,5.814705882918653,17.139567157937304,0.25
,16,Another step cut from the same linear candidate had a lower nonlinear RMS.,50.000000000000014,step_cut_discarded,5.790484107469294,23.04549843442334,0.125
,16,Another step cut from the same linear candidate had a lower nonlinear RMS.,50.000000000000014,step_cut_discarded,5.786501634798565,26.33159332719132,0.0625
,16,Another step cut from the same linear candidate had a lower nonlinear RMS.,50.000000000000014,step_cut_discarded,5.78562701218498,28.057923087206582,0.03125
,16,Another step cut from the same linear candidate had a lower nonlinear RMS.,50.000000000000014,step_cut_discarded,5.785422501470954,28.941908545622013,0.015625
,16,Another step cut from the same linear candidate had a lower nonlinear RMS.,50.000000000000014,step_cut_discarded,5.785375351171234,29.389106419431666,0.0078125
,16,Another step cut from the same linear candidate had a lower nonlinear RMS.,158.113883008419,step_cut_discarded,17.463098605431252,0.21171239568953243,1.0
,16,Another step cut from the same linear candidate had a lower nonlinear RMS.,158.113883008419,step_cut_discarded,6.231435677667883,7.74171623669704,0.5
,16,Another step cut from the same linear candidate had a lower nonlinear RMS.,158.113883008419,step_cut_discarded,5.821016670023414,16.96973852417758,0.25
,16,Another step cut from the same linear candidate had a lower nonlinear RMS.,158.113883008419,step_cut_discarded,5.791493851545847,22.949504759662045,0.125
,16,Another step cut from the same linear candidate had a lower nonlinear RMS.,158.113883008419,step_cut_discarded,5.786727090949657,26.28082665034034,0.0625
,16,Another step cut from the same linear candidate had a lower nonlinear RMS.,158.113883008419,step_cut_discarded,5.785682272610392,28.031847288913486,0.03125
,16,Another step cut from the same linear candidate had a lower nonlinear RMS.,158.113883008419,step_cut_discarded,5.7854364630394475,28.92869753150857,0.015625
,16,Another step cut from the same linear candidate had a lower nonlinear RMS.,158.113883008419,step_cut_discarded,5.785378958189836,29.382457633633233,0.0078125
,16,Another step cut from the same linear candidate had a lower nonlinear RMS.,500.0000000000001,step_cut_discarded,17.819611033904227,0.16550100119480188,1.0
,16,Another step cut from the same linear candidate had a lower nonlinear RMS.,500.0000000000001,step_cut_discarded,6.296246698373777,7.634905158646266,0.5
,16,Another step cut from the same linear candidate had a lower nonlinear RMS.,500.0000000000001,step_cut_discarded,5.826120108724276,16.89540663995134,0.25
,16,Another step cut from the same linear candidate had a lower nonlinear RMS.,500.0000000000001,step_cut_discarded,5.792336461714955,22.907107231248716,0.125
,16,Another step cut from the same linear candidate had a lower nonlinear RMS.,500.0000000000001,step_cut_discarded,5.786932942405349,26.25831998955861,0.0625
,16,Another step cut from the same linear candidate had a lower nonlinear RMS.,500.0000000000001,step_cut_discarded,5.78574210652621,28.020266984378864,0.03125
,16,Another step cut from the same linear candidate had a lower nonlinear RMS.,500.0000000000001,step_cut_discarded,5.785456260066393,28.922825635705305,0.015625
,16,Another step cut from the same linear candidate had a lower nonlinear RMS.,500.0000000000001,step_cut_discarded,5.785386372112593,29.379501249847618,0.0078125
,16,A different valid candidate better satisfied the Occam selection policy.,0.0005000000000000001,not_selected,5.784908960911028,31.504986025746682,0.03125
,16,A different valid candidate better satisfied the Occam selection policy.,0.0015811388300841901,not_selected,5.784900964087516,31.504655138319766,0.03125
,16,A different valid candidate better satisfied the Occam selection policy.,0.005000000000000001,not_selected,5.784876622503576,31.49380735818483,0.03125
,16,A different valid candidate better satisfied the Occam selection policy.,0.0158113883008419,not_selected,5.7848449955812535,31.48379992040764,0.03125
,16,A different valid candidate better satisfied the Occam selection policy.,0.05000000000000002,not_selected,5.784763946330474,31.402569166123968,0.03125
,16,A different valid candidate better satisfied the Occam selection policy.,0.5000000000000001,not_selected,5.784944008756409,24.257925156863116,0.5
,16,A different valid candidate better satisfied the Occam selection policy.,1.5811388300841902,not_selected,5.785049249316165,27.549453774547267,0.0625
,16,A different valid candidate better satisfied the Occam selection policy.,5.000000000000001,not_selected,5.785348690135179,29.04412300333315,0.015625
,16,A different valid candidate better satisfied the Occam selection policy.,15.8113883008419,not_selected,5.785362589044086,29.621227375289795,0.00390625
,16,A different valid candidate better satisfied the Occam selection policy.,50.000000000000014,not_selected,5.785365298726843,29.614006642487,0.00390625
,16,A different valid candidate better satisfied the Occam selection policy.,158.113883008419,not_selected,5.785366261727787,29.61067142990234,0.00390625
,16,A different valid candidate better satisfied the Occam selection policy.,500.0000000000001,not_selected,5.785369351146081,29.60918812903854,0.00390625
,17,Another step cut from the same linear candidate had a lower nonlinear RMS.,0.000158113883008419,step_cut_discarded,7.630148556907766,210.0352891112265,1.0
,17,Another step cut from the same linear candidate had a lower nonlinear RMS.,0.000158113883008419,step_cut_discarded,6.76317339175911,88.91252118936849,0.5
,17,Another step cut from the same linear candidate had a lower nonlinear RMS.,0.000158113883008419,step_cut_discarded,6.013146170502092,52.83661262036699,0.25
,17,Another step cut from the same linear candidate had a lower nonlinear RMS.,0.000158113883008419,step_cut_discarded,5.81440947593881,40.920027183848134,0.125
,17,Another step cut from the same linear candidate had a lower nonlinear RMS.,0.000158113883008419,step_cut_discarded,5.787166931998268,36.492076677584166,0.0625
,17,Another step cut from the same linear candidate had a lower nonlinear RMS.,0.0005000000000000001,step_cut_discarded,7.630477601155956,209.73320535491115,1.0
,17,Another step cut from the same linear candidate had a lower nonlinear RMS.,0.0005000000000000001,step_cut_discarded,6.763273998815393,88.82088876146432,0.5
,17,Another step cut from the same linear candidate had a lower nonlinear RMS.,0.0005000000000000001,step_cut_discarded,6.013178006290269,52.80564876897829,0.25
,17,Another step cut from the same linear candidate had a lower nonlinear RMS.,0.0005000000000000001,step_cut_discarded,5.81441628631287,40.908258348794625,0.125
,17,Another step cut from the same linear candidate had a lower nonlinear RMS.,0.0005000000000000001,step_cut_discarded,5.787168490926779,36.48712053271763,0.0625
,17,Another step cut from the same linear candidate had a lower nonlinear RMS.,0.00158113883008419,step_cut_discarded,7.631467842209931,208.85611033898545,1.0
,17,Another step cut from the same linear candidate had a lower nonlinear RMS.,0.00158113883008419,step_cut_discarded,6.763576600359741,88.55349763497544,0.5
,17,Another step cut from the same linear candidate had a lower nonlinear RMS.,0.00158113883008419,step_cut_discarded,6.013279084289703,52.71474230110235,0.25
,17,Another step cut from the same linear candidate had a lower nonlinear RMS.,0.00158113883008419,step_cut_discarded,5.8144388851355115,40.873502388698775,0.125
,17,Another step cut from the same linear candidate had a lower nonlinear RMS.,0.00158113883008419,step_cut_discarded,5.787173571898212,36.472416871130235,0.0625
,17,Another step cut from the same linear candidate had a lower nonlinear RMS.,0.005000000000000001,step_cut_discarded,7.633625855698094,194.90550330234063,1.0
,17,Another step cut from the same linear candidate had a lower nonlinear RMS.,0.005000000000000001,step_cut_discarded,6.767144572856854,85.02702902477755,0.5
,17,Another step cut from the same linear candidate had a lower nonlinear RMS.,0.005000000000000001,step_cut_discarded,6.010981804434803,51.81371672303453,0.25
,17,Another step cut from the same linear candidate had a lower nonlinear RMS.,0.005000000000000001,step_cut_discarded,5.813744210171156,40.63854178142265,0.125
,17,Another step cut from the same linear candidate had a lower nonlinear RMS.,0.005000000000000001,step_cut_discarded,5.787093975639615,36.408824612931625,0.0625
,17,Another step cut from the same linear candidate had a lower nonlinear RMS.,0.0158113883008419,step_cut_discarded,7.6332124101702545,178.207194320895,1.0
,17,Another step cut from the same linear candidate had a lower nonlinear RMS.,0.0158113883008419,step_cut_discarded,6.700230651203757,80.61182856168698,0.5
,17,Another step cut from the same linear candidate had a lower nonlinear RMS.,0.0158113883008419,step_cut_discarded,5.98851084771318,50.58960499839729,0.25
,17,Another step cut from the same linear candidate had a lower nonlinear RMS.,0.0158113883008419,step_cut_discarded,5.810894510545852,40.27235804583106,0.125
,17,Another step cut from the same linear candidate had a lower nonlinear RMS.,0.0158113883008419,step_cut_discarded,5.786768671049885,36.28720077681757,0.0625
,17,Another step cut from the same linear candidate had a lower nonlinear RMS.,0.05000000000000001,step_cut_discarded,7.5916824886755645,157.80458304948345,1.0
,17,Another step cut from the same linear candidate had a lower nonlinear RMS.,0.05000000000000001,step_cut_discarded,6.6171925061289665,75.16654812221313,0.5
,17,Another step cut from the same linear candidate had a lower nonlinear RMS.,0.05000000000000001,step_cut_discarded,5.960827635319883,49.05597107771837,0.25
,17,Another step cut from the same linear candidate had a lower nonlinear RMS.,0.05000000000000001,step_cut_discarded,5.80645394028636,39.80279266025609,0.125
,17,Another step cut from the same linear candidate had a lower nonlinear RMS.,0.05000000000000001,step_cut_discarded,5.786102529508493,36.12673097772121,0.0625
,17,Another step cut from the same linear candidate had a lower nonlinear RMS.,0.158113883008419,step_cut_discarded,6.30721148599337,50.40889067902067,1.0
,17,Another step cut from the same linear candidate had a lower nonlinear RMS.,0.158113883008419,step_cut_discarded,5.935961462764029,38.4811380330195,0.5
,17,Another step cut from the same linear candidate had a lower nonlinear RMS.,0.158113883008419,step_cut_discarded,5.800536931198325,34.96637505713098,0.25
,17,Another step cut from the same linear candidate had a lower nonlinear RMS.,0.5000000000000001,step_cut_discarded,6.401127262130546,17.564082528968434,1.0
,17,Another step cut from the same linear candidate had a lower nonlinear RMS.,0.5000000000000001,step_cut_discarded,5.811797537894944,22.50919530042909,0.5
,17,Another step cut from the same linear candidate had a lower nonlinear RMS.,0.5000000000000001,step_cut_discarded,5.784797012566268,27.09301902644471,0.25
,17,Another step cut from the same linear candidate had a lower nonlinear RMS.,1.58113883008419,step_cut_discarded,9.969917956004645,6.025952581138127,1.0
,17,Another step cut from the same linear candidate had a lower nonlinear RMS.,1.58113883008419,step_cut_discarded,5.9108848366812765,14.743904587668457,0.5
,17,Another step cut from the same linear candidate had a lower nonlinear RMS.,1.58113883008419,step_cut_discarded,5.792851935006738,22.71131723535303,0.25
,17,Another step cut from the same linear candidate had a lower nonlinear RMS.,1.58113883008419,step_cut_discarded,5.78460564620249,27.597132720300166,0.125
,17,Another step cut from the same linear candidate had a lower nonlinear RMS.,5.000000000000001,step_cut_discarded,14.199738659289387,1.2936521753551868,1.0
,17,Another step cut from the same linear candidate had a lower nonlinear RMS.,5.000000000000001,step_cut_discarded,6.009730211299675,10.481360122744642,0.5
,17,Another step cut from the same linear candidate had a lower nonlinear RMS.,5.000000000000001,step_cut_discarded,5.80100771425183,20.105946437383036,0.25
,17,Another step cut from the same linear candidate had a lower nonlinear RMS.,5.000000000000001,step_cut_discarded,5.786623772139791,26.17592267993815,0.125
,17,Another step cut from the same linear candidate had a lower nonlinear RMS.,5.000000000000001,step_cut_discarded,5.784412845735661,29.525331572524674,0.0625
,17,Another step cut from the same linear candidate had a lower nonlinear RMS.,15.8113883008419,step_cut_discarded,16.527384398446912,0.6225103032309954,1.0
,17,Another step cut from the same linear candidate had a lower nonlinear RMS.,15.8113883008419,step_cut_discarded,6.067119148585709,9.252053031161015,0.5
,17,Another step cut from the same linear candidate had a lower nonlinear RMS.,15.8113883008419,step_cut_discarded,5.805301910841183,19.267858852710837,0.25
,17,Another step cut from the same linear candidate had a lower nonlinear RMS.,15.8113883008419,step_cut_discarded,5.787536207691128,25.701020377881942,0.125
,17,Another step cut from the same linear candidate had a lower nonlinear RMS.,15.8113883008419,step_cut_discarded,5.784703401732466,29.273915794066557,0.0625
,17,Another step cut from the same linear candidate had a lower nonlinear RMS.,15.8113883008419,step_cut_discarded,5.784133948505491,31.149442165558632,0.03125
,17,Another step cut from the same linear candidate had a lower nonlinear RMS.,50.000000000000014,step_cut_discarded,17.382910909329905,0.35619910557671486,1.0
,17,Another step cut from the same linear candidate had a lower nonlinear RMS.,50.000000000000014,step_cut_discarded,6.123133467570126,8.772912637318612,0.5
,17,Another step cut from the same linear candidate had a lower nonlinear RMS.,50.000000000000014,step_cut_discarded,5.809395180413774,18.94179245703582,0.25
,17,Another step cut from the same linear candidate had a lower nonlinear RMS.,50.000000000000014,step_cut_discarded,5.788259242769068,25.516363130355984,0.125
,17,Another step cut from the same linear candidate had a lower nonlinear RMS.,50.000000000000014,step_cut_discarded,5.784885000595456,29.176181157881466,0.0625
,17,Another step cut from the same linear candidate had a lower nonlinear RMS.,50.000000000000014,step_cut_discarded,5.784186890071327,31.099223344360546,0.03125
,17,Another step cut from the same linear candidate had a lower nonlinear RMS.,50.000000000000014,step_cut_discarded,5.784044579110591,32.084027730779184,0.015625
,17,Another step cut from the same linear candidate had a lower nonlinear RMS.,158.113883008419,step_cut_discarded,17.8595867579218,0.21999314202794562,1.0
,17,Another step cut from the same linear candidate had a lower nonlinear RMS.,158.113883008419,step_cut_discarded,6.19588735659583,8.546295249628912,0.5
,17,Another step cut from the same linear candidate had a lower nonlinear RMS.,158.113883008419,step_cut_discarded,5.814765249028499,18.788855161712142,0.25
,17,Another step cut from the same linear candidate had a lower nonlinear RMS.,158.113883008419,step_cut_discarded,5.78915307856684,25.429987332324448,0.125
,17,Another step cut from the same linear candidate had a lower nonlinear RMS.,158.113883008419,step_cut_discarded,5.785098055397707,29.130516471273264,0.0625
,17,Another step cut from the same linear candidate had a lower nonlinear RMS.,158.113883008419,step_cut_discarded,5.784244966862358,31.075771804158347,0.03125
,17,Another step cut from the same linear candidate had a lower nonlinear RMS.,158.113883008419,step_cut_discarded,5.784062054946631,32.07214716145354,0.015625
,17,A different valid candidate better satisfied the Occam selection policy.,0.000158113883008419,not_selected,5.783965733609907,34.66068697745107,0.03125
,17,A different valid candidate better satisfied the Occam selection policy.,0.0005000000000000001,not_selected,5.783966320019489,34.65844097318285,0.03125
,17,A different valid candidate better satisfied the Occam selection policy.,0.00158113883008419,not_selected,5.783968161093715,34.6517577220043,0.03125
,17,A different valid candidate better satisfied the Occam selection policy.,0.005000000000000001,not_selected,5.783959113264768,34.63343360426484,0.03125
,17,A different valid candidate better satisfied the Occam selection policy.,0.0158113883008419,not_selected,5.78390942875818,34.587988694128256,0.03125
,17,A different valid candidate better satisfied the Occam selection policy.,0.05000000000000001,not_selected,5.783780840433692,34.526332018002854,0.03125
,17,A different valid candidate better satisfied the Occam selection policy.,0.158113883008419,not_selected,5.783963187996402,33.821271905964736,0.125
,17,A different valid candidate better satisfied the Occam selection policy.,1.58113883008419,not_selected,5.783677171626996,30.26556775304995,0.0625
,17,A different valid candidate better satisfied the Occam selection policy.,5.000000000000001,not_selected,5.784022618568421,31.27864121164519,0.03125
,17,A different valid candidate better satisfied the Occam selection policy.,15.8113883008419,not_selected,5.784027148764108,32.109475017154594,0.015625
,17,A different valid candidate better satisfied the Occam selection policy.,50.000000000000014,not_selected,5.784022318179303,32.582250747283275,0.0078125
,17,A different valid candidate better satisfied the Occam selection policy.,158.113883008419,not_selected,5.784028198320443,32.57627176281432,0.0078125
,18,Another step cut from the same linear candidate had a lower nonlinear RMS.,0.0005000000000000001,step_cut_discarded,7.87990906755439,204.10729001147106,1.0
,18,Another step cut from the same linear candidate had a lower nonlinear RMS.,0.0005000000000000001,step_cut_discarded,6.827761290661812,83.55165400658395,0.5
,18,Another step cut from the same linear candidate had a lower nonlinear RMS.,0.0005000000000000001,step_cut_discarded,6.050307603707103,48.36760965020051,0.25
,18,Another step cut from the same linear candidate had a lower nonlinear RMS.,0.0005000000000000001,step_cut_discarded,5.824125523946669,37.049030883523834,0.125
,18,Another step cut from the same linear candidate had a lower nonlinear RMS.,0.0005000000000000001,step_cut_discarded,5.7877127626432605,32.95810235306425,0.0625
,18,Another step cut from the same linear candidate had a lower nonlinear RMS.,0.0005000000000000001,step_cut_discarded,5.782976006161886,31.304728301054162,0.03125
,18,Another step cut from the same linear candidate had a lower nonlinear RMS.,0.0015811388300841901,step_cut_discarded,7.878435401071107,203.76743962312054,1.0
,18,Another step cut from the same linear candidate had a lower nonlinear RMS.,0.0015811388300841901,step_cut_discarded,6.827318531209277,83.48333641089685,0.5
,18,Another step cut from the same linear candidate had a lower nonlinear RMS.,0.0015811388300841901,step_cut_discarded,6.050006130431923,48.35885275197905,0.25
,18,Another step cut from the same linear candidate had a lower nonlinear RMS.,0.0015811388300841901,step_cut_discarded,5.824070511997314,37.051002909318605,0.125
,18,Another step cut from the same linear candidate had a lower nonlinear RMS.,0.0015811388300841901,step_cut_discarded,5.787704305104133,32.96067598468801,0.0625
,18,Another step cut from the same linear candidate had a lower nonlinear RMS.,0.0015811388300841901,step_cut_discarded,5.782973951219114,31.30641202154764,0.03125
,18,Another step cut from the same linear candidate had a lower nonlinear RMS.,0.005000000000000001,step_cut_discarded,7.875212082254063,203.2487676170801,1.0
,18,Another step cut from the same linear candidate had a lower nonlinear RMS.,0.005000000000000001,step_cut_discarded,6.826381538655421,83.38570599529133,0.5
,18,Another step cut from the same linear candidate had a lower nonlinear RMS.,0.005000000000000001,step_cut_discarded,6.049415811103184,48.35046394102993,0.25
,18,Another step cut from the same linear candidate had a lower nonlinear RMS.,0.005000000000000001,step_cut_discarded,5.823963219736463,37.05691510305748,0.125
,18,Another step cut from the same linear candidate had a lower nonlinear RMS.,0.005000000000000001,step_cut_discarded,5.787687446614562,32.96615873136081,0.0625
,18,Another step cut from the same linear candidate had a lower nonlinear RMS.,0.005000000000000001,step_cut_discarded,5.782969775217732,31.309785057334874,0.03125
,18,Another step cut from the same linear candidate had a lower nonlinear RMS.,0.0158113883008419,step_cut_discarded,7.867347830268389,198.76145225991024,1.0
,18,Another step cut from the same linear candidate had a lower nonlinear RMS.,0.0158113883008419,step_cut_discarded,6.824849828161633,82.46323391164164,0.5
,18,Another step cut from the same linear candidate had a lower nonlinear RMS.,0.0158113883008419,step_cut_discarded,6.043571320550556,48.21952429793888,0.25
,18,Another step cut from the same linear candidate had a lower nonlinear RMS.,0.0158113883008419,step_cut_discarded,5.822063655805199,37.074019381195406,0.125
,18,Another step cut from the same linear candidate had a lower nonlinear RMS.,0.0158113883008419,step_cut_discarded,5.787391864599642,32.99535439535063,0.0625
,18,Another step cut from the same linear candidate had a lower nonlinear RMS.,0.0158113883008419,step_cut_discarded,5.782917075759882,31.32954377055999,0.03125
,18,Another step cut from the same linear candidate had a lower nonlinear RMS.,0.05000000000000002,step_cut_discarded,7.733181568158549,162.13618775077342,1.0
,18,Another step cut from the same linear candidate had a lower nonlinear RMS.,0.05000000000000002,step_cut_discarded,6.693001027531536,74.05695816950455,0.5
,18,Another step cut from the same linear candidate had a lower nonlinear RMS.,0.05000000000000002,step_cut_discarded,5.961780451840858,46.492975554978166,0.25
,18,Another step cut from the same linear candidate had a lower nonlinear RMS.,0.05000000000000002,step_cut_discarded,5.805390723838441,36.82989229174201,0.125
,18,Another step cut from the same linear candidate had a lower nonlinear RMS.,0.05000000000000002,step_cut_discarded,5.785020519172631,33.028077671130674,0.0625
,18,Another step cut from the same linear candidate had a lower nonlinear RMS.,0.158113883008419,step_cut_discarded,6.498077556273377,73.59161385799366,1.0
,18,Another step cut from the same linear candidate had a lower nonlinear RMS.,0.158113883008419,step_cut_discarded,5.93553804455559,46.631142742696824,0.5
,18,Another step cut from the same linear candidate had a lower nonlinear RMS.,0.158113883008419,step_cut_discarded,5.801814713249391,36.99168572146985,0.25
,18,Another step cut from the same linear candidate had a lower nonlinear RMS.,0.158113883008419,step_cut_discarded,5.783609966175556,33.13215184496173,0.125
,18,Another step cut from the same linear candidate had a lower nonlinear RMS.,0.5000000000000001,step_cut_discarded,5.893485653399915,21.65186876756019,1.0
,18,Another step cut from the same linear candidate had a lower nonlinear RMS.,0.5000000000000001,step_cut_discarded,5.791872978509825,24.293625892367032,0.5
,18,Another step cut from the same linear candidate had a lower nonlinear RMS.,1.5811388300841902,step_cut_discarded,8.450147466307484,6.671210793296182,1.0
,18,Another step cut from the same linear candidate had a lower nonlinear RMS.,1.5811388300841902,step_cut_discarded,5.876930932030983,14.717137112484236,0.5
,18,Another step cut from the same linear candidate had a lower nonlinear RMS.,1.5811388300841902,step_cut_discarded,5.790816254044184,21.421231881897597,0.25
,18,Another step cut from the same linear candidate had a lower nonlinear RMS.,1.5811388300841902,step_cut_discarded,5.783548192270783,25.44356216905911,0.125
,18,Another step cut from the same linear candidate had a lower nonlinear RMS.,5.000000000000001,step_cut_discarded,13.22674127997786,1.3818632150347485,1.0
,18,Another step cut from the same linear candidate had a lower nonlinear RMS.,5.000000000000001,step_cut_discarded,6.0018686322125925,9.91433548019321,0.5
,18,Another step cut from the same linear candidate had a lower nonlinear RMS.,5.000000000000001,step_cut_discarded,5.801113019631194,18.480299104962004,0.25
,18,Another step cut from the same linear candidate had a lower nonlinear RMS.,5.000000000000001,step_cut_discarded,5.785964337895812,23.8382127903938,0.125
,18,Another step cut from the same linear candidate had a lower nonlinear RMS.,5.000000000000001,step_cut_discarded,5.783407247026793,26.785902601371546,0.0625
,18,Another step cut from the same linear candidate had a lower nonlinear RMS.,5.000000000000001,step_cut_discarded,5.782846426063548,28.32693074892587,0.03125
,18,Another step cut from the same linear candidate had a lower nonlinear RMS.,5.000000000000001,step_cut_discarded,5.782717918960479,29.114240633219406,0.015625
,18,Another step cut from the same linear candidate had a lower nonlinear RMS.,5.000000000000001,step_cut_discarded,5.782689751819843,29.512094527995263,0.0078125
,18,Another step cut from the same linear candidate had a lower nonlinear RMS.,15.8113883008419,step_cut_discarded,15.950280272986063,0.6489635750866685,1.0
,18,Another step cut from the same linear candidate had a lower nonlinear RMS.,15.8113883008419,step_cut_discarded,6.077451911146611,8.536406635081052,0.5
,18,Another step cut from the same linear candidate had a lower nonlinear RMS.,15.8113883008419,step_cut_discarded,5.80651864433693,17.538464926121396,0.25
,18,Another step cut from the same linear candidate had a lower nonlinear RMS.,15.8113883008419,step_cut_discarded,5.787048402857972,23.304078261902355,0.125
,18,Another step cut from the same linear candidate had a lower nonlinear RMS.,15.8113883008419,step_cut_discarded,5.783746656719112,26.503030977358033,0.0625
,18,Another step cut from the same linear candidate had a lower nonlinear RMS.,15.8113883008419,step_cut_discarded,5.782975824720607,28.181543846977185,0.03125
,18,Another step cut from the same linear candidate had a lower nonlinear RMS.,15.8113883008419,step_cut_discarded,5.782773275009183,29.040559409759574,0.015625
,18,Another step cut from the same linear candidate had a lower nonlinear RMS.,15.8113883008419,step_cut_discarded,5.782715158749435,29.47500697314398,0.0078125
,18,Another step cut from the same linear candidate had a lower nonlinear RMS.,50.000000000000014,step_cut_discarded,16.9131644664865,0.37148718293308114,1.0
,18,Another step cut from the same linear candidate had a lower nonlinear RMS.,50.000000000000014,step_cut_discarded,6.141916918051765,8.011152714668949,0.5
,18,Another step cut from the same linear candidate had a lower nonlinear RMS.,50.000000000000014,step_cut_discarded,5.81114270268647,17.179209034831523,0.25
,18,Another step cut from the same linear candidate had a lower nonlinear RMS.,50.000000000000014,step_cut_discarded,5.787843813694386,23.100293083486463,0.125
,18,Another step cut from the same linear candidate had a lower nonlinear RMS.,50.000000000000014,step_cut_discarded,5.783950356970018,26.395099079957355,0.0625
,18,Another step cut from the same linear candidate had a lower nonlinear RMS.,50.000000000000014,step_cut_discarded,5.783038065714189,28.12606807122864,0.03125
,18,Another step cut from the same linear candidate had a lower nonlinear RMS.,50.000000000000014,step_cut_discarded,5.782795028606141,29.012444065123262,0.015625
,18,Another step cut from the same linear candidate had a lower nonlinear RMS.,50.000000000000014,step_cut_discarded,5.78272373194079,29.460854936635307,0.0078125
,18,Another step cut from the same linear candidate had a lower nonlinear RMS.,158.113883008419,step_cut_discarded,17.4067304127497,0.22619149820892834,1.0
,18,Another step cut from the same linear candidate had a lower nonlinear RMS.,158.113883008419,step_cut_discarded,6.221759034832084,7.766442385983113,0.5
,18,Another step cut from the same linear candidate had a lower nonlinear RMS.,158.113883008419,step_cut_discarded,5.817002308904091,17.01383824890766,0.25
,18,Another step cut from the same linear candidate had a lower nonlinear RMS.,158.113883008419,step_cut_discarded,5.788792131695163,23.00685378512931,0.125
,18,Another step cut from the same linear candidate had a lower nonlinear RMS.,158.113883008419,step_cut_discarded,5.784178896373802,26.345690954429962,0.0625
,18,Another step cut from the same linear candidate had a lower nonlinear RMS.,158.113883008419,step_cut_discarded,5.783102961143903,28.100691889377742,0.03125
,18,Another step cut from the same linear candidate had a lower nonlinear RMS.,158.113883008419,step_cut_discarded,5.782815814939554,28.999587944426004,0.015625
,18,Another step cut from the same linear candidate had a lower nonlinear RMS.,158.113883008419,step_cut_discarded,5.782731252722798,29.45438486884373,0.0078125
,18,Another step cut from the same linear candidate had a lower nonlinear RMS.,500.0000000000001,step_cut_discarded,17.74546865923138,0.17762579776364076,1.0
,18,Another step cut from the same linear candidate had a lower nonlinear RMS.,500.0000000000001,step_cut_discarded,6.286638319546576,7.660780739213246,0.5
,18,Another step cut from the same linear candidate had a lower nonlinear RMS.,500.0000000000001,step_cut_discarded,5.822128828883882,16.94066272638593,0.25
,18,Another step cut from the same linear candidate had a lower nonlinear RMS.,500.0000000000001,step_cut_discarded,5.789716105820204,22.965179849084226,0.125
,18,Another step cut from the same linear candidate had a lower nonlinear RMS.,500.0000000000001,step_cut_discarded,5.7844447590381325,26.32358244271138,0.0625
,18,Another step cut from the same linear candidate had a lower nonlinear RMS.,500.0000000000001,step_cut_discarded,5.783197626648258,28.089319747594445,0.03125
,18,Another step cut from the same linear candidate had a lower nonlinear RMS.,500.0000000000001,step_cut_discarded,5.7828542246998555,28.993822402053354,0.015625
,18,Another step cut from the same linear candidate had a lower nonlinear RMS.,500.0000000000001,step_cut_discarded,5.782748270633776,29.451482229787153,0.0078125
,18,A different valid candidate better satisfied the Occam selection policy.,0.0005000000000000001,not_selected,5.782416400100159,30.576063828354037,0.015625
,18,A different valid candidate better satisfied the Occam selection policy.,0.0015811388300841901,not_selected,5.782415685721856,30.577004914771166,0.015625
,18,A different valid candidate better satisfied the Occam selection policy.,0.005000000000000001,not_selected,5.782414214995025,30.578849348277487,0.015625
,18,A different valid candidate better satisfied the Occam selection policy.,0.0158113883008419,not_selected,5.782402527105638,30.590018925197608,0.015625
,18,A different valid candidate better satisfied the Occam selection policy.,0.05000000000000002,not_selected,5.782510261399447,31.384602113576708,0.03125
,18,A different valid candidate better satisfied the Occam selection policy.,0.158113883008419,not_selected,5.781816590519126,31.442433565234005,0.0625
,18,A different valid candidate better satisfied the Occam selection policy.,1.5811388300841902,not_selected,5.782551393563482,27.62229803825358,0.0625
,18,A different valid candidate better satisfied the Occam selection policy.,5.000000000000001,not_selected,5.782684529809007,29.712071213540472,0.00390625
,18,A different valid candidate better satisfied the Occam selection policy.,15.8113883008419,not_selected,5.782696672118258,29.693465700334475,0.00390625
,18,A different valid candidate better satisfied the Occam selection policy.,50.000000000000014,not_selected,5.78270038596837,29.686366091032514,0.00390625
,18,A different valid candidate better satisfied the Occam selection policy.,158.113883008419,not_selected,5.782703431234127,29.683120555276002,0.00390625
,18,A different valid candidate better satisfied the Occam selection policy.,500.0000000000001,not_selected,5.782711396827229,29.68166426878014,0.00390625
,19,Another step cut from the same linear candidate had a lower nonlinear RMS.,0.0005000000000000001,step_cut_discarded,8.744543685219798,209.7840707127086,1.0
,19,Another step cut from the same linear candidate had a lower nonlinear RMS.,0.0005000000000000001,step_cut_discarded,7.044566367227543,84.39976580577795,0.5
,19,Another step cut from the same linear candidate had a lower nonlinear RMS.,0.0005000000000000001,step_cut_discarded,6.0751091429639414,47.10094659775489,0.25
,19,Another step cut from the same linear candidate had a lower nonlinear RMS.,0.0005000000000000001,step_cut_discarded,5.819350826097364,34.799870305103944,0.125
,19,Another step cut from the same linear candidate had a lower nonlinear RMS.,0.0005000000000000001,step_cut_discarded,5.786083561488932,30.236415486618597,0.0625
,19,Another step cut from the same linear candidate had a lower nonlinear RMS.,0.0005000000000000001,step_cut_discarded,5.781828746517493,28.351458909335964,0.03125
,19,Another step cut from the same linear candidate had a lower nonlinear RMS.,0.0015811388300841901,step_cut_discarded,8.742703665079132,208.187053302899,1.0
,19,Another step cut from the same linear candidate had a lower nonlinear RMS.,0.0015811388300841901,step_cut_discarded,7.044566311461851,84.01224694684302,0.5
,19,Another step cut from the same linear candidate had a lower nonlinear RMS.,0.0015811388300841901,step_cut_discarded,6.074842430388456,47.009934629779906,0.25
,19,Another step cut from the same linear candidate had a lower nonlinear RMS.,0.0015811388300841901,step_cut_discarded,5.819266269231021,34.78005118648956,0.125
,19,Another step cut from the same linear candidate had a lower nonlinear RMS.,0.0015811388300841901,step_cut_discarded,5.786068923431409,30.232927643654683,0.0625
,19,Another step cut from the same linear candidate had a lower nonlinear RMS.,0.0015811388300841901,step_cut_discarded,5.781825466546541,28.35132041693982,0.03125
,19,Another step cut from the same linear candidate had a lower nonlinear RMS.,0.005000000000000001,step_cut_discarded,8.740399798113046,207.94435049934935,1.0
,19,Another step cut from the same linear candidate had a lower nonlinear RMS.,0.005000000000000001,step_cut_discarded,7.044238389013495,83.95598370118284,0.5
,19,Another step cut from the same linear candidate had a lower nonlinear RMS.,0.005000000000000001,step_cut_discarded,6.074660155320562,46.99807504597846,0.25
,19,Another step cut from the same linear candidate had a lower nonlinear RMS.,0.005000000000000001,step_cut_discarded,5.819227275201126,34.778189404346,0.125
,19,Another step cut from the same linear candidate had a lower nonlinear RMS.,0.005000000000000001,step_cut_discarded,5.786062745492624,30.233013755022206,0.0625
,19,Another step cut from the same linear candidate had a lower nonlinear RMS.,0.005000000000000001,step_cut_discarded,5.781824093104573,28.351617723233407,0.03125
,19,Another step cut from the same linear candidate had a lower nonlinear RMS.,0.0158113883008419,step_cut_discarded,8.712658919153121,193.42649934503737,1.0
,19,Another step cut from the same linear candidate had a lower nonlinear RMS.,0.0158113883008419,step_cut_discarded,7.014589244331648,80.17955316128102,0.5
,19,Another step cut from the same linear candidate had a lower nonlinear RMS.,0.0158113883008419,step_cut_discarded,6.0476685162402255,45.980483535341115,0.25
,19,Another step cut from the same linear candidate had a lower nonlinear RMS.,0.0158113883008419,step_cut_discarded,5.815492060625041,34.48704958885571,0.125
,19,Another step cut from the same linear candidate had a lower nonlinear RMS.,0.0158113883008419,step_cut_discarded,5.785596362004674,30.14185783223416,0.0625
,19,Another step cut from the same linear candidate had a lower nonlinear RMS.,0.0158113883008419,step_cut_discarded,5.781744590432284,28.31964325807866,0.03125
,19,Another step cut from the same linear candidate had a lower nonlinear RMS.,0.05000000000000002,step_cut_discarded,8.373734078477616,168.17034325406385,1.0
,19,Another step cut from the same linear candidate had a lower nonlinear RMS.,0.05000000000000002,step_cut_discarded,6.874793581559118,73.6444148941482,0.5
,19,Another step cut from the same linear candidate had a lower nonlinear RMS.,0.05000000000000002,step_cut_discarded,5.985665675920691,44.23614934636318,0.25
,19,Another step cut from the same linear candidate had a lower nonlinear RMS.,0.05000000000000002,step_cut_discarded,5.806768419124794,33.99569123051385,0.125
,19,Another step cut from the same linear candidate had a lower nonlinear RMS.,0.05000000000000002,step_cut_discarded,5.784469894977422,29.9913808371,0.0625
,19,Another step cut from the same linear candidate had a lower nonlinear RMS.,0.158113883008419,step_cut_discarded,7.092602411483772,100.1784011953203,1.0
,19,Another step cut from the same linear candidate had a lower nonlinear RMS.,0.158113883008419,step_cut_discarded,6.018901990872851,54.29416815073741,0.5
,19,Another step cut from the same linear candidate had a lower nonlinear RMS.,0.158113883008419,step_cut_discarded,5.812142438602959,38.22245704614804,0.25
,19,Another step cut from the same linear candidate had a lower nonlinear RMS.,0.158113883008419,step_cut_discarded,5.784764539562419,31.904202848278853,0.125
,19,Another step cut from the same linear candidate had a lower nonlinear RMS.,0.5000000000000001,step_cut_discarded,5.7930058011105325,29.860429607971632,1.0
,19,Another step cut from the same linear candidate had a lower nonlinear RMS.,1.5811388300841902,step_cut_discarded,6.888332725557383,7.970496768481681,1.0
,19,Another step cut from the same linear candidate had a lower nonlinear RMS.,1.5811388300841902,step_cut_discarded,5.826114379590837,15.216206890267108,0.5
,19,Another step cut from the same linear candidate had a lower nonlinear RMS.,1.5811388300841902,step_cut_discarded,5.7866302217569645,20.43997415415013,0.25
,19,Another step cut from the same linear candidate had a lower nonlinear RMS.,1.5811388300841902,step_cut_discarded,5.782271605675672,23.452085836839213,0.125
,19,Another step cut from the same linear candidate had a lower nonlinear RMS.,5.000000000000001,step_cut_discarded,11.978096639157009,1.5648122920520904,1.0
,19,Another step cut from the same linear candidate had a lower nonlinear RMS.,5.000000000000001,step_cut_discarded,5.9639469255045725,9.508230109857406,0.5
,19,Another step cut from the same linear candidate had a lower nonlinear RMS.,5.000000000000001,step_cut_discarded,5.799476584710222,16.959702128396543,0.25
,19,Another step cut from the same linear candidate had a lower nonlinear RMS.,5.000000000000001,step_cut_discarded,5.785329320190962,21.55537891507524,0.125
,19,Another step cut from the same linear candidate had a lower nonlinear RMS.,5.000000000000001,step_cut_discarded,5.782660468852278,24.07070250276687,0.0625
,19,Another step cut from the same linear candidate had a lower nonlinear RMS.,5.000000000000001,step_cut_discarded,5.7819721022571,25.382735595200757,0.03125
,19,Another step cut from the same linear candidate had a lower nonlinear RMS.,5.000000000000001,step_cut_discarded,5.781765462561412,26.052344966064712,0.015625
,19,Another step cut from the same linear candidate had a lower nonlinear RMS.,5.000000000000001,step_cut_discarded,5.781694914135659,26.390547857658454,0.0078125
,19,Another step cut from the same linear candidate had a lower nonlinear RMS.,15.8113883008419,step_cut_discarded,15.17845921795316,0.6876834190598295,1.0
,19,Another step cut from the same linear candidate had a lower nonlinear RMS.,15.8113883008419,step_cut_discarded,6.06561213716161,7.868736796835171,0.5
,19,Another step cut from the same linear candidate had a lower nonlinear RMS.,15.8113883008419,step_cut_discarded,5.806873685136635,15.839723252753906,0.25
,19,Another step cut from the same linear candidate had a lower nonlinear RMS.,15.8113883008419,step_cut_discarded,5.786754967367608,20.92033142247104,0.125
,19,Another step cut from the same linear candidate had a lower nonlinear RMS.,15.8113883008419,step_cut_discarded,5.783100030680197,23.734414242769052,0.0625
,19,Another step cut from the same linear candidate had a lower nonlinear RMS.,15.8113883008419,step_cut_discarded,5.782138579231722,25.209900336777903,0.03125
,19,Another step cut from the same linear candidate had a lower nonlinear RMS.,15.8113883008419,step_cut_discarded,5.781836380410572,25.964754554747312,0.015625
,19,Another step cut from the same linear candidate had a lower nonlinear RMS.,15.8113883008419,step_cut_discarded,5.781727375635846,26.346459456473255,0.0078125
,19,Another step cut from the same linear candidate had a lower nonlinear RMS.,50.000000000000014,step_cut_discarded,16.24384304372337,0.38909505776756276,1.0
,19,Another step cut from the same linear candidate had a lower nonlinear RMS.,50.000000000000014,step_cut_discarded,6.142432331825075,7.26223524149635,0.5
,19,Another step cut from the same linear candidate had a lower nonlinear RMS.,50.000000000000014,step_cut_discarded,5.812376848622413,15.422170631411324,0.25
,19,Another step cut from the same linear candidate had a lower nonlinear RMS.,50.000000000000014,step_cut_discarded,5.78768478948836,20.682979650881453,0.125
,19,Another step cut from the same linear candidate had a lower nonlinear RMS.,50.000000000000014,step_cut_discarded,5.783348212719781,23.608594491744682,0.0625
,19,Another step cut from the same linear candidate had a lower nonlinear RMS.,50.000000000000014,step_cut_discarded,5.7822202389774215,25.145204494958335,0.03125
,19,Another step cut from the same linear candidate had a lower nonlinear RMS.,50.000000000000014,step_cut_discarded,5.781867315431216,25.931960142260678,0.015625
,19,Another step cut from the same linear candidate had a lower nonlinear RMS.,50.000000000000014,step_cut_discarded,5.781740420317316,26.32995062733573,0.0078125
,19,Another step cut from the same linear candidate had a lower nonlinear RMS.,158.113883008419,step_cut_discarded,16.734452206085944,0.23016161190815174,1.0
,19,Another step cut from the same linear candidate had a lower nonlinear RMS.,158.113883008419,step_cut_discarded,6.231145583467581,6.987292850454714,0.5
,19,Another step cut from the same linear candidate had a lower nonlinear RMS.,158.113883008419,step_cut_discarded,5.818897562628397,15.235830518862523,0.25
,19,Another step cut from the same linear candidate had a lower nonlinear RMS.,158.113883008419,step_cut_discarded,5.788720667187706,20.577592365350064,0.125
,19,Another step cut from the same linear candidate had a lower nonlinear RMS.,158.113883008419,step_cut_discarded,5.78360963989237,23.552846541664735,0.0625
,19,Another step cut from the same linear candidate had a lower nonlinear RMS.,158.113883008419,step_cut_discarded,5.782301862073108,25.116566943089797,0.03125
,19,Another step cut from the same linear candidate had a lower nonlinear RMS.,158.113883008419,step_cut_discarded,5.781896744751624,25.917450472119267,0.015625
,19,Another step cut from the same linear candidate had a lower nonlinear RMS.,158.113883008419,step_cut_discarded,5.781752349194649,26.322648068713228,0.0078125
,19,Another step cut from the same linear candidate had a lower nonlinear RMS.,500.0000000000001,step_cut_discarded,17.08782990927399,0.17582998061365362,1.0
,19,Another step cut from the same linear candidate had a lower nonlinear RMS.,500.0000000000001,step_cut_discarded,6.305917980416636,6.8691524983338565,0.5
,19,Another step cut from the same linear candidate had a lower nonlinear RMS.,500.0000000000001,step_cut_discarded,5.824811927861285,15.154016708683695,0.25
,19,Another step cut from the same linear candidate had a lower nonlinear RMS.,500.0000000000001,step_cut_discarded,5.789775677764164,20.530999551731043,0.125
,19,Another step cut from the same linear candidate had a lower nonlinear RMS.,500.0000000000001,step_cut_discarded,5.783926914096541,23.528128657722828,0.0625
,19,Another step cut from the same linear candidate had a lower nonlinear RMS.,500.0000000000001,step_cut_discarded,5.782421837209822,25.10385263183575,0.03125
,19,Another step cut from the same linear candidate had a lower nonlinear RMS.,500.0000000000001,step_cut_discarded,5.781947931855916,25.91100447417147,0.015625
,19,Another step cut from the same linear candidate had a lower nonlinear RMS.,500.0000000000001,step_cut_discarded,5.781775804793787,26.319402859159144,0.0078125
,19,A different valid candidate better satisfied the Occam selection policy.,0.0005000000000000001,not_selected,5.78133497087209,27.50817332868466,0.015625
,19,A different valid candidate better satisfied the Occam selection policy.,0.0015811388300841901,not_selected,5.781334026299926,27.50850543975805,0.015625
,19,A different valid candidate better satisfied the Occam selection policy.,0.005000000000000001,not_selected,5.781333616205295,27.508717655557298,0.015625
,19,A different valid candidate better satisfied the Occam selection policy.,0.0158113883008419,not_selected,5.781317252730313,27.49613129703973,0.015625
,19,A different valid candidate better satisfied the Occam selection policy.,0.05000000000000002,not_selected,5.781550871466172,28.26820530652078,0.03125
,19,A different valid candidate better satisfied the Occam selection policy.,0.158113883008419,not_selected,5.781182512954947,29.17447608795064,0.0625
,19,A different valid candidate better satisfied the Occam selection policy.,1.5811388300841902,not_selected,5.781590358430462,25.058198690870658,0.0625
,19,A different valid candidate better satisfied the Occam selection policy.,5.000000000000001,not_selected,5.781667701252363,26.560498854995764,0.00390625
,19,A different valid candidate better satisfied the Occam selection policy.,15.8113883008419,not_selected,5.78168319061388,26.538381355521533,0.00390625
,19,A different valid candidate better satisfied the Occam selection policy.,50.000000000000014,not_selected,5.781689111463082,26.53009903522921,0.00390625
,19,A different valid candidate better satisfied the Occam selection policy.,158.113883008419,not_selected,5.781694383992432,26.526435825030024,0.00390625
,19,A different valid candidate better satisfied the Occam selection policy.,500.0000000000001,not_selected,5.781705582439501,26.524807667607927,0.00390625
,20,Another step cut from the same linear candidate had a lower nonlinear RMS.,0.0005000000000000001,step_cut_discarded,8.432245097953134,201.7007467074397,1.0
,20,Another step cut from the same linear candidate had a lower nonlinear RMS.,0.0005000000000000001,step_cut_discarded,6.9841469082904055,84.85665233659331,0.5
,20,Another step cut from the same linear candidate had a lower nonlinear RMS.,0.0005000000000000001,step_cut_discarded,6.014735670914971,48.86247904866337,0.25
,20,Another step cut from the same linear candidate had a lower nonlinear RMS.,0.0005000000000000001,step_cut_discarded,5.804493849552684,36.4723608790717,0.125
,20,Another step cut from the same linear candidate had a lower nonlinear RMS.,0.0005000000000000001,step_cut_discarded,5.781125540691278,31.67904391286919,0.0625
,20,Another step cut from the same linear candidate had a lower nonlinear RMS.,0.0015811388300841901,step_cut_discarded,8.429058784207891,189.68190694327467,1.0
,20,Another step cut from the same linear candidate had a lower nonlinear RMS.,0.0015811388300841901,step_cut_discarded,6.992421513250467,81.82990673870157,0.5
,20,Another step cut from the same linear candidate had a lower nonlinear RMS.,0.0015811388300841901,step_cut_discarded,6.0144377355930345,48.09477482076519,0.25
,20,Another step cut from the same linear candidate had a lower nonlinear RMS.,0.0015811388300841901,step_cut_discarded,5.804313650975438,36.27492590788454,0.125
,20,Another step cut from the same linear candidate had a lower nonlinear RMS.,0.0015811388300841901,step_cut_discarded,5.7810881342666836,31.626930712966097,0.0625
,20,Another step cut from the same linear candidate had a lower nonlinear RMS.,0.005000000000000001,step_cut_discarded,8.430656295870724,188.18648086353272,1.0
,20,Another step cut from the same linear candidate had a lower nonlinear RMS.,0.005000000000000001,step_cut_discarded,6.993349630827451,81.44228555076816,0.5
,20,Another step cut from the same linear candidate had a lower nonlinear RMS.,0.005000000000000001,step_cut_discarded,6.014616297062373,47.9909871897829,0.25
,20,Another step cut from the same linear candidate had a lower nonlinear RMS.,0.005000000000000001,step_cut_discarded,5.80431929958354,36.24553783313951,0.125
,20,Another step cut from the same linear candidate had a lower nonlinear RMS.,0.005000000000000001,step_cut_discarded,5.781086828430924,31.6178631107801,0.0625
,20,Another step cut from the same linear candidate had a lower nonlinear RMS.,0.0158113883008419,step_cut_discarded,8.43852645139598,187.54200704940982,1.0
,20,Another step cut from the same linear candidate had a lower nonlinear RMS.,0.0158113883008419,step_cut_discarded,6.9959934604736524,81.25791515943416,0.5
,20,Another step cut from the same linear candidate had a lower nonlinear RMS.,0.0158113883008419,step_cut_discarded,6.015237490439811,47.93326862304775,0.25
,20,Another step cut from the same linear candidate had a lower nonlinear RMS.,0.0158113883008419,step_cut_discarded,5.804356069679125,36.22529520700488,0.125
,20,Another step cut from the same linear candidate had a lower nonlinear RMS.,0.0158113883008419,step_cut_discarded,5.781086015526471,31.609895962021046,0.0625
,20,Another step cut from the same linear candidate had a lower nonlinear RMS.,0.05000000000000002,step_cut_discarded,8.061830945193478,161.47088270510696,1.0
,20,Another step cut from the same linear candidate had a lower nonlinear RMS.,0.05000000000000002,step_cut_discarded,6.635057717274683,74.20279798357315,0.5
,20,Another step cut from the same linear candidate had a lower nonlinear RMS.,0.05000000000000002,step_cut_discarded,5.90847272243154,45.90082128418982,0.25
,20,Another step cut from the same linear candidate had a lower nonlinear RMS.,0.05000000000000002,step_cut_discarded,5.792571812237686,35.58284934984407,0.125
,20,Another step cut from the same linear candidate had a lower nonlinear RMS.,0.05000000000000002,step_cut_discarded,5.779733190492691,31.382117486507678,0.0625
,20,Another step cut from the same linear candidate had a lower nonlinear RMS.,0.158113883008419,step_cut_discarded,6.480159718977488,90.28443910439451,1.0
,20,Another step cut from the same linear candidate had a lower nonlinear RMS.,0.158113883008419,step_cut_discarded,5.871999079849067,52.49859320838263,0.5
,20,Another step cut from the same linear candidate had a lower nonlinear RMS.,0.158113883008419,step_cut_discarded,5.787523560962324,38.52097315288601,0.25
,20,Another step cut from the same linear candidate had a lower nonlinear RMS.,1.5811388300841902,step_cut_discarded,7.2820582122714725,7.2004093239425515,1.0
,20,Another step cut from the same linear candidate had a lower nonlinear RMS.,1.5811388300841902,step_cut_discarded,5.833188253045969,15.098778865221176,0.5
,20,Another step cut from the same linear candidate had a lower nonlinear RMS.,1.5811388300841902,step_cut_discarded,5.783733976215321,20.85661611807142,0.25
,20,Another step cut from the same linear candidate had a lower nonlinear RMS.,1.5811388300841902,step_cut_discarded,5.779402919269967,24.187697865049262,0.125
,20,Another step cut from the same linear candidate had a lower nonlinear RMS.,1.5811388300841902,step_cut_discarded,5.778707564784466,25.966279518676366,0.0625
,20,Another step cut from the same linear candidate had a lower nonlinear RMS.,5.000000000000001,step_cut_discarded,12.350586516954587,1.4578697902091735,1.0
,20,Another step cut from the same linear candidate had a lower nonlinear RMS.,5.000000000000001,step_cut_discarded,5.964748489603688,9.669696076610222,0.5
,20,Another step cut from the same linear candidate had a lower nonlinear RMS.,5.000000000000001,step_cut_discarded,5.794455669957666,17.50262146832987,0.25
,20,Another step cut from the same linear candidate had a lower nonlinear RMS.,5.000000000000001,step_cut_discarded,5.781900467813401,22.350837226319463,0.125
,20,Another step cut from the same linear candidate had a lower nonlinear RMS.,5.000000000000001,step_cut_discarded,5.779607127403851,25.007883370846717,0.0625
,20,Another step cut from the same linear candidate had a lower nonlinear RMS.,5.000000000000001,step_cut_discarded,5.778964864896157,26.394641009493448,0.03125
,20,Another step cut from the same linear candidate had a lower nonlinear RMS.,5.000000000000001,step_cut_discarded,5.778744733380043,27.102578470412595,0.015625
,20,Another step cut from the same linear candidate had a lower nonlinear RMS.,5.000000000000001,step_cut_discarded,5.778658267796815,27.46018686127111,0.0078125
,20,Another step cut from the same linear candidate had a lower nonlinear RMS.,15.8113883008419,step_cut_discarded,15.366132905886424,0.6677864083385425,1.0
,20,Another step cut from the same linear candidate had a lower nonlinear RMS.,15.8113883008419,step_cut_discarded,6.052189328453012,8.101812181490448,0.5
,20,Another step cut from the same linear candidate had a lower nonlinear RMS.,15.8113883008419,step_cut_discarded,5.800318705601413,16.425468969723866,0.25
,20,Another step cut from the same linear candidate had a lower nonlinear RMS.,15.8113883008419,step_cut_discarded,5.7830219546044725,21.738958339254943,0.125
,20,Another step cut from the same linear candidate had a lower nonlinear RMS.,15.8113883008419,step_cut_discarded,5.779966185246017,24.683618267874063,0.0625
,20,Another step cut from the same linear candidate had a lower nonlinear RMS.,15.8113883008419,step_cut_discarded,5.779106381785778,26.227927043147034,0.03125
,20,Another step cut from the same linear candidate had a lower nonlinear RMS.,15.8113883008419,step_cut_discarded,5.778806802982531,27.018076133524357,0.015625
,20,Another step cut from the same linear candidate had a lower nonlinear RMS.,15.8113883008419,step_cut_discarded,5.778687196275314,27.417649354398247,0.0078125
,20,Another step cut from the same linear candidate had a lower nonlinear RMS.,50.000000000000014,step_cut_discarded,16.313996785221807,0.37775842804636567,1.0
,20,Another step cut from the same linear candidate had a lower nonlinear RMS.,50.000000000000014,step_cut_discarded,6.1178653472444,7.516490305549098,0.5
,20,Another step cut from the same linear candidate had a lower nonlinear RMS.,50.000000000000014,step_cut_discarded,5.804603077239837,16.02273106030437,0.25
,20,Another step cut from the same linear candidate had a lower nonlinear RMS.,50.000000000000014,step_cut_discarded,5.783712471367801,21.510070141682988,0.125
,20,Another step cut from the same linear candidate had a lower nonlinear RMS.,50.000000000000014,step_cut_discarded,5.780157887533802,24.562294358372544,0.0625
,20,Another step cut from the same linear candidate had a lower nonlinear RMS.,50.000000000000014,step_cut_discarded,5.7791742389608896,26.165545135717387,0.03125
,20,Another step cut from the same linear candidate had a lower nonlinear RMS.,50.000000000000014,step_cut_discarded,5.778834380775627,26.986455191639813,0.015625
,20,Another step cut from the same linear candidate had a lower nonlinear RMS.,50.000000000000014,step_cut_discarded,5.778699445655041,27.401731386413537,0.0078125
,20,Another step cut from the same linear candidate had a lower nonlinear RMS.,158.113883008419,step_cut_discarded,16.72956751679915,0.21504755385584498,1.0
,20,Another step cut from the same linear candidate had a lower nonlinear RMS.,158.113883008419,step_cut_discarded,6.200705886786616,7.245992807957329,0.5
,20,Another step cut from the same linear candidate had a lower nonlinear RMS.,158.113883008419,step_cut_discarded,5.81009854622343,15.840196796384362,0.25
,20,Another step cut from the same linear candidate had a lower nonlinear RMS.,158.113883008419,step_cut_discarded,5.784518937476491,21.40698163094195,0.125
,20,Another step cut from the same linear candidate had a lower nonlinear RMS.,158.113883008419,step_cut_discarded,5.780367740066504,24.50779475830677,0.0625
,20,Another step cut from the same linear candidate had a lower nonlinear RMS.,158.113883008419,step_cut_discarded,5.779245815264304,26.13755649951067,0.03125
,20,Another step cut from the same linear candidate had a lower nonlinear RMS.,158.113883008419,step_cut_discarded,5.778862763736277,26.97227616449301,0.015625
,20,Another step cut from the same linear candidate had a lower nonlinear RMS.,158.113883008419,step_cut_discarded,5.778711853455569,27.394595695579266,0.0078125
,20,Another step cut from the same linear candidate had a lower nonlinear RMS.,500.0000000000001,step_cut_discarded,17.06371493717043,0.16023720582505996,1.0
,20,Another step cut from the same linear candidate had a lower nonlinear RMS.,500.0000000000001,step_cut_discarded,6.275063353861022,7.128760113713519,0.5
,20,Another step cut from the same linear candidate had a lower nonlinear RMS.,500.0000000000001,step_cut_discarded,5.815515184341968,15.759123569205356,0.25
,20,Another step cut from the same linear candidate had a lower nonlinear RMS.,500.0000000000001,step_cut_discarded,5.785451978312657,21.36083079733817,0.125
,20,Another step cut from the same linear candidate had a lower nonlinear RMS.,500.0000000000001,step_cut_discarded,5.780666030694332,24.483315786501308,0.0625
,20,Another step cut from the same linear candidate had a lower nonlinear RMS.,500.0000000000001,step_cut_discarded,5.779367711557619,26.124966124857053,0.03125
,20,Another step cut from the same linear candidate had a lower nonlinear RMS.,500.0000000000001,step_cut_discarded,5.7789178655892055,26.965893254978482,0.015625
,20,Another step cut from the same linear candidate had a lower nonlinear RMS.,500.0000000000001,step_cut_discarded,5.778738016950866,27.391382310275073,0.0078125
,20,A different valid candidate better satisfied the Occam selection policy.,0.0005000000000000001,not_selected,5.778488539731382,29.632820959416293,0.03125
,20,A different valid candidate better satisfied the Occam selection policy.,0.0015811388300841901,not_selected,5.778480583915218,29.618415430887353,0.03125
,20,A different valid candidate better satisfied the Occam selection policy.,0.005000000000000001,not_selected,5.778480385016667,29.615288238590992,0.03125
,20,A different valid candidate better satisfied the Occam selection policy.,0.0158113883008419,not_selected,5.77848004750041,29.61184320528852,0.03125
,20,A different valid candidate better satisfied the Occam selection policy.,0.05000000000000002,not_selected,5.77826469787397,29.521315080798598,0.03125
,20,A different valid candidate better satisfied the Occam selection policy.,0.158113883008419,not_selected,5.778188210738026,32.76098884826503,0.125
,20,A different valid candidate better satisfied the Occam selection policy.,1.5811388300841902,not_selected,5.778583765910747,26.88383054052446,0.03125
,20,A different valid candidate better satisfied the Occam selection policy.,5.000000000000001,not_selected,5.778620803453538,27.639900971800117,0.00390625
,20,A different valid candidate better satisfied the Occam selection policy.,15.8113883008419,not_selected,5.778634747376027,27.61856063375648,0.00390625
,20,A different valid candidate better satisfied the Occam selection policy.,50.000000000000014,not_selected,5.778640491375688,27.610574775503526,0.00390625
,20,A different valid candidate better satisfied the Occam selection policy.,158.113883008419,not_selected,5.778646255025008,27.606995385771164,0.00390625
,20,A different valid candidate better satisfied the Occam selection policy.,500.0000000000001,not_selected,5.77865899651226,27.605383210482337,0.00390625
