exception_type,iteration,message,multiplier,reason,rms,roughness,step_scale
,1,Another step cut from the same linear candidate had a lower nonlinear RMS.,0.005,step_cut_discarded,73.32886719462972,313.2779296957138,1.0
,1,Another step cut from the same linear candidate had a lower nonlinear RMS.,0.005,step_cut_discarded,45.874800449138355,78.31948242392845,0.5
,1,Another step cut from the same linear candidate had a lower nonlinear RMS.,0.005,step_cut_discarded,33.28326773841749,19.57987060598211,0.25
,1,Another step cut from the same linear candidate had a lower nonlinear RMS.,0.015811388300841896,step_cut_discarded,73.32864747396943,304.4440089100252,1.0
,1,Another step cut from the same linear candidate had a lower nonlinear RMS.,0.015811388300841896,step_cut_discarded,45.87379829183385,76.1110022275063,0.5
,1,Another step cut from the same linear candidate had a lower nonlinear RMS.,0.015811388300841896,step_cut_discarded,33.281798094755146,19.027750556876573,0.25
,1,Another step cut from the same linear candidate had a lower nonlinear RMS.,0.05,step_cut_discarded,72.55137000355596,272.66083635078866,1.0
,1,Another step cut from the same linear candidate had a lower nonlinear RMS.,0.05,step_cut_discarded,45.05375530070231,68.16520908769716,0.5
,1,Another step cut from the same linear candidate had a lower nonlinear RMS.,0.05,step_cut_discarded,32.86814448240047,17.04130227192429,0.25
,1,Another step cut from the same linear candidate had a lower nonlinear RMS.,0.15811388300841894,step_cut_discarded,72.07875587269751,214.0236552718779,1.0
,1,Another step cut from the same linear candidate had a lower nonlinear RMS.,0.15811388300841894,step_cut_discarded,43.90722493561328,53.50591381796948,0.5
,1,Another step cut from the same linear candidate had a lower nonlinear RMS.,0.15811388300841894,step_cut_discarded,32.16022167354548,13.37647845449237,0.25
,1,Another step cut from the same linear candidate had a lower nonlinear RMS.,0.5,step_cut_discarded,67.72671562944859,153.3996028920354,1.0
,1,Another step cut from the same linear candidate had a lower nonlinear RMS.,0.5,step_cut_discarded,40.13918757127629,38.34990072300886,0.5
,1,Another step cut from the same linear candidate had a lower nonlinear RMS.,1.5811388300841898,step_cut_discarded,66.21453605194675,92.75083288800917,1.0
,1,Another step cut from the same linear candidate had a lower nonlinear RMS.,1.5811388300841898,step_cut_discarded,37.916994074256635,23.18770822200229,0.5
,1,Another step cut from the same linear candidate had a lower nonlinear RMS.,5.0,step_cut_discarded,35.93945334412019,39.91116948923234,1.0
,1,A different valid candidate better satisfied the Occam selection policy.,0.005,not_selected,29.881404917584565,4.894967651495528,0.125
,1,A different valid candidate better satisfied the Occam selection policy.,0.015811388300841896,not_selected,29.880495799773364,4.756937639219143,0.125
,1,A different valid candidate better satisfied the Occam selection policy.,0.05,not_selected,29.750126271935468,4.260325567981073,0.125
,1,A different valid candidate better satisfied the Occam selection policy.,0.15811388300841894,not_selected,29.50760533637148,3.344119613623092,0.125
,1,A different valid candidate better satisfied the Occam selection policy.,0.5,not_selected,30.49687619406452,9.587475180752214,0.25
,1,A different valid candidate better satisfied the Occam selection policy.,1.5811388300841898,not_selected,29.306584032963084,5.796927055500573,0.25
,1,A different valid candidate better satisfied the Occam selection policy.,5.0,not_selected,26.604869523193116,9.977792372308087,0.5
,1,A different valid candidate better satisfied the Occam selection policy.,15.811388300841898,not_selected,17.41385383841232,17.54266371102592,1.0
,1,A different valid candidate better satisfied the Occam selection policy.,50.0,not_selected,12.870620869538916,7.4486127881289494,1.0
,1,A different valid candidate better satisfied the Occam selection policy.,158.11388300841895,not_selected,12.681932913678601,2.2651708673989974,1.0
,1,A different valid candidate better satisfied the Occam selection policy.,500.0,not_selected,12.708160053287765,0.6155613258012057,1.0
,1,A different valid candidate better satisfied the Occam selection policy.,1581.1388300841897,not_selected,12.551943391595918,0.23106109336574335,1.0
,2,Another step cut from the same linear candidate had a lower nonlinear RMS.,5.0,step_cut_discarded,48.41543017337395,36.588798411916166,1.0
,2,Another step cut from the same linear candidate had a lower nonlinear RMS.,5.0,step_cut_discarded,19.550950276008948,9.12555780990463,0.5
,2,Another step cut from the same linear candidate had a lower nonlinear RMS.,15.811388300841896,step_cut_discarded,30.34036382024022,16.60753446046309,1.0
,2,Another step cut from the same linear candidate had a lower nonlinear RMS.,15.811388300841896,step_cut_discarded,13.250997206580037,4.147179355254628,0.5
,2,Another step cut from the same linear candidate had a lower nonlinear RMS.,50.0,step_cut_discarded,17.292299784764808,7.71545114672108,1.0
,2,Another step cut from the same linear candidate had a lower nonlinear RMS.,500000.0,step_cut_discarded,12.59188304685832,0.0014546488143354131,1.0
,2,Another step cut from the same linear candidate had a lower nonlinear RMS.,1581138.8300841898,step_cut_discarded,13.184955233207546,0.00018487229614675657,1.0
,2,Another step cut from the same linear candidate had a lower nonlinear RMS.,5000000.0,step_cut_discarded,13.419666969230015,2.0138962676764428e-05,1.0
,2,A different valid candidate better satisfied the Occam selection policy.,5.0,not_selected,11.604474779214758,2.321184929782925,0.25
,2,A different valid candidate better satisfied the Occam selection policy.,15.811388300841896,not_selected,10.961067645746228,1.0850590827270605,0.25
,2,A different valid candidate better satisfied the Occam selection policy.,50.0,not_selected,10.580005707629901,1.9462009052047096,0.5
,2,A different valid candidate better satisfied the Occam selection policy.,158.11388300841895,not_selected,11.091009748123739,2.573323346796567,1.0
,2,A different valid candidate better satisfied the Occam selection policy.,500.0,not_selected,9.345337167430094,0.7909027530848258,1.0
,2,A different valid candidate better satisfied the Occam selection policy.,5000.0,not_selected,9.185490914419567,0.17808839930992024,1.0
,2,A different valid candidate better satisfied the Occam selection policy.,15811.388300841898,not_selected,9.462632417341126,0.09200773557528744,1.0
,2,A different valid candidate better satisfied the Occam selection policy.,50000.0,not_selected,10.286120563676551,0.0329726127486495,1.0
,2,A different valid candidate better satisfied the Occam selection policy.,158113.88300841895,not_selected,11.509808682915208,0.008367695827897889,1.0
,2,A different valid candidate better satisfied the Occam selection policy.,500000.0,not_selected,11.156435388819785,0.03934919841421282,0.5
,2,A different valid candidate better satisfied the Occam selection policy.,1581138.8300841898,not_selected,11.250303826060431,0.03568698128807315,0.5
,2,A different valid candidate better satisfied the Occam selection policy.,5000000.0,not_selected,11.288169280718853,0.03437802286751872,0.5
,3,Another step cut from the same linear candidate had a lower nonlinear RMS.,1.5811388300841898,step_cut_discarded,56.72976135792567,72.60696586042913,1.0
,3,Another step cut from the same linear candidate had a lower nonlinear RMS.,1.5811388300841898,step_cut_discarded,24.404026761770375,18.54698023739114,0.5
,3,Another step cut from the same linear candidate had a lower nonlinear RMS.,1.5811388300841898,step_cut_discarded,11.539352872897146,4.953579281130029,0.25
,3,Another step cut from the same linear candidate had a lower nonlinear RMS.,1.5811388300841898,step_cut_discarded,9.249359961841874,1.5160267668139449,0.125
,3,Another step cut from the same linear candidate had a lower nonlinear RMS.,5.0,step_cut_discarded,36.41963434685073,32.3966204374438,1.0
,3,Another step cut from the same linear candidate had a lower nonlinear RMS.,5.0,step_cut_discarded,15.494572894649762,8.546301474691106,0.5
,3,Another step cut from the same linear candidate had a lower nonlinear RMS.,5.0,step_cut_discarded,9.7188075966405,2.4793633869781706,0.25
,3,Another step cut from the same linear candidate had a lower nonlinear RMS.,15.811388300841898,step_cut_discarded,21.598670218452234,15.832374179126019,1.0
,3,Another step cut from the same linear candidate had a lower nonlinear RMS.,15.811388300841898,step_cut_discarded,10.886007919494515,4.430874782423207,0.5
,3,Another step cut from the same linear candidate had a lower nonlinear RMS.,50.0,step_cut_discarded,11.7636495654968,7.365724421648344,1.0
,3,Another step cut from the same linear candidate had a lower nonlinear RMS.,15811.388300841898,step_cut_discarded,9.580886203920269,0.07129852468832329,1.0
,3,Another step cut from the same linear candidate had a lower nonlinear RMS.,15811.388300841898,step_cut_discarded,9.215289464627263,0.15557475069235394,0.5
,3,Another step cut from the same linear candidate had a lower nonlinear RMS.,15811.388300841898,step_cut_discarded,9.139081738097474,0.22698358307354072,0.25
,3,Another step cut from the same linear candidate had a lower nonlinear RMS.,50000.0,step_cut_discarded,10.393394787045438,0.028212434373691236,1.0
,3,Another step cut from the same linear candidate had a lower nonlinear RMS.,50000.0,step_cut_discarded,9.429852351816738,0.1189429925064928,0.5
,3,Another step cut from the same linear candidate had a lower nonlinear RMS.,50000.0,step_cut_discarded,9.200289864447143,0.20489552572347383,0.25
,3,Another step cut from the same linear candidate had a lower nonlinear RMS.,50000.0,step_cut_discarded,9.146609457069607,0.2580186058696093,0.125
,3,Another step cut from the same linear candidate had a lower nonlinear RMS.,50000.0,step_cut_discarded,9.134145502875379,0.28711684932708836,0.0625
,3,Another step cut from the same linear candidate had a lower nonlinear RMS.,50000.0,step_cut_discarded,9.131362464323487,0.30230014690193086,0.03125
,3,Another step cut from the same linear candidate had a lower nonlinear RMS.,158113.88300841898,step_cut_discarded,11.44576229694562,0.008805677042903894,1.0
,3,Another step cut from the same linear candidate had a lower nonlinear RMS.,158113.88300841898,step_cut_discarded,9.685881910416683,0.0973465772795163,0.5
,3,Another step cut from the same linear candidate had a lower nonlinear RMS.,158113.88300841898,step_cut_discarded,9.253739871932295,0.19112405896958978,0.25
,3,Another step cut from the same linear candidate had a lower nonlinear RMS.,158113.88300841898,step_cut_discarded,9.155904553801921,0.25038955770756854,0.125
,3,Another step cut from the same linear candidate had a lower nonlinear RMS.,158113.88300841898,step_cut_discarded,9.134707214980425,0.28311649654979343,0.0625
,3,Another step cut from the same linear candidate had a lower nonlinear RMS.,500000.00000000006,step_cut_discarded,12.528234300308817,0.0017450389817360065,1.0
,3,Another step cut from the same linear candidate had a lower nonlinear RMS.,500000.00000000006,step_cut_discarded,9.957025892060473,0.08629369107659698,0.5
,3,Another step cut from the same linear candidate had a lower nonlinear RMS.,500000.00000000006,step_cut_discarded,9.305133935700294,0.18371697407504642,0.25
,3,Another step cut from the same linear candidate had a lower nonlinear RMS.,500000.00000000006,step_cut_discarded,9.161661802942556,0.24621585481202582,0.125
,3,Another step cut from the same linear candidate had a lower nonlinear RMS.,500000.00000000006,step_cut_discarded,9.132948482177826,0.28091210498995417,0.0625
,3,Another step cut from the same linear candidate had a lower nonlinear RMS.,1581138.8300841898,step_cut_discarded,13.197138594043151,0.00023413319237799995,1.0
,3,Another step cut from the same linear candidate had a lower nonlinear RMS.,1581138.8300841898,step_cut_discarded,10.132826629630266,0.08178932930236234,0.5
,3,Another step cut from the same linear candidate had a lower nonlinear RMS.,1581138.8300841898,step_cut_discarded,9.339151602712981,0.18052756596804004,0.25
,3,Another step cut from the same linear candidate had a lower nonlinear RMS.,1581138.8300841898,step_cut_discarded,9.165728898252354,0.24438684395355037,0.125
,3,Another step cut from the same linear candidate had a lower nonlinear RMS.,1581138.8300841898,step_cut_discarded,9.1319836821729,0.2799390228594734,0.0625
,3,A different valid candidate better satisfied the Occam selection policy.,1.5811388300841898,not_selected,9.070584452981864,0.6370375006095206,0.0625
,3,A different valid candidate better satisfied the Occam selection policy.,5.0,not_selected,9.059312063793708,0.910449691537555,0.125
,3,A different valid candidate better satisfied the Occam selection policy.,15.811388300841898,not_selected,9.087182726966844,1.4633241500669676,0.25
,3,A different valid candidate better satisfied the Occam selection policy.,50.0,not_selected,9.04753721049664,2.30149915453805,0.5
,3,A different valid candidate better satisfied the Occam selection policy.,158.11388300841898,not_selected,8.858039848196437,2.4781916081533435,1.0
,3,A different valid candidate better satisfied the Occam selection policy.,1581.1388300841897,not_selected,8.90420786052802,0.2773810501139401,1.0
,3,A different valid candidate better satisfied the Occam selection policy.,5000.000000000001,not_selected,9.117059204398037,0.14639173288201218,1.0
,3,A different valid candidate better satisfied the Occam selection policy.,15811.388300841898,not_selected,9.126660724792295,0.2700056791089268,0.125
,3,A different valid candidate better satisfied the Occam selection policy.,50000.0,not_selected,9.130813391224052,0.31005033965087775,0.015625
,3,A different valid candidate better satisfied the Occam selection policy.,158113.88300841898,not_selected,9.130661850703026,0.3002535133392147,0.03125
,3,A different valid candidate better satisfied the Occam selection policy.,500000.00000000006,not_selected,9.128676932956878,0.29912193253127795,0.03125
,3,A different valid candidate better satisfied the Occam selection policy.,1581138.8300841898,not_selected,9.127483047271562,0.29862074729072696,0.03125
,4,Another step cut from the same linear candidate had a lower nonlinear RMS.,0.5000000000000001,step_cut_discarded,61.62078601508603,135.8778492187909,1.0
,4,Another step cut from the same linear candidate had a lower nonlinear RMS.,0.5000000000000001,step_cut_discarded,28.78823503566832,35.57544802764213,0.5
,4,Another step cut from the same linear candidate had a lower nonlinear RMS.,0.5000000000000001,step_cut_discarded,12.895291121595683,9.965950110935323,0.25
,4,Another step cut from the same linear candidate had a lower nonlinear RMS.,0.5000000000000001,step_cut_discarded,9.062273979114272,3.2966268222988093,0.125
,4,Another step cut from the same linear candidate had a lower nonlinear RMS.,1.58113883008419,step_cut_discarded,45.02118908081005,62.322974800937324,1.0
,4,Another step cut from the same linear candidate had a lower nonlinear RMS.,1.58113883008419,step_cut_discarded,19.898562490456477,17.146497711580675,0.5
,4,Another step cut from the same linear candidate had a lower nonlinear RMS.,1.58113883008419,step_cut_discarded,10.316589428238245,5.338596676120925,0.25
,4,Another step cut from the same linear candidate had a lower nonlinear RMS.,1.58113883008419,step_cut_discarded,8.774526401353409,2.1297305356956975,0.125
,4,Another step cut from the same linear candidate had a lower nonlinear RMS.,5.000000000000001,step_cut_discarded,29.61071244630442,29.508575156844273,1.0
,4,Another step cut from the same linear candidate had a lower nonlinear RMS.,5.000000000000001,step_cut_discarded,13.285568308125006,8.837150486357453,0.5
,4,Another step cut from the same linear candidate had a lower nonlinear RMS.,5.000000000000001,step_cut_discarded,9.100755142682305,3.2083862127151423,0.25
,4,Another step cut from the same linear candidate had a lower nonlinear RMS.,15.811388300841898,step_cut_discarded,17.4867940214502,14.31375673164326,1.0
,4,Another step cut from the same linear candidate had a lower nonlinear RMS.,15.811388300841898,step_cut_discarded,9.833162948174689,4.855718491869942,0.5
,4,Another step cut from the same linear candidate had a lower nonlinear RMS.,50.00000000000001,step_cut_discarded,9.888436482704511,6.439717244276006,1.0
,4,Another step cut from the same linear candidate had a lower nonlinear RMS.,500.00000000000006,step_cut_discarded,8.722345764636358,0.6541002103628534,1.0
,4,Another step cut from the same linear candidate had a lower nonlinear RMS.,1581.13883008419,step_cut_discarded,8.934172001850419,0.25768510429887465,1.0
,4,Another step cut from the same linear candidate had a lower nonlinear RMS.,1581.13883008419,step_cut_discarded,8.807599203813561,0.43636548040454365,0.5
,4,Another step cut from the same linear candidate had a lower nonlinear RMS.,1581.13883008419,step_cut_discarded,8.758683826488516,0.5641587148186346,0.25
,4,Another step cut from the same linear candidate had a lower nonlinear RMS.,1581.13883008419,step_cut_discarded,8.737742066333116,0.6376685936159945,0.125
,4,Another step cut from the same linear candidate had a lower nonlinear RMS.,1581.13883008419,step_cut_discarded,8.728164805154107,0.6768268484122525,0.0625
,4,Another step cut from the same linear candidate had a lower nonlinear RMS.,1581.13883008419,step_cut_discarded,8.723602737722668,0.6970068046597762,0.03125
,4,Another step cut from the same linear candidate had a lower nonlinear RMS.,1581.13883008419,step_cut_discarded,8.721378822203517,0.7072469899958872,0.015625
,4,Another step cut from the same linear candidate had a lower nonlinear RMS.,1581.13883008419,step_cut_discarded,8.720281208871862,0.7124046344670291,0.0078125
,4,Another step cut from the same linear candidate had a lower nonlinear RMS.,5000.000000000001,step_cut_discarded,9.19995631897203,0.13446465494489002,1.0
,4,Another step cut from the same linear candidate had a lower nonlinear RMS.,5000.000000000001,step_cut_discarded,8.88619122804036,0.3274590763052868,0.5
,4,Another step cut from the same linear candidate had a lower nonlinear RMS.,5000.000000000001,step_cut_discarded,8.787264626574983,0.49788146791344,0.25
,4,Another step cut from the same linear candidate had a lower nonlinear RMS.,5000.000000000001,step_cut_discarded,8.749610757522378,0.6015739589495053,0.125
,4,Another step cut from the same linear candidate had a lower nonlinear RMS.,5000.000000000001,step_cut_discarded,8.733519166310023,0.6580405282755353,0.0625
,4,Another step cut from the same linear candidate had a lower nonlinear RMS.,5000.000000000001,step_cut_discarded,8.726137660787176,0.6874288938905494,0.03125
,4,Another step cut from the same linear candidate had a lower nonlinear RMS.,5000.000000000001,step_cut_discarded,8.72261103323036,0.7024118469360565,0.015625
,4,Another step cut from the same linear candidate had a lower nonlinear RMS.,5000.000000000001,step_cut_discarded,8.7208885391877,0.7099755160183097,0.0078125
,4,Another step cut from the same linear candidate had a lower nonlinear RMS.,15811.388300841898,step_cut_discarded,9.715283977303056,0.0650485645427301,1.0
,4,Another step cut from the same linear candidate had a lower nonlinear RMS.,15811.388300841898,step_cut_discarded,9.009058119579297,0.261386287938427,0.5
,4,Another step cut from the same linear candidate had a lower nonlinear RMS.,15811.388300841898,step_cut_discarded,8.821577468633656,0.45700388793856506,0.25
,4,Another step cut from the same linear candidate had a lower nonlinear RMS.,15811.388300841898,step_cut_discarded,8.760936571169893,0.5791748725142067,0.125
,4,Another step cut from the same linear candidate had a lower nonlinear RMS.,15811.388300841898,step_cut_discarded,8.73783935729044,0.6463509109459205,0.0625
,4,Another step cut from the same linear candidate had a lower nonlinear RMS.,15811.388300841898,step_cut_discarded,8.727975885413043,0.6814615666977508,0.03125
,4,Another step cut from the same linear candidate had a lower nonlinear RMS.,15811.388300841898,step_cut_discarded,8.723451360180809,0.699397553707659,0.015625
,4,Another step cut from the same linear candidate had a lower nonlinear RMS.,15811.388300841898,step_cut_discarded,8.721289213641175,0.7084607119961118,0.0078125
,4,Another step cut from the same linear candidate had a lower nonlinear RMS.,50000.00000000001,step_cut_discarded,10.480118157553957,0.027362415247063288,1.0
,4,Another step cut from the same linear candidate had a lower nonlinear RMS.,50000.00000000001,step_cut_discarded,9.200894556564997,0.22052066974913384,0.5
,4,Another step cut from the same linear candidate had a lower nonlinear RMS.,50000.00000000001,step_cut_discarded,8.871184405587483,0.4310654429585535,0.25
,4,Another step cut from the same linear candidate had a lower nonlinear RMS.,50000.00000000001,step_cut_discarded,8.775221435770598,0.5648292410528598,0.125
,4,Another step cut from the same linear candidate had a lower nonlinear RMS.,50000.00000000001,step_cut_discarded,8.742524620037306,0.6388339929724118,0.0625
,4,Another step cut from the same linear candidate had a lower nonlinear RMS.,50000.00000000001,step_cut_discarded,8.729727576346662,0.6776170821502876,0.03125
,4,Another step cut from the same linear candidate had a lower nonlinear RMS.,50000.00000000001,step_cut_discarded,8.72418247835344,0.6974538050437504,0.015625
,4,Another step cut from the same linear candidate had a lower nonlinear RMS.,50000.00000000001,step_cut_discarded,8.72161897171505,0.7074834610666132,0.0078125
,4,Another step cut from the same linear candidate had a lower nonlinear RMS.,158113.883008419,step_cut_discarded,11.433007947338405,0.009024381593101797,1.0
,4,Another step cut from the same linear candidate had a lower nonlinear RMS.,158113.883008419,step_cut_discarded,9.479335142057192,0.1976725406645518,0.5
,4,Another step cut from the same linear candidate had a lower nonlinear RMS.,158113.883008419,step_cut_discarded,8.942922582990072,0.41622160035186223,0.25
,4,Another step cut from the same linear candidate had a lower nonlinear RMS.,158113.883008419,step_cut_discarded,8.794420114025261,0.5565523752334142,0.125
,4,Another step cut from the same linear candidate had a lower nonlinear RMS.,158113.883008419,step_cut_discarded,8.748151941393326,0.6344818239336638,0.0625
,4,Another step cut from the same linear candidate had a lower nonlinear RMS.,158113.883008419,step_cut_discarded,8.731582077013586,0.6753875635986574,0.03125
,4,Another step cut from the same linear candidate had a lower nonlinear RMS.,158113.883008419,step_cut_discarded,8.724874689143661,0.6963256872598713,0.015625
,4,Another step cut from the same linear candidate had a lower nonlinear RMS.,158113.883008419,step_cut_discarded,8.721906941079434,0.7069160625476574,0.0078125
,4,Another step cut from the same linear candidate had a lower nonlinear RMS.,500000.00000000006,step_cut_discarded,12.472007486467293,0.0018241525195821175,1.0
,4,Another step cut from the same linear candidate had a lower nonlinear RMS.,500000.00000000006,step_cut_discarded,9.806280735348368,0.1862824570510761,0.5
,4,Another step cut from the same linear candidate had a lower nonlinear RMS.,500000.00000000006,step_cut_discarded,9.026322656641973,0.40857906627594553,0.25
,4,Another step cut from the same linear candidate had a lower nonlinear RMS.,500000.00000000006,step_cut_discarded,8.81573723228643,0.5522442351281609,0.125
,4,Another step cut from the same linear candidate had a lower nonlinear RMS.,500000.00000000006,step_cut_discarded,8.753967689148851,0.6322060356142135,0.0625
,4,Another step cut from the same linear candidate had a lower nonlinear RMS.,500000.00000000006,step_cut_discarded,8.733327383655938,0.6742192398722266,0.03125
,4,Another step cut from the same linear candidate had a lower nonlinear RMS.,500000.00000000006,step_cut_discarded,8.725463599863971,0.695733918004979,0.015625
,4,Another step cut from the same linear candidate had a lower nonlinear RMS.,500000.00000000006,step_cut_discarded,8.722131372600757,0.7066182760722921,0.0078125
,4,A different valid candidate better satisfied the Occam selection policy.,0.5000000000000001,not_selected,8.699191334270928,1.4958215954097787,0.0625
,4,A different valid candidate better satisfied the Occam selection policy.,1.58113883008419,not_selected,8.677391728249594,1.1990685598092428,0.0625
,4,A different valid candidate better satisfied the Occam selection policy.,5.000000000000001,not_selected,8.674307617231978,1.5707410912942619,0.125
,4,A different valid candidate better satisfied the Occam selection policy.,15.811388300841898,not_selected,8.70492741450194,2.1216645199996336,0.25
,4,A different valid candidate better satisfied the Occam selection policy.,50.00000000000001,not_selected,8.668982796789136,2.63514168330475,0.5
,4,A different valid candidate better satisfied the Occam selection policy.,500.00000000000006,not_selected,8.718188849387767,0.6773943829951826,0.5
,4,A different valid candidate better satisfied the Occam selection policy.,1581.13883008419,not_selected,8.719735996749906,0.7149928446533722,0.00390625
,4,A different valid candidate better satisfied the Occam selection policy.,5000.000000000001,not_selected,8.72003747267333,0.7137753986993115,0.00390625
,4,A different valid candidate better satisfied the Occam selection policy.,15811.388300841898,not_selected,8.72023296336626,0.7130160823362127,0.00390625
,4,A different valid candidate better satisfied the Occam selection policy.,50000.00000000001,not_selected,8.720388940031434,0.7125261127220771,0.00390625
,4,A different valid candidate better satisfied the Occam selection policy.,158113.883008419,not_selected,8.72051847048506,0.7122415785558451,0.00390625
,4,A different valid candidate better satisfied the Occam selection policy.,500000.00000000006,not_selected,8.720613297159177,0.7120922098561835,0.00390625
,5,Another step cut from the same linear candidate had a lower nonlinear RMS.,0.15811388300841897,step_cut_discarded,53.97212136485955,177.48871552368925,1.0
,5,Another step cut from the same linear candidate had a lower nonlinear RMS.,0.15811388300841897,step_cut_discarded,25.122349097768765,48.00083071654219,0.5
,5,Another step cut from the same linear candidate had a lower nonlinear RMS.,0.15811388300841897,step_cut_discarded,11.7811319714645,14.670785290568213,0.25
,5,Another step cut from the same linear candidate had a lower nonlinear RMS.,0.15811388300841897,step_cut_discarded,8.908453882377865,5.859236821981116,0.125
,5,Another step cut from the same linear candidate had a lower nonlinear RMS.,0.15811388300841897,step_cut_discarded,8.597410334448808,3.4168311487875367,0.0625
,5,Another step cut from the same linear candidate had a lower nonlinear RMS.,0.5,step_cut_discarded,52.40752768390355,103.72468658655482,1.0
,5,Another step cut from the same linear candidate had a lower nonlinear RMS.,0.5,step_cut_discarded,23.879544698023906,29.505152519082387,0.5
,5,Another step cut from the same linear candidate had a lower nonlinear RMS.,0.5,step_cut_discarded,11.377552371698421,10.019530259615163,0.25
,5,Another step cut from the same linear candidate had a lower nonlinear RMS.,0.5,step_cut_discarded,8.861225670805714,4.682755323448803,0.125
,5,Another step cut from the same linear candidate had a lower nonlinear RMS.,0.5,step_cut_discarded,8.593934590048544,3.1158769037574343,0.0625
,5,Another step cut from the same linear candidate had a lower nonlinear RMS.,1.5811388300841898,step_cut_discarded,43.385122014529344,57.221868068318905,1.0
,5,Another step cut from the same linear candidate had a lower nonlinear RMS.,1.5811388300841898,step_cut_discarded,19.18401029893046,17.790253363365167,0.5
,5,Another step cut from the same linear candidate had a lower nonlinear RMS.,1.5811388300841898,step_cut_discarded,10.24749420552132,7.046208207606739,0.25
,5,Another step cut from the same linear candidate had a lower nonlinear RMS.,1.5811388300841898,step_cut_discarded,8.739879648836835,3.917126178907136,0.125
,5,Another step cut from the same linear candidate had a lower nonlinear RMS.,1.5811388300841898,step_cut_discarded,8.58146241236332,2.913320301852237,0.0625
,5,Another step cut from the same linear candidate had a lower nonlinear RMS.,5.0,step_cut_discarded,24.33875161780884,24.57944501075318,1.0
,5,Another step cut from the same linear candidate had a lower nonlinear RMS.,5.0,step_cut_discarded,11.719646133391521,9.33616750252446,0.5
,5,Another step cut from the same linear candidate had a lower nonlinear RMS.,5.0,step_cut_discarded,8.9226462390667,4.785946694171926,0.25
,5,Another step cut from the same linear candidate had a lower nonlinear RMS.,5.0,step_cut_discarded,8.594079049480403,3.2786907764361124,0.125
,5,Another step cut from the same linear candidate had a lower nonlinear RMS.,15.811388300841898,step_cut_discarded,12.654174084747186,12.190909392238414,1.0
,5,Another step cut from the same linear candidate had a lower nonlinear RMS.,15.811388300841898,step_cut_discarded,9.054248839569679,5.874150924046796,0.5
,5,Another step cut from the same linear candidate had a lower nonlinear RMS.,15.811388300841898,step_cut_discarded,8.59798689097897,3.7380012126280224,0.25
,5,Another step cut from the same linear candidate had a lower nonlinear RMS.,50.00000000000001,step_cut_discarded,8.605975797886238,3.9637403740664876,1.0
,5,Another step cut from the same linear candidate had a lower nonlinear RMS.,158.11388300841898,step_cut_discarded,8.679292081032688,0.9757238273423244,1.0
,5,Another step cut from the same linear candidate had a lower nonlinear RMS.,158.11388300841898,step_cut_discarded,8.59355743390022,1.5031978884363493,0.5
,5,Another step cut from the same linear candidate had a lower nonlinear RMS.,158.11388300841898,step_cut_discarded,8.57695635191837,1.8616846315321987,0.25
,5,Another step cut from the same linear candidate had a lower nonlinear RMS.,500.00000000000006,step_cut_discarded,8.962030208919373,0.35771033011839787,1.0
,5,Another step cut from the same linear candidate had a lower nonlinear RMS.,500.00000000000006,step_cut_discarded,8.675743433737175,1.0012425857916887,0.5
,5,Another step cut from the same linear candidate had a lower nonlinear RMS.,500.00000000000006,step_cut_discarded,8.604857425184303,1.5624698417016936,0.25
,5,Another step cut from the same linear candidate had a lower nonlinear RMS.,500.00000000000006,step_cut_discarded,8.585482152867717,1.902948751675037,0.125
,5,Another step cut from the same linear candidate had a lower nonlinear RMS.,500.00000000000006,step_cut_discarded,8.579219198643308,2.0881545271662936,0.0625
,5,Another step cut from the same linear candidate had a lower nonlinear RMS.,500.00000000000006,step_cut_discarded,8.576887686340207,2.1844989950380675,0.03125
,5,Another step cut from the same linear candidate had a lower nonlinear RMS.,500.00000000000006,step_cut_discarded,8.575916883234596,2.2336066240054917,0.015625
,5,Another step cut from the same linear candidate had a lower nonlinear RMS.,500.00000000000006,step_cut_discarded,8.575479723581063,2.2583942872470875,0.0078125
,5,Another step cut from the same linear candidate had a lower nonlinear RMS.,1581.1388300841897,step_cut_discarded,9.34219329568207,0.19745997387446929,1.0
,5,Another step cut from the same linear candidate had a lower nonlinear RMS.,1581.1388300841897,step_cut_discarded,8.744502010009896,0.8046362717141241,0.5
,5,Another step cut from the same linear candidate had a lower nonlinear RMS.,1581.1388300841897,step_cut_discarded,8.623763320380114,1.4350464006740111,0.25
,5,Another step cut from the same linear candidate had a lower nonlinear RMS.,1581.1388300841897,step_cut_discarded,8.592036114530666,1.8319569601639705,0.125
,5,Another step cut from the same linear candidate had a lower nonlinear RMS.,1581.1388300841897,step_cut_discarded,8.581837268159106,2.0508386136614543,0.0625
,5,Another step cut from the same linear candidate had a lower nonlinear RMS.,1581.1388300841897,step_cut_discarded,8.578036335396424,2.1653860338483213,0.03125
,5,Another step cut from the same linear candidate had a lower nonlinear RMS.,1581.1388300841897,step_cut_discarded,8.576451415376741,2.2239363923012863,0.015625
,5,Another step cut from the same linear candidate had a lower nonlinear RMS.,1581.1388300841897,step_cut_discarded,8.57573706501437,2.2535307336176524,0.0078125
,5,Another step cut from the same linear candidate had a lower nonlinear RMS.,5000.0,step_cut_discarded,9.741973664560694,0.1099222546160173,1.0
,5,Another step cut from the same linear candidate had a lower nonlinear RMS.,5000.0,step_cut_discarded,8.818359966415894,0.7040803070512194,0.5
,5,Another step cut from the same linear candidate had a lower nonlinear RMS.,5000.0,step_cut_discarded,8.641546718982513,1.3705716420841398,0.25
,5,Another step cut from the same linear candidate had a lower nonlinear RMS.,5000.0,step_cut_discarded,8.59735738946176,1.7961703868044299,0.125
,5,Another step cut from the same linear candidate had a lower nonlinear RMS.,5000.0,step_cut_discarded,8.58370060006867,2.0320580284655323,0.0625
,5,Another step cut from the same linear candidate had a lower nonlinear RMS.,5000.0,step_cut_discarded,8.578776621860932,2.1557739166213232,0.03125
,5,Another step cut from the same linear candidate had a lower nonlinear RMS.,5000.0,step_cut_discarded,8.576774464576642,2.219074877530528,0.015625
,5,Another step cut from the same linear candidate had a lower nonlinear RMS.,5000.0,step_cut_discarded,8.575886895180723,2.251086112192958,0.0078125
,5,Another step cut from the same linear candidate had a lower nonlinear RMS.,15811.388300841898,step_cut_discarded,10.350462525496905,0.05050807592199663,1.0
,5,Another step cut from the same linear candidate had a lower nonlinear RMS.,15811.388300841898,step_cut_discarded,8.941713670969971,0.6408702804209164,0.5
,5,Another step cut from the same linear candidate had a lower nonlinear RMS.,15811.388300841898,step_cut_discarded,8.670493401872099,1.3305908944481653,0.25
,5,Another step cut from the same linear candidate had a lower nonlinear RMS.,15811.388300841898,step_cut_discarded,8.605562180351754,1.7740860794062367,0.125
,5,Another step cut from the same linear candidate had a lower nonlinear RMS.,15811.388300841898,step_cut_discarded,8.586413179625277,2.0204923913713846,0.0625
,5,Another step cut from the same linear candidate had a lower nonlinear RMS.,15811.388300841898,step_cut_discarded,8.579803499422336,2.149860227225486,0.03125
,5,Another step cut from the same linear candidate had a lower nonlinear RMS.,15811.388300841898,step_cut_discarded,8.577207558737802,2.216085315120419,0.015625
,5,Another step cut from the same linear candidate had a lower nonlinear RMS.,15811.388300841898,step_cut_discarded,8.576083592205048,2.249583151559855,0.0078125
,5,Another step cut from the same linear candidate had a lower nonlinear RMS.,50000.00000000001,step_cut_discarded,11.101062023726133,0.020894191388802698,1.0
,5,Another step cut from the same linear candidate had a lower nonlinear RMS.,50000.00000000001,step_cut_discarded,9.11882055976925,0.6043988631612991,0.5
,5,Another step cut from the same linear candidate had a lower nonlinear RMS.,50000.00000000001,step_cut_discarded,8.716360922588292,1.306939067070102,0.25
,5,Another step cut from the same linear candidate had a lower nonlinear RMS.,50000.00000000001,step_cut_discarded,8.619453307758292,1.7609061360301412,0.125
,5,Another step cut from the same linear candidate had a lower nonlinear RMS.,50000.00000000001,step_cut_discarded,8.59130713547247,2.0135639122615703,0.0625
,5,Another step cut from the same linear candidate had a lower nonlinear RMS.,50000.00000000001,step_cut_discarded,8.581764169116237,2.146311360815137,0.03125
,5,Another step cut from the same linear candidate had a lower nonlinear RMS.,50000.00000000001,step_cut_discarded,8.578069666118774,2.2142897252013847,0.015625
,5,Another step cut from the same linear candidate had a lower nonlinear RMS.,50000.00000000001,step_cut_discarded,8.576485509021287,2.2486800674218737,0.0078125
,5,Another step cut from the same linear candidate had a lower nonlinear RMS.,158113.88300841898,step_cut_discarded,11.908090282546947,0.007002889628675671,1.0
,5,Another step cut from the same linear candidate had a lower nonlinear RMS.,158113.88300841898,step_cut_discarded,9.36692617482435,0.5853731291463868,0.5
,5,Another step cut from the same linear candidate had a lower nonlinear RMS.,158113.88300841898,step_cut_discarded,8.786311938259683,1.294406179278933,0.25
,5,Another step cut from the same linear candidate had a lower nonlinear RMS.,158113.88300841898,step_cut_discarded,8.641128763757454,1.7538846869386289,0.125
,5,Another step cut from the same linear candidate had a lower nonlinear RMS.,158113.88300841898,step_cut_discarded,8.599047042271142,2.009864436416832,0.0625
,5,Another step cut from the same linear candidate had a lower nonlinear RMS.,158113.88300841898,step_cut_discarded,8.584899476003196,2.144414435068023,0.03125
,5,Another step cut from the same linear candidate had a lower nonlinear RMS.,158113.88300841898,step_cut_discarded,8.579459249250172,2.2133294653716407,0.015625
,5,Another step cut from the same linear candidate had a lower nonlinear RMS.,158113.88300841898,step_cut_discarded,8.57713651659597,2.248196988267955,0.0078125
,5,A different valid candidate better satisfied the Occam selection policy.,0.15811388300841897,not_selected,8.56859059157948,2.68647045246574,0.03125
,5,A different valid candidate better satisfied the Occam selection policy.,0.5,not_selected,8.568567999660708,2.6078149560097024,0.03125
,5,A different valid candidate better satisfied the Occam selection policy.,1.5811388300841898,not_selected,8.567157911157416,2.5516011476485128,0.03125
,5,A different valid candidate better satisfied the Occam selection policy.,5.0,not_selected,8.56359969957872,2.7170264391783214,0.0625
,5,A different valid candidate better satisfied the Occam selection policy.,15.811388300841898,not_selected,8.557100797768742,2.9254837375878937,0.125
,5,A different valid candidate better satisfied the Occam selection policy.,158.11388300841898,not_selected,8.574381474178706,2.0646154312173324,0.125
,5,A different valid candidate better satisfied the Occam selection policy.,500.00000000000006,not_selected,8.575273150580111,2.270846581057357,0.00390625
,5,A different valid candidate better satisfied the Occam selection policy.,1581.1388300841897,not_selected,8.575399342175212,2.268407694798306,0.00390625
,5,A different valid candidate better satisfied the Occam selection policy.,5000.0,not_selected,8.575471342624812,2.2671819180761292,0.00390625
,5,A different valid candidate better satisfied the Occam selection policy.,15811.388300841898,not_selected,8.57556475721637,2.2664283929025673,0.00390625
,5,A different valid candidate better satisfied the Occam selection policy.,50000.00000000001,not_selected,8.575758483974113,2.2659755285389593,0.00390625
,5,A different valid candidate better satisfied the Occam selection policy.,158113.88300841898,not_selected,8.576073135503131,2.265733251652238,0.00390625
,6,Another step cut from the same linear candidate had a lower nonlinear RMS.,0.05000000000000001,step_cut_discarded,53.684612077944145,223.99128316682024,1.0
,6,Another step cut from the same linear candidate had a lower nonlinear RMS.,0.05000000000000001,step_cut_discarded,26.201505749602344,61.0469964535022,0.5
,6,Another step cut from the same linear candidate had a lower nonlinear RMS.,0.05000000000000001,step_cut_discarded,12.402127150932914,18.905497902137164,0.25
,6,Another step cut from the same linear candidate had a lower nonlinear RMS.,0.05000000000000001,step_cut_discarded,8.983863139705925,7.667409827778151,0.125
,6,Another step cut from the same linear candidate had a lower nonlinear RMS.,0.05000000000000001,step_cut_discarded,8.57983774711472,4.506531090929518,0.0625
,6,Another step cut from the same linear candidate had a lower nonlinear RMS.,0.158113883008419,step_cut_discarded,52.82577650058838,186.81776097859108,1.0
,6,Another step cut from the same linear candidate had a lower nonlinear RMS.,0.158113883008419,step_cut_discarded,25.478202371483523,51.74174487451561,0.5
,6,Another step cut from the same linear candidate had a lower nonlinear RMS.,0.158113883008419,step_cut_discarded,12.130412999530074,16.573249491425877,0.25
,6,Another step cut from the same linear candidate had a lower nonlinear RMS.,0.158113883008419,step_cut_discarded,8.944590972925285,7.081379967118002,0.125
,6,Another step cut from the same linear candidate had a lower nonlinear RMS.,0.158113883008419,step_cut_discarded,8.575719280108332,4.358539746773319,0.0625
,6,Another step cut from the same linear candidate had a lower nonlinear RMS.,0.5000000000000001,step_cut_discarded,51.88002647726237,108.98330472803485,1.0
,6,Another step cut from the same linear candidate had a lower nonlinear RMS.,0.5000000000000001,step_cut_discarded,24.563016722002878,32.18144252467838,0.5
,6,Another step cut from the same linear candidate had a lower nonlinear RMS.,0.5000000000000001,step_cut_discarded,11.788704385523609,11.632329760367478,0.25
,6,Another step cut from the same linear candidate had a lower nonlinear RMS.,0.5000000000000001,step_cut_discarded,8.900603493889296,5.820727962553862,0.125
,6,Another step cut from the same linear candidate had a lower nonlinear RMS.,0.5000000000000001,step_cut_discarded,8.572344992986382,4.030665709732512,0.0625
,6,Another step cut from the same linear candidate had a lower nonlinear RMS.,1.5811388300841898,step_cut_discarded,41.49619281953109,59.89964780011255,1.0
,6,Another step cut from the same linear candidate had a lower nonlinear RMS.,1.5811388300841898,step_cut_discarded,18.89580318204568,19.70800996764569,0.5
,6,Another step cut from the same linear candidate had a lower nonlinear RMS.,1.5811388300841898,step_cut_discarded,10.22652982912662,8.412712458583252,0.25
,6,Another step cut from the same linear candidate had a lower nonlinear RMS.,1.5811388300841898,step_cut_discarded,8.71398244241573,4.965194055844779,0.125
,6,Another step cut from the same linear candidate had a lower nonlinear RMS.,1.5811388300841898,step_cut_discarded,8.551786240291335,3.791467442423727,0.0625
,6,Another step cut from the same linear candidate had a lower nonlinear RMS.,5.000000000000001,step_cut_discarded,21.805265570295262,25.45062818853695,1.0
,6,Another step cut from the same linear candidate had a lower nonlinear RMS.,5.000000000000001,step_cut_discarded,11.03381823406017,10.55281306368912,0.5
,6,Another step cut from the same linear candidate had a lower nonlinear RMS.,5.000000000000001,step_cut_discarded,8.809625976445346,5.852442232062771,0.25
,6,Another step cut from the same linear candidate had a lower nonlinear RMS.,5.000000000000001,step_cut_discarded,8.556722993755045,4.189390998948987,0.125
,6,Another step cut from the same linear candidate had a lower nonlinear RMS.,15.8113883008419,step_cut_discarded,10.163453038953616,10.866224487377506,1.0
,6,Another step cut from the same linear candidate had a lower nonlinear RMS.,15.8113883008419,step_cut_discarded,8.679734458516398,6.136926152167011,0.5
,6,Another step cut from the same linear candidate had a lower nonlinear RMS.,158.113883008419,step_cut_discarded,8.80993012357155,0.7709085640412537,1.0
,6,Another step cut from the same linear candidate had a lower nonlinear RMS.,158.113883008419,step_cut_discarded,8.599966565381138,1.6291082088339504,0.5
,6,Another step cut from the same linear candidate had a lower nonlinear RMS.,158.113883008419,step_cut_discarded,8.556974378115395,2.244628543983357,0.25
,6,Another step cut from the same linear candidate had a lower nonlinear RMS.,158.113883008419,step_cut_discarded,8.545424903059265,2.5989938397463237,0.125
,6,Another step cut from the same linear candidate had a lower nonlinear RMS.,158.113883008419,step_cut_discarded,8.54191433200866,2.787827769674873,0.0625
,6,Another step cut from the same linear candidate had a lower nonlinear RMS.,158.113883008419,step_cut_discarded,8.540721239092196,2.885157555150915,0.03125
,6,Another step cut from the same linear candidate had a lower nonlinear RMS.,158.113883008419,step_cut_discarded,8.540266071762192,2.9345506530168772,0.015625
,6,Another step cut from the same linear candidate had a lower nonlinear RMS.,158.113883008419,step_cut_discarded,8.54007401227098,2.959429253231844,0.0078125
,6,Another step cut from the same linear candidate had a lower nonlinear RMS.,500.00000000000006,step_cut_discarded,9.516489956825591,0.31920596035288157,1.0
,6,Another step cut from the same linear candidate had a lower nonlinear RMS.,500.00000000000006,step_cut_discarded,8.697564767102927,1.1582591718854736,0.5
,6,Another step cut from the same linear candidate had a lower nonlinear RMS.,500.00000000000006,step_cut_discarded,8.58240914688601,1.9479545917330454,0.25
,6,Another step cut from the same linear candidate had a lower nonlinear RMS.,500.00000000000006,step_cut_discarded,8.554277811141432,2.4353445051771505,0.125
,6,Another step cut from the same linear candidate had a lower nonlinear RMS.,500.00000000000006,step_cut_discarded,8.545490014190065,2.702175012779283,0.0625
,6,Another step cut from the same linear candidate had a lower nonlinear RMS.,500.00000000000006,step_cut_discarded,8.542303661323249,2.8413741543003685,0.03125
,6,Another step cut from the same linear candidate had a lower nonlinear RMS.,500.00000000000006,step_cut_discarded,8.54100643091247,2.9124196969909155,0.015625
,6,Another step cut from the same linear candidate had a lower nonlinear RMS.,500.00000000000006,step_cut_discarded,8.540431517616069,2.948303961318691,0.0078125
,6,Another step cut from the same linear candidate had a lower nonlinear RMS.,1581.1388300841897,step_cut_discarded,10.114317588492952,0.19386541775169985,1.0
,6,Another step cut from the same linear candidate had a lower nonlinear RMS.,1581.1388300841897,step_cut_discarded,8.769124671856307,0.9756952778788804,0.5
,6,Another step cut from the same linear candidate had a lower nonlinear RMS.,1581.1388300841897,step_cut_discarded,8.598101002138108,1.8266992390532484,0.25
,6,Another step cut from the same linear candidate had a lower nonlinear RMS.,1581.1388300841897,step_cut_discarded,8.559077097636255,2.3672234774181264,0.125
,6,Another step cut from the same linear candidate had a lower nonlinear RMS.,1581.1388300841897,step_cut_discarded,8.5472509153287,2.666241161044989,0.0625
,6,Another step cut from the same linear candidate had a lower nonlinear RMS.,1581.1388300841897,step_cut_discarded,8.543032660310775,2.8229388939695266,0.03125
,6,Another step cut from the same linear candidate had a lower nonlinear RMS.,1581.1388300841897,step_cut_discarded,8.54133368518607,2.9030849832095713,0.015625
,6,Another step cut from the same linear candidate had a lower nonlinear RMS.,1581.1388300841897,step_cut_discarded,8.54058588619379,2.9436073335240382,0.0078125
,6,Another step cut from the same linear candidate had a lower nonlinear RMS.,5000.000000000001,step_cut_discarded,10.547214864313071,0.10630622991292969,1.0
,6,Another step cut from the same linear candidate had a lower nonlinear RMS.,5000.000000000001,step_cut_discarded,8.848444720168922,0.8771592778179277,0.5
,6,Another step cut from the same linear candidate had a lower nonlinear RMS.,5000.000000000001,step_cut_discarded,8.615103285249981,1.7637421374873803,0.25
,6,Another step cut from the same linear candidate had a lower nonlinear RMS.,5000.000000000001,step_cut_discarded,8.563633393770735,2.3323226512513444,0.125
,6,Another step cut from the same linear candidate had a lower nonlinear RMS.,5000.000000000001,step_cut_discarded,8.548675895525447,2.647935179115636,0.0625
,6,Another step cut from the same linear candidate had a lower nonlinear RMS.,5000.000000000001,step_cut_discarded,8.543542550715882,2.813572010793359,0.03125
,6,Another step cut from the same linear candidate had a lower nonlinear RMS.,5000.000000000001,step_cut_discarded,8.54153895576648,2.8983480685686156,0.015625
,6,Another step cut from the same linear candidate had a lower nonlinear RMS.,5000.000000000001,step_cut_discarded,8.540676202854982,2.941225507940341,0.0078125
,6,Another step cut from the same linear candidate had a lower nonlinear RMS.,15811.3883008419,step_cut_discarded,11.174508066869159,0.04475079729690041,1.0
,6,Another step cut from the same linear candidate had a lower nonlinear RMS.,15811.3883008419,step_cut_discarded,8.98284922578488,0.812787602970929,0.5
,6,Another step cut from the same linear candidate had a lower nonlinear RMS.,15811.3883008419,step_cut_discarded,8.644419075306516,1.723157810429135,0.25
,6,Another step cut from the same linear candidate had a lower nonlinear RMS.,15811.3883008419,step_cut_discarded,8.57124630387069,2.309930865313535,0.125
,6,Another step cut from the same linear candidate had a lower nonlinear RMS.,15811.3883008419,step_cut_discarded,8.55094444289203,2.6362143805445597,0.0625
,6,Another step cut from the same linear candidate had a lower nonlinear RMS.,15811.3883008419,step_cut_discarded,8.544314152109925,2.8075803851072783,0.03125
,6,Another step cut from the same linear candidate had a lower nonlinear RMS.,15811.3883008419,step_cut_discarded,8.541836442574128,2.8953194491254393,0.015625
,6,Another step cut from the same linear candidate had a lower nonlinear RMS.,15811.3883008419,step_cut_discarded,8.54080313958415,2.9397029965687196,0.0078125
,6,Another step cut from the same linear candidate had a lower nonlinear RMS.,50000.00000000001,step_cut_discarded,11.92145270868567,0.01644508120294176,1.0
,6,Another step cut from the same linear candidate had a lower nonlinear RMS.,50000.00000000001,step_cut_discarded,9.160645986684354,0.776327030727226,0.5
,6,Another step cut from the same linear candidate had a lower nonlinear RMS.,50000.00000000001,step_cut_discarded,8.6871036657146,1.6993505957581017,0.25
,6,Another step cut from the same linear candidate had a lower nonlinear RMS.,50000.00000000001,step_cut_discarded,8.583149142703114,2.2966330258407237,0.125
,6,Another step cut from the same linear candidate had a lower nonlinear RMS.,50000.00000000001,step_cut_discarded,8.554799871556021,2.6292169027738295,0.0625
,6,Another step cut from the same linear candidate had a lower nonlinear RMS.,50000.00000000001,step_cut_discarded,8.545749903238898,2.8039945067133325,0.03125
,6,Another step cut from the same linear candidate had a lower nonlinear RMS.,50000.00000000001,step_cut_discarded,8.542435258853313,2.8935047250513217,0.015625
,6,Another step cut from the same linear candidate had a lower nonlinear RMS.,50000.00000000001,step_cut_discarded,8.541073269466487,2.938790188312375,0.0078125
,6,A different valid candidate better satisfied the Occam selection policy.,0.05000000000000001,not_selected,8.538405987721777,3.5406330475879195,0.03125
,6,A different valid candidate better satisfied the Occam selection policy.,0.158113883008419,not_selected,8.537819881946865,3.502893272053286,0.03125
,6,A different valid candidate better satisfied the Occam selection policy.,0.5000000000000001,not_selected,8.537814792437421,3.414569244843202,0.03125
,6,A different valid candidate better satisfied the Occam selection policy.,1.5811388300841898,not_selected,8.53509374221553,3.3421122827002487,0.03125
,6,A different valid candidate better satisfied the Occam selection policy.,5.000000000000001,not_selected,8.53201711834903,3.5296489280669436,0.0625
,6,A different valid candidate better satisfied the Occam selection policy.,15.8113883008419,not_selected,8.531622441481396,4.3635775110661195,0.25
,6,A different valid candidate better satisfied the Occam selection policy.,158.113883008419,not_selected,8.539986890503505,2.9719140661598233,0.00390625
,6,A different valid candidate better satisfied the Occam selection policy.,500.00000000000006,not_selected,8.540162478000664,2.966336466728205,0.00390625
,6,A different valid candidate better satisfied the Occam selection policy.,1581.1388300841897,not_selected,8.540237352755591,2.963980835104882,0.00390625
,6,A different valid candidate better satisfied the Occam selection policy.,5000.000000000001,not_selected,8.540279442590506,2.9627865802472306,0.00390625
,6,A different valid candidate better satisfied the Occam selection policy.,15811.3883008419,not_selected,8.540337491884051,2.962023274148911,0.00390625
,6,A different valid candidate better satisfied the Occam selection policy.,50000.00000000001,not_selected,8.54046529776753,2.9615655084659154,0.00390625
,7,Another step cut from the same linear candidate had a lower nonlinear RMS.,0.05000000000000001,step_cut_discarded,53.498661657083765,214.8752278806491,1.0
,7,Another step cut from the same linear candidate had a lower nonlinear RMS.,0.05000000000000001,step_cut_discarded,26.31979544690468,59.71373670131351,0.5
,7,Another step cut from the same linear candidate had a lower nonlinear RMS.,0.05000000000000001,step_cut_discarded,12.483820150172027,19.11724564434963,0.25
,7,Another step cut from the same linear candidate had a lower nonlinear RMS.,0.05000000000000001,step_cut_discarded,8.901923618989718,8.06506374904366,0.125
,7,Another step cut from the same linear candidate had a lower nonlinear RMS.,0.05000000000000001,step_cut_discarded,8.51399458058346,4.850488709684671,0.0625
,7,Another step cut from the same linear candidate had a lower nonlinear RMS.,0.158113883008419,step_cut_discarded,53.41477102899325,202.15702063083293,1.0
,7,Another step cut from the same linear candidate had a lower nonlinear RMS.,0.158113883008419,step_cut_discarded,26.17185305046514,56.556386930650696,0.5
,7,Another step cut from the same linear candidate had a lower nonlinear RMS.,0.158113883008419,step_cut_discarded,12.41890231869223,18.339009222579534,0.25
,7,Another step cut from the same linear candidate had a lower nonlinear RMS.,0.158113883008419,step_cut_discarded,8.892176065007707,7.876055154048948,0.125
,7,Another step cut from the same linear candidate had a lower nonlinear RMS.,0.158113883008419,step_cut_discarded,8.513038744705684,4.806011816159897,0.0625
,7,Another step cut from the same linear candidate had a lower nonlinear RMS.,0.5000000000000001,step_cut_discarded,51.94457349460952,124.29668083144196,1.0
,7,Another step cut from the same linear candidate had a lower nonlinear RMS.,0.5000000000000001,step_cut_discarded,25.11363001202077,36.91110430443799,0.5
,7,Another step cut from the same linear candidate had a lower nonlinear RMS.,0.5000000000000001,step_cut_discarded,12.06233490762506,13.337589727843877,0.25
,7,Another step cut from the same linear candidate had a lower nonlinear RMS.,0.5000000000000001,step_cut_discarded,8.848783302162088,6.58065086127379,0.125
,7,Another step cut from the same linear candidate had a lower nonlinear RMS.,0.5000000000000001,step_cut_discarded,8.51052382647788,4.459636033420484,0.0625
,7,Another step cut from the same linear candidate had a lower nonlinear RMS.,1.5811388300841898,step_cut_discarded,35.756958717213934,59.546644200595686,1.0
,7,Another step cut from the same linear candidate had a lower nonlinear RMS.,1.5811388300841898,step_cut_discarded,16.506727574173446,20.236107341512714,0.5
,7,Another step cut from the same linear candidate had a lower nonlinear RMS.,1.5811388300841898,step_cut_discarded,9.63585596703732,8.925096584505708,0.25
,7,Another step cut from the same linear candidate had a lower nonlinear RMS.,1.5811388300841898,step_cut_discarded,8.574218090920896,5.355655624135818,0.125
,7,Another step cut from the same linear candidate had a lower nonlinear RMS.,5.000000000000001,step_cut_discarded,18.974485207162353,25.187269688028135,1.0
,7,Another step cut from the same linear candidate had a lower nonlinear RMS.,5.000000000000001,step_cut_discarded,10.262702130018399,10.858132109012505,0.5
,7,Another step cut from the same linear candidate had a lower nonlinear RMS.,5.000000000000001,step_cut_discarded,8.63795374372802,6.186536974201489,0.25
,7,Another step cut from the same linear candidate had a lower nonlinear RMS.,15.8113883008419,step_cut_discarded,9.536114168158205,10.936305322779393,1.0
,7,Another step cut from the same linear candidate had a lower nonlinear RMS.,15.8113883008419,step_cut_discarded,8.55810060840446,6.36323789104091,0.5
,7,Another step cut from the same linear candidate had a lower nonlinear RMS.,158.113883008419,step_cut_discarded,8.895242839485206,0.7842731828026119,1.0
,7,Another step cut from the same linear candidate had a lower nonlinear RMS.,158.113883008419,step_cut_discarded,8.583778913357722,1.7175719228601656,0.5
,7,Another step cut from the same linear candidate had a lower nonlinear RMS.,158.113883008419,step_cut_discarded,8.52866813832968,2.3814913977404264,0.25
,7,Another step cut from the same linear candidate had a lower nonlinear RMS.,158.113883008419,step_cut_discarded,8.510949145234632,2.762768661393427,0.125
,7,Another step cut from the same linear candidate had a lower nonlinear RMS.,158.113883008419,step_cut_discarded,8.503670105262989,2.965736674773146,0.0625
,7,Another step cut from the same linear candidate had a lower nonlinear RMS.,158.113883008419,step_cut_discarded,8.5003703613385,3.0703030268513087,0.03125
,7,Another step cut from the same linear candidate had a lower nonlinear RMS.,158.113883008419,step_cut_discarded,8.498801565055041,3.1233567892374667,0.015625
,7,Another step cut from the same linear candidate had a lower nonlinear RMS.,158.113883008419,step_cut_discarded,8.498037131135307,3.150076317017314,0.0078125
,7,Another step cut from the same linear candidate had a lower nonlinear RMS.,500.00000000000006,step_cut_discarded,9.859910181713685,0.320506179061918,1.0
,7,Another step cut from the same linear candidate had a lower nonlinear RMS.,500.00000000000006,step_cut_discarded,8.685747644248686,1.2194069064543653,0.5
,7,Another step cut from the same linear candidate had a lower nonlinear RMS.,500.00000000000006,step_cut_discarded,8.551281611079098,2.065838510903663,0.25
,7,Another step cut from the same linear candidate had a lower nonlinear RMS.,500.00000000000006,step_cut_discarded,8.518844502394527,2.5882996233165794,0.125
,7,Another step cut from the same linear candidate had a lower nonlinear RMS.,500.00000000000006,step_cut_discarded,8.50700096772781,2.8743415070701057,0.0625
,7,Another step cut from the same linear candidate had a lower nonlinear RMS.,500.00000000000006,step_cut_discarded,8.501898909565197,3.023565280833635,0.03125
,7,Another step cut from the same linear candidate had a lower nonlinear RMS.,500.00000000000006,step_cut_discarded,8.49953308574674,3.099727875687091,0.015625
,7,Another step cut from the same linear candidate had a lower nonlinear RMS.,500.00000000000006,step_cut_discarded,8.49839484498762,3.138196850106742,0.0078125
,7,Another step cut from the same linear candidate had a lower nonlinear RMS.,1581.1388300841897,step_cut_discarded,10.595771154206009,0.19385807587656362,1.0
,7,Another step cut from the same linear candidate had a lower nonlinear RMS.,1581.1388300841897,step_cut_discarded,8.76115839995858,1.0281798645256133,0.5
,7,Another step cut from the same linear candidate had a lower nonlinear RMS.,1581.1388300841897,step_cut_discarded,8.565106721243408,1.938249242355268,0.25
,7,Another step cut from the same linear candidate had a lower nonlinear RMS.,1581.1388300841897,step_cut_discarded,8.52293308495881,2.5165110521463783,0.125
,7,Another step cut from the same linear candidate had a lower nonlinear RMS.,1581.1388300841897,step_cut_discarded,8.508550236720675,2.8364487372610028,0.0625
,7,Another step cut from the same linear candidate had a lower nonlinear RMS.,1581.1388300841897,step_cut_discarded,8.502565427097213,3.0041192748730845,0.03125
,7,Another step cut from the same linear candidate had a lower nonlinear RMS.,1581.1388300841897,step_cut_discarded,8.499840643290502,3.089879967442815,0.015625
,7,Another step cut from the same linear candidate had a lower nonlinear RMS.,1581.1388300841897,step_cut_discarded,8.498542326943738,3.133241669668604,0.0078125
,7,Another step cut from the same linear candidate had a lower nonlinear RMS.,5000.000000000001,step_cut_discarded,11.069944520773252,0.10449823715169711,1.0
,7,Another step cut from the same linear candidate had a lower nonlinear RMS.,5000.000000000001,step_cut_discarded,8.843663253812316,0.9260000035010283,0.5
,7,Another step cut from the same linear candidate had a lower nonlinear RMS.,5000.000000000001,step_cut_discarded,8.580822203825079,1.872784326427438,0.25
,7,Another step cut from the same linear candidate had a lower nonlinear RMS.,5000.000000000001,step_cut_discarded,8.52688225682265,2.480184847828577,0.125
,7,Another step cut from the same linear candidate had a lower nonlinear RMS.,5000.000000000001,step_cut_discarded,8.50975119958805,2.817387198513632,0.0625
,7,Another step cut from the same linear candidate had a lower nonlinear RMS.,5000.000000000001,step_cut_discarded,8.502989550057817,2.9943638963522803,0.03125
,7,Another step cut from the same linear candidate had a lower nonlinear RMS.,5000.000000000001,step_cut_discarded,8.500010221219247,3.0849461258956334,0.015625
,7,Another step cut from the same linear candidate had a lower nonlinear RMS.,5000.000000000001,step_cut_discarded,8.498616663587763,3.1307607108233184,0.0078125
,7,Another step cut from the same linear candidate had a lower nonlinear RMS.,15811.3883008419,step_cut_discarded,11.701267778396018,0.04232629488563805,1.0
,7,Another step cut from the same linear candidate had a lower nonlinear RMS.,15811.3883008419,step_cut_discarded,8.979635363167567,0.8601006803107457,0.5
,7,Another step cut from the same linear candidate had a lower nonlinear RMS.,15811.3883008419,step_cut_discarded,8.608017761020887,1.831131326817983,0.25
,7,Another step cut from the same linear candidate had a lower nonlinear RMS.,15811.3883008419,step_cut_discarded,8.533314891011196,2.457182513520271,0.125
,7,Another step cut from the same linear candidate had a lower nonlinear RMS.,15811.3883008419,step_cut_discarded,8.511466380396241,2.805342072733585,0.0625
,7,Another step cut from the same linear candidate had a lower nonlinear RMS.,15811.3883008419,step_cut_discarded,8.503499993934511,2.9882053438057823,0.03125
,7,Another step cut from the same linear candidate had a lower nonlinear RMS.,15811.3883008419,step_cut_discarded,8.500181657986246,3.081832852208267,0.015625
,7,Another step cut from the same linear candidate had a lower nonlinear RMS.,15811.3883008419,step_cut_discarded,8.49868177913688,3.129195574626107,0.0078125
,7,Another step cut from the same linear candidate had a lower nonlinear RMS.,50000.00000000001,step_cut_discarded,12.42978767061862,0.014758485391748125,1.0
,7,Another step cut from the same linear candidate had a lower nonlinear RMS.,50000.00000000001,step_cut_discarded,9.152147192059179,0.8234724235127037,0.5
,7,Another step cut from the same linear candidate had a lower nonlinear RMS.,50000.00000000001,step_cut_discarded,8.645378661002193,1.8071061104061876,0.25
,7,Another step cut from the same linear candidate had a lower nonlinear RMS.,50000.00000000001,step_cut_discarded,8.542286973500465,2.4437421333111815,0.125
,7,Another step cut from the same linear candidate had a lower nonlinear RMS.,50000.00000000001,step_cut_discarded,8.513841961224541,2.7982649396282406,0.0625
,7,Another step cut from the same linear candidate had a lower nonlinear RMS.,50000.00000000001,step_cut_discarded,8.50419758906723,2.984577541502911,0.03125
,7,Another step cut from the same linear candidate had a lower nonlinear RMS.,50000.00000000001,step_cut_discarded,8.50041241793502,3.0799966421192813,0.015625
,7,Another step cut from the same linear candidate had a lower nonlinear RMS.,50000.00000000001,step_cut_discarded,8.498768202663243,3.1282718923472252,0.0078125
,7,A different valid candidate better satisfied the Occam selection policy.,0.05000000000000001,not_selected,8.489744216166743,3.8210801670786725,0.03125
,7,A different valid candidate better satisfied the Occam selection policy.,0.158113883008419,not_selected,8.489587537409413,3.8113485713094315,0.03125
,7,A different valid candidate better satisfied the Occam selection policy.,0.5000000000000001,not_selected,8.489835461119203,3.713492270851768,0.03125
,7,A different valid candidate better satisfied the Occam selection policy.,1.5811388300841898,not_selected,8.4899171389779,4.092451248484279,0.0625
,7,A different valid candidate better satisfied the Occam selection policy.,5.000000000000001,not_selected,8.490059769270493,4.473982820470183,0.125
,7,A different valid candidate better satisfied the Occam selection policy.,50.00000000000001,not_selected,8.492134962085377,3.27259443363741,1.0
,7,A different valid candidate better satisfied the Occam selection policy.,158.113883008419,not_selected,8.49765987795103,3.1634842425539307,0.00390625
,7,A different valid candidate better satisfied the Occam selection policy.,500.00000000000006,not_selected,8.497836738454303,3.157528256564798,0.00390625
,7,A different valid candidate better satisfied the Occam selection policy.,1581.1388300841897,not_selected,8.49790891900046,3.1550428597667306,0.00390625
,7,A different valid candidate better satisfied the Occam selection policy.,5000.000000000001,not_selected,8.497943493328215,3.1537988708261637,0.00390625
,7,A different valid candidate better satisfied the Occam selection policy.,15811.3883008419,not_selected,8.497970941368619,3.1530141778891743,0.00390625
,7,A different valid candidate better satisfied the Occam selection policy.,50000.00000000001,not_selected,8.49800698244346,3.1525509424411373,0.00390625
,8,Another step cut from the same linear candidate had a lower nonlinear RMS.,0.0158113883008419,step_cut_discarded,46.05138725505729,230.0687201487568,1.0
,8,Another step cut from the same linear candidate had a lower nonlinear RMS.,0.0158113883008419,step_cut_discarded,22.786166830720795,65.37439155998663,0.5
,8,Another step cut from the same linear candidate had a lower nonlinear RMS.,0.0158113883008419,step_cut_discarded,11.684014229215416,21.995979972537473,0.25
,8,Another step cut from the same linear candidate had a lower nonlinear RMS.,0.0158113883008419,step_cut_discarded,8.869796823294475,10.048962355546859,0.125
,8,Another step cut from the same linear candidate had a lower nonlinear RMS.,0.0158113883008419,step_cut_discarded,8.5164285334021,6.511000591235041,0.0625
,8,Another step cut from the same linear candidate had a lower nonlinear RMS.,0.0158113883008419,step_cut_discarded,8.48022475653642,5.3509064701250075,0.03125
,8,Another step cut from the same linear candidate had a lower nonlinear RMS.,0.05000000000000001,step_cut_discarded,46.00624627434575,215.11379297530354,1.0
,8,Another step cut from the same linear candidate had a lower nonlinear RMS.,0.05000000000000001,step_cut_discarded,22.625720370655234,61.64676300142318,0.5
,8,Another step cut from the same linear candidate had a lower nonlinear RMS.,0.05000000000000001,step_cut_discarded,11.628208999752083,21.069624450296516,0.25
,8,Another step cut from the same linear candidate had a lower nonlinear RMS.,0.05000000000000001,step_cut_discarded,8.86208374814596,9.820149283686579,0.125
,8,Another step cut from the same linear candidate had a lower nonlinear RMS.,0.05000000000000001,step_cut_discarded,8.515628537825863,6.4551852276199515,0.0625
,8,Another step cut from the same linear candidate had a lower nonlinear RMS.,0.05000000000000001,step_cut_discarded,8.480110672310715,5.337646581396223,0.03125
,8,Another step cut from the same linear candidate had a lower nonlinear RMS.,0.158113883008419,step_cut_discarded,44.9838184389152,193.87575015714557,1.0
,8,Another step cut from the same linear candidate had a lower nonlinear RMS.,0.158113883008419,step_cut_discarded,22.05161054175693,56.34537469752518,0.5
,8,Another step cut from the same linear candidate had a lower nonlinear RMS.,0.158113883008419,step_cut_discarded,11.473888640195566,19.74833857464278,0.25
,8,Another step cut from the same linear candidate had a lower nonlinear RMS.,0.158113883008419,step_cut_discarded,8.843932685679759,9.491858414933523,0.125
,8,Another step cut from the same linear candidate had a lower nonlinear RMS.,0.158113883008419,step_cut_discarded,8.513988183178244,6.374127810511875,0.0625
,8,Another step cut from the same linear candidate had a lower nonlinear RMS.,0.5000000000000001,step_cut_discarded,42.37149925288981,128.38398753589675,1.0
,8,Another step cut from the same linear candidate had a lower nonlinear RMS.,0.5000000000000001,step_cut_discarded,20.797280562892816,39.77206906791147,0.5
,8,Another step cut from the same linear candidate had a lower nonlinear RMS.,0.5000000000000001,step_cut_discarded,11.109745118715283,15.50482968008859,0.25
,8,Another step cut from the same linear candidate had a lower nonlinear RMS.,0.5000000000000001,step_cut_discarded,8.79831906304733,8.380889947719593,0.125
,8,Another step cut from the same linear candidate had a lower nonlinear RMS.,0.5000000000000001,step_cut_discarded,8.510027921855032,6.0713400719207025,0.0625
,8,Another step cut from the same linear candidate had a lower nonlinear RMS.,1.58113883008419,step_cut_discarded,29.192895790343652,58.686868582722674,1.0
,8,Another step cut from the same linear candidate had a lower nonlinear RMS.,1.58113883008419,step_cut_discarded,14.312699088242038,21.637914311937024,0.5
,8,Another step cut from the same linear candidate had a lower nonlinear RMS.,1.58113883008419,step_cut_discarded,9.365456352806303,10.616353482254512,0.25
,8,Another step cut from the same linear candidate had a lower nonlinear RMS.,1.58113883008419,step_cut_discarded,8.570031805341387,6.981302143840841,0.125
,8,Another step cut from the same linear candidate had a lower nonlinear RMS.,1.58113883008419,step_cut_discarded,8.484614558875936,5.632708743740897,0.0625
,8,Another step cut from the same linear candidate had a lower nonlinear RMS.,5.000000000000001,step_cut_discarded,14.34809315634802,23.318162012850852,1.0
,8,Another step cut from the same linear candidate had a lower nonlinear RMS.,5.000000000000001,step_cut_discarded,9.374720929167939,11.60002505249401,0.5
,8,Another step cut from the same linear candidate had a lower nonlinear RMS.,5.000000000000001,step_cut_discarded,8.566352111881638,7.509024858906233,0.25
,8,Another step cut from the same linear candidate had a lower nonlinear RMS.,5.000000000000001,step_cut_discarded,8.481162626899271,5.905541833760006,0.125
,8,Another step cut from the same linear candidate had a lower nonlinear RMS.,15.8113883008419,step_cut_discarded,8.493856704680747,8.226006984149,1.0
,8,Another step cut from the same linear candidate had a lower nonlinear RMS.,50.000000000000014,step_cut_discarded,8.67173356681295,1.8452658355116023,1.0
,8,Another step cut from the same linear candidate had a lower nonlinear RMS.,50.000000000000014,step_cut_discarded,8.517611569927194,3.014615951308515,0.5
,8,Another step cut from the same linear candidate had a lower nonlinear RMS.,50.000000000000014,step_cut_discarded,8.49181783136782,3.7540800551845184,0.25
,8,Another step cut from the same linear candidate had a lower nonlinear RMS.,50.000000000000014,step_cut_discarded,8.484369980362837,4.162509368616908,0.125
,8,Another step cut from the same linear candidate had a lower nonlinear RMS.,50.000000000000014,step_cut_discarded,8.481781226635736,4.376398340706699,0.0625
,8,Another step cut from the same linear candidate had a lower nonlinear RMS.,50.000000000000014,step_cut_discarded,8.480769617371827,4.485761405594992,0.03125
,8,Another step cut from the same linear candidate had a lower nonlinear RMS.,50.000000000000014,step_cut_discarded,8.48033572704335,4.54104758274999,0.015625
,8,Another step cut from the same linear candidate had a lower nonlinear RMS.,50.000000000000014,step_cut_discarded,8.48013698809024,4.568841832505202,0.0078125
,8,Another step cut from the same linear candidate had a lower nonlinear RMS.,158.113883008419,step_cut_discarded,10.161312887737797,0.5050453175671024,1.0
,8,Another step cut from the same linear candidate had a lower nonlinear RMS.,158.113883008419,step_cut_discarded,8.654363356225996,1.8764444797699513,0.5
,8,Another step cut from the same linear candidate had a lower nonlinear RMS.,158.113883008419,step_cut_discarded,8.521039893777038,3.0679790162736587,0.25
,8,Another step cut from the same linear candidate had a lower nonlinear RMS.,158.113883008419,step_cut_discarded,8.494205699724086,3.7902050233760827,0.125
,8,Another step cut from the same linear candidate had a lower nonlinear RMS.,158.113883008419,step_cut_discarded,8.48576504598287,4.182932711639937,0.0625
,8,Another step cut from the same linear candidate had a lower nonlinear RMS.,158.113883008419,step_cut_discarded,8.482542958765144,4.387200226950026,0.03125
,8,Another step cut from the same linear candidate had a lower nonlinear RMS.,158.113883008419,step_cut_discarded,8.48116867729523,4.491309902399609,0.015625
,8,Another step cut from the same linear candidate had a lower nonlinear RMS.,158.113883008419,step_cut_discarded,8.480540093528981,4.543858719573037,0.0078125
,8,Another step cut from the same linear candidate had a lower nonlinear RMS.,500.0000000000001,step_cut_discarded,11.618127180901041,0.2713974169821392,1.0
,8,Another step cut from the same linear candidate had a lower nonlinear RMS.,500.0000000000001,step_cut_discarded,8.765926764421089,1.5059665445332213,0.5
,8,Another step cut from the same linear candidate had a lower nonlinear RMS.,500.0000000000001,step_cut_discarded,8.538356884946333,2.8193265524192315,0.25
,8,Another step cut from the same linear candidate had a lower nonlinear RMS.,500.0000000000001,step_cut_discarded,8.499027921554243,3.650025417389855,0.125
,8,Another step cut from the same linear candidate had a lower nonlinear RMS.,500.0000000000001,step_cut_discarded,8.487534125756483,4.108879565132068,0.0625
,8,Another step cut from the same linear candidate had a lower nonlinear RMS.,500.0000000000001,step_cut_discarded,8.483286832621822,4.349182817817405,0.03125
,8,Another step cut from the same linear candidate had a lower nonlinear RMS.,500.0000000000001,step_cut_discarded,8.481506871059628,4.472053488863627,0.015625
,8,Another step cut from the same linear candidate had a lower nonlinear RMS.,500.0000000000001,step_cut_discarded,8.480700871920888,4.534168585562626,0.0078125
,8,Another step cut from the same linear candidate had a lower nonlinear RMS.,1581.13883008419,step_cut_discarded,12.305561753369922,0.1830040532747725,1.0
,8,Another step cut from the same linear candidate had a lower nonlinear RMS.,1581.13883008419,step_cut_discarded,8.836718815906286,1.3583112154257524,0.5
,8,Another step cut from the same linear candidate had a lower nonlinear RMS.,1581.13883008419,step_cut_discarded,8.549158515033188,2.719634226052051,0.25
,8,Another step cut from the same linear candidate had a lower nonlinear RMS.,1581.13883008419,step_cut_discarded,8.50173862857341,3.593713088752902,0.125
,8,Another step cut from the same linear candidate had a lower nonlinear RMS.,1581.13883008419,step_cut_discarded,8.48842654175914,4.079106859450253,0.0625
,8,Another step cut from the same linear candidate had a lower nonlinear RMS.,1581.13883008419,step_cut_discarded,8.483630847311762,4.333892329635658,0.03125
,8,Another step cut from the same linear candidate had a lower nonlinear RMS.,1581.13883008419,step_cut_discarded,8.481654321133174,4.4643072109375455,0.015625
,8,Another step cut from the same linear candidate had a lower nonlinear RMS.,1581.13883008419,step_cut_discarded,8.480768540787533,4.5302701881407845,0.0078125
,8,Another step cut from the same linear candidate had a lower nonlinear RMS.,5000.000000000002,step_cut_discarded,12.72549113717137,0.10010680607160061,1.0
,8,Another step cut from the same linear candidate had a lower nonlinear RMS.,5000.000000000002,step_cut_discarded,8.921614490698568,1.2710714094875533,0.5
,8,Another step cut from the same linear candidate had a lower nonlinear RMS.,5000.000000000002,step_cut_discarded,8.564322789506747,2.6645665274987977,0.25
,8,Another step cut from the same linear candidate had a lower nonlinear RMS.,5000.000000000002,step_cut_discarded,8.505338087707218,3.563317290580237,0.125
,8,Another step cut from the same linear candidate had a lower nonlinear RMS.,5000.000000000002,step_cut_discarded,8.489435876510964,4.063193473139911,0.0625
,8,Another step cut from the same linear candidate had a lower nonlinear RMS.,5000.000000000002,step_cut_discarded,8.483952856663757,4.3257567646744866,0.03125
,8,Another step cut from the same linear candidate had a lower nonlinear RMS.,5000.000000000002,step_cut_discarded,8.481770905746998,4.460194710505459,0.015625
,8,Another step cut from the same linear candidate had a lower nonlinear RMS.,5000.000000000002,step_cut_discarded,8.480815846872552,4.5282027584368665,0.0078125
,8,Another step cut from the same linear candidate had a lower nonlinear RMS.,15811.3883008419,step_cut_discarded,13.304015706244888,0.03835038575319204,1.0
,8,Another step cut from the same linear candidate had a lower nonlinear RMS.,15811.3883008419,step_cut_discarded,9.06318024755839,1.209930124457775,0.5
,8,Another step cut from the same linear candidate had a lower nonlinear RMS.,15811.3883008419,step_cut_discarded,8.59255260959105,2.6264301162662655,0.25
,8,Another step cut from the same linear candidate had a lower nonlinear RMS.,15811.3883008419,step_cut_discarded,8.512057941072106,3.5423576427845607,0.125
,8,Another step cut from the same linear candidate had a lower nonlinear RMS.,15811.3883008419,step_cut_discarded,8.491227320666566,4.05224078869722,0.0625
,8,Another step cut from the same linear candidate had a lower nonlinear RMS.,15811.3883008419,step_cut_discarded,8.484481444877765,4.320162207316927,0.03125
,8,Another step cut from the same linear candidate had a lower nonlinear RMS.,15811.3883008419,step_cut_discarded,8.481945948558671,4.457367878042625,0.015625
,8,Another step cut from the same linear candidate had a lower nonlinear RMS.,15811.3883008419,step_cut_discarded,8.480881337058664,4.526781953759438,0.0078125
,8,A different valid candidate better satisfied the Occam selection policy.,0.0158113883008419,not_selected,8.477245311570519,4.923081099831456,0.015625
,8,A different valid candidate better satisfied the Occam selection policy.,0.05000000000000001,not_selected,8.477222052779064,4.920113103736755,0.015625
,8,A different valid candidate better satisfied the Occam selection policy.,0.158113883008419,not_selected,8.47991298614775,5.317889877159299,0.03125
,8,A different valid candidate better satisfied the Occam selection policy.,0.5000000000000001,not_selected,8.479688195013852,5.22967013161766,0.03125
,8,A different valid candidate better satisfied the Occam selection policy.,1.58113883008419,not_selected,8.476580788912349,5.075645110967651,0.03125
,8,A different valid candidate better satisfied the Occam selection policy.,5.000000000000001,not_selected,8.474493231527166,5.214304589098809,0.0625
,8,A different valid candidate better satisfied the Occam selection policy.,50.000000000000014,not_selected,8.480042203021155,4.582776747677235,0.00390625
,8,A different valid candidate better satisfied the Occam selection policy.,158.113883008419,not_selected,8.480240417578967,4.570256623021909,0.00390625
,8,A different valid candidate better satisfied the Occam selection policy.,500.0000000000001,not_selected,8.480318738191906,4.565396074206101,0.00390625
,8,A different valid candidate better satisfied the Occam selection policy.,1581.13883008419,not_selected,8.480351066529748,4.563440560880477,0.00390625
,8,A different valid candidate better satisfied the Occam selection policy.,5000.000000000002,not_selected,8.480371985643934,4.562404051156551,0.00390625
,8,A different valid candidate better satisfied the Occam selection policy.,15811.3883008419,not_selected,8.480399256022839,4.561691801706334,0.00390625
,9,Another step cut from the same linear candidate had a lower nonlinear RMS.,0.0158113883008419,step_cut_discarded,31.024357027057366,225.33782824499355,1.0
,9,Another step cut from the same linear candidate had a lower nonlinear RMS.,0.0158113883008419,step_cut_discarded,15.557631530439217,66.19489365322937,0.5
,9,Another step cut from the same linear candidate had a lower nonlinear RMS.,0.0158113883008419,step_cut_discarded,9.756650554793184,23.815200288788553,0.25
,9,Another step cut from the same linear candidate had a lower nonlinear RMS.,0.0158113883008419,step_cut_discarded,8.612101556478873,11.923297089428452,0.125
,9,Another step cut from the same linear candidate had a lower nonlinear RMS.,0.0158113883008419,step_cut_discarded,8.475280781457736,8.30183136046348,0.0625
,9,Another step cut from the same linear candidate had a lower nonlinear RMS.,0.05000000000000001,step_cut_discarded,31.15074353851312,199.7653720222544,1.0
,9,Another step cut from the same linear candidate had a lower nonlinear RMS.,0.05000000000000001,step_cut_discarded,15.424533926091414,59.83065237414546,0.5
,9,Another step cut from the same linear candidate had a lower nonlinear RMS.,0.05000000000000001,step_cut_discarded,9.706303861246976,22.238576357317996,0.25
,9,Another step cut from the same linear candidate had a lower nonlinear RMS.,0.05000000000000001,step_cut_discarded,8.604691238867176,11.536359300711025,0.125
,9,Another step cut from the same linear candidate had a lower nonlinear RMS.,0.05000000000000001,step_cut_discarded,8.474356277126262,8.208706010359233,0.0625
,9,Another step cut from the same linear candidate had a lower nonlinear RMS.,0.158113883008419,step_cut_discarded,29.70802055691074,175.03917900519,1.0
,9,Another step cut from the same linear candidate had a lower nonlinear RMS.,0.158113883008419,step_cut_discarded,14.866133456125938,53.665258744894565,0.5
,9,Another step cut from the same linear candidate had a lower nonlinear RMS.,0.158113883008419,step_cut_discarded,9.581080682264592,20.70530526251287,0.25
,9,Another step cut from the same linear candidate had a lower nonlinear RMS.,0.158113883008419,step_cut_discarded,8.589448243284574,11.157080183263549,0.125
,9,Another step cut from the same linear candidate had a lower nonlinear RMS.,0.158113883008419,step_cut_discarded,8.472496184240836,8.115905559124263,0.0625
,9,Another step cut from the same linear candidate had a lower nonlinear RMS.,0.5000000000000001,step_cut_discarded,26.48312485431316,106.2502968992164,1.0
,9,Another step cut from the same linear candidate had a lower nonlinear RMS.,0.5000000000000001,step_cut_discarded,13.764571399382804,36.06411481707709,0.5
,9,Another step cut from the same linear candidate had a lower nonlinear RMS.,0.5000000000000001,step_cut_discarded,9.349916507865293,16.10305757989648,0.25
,9,Another step cut from the same linear candidate had a lower nonlinear RMS.,0.5000000000000001,step_cut_discarded,8.565215576153378,9.905537412278434,0.125
,9,Another step cut from the same linear candidate had a lower nonlinear RMS.,0.5000000000000001,step_cut_discarded,8.470749834332038,7.752529441212477,0.0625
,9,Another step cut from the same linear candidate had a lower nonlinear RMS.,1.58113883008419,step_cut_discarded,20.263277375004815,51.89879205080299,1.0
,9,Another step cut from the same linear candidate had a lower nonlinear RMS.,1.58113883008419,step_cut_discarded,11.259778541506885,21.45406785397246,0.5
,9,Another step cut from the same linear candidate had a lower nonlinear RMS.,1.58113883008419,step_cut_discarded,8.856982383016854,11.939460463619682,0.25
,9,Another step cut from the same linear candidate had a lower nonlinear RMS.,1.58113883008419,step_cut_discarded,8.505561621928631,8.609095445458921,0.125
,9,Another step cut from the same linear candidate had a lower nonlinear RMS.,1.58113883008419,step_cut_discarded,8.463823964546167,7.300647605632441,0.0625
,9,Another step cut from the same linear candidate had a lower nonlinear RMS.,5.000000000000001,step_cut_discarded,10.298407018067124,19.92424565386412,1.0
,9,Another step cut from the same linear candidate had a lower nonlinear RMS.,5.000000000000001,step_cut_discarded,8.69222597963726,11.742815393025767,0.5
,9,Another step cut from the same linear candidate had a lower nonlinear RMS.,5.000000000000001,step_cut_discarded,8.48134215419636,8.652839417527021,0.25
,9,Another step cut from the same linear candidate had a lower nonlinear RMS.,50.000000000000014,step_cut_discarded,9.53636066102587,1.0198405844262963,1.0
,9,Another step cut from the same linear candidate had a lower nonlinear RMS.,50.000000000000014,step_cut_discarded,8.573992871977898,2.9614612174559545,0.5
,9,Another step cut from the same linear candidate had a lower nonlinear RMS.,50.000000000000014,step_cut_discarded,8.486878083008012,4.4298744195293915,0.25
,9,Another step cut from the same linear candidate had a lower nonlinear RMS.,50.000000000000014,step_cut_discarded,8.469819518823993,5.288481741955762,0.125
,9,Another step cut from the same linear candidate had a lower nonlinear RMS.,50.000000000000014,step_cut_discarded,8.464827596733873,5.748885583516358,0.0625
,9,Another step cut from the same linear candidate had a lower nonlinear RMS.,50.000000000000014,step_cut_discarded,8.463077200051817,5.986862549383511,0.03125
,9,Another step cut from the same linear candidate had a lower nonlinear RMS.,50.000000000000014,step_cut_discarded,8.462382603615461,6.1077947935888,0.015625
,9,Another step cut from the same linear candidate had a lower nonlinear RMS.,50.000000000000014,step_cut_discarded,8.462080347185768,6.168746856009374,0.0078125
,9,Another step cut from the same linear candidate had a lower nonlinear RMS.,158.113883008419,step_cut_discarded,12.021111915316242,0.3643905152630653,1.0
,9,Another step cut from the same linear candidate had a lower nonlinear RMS.,158.113883008419,step_cut_discarded,8.746283820690202,2.133843578192175,0.5
,9,Another step cut from the same linear candidate had a lower nonlinear RMS.,158.113883008419,step_cut_discarded,8.5105662533188,3.8910924487269605,0.25
,9,Another step cut from the same linear candidate had a lower nonlinear RMS.,158.113883008419,step_cut_discarded,8.476017185802315,4.9878474687619105,0.125
,9,Another step cut from the same linear candidate had a lower nonlinear RMS.,158.113883008419,step_cut_discarded,8.467009902182012,5.590757624971275,0.0625
,9,Another step cut from the same linear candidate had a lower nonlinear RMS.,158.113883008419,step_cut_discarded,8.463967355272654,5.90584586462393,0.03125
,9,Another step cut from the same linear candidate had a lower nonlinear RMS.,158.113883008419,step_cut_discarded,8.462779225078146,6.066798274837249,0.015625
,9,Another step cut from the same linear candidate had a lower nonlinear RMS.,158.113883008419,step_cut_discarded,8.462266671388113,6.148126552540658,0.0078125
,9,Another step cut from the same linear candidate had a lower nonlinear RMS.,500.0000000000001,step_cut_discarded,13.535492048295431,0.24319384787801604,1.0
,9,Another step cut from the same linear candidate had a lower nonlinear RMS.,500.0000000000001,step_cut_discarded,8.853469336788732,1.8606867901888986,0.5
,9,Another step cut from the same linear candidate had a lower nonlinear RMS.,500.0000000000001,step_cut_discarded,8.522922351633419,3.7013744411476335,0.25
,9,Another step cut from the same linear candidate had a lower nonlinear RMS.,500.0000000000001,step_cut_discarded,8.478822261094173,4.879703561577825,0.125
,9,Another step cut from the same linear candidate had a lower nonlinear RMS.,500.0000000000001,step_cut_discarded,8.46792098275421,5.533364445530626,0.0625
,9,Another step cut from the same linear candidate had a lower nonlinear RMS.,500.0000000000001,step_cut_discarded,8.464320282022118,5.876318968441454,0.03125
,9,Another step cut from the same linear candidate had a lower nonlinear RMS.,500.0000000000001,step_cut_discarded,8.462931369697309,6.051827250130472,0.015625
,9,Another step cut from the same linear candidate had a lower nonlinear RMS.,500.0000000000001,step_cut_discarded,8.462336764416609,6.140589146033384,0.0078125
,9,Another step cut from the same linear candidate had a lower nonlinear RMS.,1581.13883008419,step_cut_discarded,14.156770720749016,0.17371454118086654,1.0
,9,Another step cut from the same linear candidate had a lower nonlinear RMS.,1581.13883008419,step_cut_discarded,8.919239702020551,1.7457260769622698,0.5
,9,Another step cut from the same linear candidate had a lower nonlinear RMS.,1581.13883008419,step_cut_discarded,8.531284212314905,3.6238388195648055,0.25
,9,Another step cut from the same linear candidate had a lower nonlinear RMS.,1581.13883008419,step_cut_discarded,8.480658656113997,4.835921934544031,0.125
,9,Another step cut from the same linear candidate had a lower nonlinear RMS.,1581.13883008419,step_cut_discarded,8.468464062449337,5.510220177953135,0.0625
,9,Another step cut from the same linear candidate had a lower nonlinear RMS.,1581.13883008419,step_cut_discarded,8.464510437658475,5.864433471137559,0.03125
,9,Another step cut from the same linear candidate had a lower nonlinear RMS.,1581.13883008419,step_cut_discarded,8.463006919137838,6.0458061605997395,0.015625
,9,Another step cut from the same linear candidate had a lower nonlinear RMS.,1581.13883008419,step_cut_discarded,8.46236971811206,6.137559016048321,0.0078125
,9,Another step cut from the same linear candidate had a lower nonlinear RMS.,5000.000000000002,step_cut_discarded,14.547596500483149,0.09661137133372853,1.0
,9,Another step cut from the same linear candidate had a lower nonlinear RMS.,5000.000000000002,step_cut_discarded,9.00256252911645,1.6709735909770445,0.5
,9,Another step cut from the same linear candidate had a lower nonlinear RMS.,5000.000000000002,step_cut_discarded,8.545132778375374,3.5774123513067786,0.25
,9,Another step cut from the same linear candidate had a lower nonlinear RMS.,5000.000000000002,step_cut_discarded,8.483812766253697,4.810446144098664,0.125
,9,Another step cut from the same linear candidate had a lower nonlinear RMS.,5000.000000000002,step_cut_discarded,8.46930572026096,5.496916643651362,0.0625
,9,Another step cut from the same linear candidate had a lower nonlinear RMS.,5000.000000000002,step_cut_discarded,8.464760909961507,5.8576402942169015,0.03125
,9,Another step cut from the same linear candidate had a lower nonlinear RMS.,5000.000000000002,step_cut_discarded,8.46309057601735,6.042374219696968,0.015625
,9,Another step cut from the same linear candidate had a lower nonlinear RMS.,5000.000000000002,step_cut_discarded,8.462401239410582,6.135834207486326,0.0078125
,9,Another step cut from the same linear candidate had a lower nonlinear RMS.,15811.3883008419,step_cut_discarded,15.070830138190876,0.03601109517582403,1.0
,9,Another step cut from the same linear candidate had a lower nonlinear RMS.,15811.3883008419,step_cut_discarded,9.142462804340477,1.614458420615505,0.5
,9,Another step cut from the same linear candidate had a lower nonlinear RMS.,15811.3883008419,step_cut_discarded,8.572609993074312,3.542601008055363,0.25
,9,Another step cut from the same linear candidate had a lower nonlinear RMS.,15811.3883008419,step_cut_discarded,8.49026125209902,4.791402032955297,0.125
,9,Another step cut from the same linear candidate had a lower nonlinear RMS.,15811.3883008419,step_cut_discarded,8.47097529841821,5.486984978200263,0.0625
,9,Another step cut from the same linear candidate had a lower nonlinear RMS.,15811.3883008419,step_cut_discarded,8.465229281979989,5.852572059021497,0.03125
,9,Another step cut from the same linear candidate had a lower nonlinear RMS.,15811.3883008419,step_cut_discarded,8.463235313954723,6.039814501481802,0.015625
,9,Another step cut from the same linear candidate had a lower nonlinear RMS.,15811.3883008419,step_cut_discarded,8.46245148022115,6.134547948224378,0.0078125
,9,A different valid candidate better satisfied the Occam selection policy.,0.0158113883008419,not_selected,8.460338836588859,7.0722199636597685,0.03125
,9,A different valid candidate better satisfied the Occam selection policy.,0.05000000000000001,not_selected,8.460179525101521,7.050743174671258,0.03125
,9,A different valid candidate better satisfied the Occam selection policy.,0.158113883008419,not_selected,8.459856255247422,7.028552725925965,0.03125
,9,A different valid candidate better satisfied the Occam selection policy.,0.5000000000000001,not_selected,8.459988848486327,6.9124634838652685,0.03125
,9,A different valid candidate better satisfied the Occam selection policy.,1.58113883008419,not_selected,8.459422535527922,6.735607353032677,0.03125
,9,A different valid candidate better satisfied the Occam selection policy.,5.000000000000001,not_selected,8.458621472462973,7.358036218507757,0.125
,9,A different valid candidate better satisfied the Occam selection policy.,50.000000000000014,not_selected,8.461940501164204,6.199344372299141,0.00390625
,9,A different valid candidate better satisfied the Occam selection policy.,158.113883008419,not_selected,8.462030676860826,6.1890037095415495,0.00390625
,9,A different valid candidate better satisfied the Occam selection policy.,500.0000000000001,not_selected,8.462064237204482,6.185222032749442,0.00390625
,9,A different valid candidate better satisfied the Occam selection policy.,1581.13883008419,not_selected,8.462079514000463,6.183702071451986,0.00390625
,9,A different valid candidate better satisfied the Occam selection policy.,5000.000000000002,not_selected,8.462092706535547,6.182837457643333,0.00390625
,9,A different valid candidate better satisfied the Occam selection policy.,15811.3883008419,not_selected,8.462112322019161,6.182192727973769,0.00390625
,10,Another step cut from the same linear candidate had a lower nonlinear RMS.,0.0158113883008419,step_cut_discarded,28.047039994800883,204.97340013204717,1.0
,10,Another step cut from the same linear candidate had a lower nonlinear RMS.,0.0158113883008419,step_cut_discarded,13.83651488766602,60.960510850071394,0.5
,10,Another step cut from the same linear candidate had a lower nonlinear RMS.,0.0158113883008419,step_cut_discarded,9.236425126776233,22.121595980824978,0.25
,10,Another step cut from the same linear candidate had a lower nonlinear RMS.,0.0158113883008419,step_cut_discarded,8.510513077034245,10.994020989137136,0.125
,10,Another step cut from the same linear candidate had a lower nonlinear RMS.,0.05000000000000001,step_cut_discarded,28.4071713440625,179.42770227435756,1.0
,10,Another step cut from the same linear candidate had a lower nonlinear RMS.,0.05000000000000001,step_cut_discarded,13.739788143562034,54.59697017624967,0.5
,10,Another step cut from the same linear candidate had a lower nonlinear RMS.,0.05000000000000001,step_cut_discarded,9.190711376833786,20.5421527076699,0.25
,10,Another step cut from the same linear candidate had a lower nonlinear RMS.,0.05000000000000001,step_cut_discarded,8.504121852415818,10.604881118498538,0.125
,10,Another step cut from the same linear candidate had a lower nonlinear RMS.,0.158113883008419,step_cut_discarded,26.256671947334805,155.3481707929063,1.0
,10,Another step cut from the same linear candidate had a lower nonlinear RMS.,0.158113883008419,step_cut_discarded,13.069786345545914,48.55705056789322,0.5
,10,Another step cut from the same linear candidate had a lower nonlinear RMS.,0.158113883008419,step_cut_discarded,9.084738250461392,19.022154436583964,0.25
,10,Another step cut from the same linear candidate had a lower nonlinear RMS.,0.158113883008419,step_cut_discarded,8.49472127788527,10.219872366228644,0.125
,10,Another step cut from the same linear candidate had a lower nonlinear RMS.,0.5000000000000001,step_cut_discarded,22.848034313857067,103.00568491789997,1.0
,10,Another step cut from the same linear candidate had a lower nonlinear RMS.,0.5000000000000001,step_cut_discarded,12.10218428191391,35.01263918190125,0.5
,10,Another step cut from the same linear candidate had a lower nonlinear RMS.,0.5000000000000001,step_cut_discarded,8.928386948691472,15.406656631465777,0.25
,10,Another step cut from the same linear candidate had a lower nonlinear RMS.,0.5000000000000001,step_cut_discarded,8.481480271637169,9.201300435639004,0.125
,10,Another step cut from the same linear candidate had a lower nonlinear RMS.,1.58113883008419,step_cut_discarded,18.847943131572727,52.82012571714076,1.0
,10,Another step cut from the same linear candidate had a lower nonlinear RMS.,1.58113883008419,step_cut_discarded,10.633662600936995,21.318366158313573,0.5
,10,Another step cut from the same linear candidate had a lower nonlinear RMS.,1.58113883008419,step_cut_discarded,8.691492398485442,11.409146763869924,0.25
,10,Another step cut from the same linear candidate had a lower nonlinear RMS.,1.58113883008419,step_cut_discarded,8.462630516364106,7.914952162890574,0.125
,10,Another step cut from the same linear candidate had a lower nonlinear RMS.,5.000000000000001,step_cut_discarded,10.806442664259208,21.2926483877016,1.0
,10,Another step cut from the same linear candidate had a lower nonlinear RMS.,5.000000000000001,step_cut_discarded,8.725493702750082,11.705589133127404,0.5
,10,Another step cut from the same linear candidate had a lower nonlinear RMS.,5.000000000000001,step_cut_discarded,8.464474611386771,8.140498661160184,0.25
,10,Another step cut from the same linear candidate had a lower nonlinear RMS.,50.000000000000014,step_cut_discarded,8.842322347411873,1.6581873995225613,1.0
,10,Another step cut from the same linear candidate had a lower nonlinear RMS.,50.000000000000014,step_cut_discarded,8.515500641419864,3.2002340854340994,0.5
,10,Another step cut from the same linear candidate had a lower nonlinear RMS.,50.000000000000014,step_cut_discarded,8.475088038972748,4.215789998912585,0.25
,10,Another step cut from the same linear candidate had a lower nonlinear RMS.,50.000000000000014,step_cut_discarded,8.46384802172667,4.784701098282506,0.125
,10,Another step cut from the same linear candidate had a lower nonlinear RMS.,50.000000000000014,step_cut_discarded,8.459294895564843,5.084439933625138,0.0625
,10,Another step cut from the same linear candidate had a lower nonlinear RMS.,50.000000000000014,step_cut_discarded,8.45721695876782,5.23813017271087,0.03125
,10,Another step cut from the same linear candidate had a lower nonlinear RMS.,50.000000000000014,step_cut_discarded,8.456223369789528,5.315930497607341,0.015625
,10,Another step cut from the same linear candidate had a lower nonlinear RMS.,50.000000000000014,step_cut_discarded,8.455737628662378,5.355069461393976,0.0078125
,10,Another step cut from the same linear candidate had a lower nonlinear RMS.,158.113883008419,step_cut_discarded,10.975950753347965,0.46709097429068996,1.0
,10,Another step cut from the same linear candidate had a lower nonlinear RMS.,158.113883008419,step_cut_discarded,8.675594198473314,2.0682729473300605,0.5
,10,Another step cut from the same linear candidate had a lower nonlinear RMS.,158.113883008419,step_cut_discarded,8.499882389320616,3.515706198488539,0.25
,10,Another step cut from the same linear candidate had a lower nonlinear RMS.,158.113883008419,step_cut_discarded,8.471564892481597,4.401133390227478,0.125
,10,Another step cut from the same linear candidate had a lower nonlinear RMS.,158.113883008419,step_cut_discarded,8.462494349982359,4.88427462763687,0.0625
,10,Another step cut from the same linear candidate had a lower nonlinear RMS.,158.113883008419,step_cut_discarded,8.458685090813916,5.1359521567265505,0.03125
,10,Another step cut from the same linear candidate had a lower nonlinear RMS.,158.113883008419,step_cut_discarded,8.456927030365271,5.264317648867633,0.015625
,10,Another step cut from the same linear candidate had a lower nonlinear RMS.,158.113883008419,step_cut_discarded,8.456082074210602,5.329132076837237,0.0078125
,10,Another step cut from the same linear candidate had a lower nonlinear RMS.,500.0000000000001,step_cut_discarded,12.769414376279384,0.26414331042982586,1.0
,10,Another step cut from the same linear candidate had a lower nonlinear RMS.,500.0000000000001,step_cut_discarded,8.804938095246804,1.7012740456152322,0.5
,10,Another step cut from the same linear candidate had a lower nonlinear RMS.,500.0000000000001,step_cut_discarded,8.5147099081743,3.265825480185026,0.25
,10,Another step cut from the same linear candidate had a lower nonlinear RMS.,500.0000000000001,step_cut_discarded,8.475201127142642,4.2595977142141965,0.125
,10,Another step cut from the same linear candidate had a lower nonlinear RMS.,500.0000000000001,step_cut_discarded,8.4638519141175,4.809357960414848,0.0625
,10,Another step cut from the same linear candidate had a lower nonlinear RMS.,500.0000000000001,step_cut_discarded,8.459279542037743,5.097456615811693,0.03125
,10,Another step cut from the same linear candidate had a lower nonlinear RMS.,500.0000000000001,step_cut_discarded,8.45720546336148,5.244810576584244,0.015625
,10,Another step cut from the same linear candidate had a lower nonlinear RMS.,500.0000000000001,step_cut_discarded,8.456216790282813,5.319313715239051,0.0078125
,10,Another step cut from the same linear candidate had a lower nonlinear RMS.,1581.13883008419,step_cut_discarded,13.531592620573601,0.18181149100288457,1.0
,10,Another step cut from the same linear candidate had a lower nonlinear RMS.,1581.13883008419,step_cut_discarded,8.885125224219598,1.5559884224229363,0.5
,10,Another step cut from the same linear candidate had a lower nonlinear RMS.,1581.13883008419,step_cut_discarded,8.524366602785989,3.167152740219171,0.25
,10,Another step cut from the same linear candidate had a lower nonlinear RMS.,1581.13883008419,step_cut_discarded,8.47733173413158,4.203753862138844,0.125
,10,Another step cut from the same linear candidate had a lower nonlinear RMS.,1581.13883008419,step_cut_discarded,8.464551326107179,4.7798091638540665,0.0625
,10,Another step cut from the same linear candidate had a lower nonlinear RMS.,1581.13883008419,step_cut_discarded,8.45955810494584,5.082275499900523,0.03125
,10,Another step cut from the same linear candidate had a lower nonlinear RMS.,1581.13883008419,step_cut_discarded,8.45732849388906,5.237118339220966,0.015625
,10,Another step cut from the same linear candidate had a lower nonlinear RMS.,1581.13883008419,step_cut_discarded,8.456274376625316,5.315442176705489,0.0078125
,10,Another step cut from the same linear candidate had a lower nonlinear RMS.,5000.000000000002,step_cut_discarded,13.964521544171246,0.09934950390655511,1.0
,10,Another step cut from the same linear candidate had a lower nonlinear RMS.,5000.000000000002,step_cut_discarded,8.97653164537858,1.4696545510046601,0.5
,10,Another step cut from the same linear candidate had a lower nonlinear RMS.,5000.000000000002,step_cut_discarded,8.538827470949569,3.1127100850425062,0.25
,10,Another step cut from the same linear candidate had a lower nonlinear RMS.,5000.000000000002,step_cut_discarded,8.4805370777468,4.173713604683628,0.125
,10,Another step cut from the same linear candidate had a lower nonlinear RMS.,5000.000000000002,step_cut_discarded,8.465431735197793,4.764084302659736,0.0625
,10,Another step cut from the same linear candidate had a lower nonlinear RMS.,5000.000000000002,step_cut_discarded,8.459838205090055,5.074236886186681,0.03125
,10,Another step cut from the same linear candidate had a lower nonlinear RMS.,5000.000000000002,step_cut_discarded,8.45743019512807,5.2330549865848734,0.015625
,10,Another step cut from the same linear candidate had a lower nonlinear RMS.,5000.000000000002,step_cut_discarded,8.456315797886985,5.31339948894265,0.0078125
,10,Another step cut from the same linear candidate had a lower nonlinear RMS.,15811.3883008419,step_cut_discarded,14.516527732762603,0.03675456359204213,1.0
,10,Another step cut from the same linear candidate had a lower nonlinear RMS.,15811.3883008419,step_cut_discarded,9.122429677241119,1.4083564005198288,0.5
,10,Another step cut from the same linear candidate had a lower nonlinear RMS.,15811.3883008419,step_cut_discarded,8.566229242392108,3.0745608397181963,0.25
,10,Another step cut from the same linear candidate had a lower nonlinear RMS.,15811.3883008419,step_cut_discarded,8.486757671680618,4.152763939500999,0.125
,10,Another step cut from the same linear candidate had a lower nonlinear RMS.,15811.3883008419,step_cut_discarded,8.467017387988502,4.753140709438305,0.0625
,10,Another step cut from the same linear candidate had a lower nonlinear RMS.,15811.3883008419,step_cut_discarded,8.460279135080395,5.068647899418434,0.03125
,10,Another step cut from the same linear candidate had a lower nonlinear RMS.,15811.3883008419,step_cut_discarded,8.45756550883869,5.230231195661368,0.015625
,10,Another step cut from the same linear candidate had a lower nonlinear RMS.,15811.3883008419,step_cut_discarded,8.456362470391019,5.311980269096053,0.0078125
,10,A different valid candidate better satisfied the Occam selection policy.,0.0158113883008419,not_selected,8.449710517476138,7.503204104027062,0.0625
,10,A different valid candidate better satisfied the Occam selection policy.,0.05000000000000001,not_selected,8.448992209512387,7.408779610192502,0.0625
,10,A different valid candidate better satisfied the Occam selection policy.,0.158113883008419,not_selected,8.448210513648243,7.310022829875821,0.0625
,10,A different valid candidate better satisfied the Occam selection policy.,0.5000000000000001,not_selected,8.447785979452272,6.998031107573363,0.0625
,10,A different valid candidate better satisfied the Occam selection policy.,1.58113883008419,not_selected,8.44811116394882,6.532958636461517,0.0625
,10,A different valid candidate better satisfied the Occam selection policy.,5.000000000000001,not_selected,8.446792713476338,6.665063214006544,0.125
,10,A different valid candidate better satisfied the Occam selection policy.,50.000000000000014,not_selected,8.455497499535229,5.374698643621897,0.00390625
,10,A different valid candidate better satisfied the Occam selection policy.,158.113883008419,not_selected,8.455667897508146,5.3616972112968035,0.00390625
,10,A different valid candidate better satisfied the Occam selection policy.,500.0000000000001,not_selected,8.45573414989567,5.356771824133588,0.00390625
,10,A different valid candidate better satisfied the Occam selection policy.,1581.13883008419,not_selected,8.455761974091656,5.354829699903825,0.00390625
,10,A different valid candidate better satisfied the Occam selection policy.,5000.000000000002,not_selected,8.455780343990572,5.353805603161209,0.00390625
,10,A different valid candidate better satisfied the Occam selection policy.,15811.3883008419,not_selected,8.455798469108824,5.353094162141698,0.00390625
,11,Another step cut from the same linear candidate had a lower nonlinear RMS.,0.0158113883008419,step_cut_discarded,17.51323873878228,177.42490338051465,1.0
,11,Another step cut from the same linear candidate had a lower nonlinear RMS.,0.0158113883008419,step_cut_discarded,10.894179933141851,55.80749824254128,0.5
,11,Another step cut from the same linear candidate had a lower nonlinear RMS.,0.0158113883008419,step_cut_discarded,8.813622816454592,22.733442055791297,0.25
,11,Another step cut from the same linear candidate had a lower nonlinear RMS.,0.0158113883008419,step_cut_discarded,8.47355737922602,13.130075557975482,0.125
,11,Another step cut from the same linear candidate had a lower nonlinear RMS.,0.05000000000000001,step_cut_discarded,17.349253467829232,175.7410443280905,1.0
,11,Another step cut from the same linear candidate had a lower nonlinear RMS.,0.05000000000000001,step_cut_discarded,10.84518146042023,55.41368788601362,0.5
,11,Another step cut from the same linear candidate had a lower nonlinear RMS.,0.05000000000000001,step_cut_discarded,8.805508583449429,22.648566669948575,0.25
,11,Another step cut from the same linear candidate had a lower nonlinear RMS.,0.05000000000000001,step_cut_discarded,8.47256253605332,13.115645313159394,0.125
,11,Another step cut from the same linear candidate had a lower nonlinear RMS.,0.158113883008419,step_cut_discarded,16.98289774998971,145.09265643476692,1.0
,11,Another step cut from the same linear candidate had a lower nonlinear RMS.,0.158113883008419,step_cut_discarded,10.638898215323495,47.684388307292124,0.5
,11,Another step cut from the same linear candidate had a lower nonlinear RMS.,0.158113883008419,step_cut_discarded,8.755814749252382,20.682640472572892,0.25
,11,Another step cut from the same linear candidate had a lower nonlinear RMS.,0.158113883008419,step_cut_discarded,8.46653818198362,12.607363112467823,0.125
,11,Another step cut from the same linear candidate had a lower nonlinear RMS.,0.5000000000000001,step_cut_discarded,16.191593723828593,88.24418911954717,1.0
,11,Another step cut from the same linear candidate had a lower nonlinear RMS.,0.5000000000000001,step_cut_discarded,10.167626471534609,32.9045245397914,0.5
,11,Another step cut from the same linear candidate had a lower nonlinear RMS.,0.5000000000000001,step_cut_discarded,8.656740426133767,16.703801061349818,0.25
,11,Another step cut from the same linear candidate had a lower nonlinear RMS.,0.5000000000000001,step_cut_discarded,8.457443332282987,11.47071652498811,0.125
,11,Another step cut from the same linear candidate had a lower nonlinear RMS.,1.58113883008419,step_cut_discarded,13.57577204121122,45.35845948755474,1.0
,11,Another step cut from the same linear candidate had a lower nonlinear RMS.,1.58113883008419,step_cut_discarded,9.360128073396922,21.019489678899035,0.5
,11,Another step cut from the same linear candidate had a lower nonlinear RMS.,1.58113883008419,step_cut_discarded,8.547640625168047,13.150741119679608,0.25
,11,Another step cut from the same linear candidate had a lower nonlinear RMS.,1.58113883008419,step_cut_discarded,8.447892443031474,10.291550926346991,0.125
,11,Another step cut from the same linear candidate had a lower nonlinear RMS.,5.000000000000001,step_cut_discarded,8.601014832010545,15.332726253526225,1.0
,11,Another step cut from the same linear candidate had a lower nonlinear RMS.,5.000000000000001,step_cut_discarded,8.448501113873444,11.16796041410019,0.5
,11,Another step cut from the same linear candidate had a lower nonlinear RMS.,15.8113883008419,step_cut_discarded,8.722799638348846,2.780631113581115,1.0
,11,Another step cut from the same linear candidate had a lower nonlinear RMS.,15.8113883008419,step_cut_discarded,8.475121795730267,4.981600790153997,0.5
,11,Another step cut from the same linear candidate had a lower nonlinear RMS.,15.8113883008419,step_cut_discarded,8.449554911450917,6.4445529998675255,0.25
,11,Another step cut from the same linear candidate had a lower nonlinear RMS.,15.8113883008419,step_cut_discarded,8.443459773682369,7.266645947581062,0.125
,11,Another step cut from the same linear candidate had a lower nonlinear RMS.,15.8113883008419,step_cut_discarded,8.441450892736897,7.700346632152024,0.0625
,11,Another step cut from the same linear candidate had a lower nonlinear RMS.,15.8113883008419,step_cut_discarded,8.44067590429445,7.922860527116052,0.03125
,11,Another step cut from the same linear candidate had a lower nonlinear RMS.,15.8113883008419,step_cut_discarded,8.44034414693702,8.035533362767703,0.015625
,11,Another step cut from the same linear candidate had a lower nonlinear RMS.,15.8113883008419,step_cut_discarded,8.440192112165954,8.092223752635938,0.0078125
,11,Another step cut from the same linear candidate had a lower nonlinear RMS.,50.000000000000014,step_cut_discarded,11.845623062652495,0.6284743152277608,1.0
,11,Another step cut from the same linear candidate had a lower nonlinear RMS.,50.000000000000014,step_cut_discarded,8.642488568909368,3.0811940818609496,0.5
,11,Another step cut from the same linear candidate had a lower nonlinear RMS.,50.000000000000014,step_cut_discarded,8.472009403930825,5.28826756844191,0.25
,11,Another step cut from the same linear candidate had a lower nonlinear RMS.,50.000000000000014,step_cut_discarded,8.449657852120223,6.636982712548483,0.125
,11,Another step cut from the same linear candidate had a lower nonlinear RMS.,50.000000000000014,step_cut_discarded,8.443764198473946,7.37263488480579,0.0625
,11,Another step cut from the same linear candidate had a lower nonlinear RMS.,50.000000000000014,step_cut_discarded,8.441662692469185,7.755784620985449,0.03125
,11,Another step cut from the same linear candidate had a lower nonlinear RMS.,50.000000000000014,step_cut_discarded,8.440796805905435,7.951190401588031,0.015625
,11,Another step cut from the same linear candidate had a lower nonlinear RMS.,50.000000000000014,step_cut_discarded,8.44040838646293,8.049851020017512,0.0078125
,11,Another step cut from the same linear candidate had a lower nonlinear RMS.,158.113883008419,step_cut_discarded,14.529219627639744,0.31397233138632574,1.0
,11,Another step cut from the same linear candidate had a lower nonlinear RMS.,158.113883008419,step_cut_discarded,8.793036458254468,2.5061463864172846,0.5
,11,Another step cut from the same linear candidate had a lower nonlinear RMS.,158.113883008419,step_cut_discarded,8.486120899983169,4.896294544839341,0.25
,11,Another step cut from the same linear candidate had a lower nonlinear RMS.,158.113883008419,step_cut_discarded,8.45262510540705,6.414883906777012,0.125
,11,Another step cut from the same linear candidate had a lower nonlinear RMS.,158.113883008419,step_cut_discarded,8.444739891117598,7.2550574084275095,0.0625
,11,Another step cut from the same linear candidate had a lower nonlinear RMS.,158.113883008419,step_cut_discarded,8.442052000233762,7.695363864423171,0.03125
,11,Another step cut from the same linear candidate had a lower nonlinear RMS.,158.113883008419,step_cut_discarded,8.440968664678932,7.920572018713611,0.015625
,11,Another step cut from the same linear candidate had a lower nonlinear RMS.,158.113883008419,step_cut_discarded,8.440488753988175,8.034439827431976,0.0078125
,11,Another step cut from the same linear candidate had a lower nonlinear RMS.,500.0000000000001,step_cut_discarded,15.547082900506597,0.23589614979433088,1.0
,11,Another step cut from the same linear candidate had a lower nonlinear RMS.,500.0000000000001,step_cut_discarded,8.873984628633046,2.3068141640268323,0.5
,11,Another step cut from the same linear candidate had a lower nonlinear RMS.,500.0000000000001,step_cut_discarded,8.49345979757146,4.756554900745501,0.25
,11,Another step cut from the same linear candidate had a lower nonlinear RMS.,500.0000000000001,step_cut_discarded,8.453999226497299,6.334995701505438,0.125
,11,Another step cut from the same linear candidate had a lower nonlinear RMS.,500.0000000000001,step_cut_discarded,8.445150278751342,7.2126087099855605,0.0625
,11,Another step cut from the same linear candidate had a lower nonlinear RMS.,500.0000000000001,step_cut_discarded,8.442204595234037,7.673513366250656,0.03125
,11,Another step cut from the same linear candidate had a lower nonlinear RMS.,500.0000000000001,step_cut_discarded,8.441032877839978,7.909490232389466,0.015625
,11,Another step cut from the same linear candidate had a lower nonlinear RMS.,500.0000000000001,step_cut_discarded,8.44051791790226,8.028859799960435,0.0078125
,11,Another step cut from the same linear candidate had a lower nonlinear RMS.,1581.13883008419,step_cut_discarded,15.92725402582446,0.1714862336368367,1.0
,11,Another step cut from the same linear candidate had a lower nonlinear RMS.,1581.13883008419,step_cut_discarded,8.930758091049045,2.2142284970668884,0.5
,11,Another step cut from the same linear candidate had a lower nonlinear RMS.,1581.13883008419,step_cut_discarded,8.499734170673698,4.69516689004523,0.25
,11,Another step cut from the same linear candidate had a lower nonlinear RMS.,1581.13883008419,step_cut_discarded,8.455202989346017,6.300527901850227,0.125
,11,Another step cut from the same linear candidate had a lower nonlinear RMS.,1581.13883008419,step_cut_discarded,8.445468907170651,7.194431361581686,0.0625
,11,Another step cut from the same linear candidate had a lower nonlinear RMS.,1581.13883008419,step_cut_discarded,8.442304711034312,7.664188829904653,0.03125
,11,Another step cut from the same linear candidate had a lower nonlinear RMS.,1581.13883008419,step_cut_discarded,8.441068907654477,7.9047689986804475,0.015625
,11,Another step cut from the same linear candidate had a lower nonlinear RMS.,1581.13883008419,step_cut_discarded,8.440532484703908,8.026484441721921,0.0078125
,11,Another step cut from the same linear candidate had a lower nonlinear RMS.,5000.000000000002,step_cut_discarded,16.2343473251758,0.0962639318422168,1.0
,11,Another step cut from the same linear candidate had a lower nonlinear RMS.,5000.000000000002,step_cut_discarded,9.012064161464655,2.147140940052708,0.5
,11,Another step cut from the same linear candidate had a lower nonlinear RMS.,5000.000000000002,step_cut_discarded,8.512138634877344,4.654254010008921,0.25
,11,Another step cut from the same linear candidate had a lower nonlinear RMS.,5000.000000000002,step_cut_discarded,8.457840898896665,6.27822918644977,0.125
,11,Another step cut from the same linear candidate had a lower nonlinear RMS.,5000.000000000002,step_cut_discarded,8.446114013085221,7.182821435035881,0.0625
,11,Another step cut from the same linear candidate had a lower nonlinear RMS.,5000.000000000002,step_cut_discarded,8.442472521760322,7.65826872442036,0.03125
,11,Another step cut from the same linear candidate had a lower nonlinear RMS.,5000.000000000002,step_cut_discarded,8.441115145050809,7.901780160385448,0.015625
,11,Another step cut from the same linear candidate had a lower nonlinear RMS.,5000.000000000002,step_cut_discarded,8.440546274932782,8.02498282618621,0.0078125
,11,Another step cut from the same linear candidate had a lower nonlinear RMS.,15811.3883008419,step_cut_discarded,16.697359900750893,0.03538523258219781,1.0
,11,Another step cut from the same linear candidate had a lower nonlinear RMS.,15811.3883008419,step_cut_discarded,9.151265384420514,2.0929539805938577,0.5
,11,Another step cut from the same linear candidate had a lower nonlinear RMS.,15811.3883008419,step_cut_discarded,8.538296637403645,4.621223627822285,0.25
,11,Another step cut from the same linear candidate had a lower nonlinear RMS.,15811.3883008419,step_cut_discarded,8.463681453523288,6.26022976974215,0.125
,11,Another step cut from the same linear candidate had a lower nonlinear RMS.,15811.3883008419,step_cut_discarded,8.447500576911008,7.173450670278493,0.0625
,11,Another step cut from the same linear candidate had a lower nonlinear RMS.,15811.3883008419,step_cut_discarded,8.442804327506373,7.653490577940769,0.03125
,11,Another step cut from the same linear candidate had a lower nonlinear RMS.,15811.3883008419,step_cut_discarded,8.44119276299636,7.899367896120433,0.015625
,11,Another step cut from the same linear candidate had a lower nonlinear RMS.,15811.3883008419,step_cut_discarded,8.440563236670643,8.023770896297394,0.0078125
,11,A different valid candidate better satisfied the Occam selection policy.,0.0158113883008419,not_selected,8.438577676580072,10.061807707957366,0.0625
,11,A different valid candidate better satisfied the Occam selection policy.,0.05000000000000001,not_selected,8.438406502827263,10.061594447575645,0.0625
,11,A different valid candidate better satisfied the Occam selection policy.,0.158113883008419,not_selected,8.43786053853775,9.926123571728924,0.0625
,11,A different valid candidate better satisfied the Occam selection policy.,0.5000000000000001,not_selected,8.437865089376617,9.570993557522018,0.0625
,11,A different valid candidate better satisfied the Occam selection policy.,1.58113883008419,not_selected,8.437910664006079,9.13075185124996,0.0625
,11,A different valid candidate better satisfied the Occam selection policy.,15.8113883008419,not_selected,8.440119550941391,8.12065744058066,0.00390625
,11,A different valid candidate better satisfied the Occam selection policy.,50.000000000000014,not_selected,8.440225185214889,8.099420761264296,0.00390625
,11,A different valid candidate better satisfied the Occam selection policy.,158.113883008419,not_selected,8.440263990224334,8.091689664684449,0.00390625
,11,A different valid candidate better satisfied the Occam selection policy.,500.0000000000001,not_selected,8.440277843134734,8.088889867371309,0.00390625
,11,A different valid candidate better satisfied the Occam selection policy.,1581.13883008419,not_selected,8.440284269680793,8.08769850290605,0.00390625
,11,A different valid candidate better satisfied the Occam selection policy.,5000.000000000002,not_selected,8.440288841479424,8.086945896041147,0.00390625
,11,A different valid candidate better satisfied the Occam selection policy.,15811.3883008419,not_selected,8.44029188640865,8.086338481657661,0.00390625
,12,Another step cut from the same linear candidate had a lower nonlinear RMS.,0.005000000000000001,step_cut_discarded,13.977305115588726,159.26033541516676,1.0
,12,Another step cut from the same linear candidate had a lower nonlinear RMS.,0.005000000000000001,step_cut_discarded,9.871591014805519,53.61914492447927,0.5
,12,Another step cut from the same linear candidate had a lower nonlinear RMS.,0.005000000000000001,step_cut_discarded,8.645737678330992,23.87505832596388,0.25
,12,Another step cut from the same linear candidate had a lower nonlinear RMS.,0.005000000000000001,step_cut_discarded,8.452482250989048,14.772142188413266,0.125
,12,Another step cut from the same linear candidate had a lower nonlinear RMS.,0.0158113883008419,step_cut_discarded,13.962504555006287,159.16218094555188,1.0
,12,Another step cut from the same linear candidate had a lower nonlinear RMS.,0.0158113883008419,step_cut_discarded,9.869313615257182,53.59133067679559,0.5
,12,Another step cut from the same linear candidate had a lower nonlinear RMS.,0.0158113883008419,step_cut_discarded,8.645490513882928,23.86646694890298,0.25
,12,Another step cut from the same linear candidate had a lower nonlinear RMS.,0.0158113883008419,step_cut_discarded,8.452462605944726,14.769175436578042,0.125
,12,Another step cut from the same linear candidate had a lower nonlinear RMS.,0.05000000000000001,step_cut_discarded,13.925917350417514,158.90220648947587,1.0
,12,Another step cut from the same linear candidate had a lower nonlinear RMS.,0.05000000000000001,step_cut_discarded,9.863670010696023,53.51854267051129,0.5
,12,Another step cut from the same linear candidate had a lower nonlinear RMS.,0.05000000000000001,step_cut_discarded,8.644869695034224,23.844372751199238,0.25
,12,Another step cut from the same linear candidate had a lower nonlinear RMS.,0.05000000000000001,step_cut_discarded,8.45240852923058,14.761703289085787,0.125
,12,Another step cut from the same linear candidate had a lower nonlinear RMS.,0.158113883008419,step_cut_discarded,13.183549488143628,143.11773257859198,1.0
,12,Another step cut from the same linear candidate had a lower nonlinear RMS.,0.158113883008419,step_cut_discarded,9.71455757612863,49.41800373780677,0.5
,12,Another step cut from the same linear candidate had a lower nonlinear RMS.,0.158113883008419,step_cut_discarded,8.620987140260903,22.74202779053134,0.25
,12,Another step cut from the same linear candidate had a lower nonlinear RMS.,0.158113883008419,step_cut_discarded,8.449773338340957,14.447511935172919,0.125
,12,Another step cut from the same linear candidate had a lower nonlinear RMS.,0.5000000000000001,step_cut_discarded,12.40764717466102,86.87557959343822,1.0
,12,Another step cut from the same linear candidate had a lower nonlinear RMS.,0.5000000000000001,step_cut_discarded,9.245317907022175,34.35628212588661,0.5
,12,Another step cut from the same linear candidate had a lower nonlinear RMS.,0.5000000000000001,step_cut_discarded,8.531869173565422,18.47600570473544,0.25
,12,Another step cut from the same linear candidate had a lower nonlinear RMS.,0.5000000000000001,step_cut_discarded,8.441777227339161,13.130710572316014,0.125
,12,Another step cut from the same linear candidate had a lower nonlinear RMS.,1.58113883008419,step_cut_discarded,9.98691515520258,38.73251251522568,1.0
,12,Another step cut from the same linear candidate had a lower nonlinear RMS.,1.58113883008419,step_cut_discarded,8.655472160666415,20.403804066113995,0.5
,12,Another step cut from the same linear candidate had a lower nonlinear RMS.,1.58113883008419,step_cut_discarded,8.458395855078834,14.02953054468255,0.25
,12,Another step cut from the same linear candidate had a lower nonlinear RMS.,15.8113883008419,step_cut_discarded,9.865184549901985,1.9838295519217846,1.0
,12,Another step cut from the same linear candidate had a lower nonlinear RMS.,15.8113883008419,step_cut_discarded,8.52719956098449,4.9171023887668985,0.5
,12,Another step cut from the same linear candidate had a lower nonlinear RMS.,15.8113883008419,step_cut_discarded,8.452236892967068,7.008089657085212,0.25
,12,Another step cut from the same linear candidate had a lower nonlinear RMS.,15.8113883008419,step_cut_discarded,8.44056223565441,8.209671003718311,0.125
,12,Another step cut from the same linear candidate had a lower nonlinear RMS.,15.8113883008419,step_cut_discarded,8.437394368422376,8.84948360515334,0.0625
,12,Another step cut from the same linear candidate had a lower nonlinear RMS.,15.8113883008419,step_cut_discarded,8.436318309151495,9.17914538790048,0.03125
,12,Another step cut from the same linear candidate had a lower nonlinear RMS.,15.8113883008419,step_cut_discarded,8.435899583528387,9.346415149781453,0.015625
,12,Another step cut from the same linear candidate had a lower nonlinear RMS.,15.8113883008419,step_cut_discarded,8.435719689744705,9.430659748348791,0.0078125
,12,Another step cut from the same linear candidate had a lower nonlinear RMS.,50.00000000000001,step_cut_discarded,14.227550618333323,0.4989229415358799,1.0
,12,Another step cut from the same linear candidate had a lower nonlinear RMS.,50.00000000000001,step_cut_discarded,8.739917813875817,3.296719347866581,0.5
,12,Another step cut from the same linear candidate had a lower nonlinear RMS.,50.00000000000001,step_cut_discarded,8.474203792173993,5.978415702708212,0.25
,12,Another step cut from the same linear candidate had a lower nonlinear RMS.,50.00000000000001,step_cut_discarded,8.445686016954978,7.639963418048098,0.125
,12,Another step cut from the same linear candidate had a lower nonlinear RMS.,50.00000000000001,step_cut_discarded,8.439144558264422,8.550912160197809,0.0625
,12,Another step cut from the same linear candidate had a lower nonlinear RMS.,50.00000000000001,step_cut_discarded,8.437026345171823,9.026430252392604,0.03125
,12,Another step cut from the same linear candidate had a lower nonlinear RMS.,50.00000000000001,step_cut_discarded,8.436214210803747,9.26920022876999,0.015625
,12,Another step cut from the same linear candidate had a lower nonlinear RMS.,50.00000000000001,step_cut_discarded,8.435867340181073,9.39183794952868,0.0078125
,12,Another step cut from the same linear candidate had a lower nonlinear RMS.,158.11388300841898,step_cut_discarded,16.50332754263816,0.28233216529735117,1.0
,12,Another step cut from the same linear candidate had a lower nonlinear RMS.,158.11388300841898,step_cut_discarded,8.881103567760716,2.7997575532092323,0.5
,12,Another step cut from the same linear candidate had a lower nonlinear RMS.,158.11388300841898,step_cut_discarded,8.486204130981216,5.6327682037450195,0.25
,12,Another step cut from the same linear candidate had a lower nonlinear RMS.,158.11388300841898,step_cut_discarded,8.447987828670177,7.4428480181578704,0.125
,12,Another step cut from the same linear candidate had a lower nonlinear RMS.,158.11388300841898,step_cut_discarded,8.439854118917973,8.446281547650539,0.0625
,12,Another step cut from the same linear candidate had a lower nonlinear RMS.,158.11388300841898,step_cut_discarded,8.437297004933688,8.972596717968427,0.03125
,12,Another step cut from the same linear candidate had a lower nonlinear RMS.,158.11388300841898,step_cut_discarded,8.43633023508702,9.241903904520266,0.015625
,12,Another step cut from the same linear candidate had a lower nonlinear RMS.,158.11388300841898,step_cut_discarded,8.435920659981646,9.378094898144408,0.0078125
,12,Another step cut from the same linear candidate had a lower nonlinear RMS.,500.0000000000001,step_cut_discarded,17.297473005486474,0.22306154634022055,1.0
,12,Another step cut from the same linear candidate had a lower nonlinear RMS.,500.0000000000001,step_cut_discarded,8.951689821647832,2.6271060732808875,0.5
,12,Another step cut from the same linear candidate had a lower nonlinear RMS.,500.0000000000001,step_cut_discarded,8.492206763719993,5.510688421168401,0.25
,12,Another step cut from the same linear candidate had a lower nonlinear RMS.,500.0000000000001,step_cut_discarded,8.449054251736168,7.372869616216451,0.125
,12,Another step cut from the same linear candidate had a lower nonlinear RMS.,500.0000000000001,step_cut_discarded,8.440158117228739,8.40905771901655,0.0625
,12,Another step cut from the same linear candidate had a lower nonlinear RMS.,500.0000000000001,step_cut_discarded,8.437405543705243,8.953426146735618,0.03125
,12,Another step cut from the same linear candidate had a lower nonlinear RMS.,500.0000000000001,step_cut_discarded,8.436374541841795,9.232178954674907,0.015625
,12,Another step cut from the same linear candidate had a lower nonlinear RMS.,500.0000000000001,step_cut_discarded,8.435940391948222,9.37319750716449,0.0078125
,12,Another step cut from the same linear candidate had a lower nonlinear RMS.,1581.13883008419,step_cut_discarded,17.617036192209873,0.16579280129615073,1.0
,12,Another step cut from the same linear candidate had a lower nonlinear RMS.,1581.13883008419,step_cut_discarded,9.002557258174772,2.545940621367084,0.5
,12,Another step cut from the same linear candidate had a lower nonlinear RMS.,1581.13883008419,step_cut_discarded,8.497620155084734,5.456972925363557,0.25
,12,Another step cut from the same linear candidate had a lower nonlinear RMS.,1581.13883008419,step_cut_discarded,8.450087823579864,7.342728675852043,0.125
,12,Another step cut from the same linear candidate had a lower nonlinear RMS.,1581.13883008419,step_cut_discarded,8.440428146555808,8.39316645071885,0.0625
,12,Another step cut from the same linear candidate had a lower nonlinear RMS.,1581.13883008419,step_cut_discarded,8.437488431524063,8.945275313057893,0.03125
,12,Another step cut from the same linear candidate had a lower nonlinear RMS.,1581.13883008419,step_cut_discarded,8.436403587215711,9.228052237953825,0.015625
,12,Another step cut from the same linear candidate had a lower nonlinear RMS.,1581.13883008419,step_cut_discarded,8.435951864296719,9.371121323833394,0.0078125
,12,Another step cut from the same linear candidate had a lower nonlinear RMS.,5000.000000000001,step_cut_discarded,17.89923525500252,0.0939863138809117,1.0
,12,Another step cut from the same linear candidate had a lower nonlinear RMS.,5000.000000000001,step_cut_discarded,9.080440203247027,2.484269617635715,0.5
,12,Another step cut from the same linear candidate had a lower nonlinear RMS.,5000.000000000001,step_cut_discarded,8.509328492830727,5.419695483491934,0.25
,12,Another step cut from the same linear candidate had a lower nonlinear RMS.,5000.000000000001,step_cut_discarded,8.4526130816361,7.32247946991475,0.125
,12,Another step cut from the same linear candidate had a lower nonlinear RMS.,5000.000000000001,step_cut_discarded,8.44105416074348,8.382639226499832,0.0625
,12,Another step cut from the same linear candidate had a lower nonlinear RMS.,5000.000000000001,step_cut_discarded,8.437653910918547,8.939911045635789,0.03125
,12,Another step cut from the same linear candidate had a lower nonlinear RMS.,5000.000000000001,step_cut_discarded,8.436450282361745,9.225344940414626,0.015625
,12,Another step cut from the same linear candidate had a lower nonlinear RMS.,5000.000000000001,step_cut_discarded,8.435966272619254,9.369761384106758,0.0078125
,12,A different valid candidate better satisfied the Occam selection policy.,0.005000000000000001,not_selected,8.433172265110262,11.662965910064724,0.0625
,12,A different valid candidate better satisfied the Occam selection policy.,0.0158113883008419,not_selected,8.433172564186705,11.66181476832092,0.0625
,12,A different valid candidate better satisfied the Occam selection policy.,0.05000000000000001,not_selected,8.433171420141463,11.658972432414691,0.0625
,12,A different valid candidate better satisfied the Occam selection policy.,0.158113883008419,not_selected,8.432977178376904,11.561122037063532,0.0625
,12,A different valid candidate better satisfied the Occam selection policy.,0.5000000000000001,not_selected,8.433018369338452,11.106773775645346,0.0625
,12,A different valid candidate better satisfied the Occam selection policy.,1.58113883008419,not_selected,8.435019099329788,11.539913959747926,0.125
,12,A different valid candidate better satisfied the Occam selection policy.,15.8113883008419,not_selected,8.435637098644666,9.472934477039171,0.00390625
,12,A different valid candidate better satisfied the Occam selection policy.,50.00000000000001,not_selected,8.435708524661468,9.453469993050524,0.00390625
,12,A different valid candidate better satisfied the Occam selection policy.,158.11388300841898,not_selected,8.43573402358089,9.446574745043536,0.00390625
,12,A different valid candidate better satisfied the Occam selection policy.,500.0000000000001,not_selected,8.435743290380556,9.444117320539265,0.00390625
,12,A different valid candidate better satisfied the Occam selection policy.,1581.13883008419,not_selected,8.43574826842134,9.44307602263108,0.00390625
,12,A different valid candidate better satisfied the Occam selection policy.,5000.000000000001,not_selected,8.435753244876858,9.442394480028506,0.00390625
,13,Another step cut from the same linear candidate had a lower nonlinear RMS.,0.005000000000000001,step_cut_discarded,12.02324977193008,184.2251208383842,1.0
,13,Another step cut from the same linear candidate had a lower nonlinear RMS.,0.005000000000000001,step_cut_discarded,9.500587161375757,64.13528826696346,0.5
,13,Another step cut from the same linear candidate had a lower nonlinear RMS.,0.005000000000000001,step_cut_discarded,8.601031258394244,29.183678790454493,0.25
,13,Another step cut from the same linear candidate had a lower nonlinear RMS.,0.005000000000000001,step_cut_discarded,8.44052459026846,17.981200754500396,0.125
,13,Another step cut from the same linear candidate had a lower nonlinear RMS.,0.0158113883008419,step_cut_discarded,12.024847419024614,183.74666610774585,1.0
,13,Another step cut from the same linear candidate had a lower nonlinear RMS.,0.0158113883008419,step_cut_discarded,9.500473086853711,64.02507073819136,0.5
,13,Another step cut from the same linear candidate had a lower nonlinear RMS.,0.0158113883008419,step_cut_discarded,8.600640971775126,29.160822485205234,0.25
,13,Another step cut from the same linear candidate had a lower nonlinear RMS.,0.0158113883008419,step_cut_discarded,8.440446017373663,17.977835716659953,0.125
,13,Another step cut from the same linear candidate had a lower nonlinear RMS.,0.05000000000000001,step_cut_discarded,12.0291865183575,182.44050178735108,1.0
,13,Another step cut from the same linear candidate had a lower nonlinear RMS.,0.05000000000000001,step_cut_discarded,9.500237026374123,63.72499920310233,0.5
,13,Another step cut from the same linear candidate had a lower nonlinear RMS.,0.05000000000000001,step_cut_discarded,8.599619239586668,29.099039373937806,0.25
,13,Another step cut from the same linear candidate had a lower nonlinear RMS.,0.05000000000000001,step_cut_discarded,8.440238131829771,17.969007325095514,0.125
,13,Another step cut from the same linear candidate had a lower nonlinear RMS.,0.158113883008419,step_cut_discarded,11.84265427021412,168.83303880612942,1.0
,13,Another step cut from the same linear candidate had a lower nonlinear RMS.,0.158113883008419,step_cut_discarded,9.412463329184131,60.09084749385735,0.5
,13,Another step cut from the same linear candidate had a lower nonlinear RMS.,0.158113883008419,step_cut_discarded,8.577613438988104,28.074358464656775,0.25
,13,Another step cut from the same linear candidate had a lower nonlinear RMS.,0.158113883008419,step_cut_discarded,8.437356451631643,17.65476560679036,0.125
,13,Another step cut from the same linear candidate had a lower nonlinear RMS.,0.5000000000000001,step_cut_discarded,10.67654026433892,81.32369494131986,1.0
,13,Another step cut from the same linear candidate had a lower nonlinear RMS.,0.5000000000000001,step_cut_discarded,8.795189246120326,35.42996739366986,0.5
,13,Another step cut from the same linear candidate had a lower nonlinear RMS.,0.5000000000000001,step_cut_discarded,8.4608099646777,20.51736637261737,0.25
,13,Another step cut from the same linear candidate had a lower nonlinear RMS.,1.58113883008419,step_cut_discarded,9.008031839859447,31.780220072862747,1.0
,13,Another step cut from the same linear candidate had a lower nonlinear RMS.,1.58113883008419,step_cut_discarded,8.48883469882053,19.509781570316477,0.5
,13,Another step cut from the same linear candidate had a lower nonlinear RMS.,1.58113883008419,step_cut_discarded,8.426264749154383,14.770161363659458,0.25
,13,Another step cut from the same linear candidate had a lower nonlinear RMS.,15.8113883008419,step_cut_discarded,9.627957671421845,1.9093855973452794,1.0
,13,Another step cut from the same linear candidate had a lower nonlinear RMS.,15.8113883008419,step_cut_discarded,8.511852985578669,5.353577295743301,0.5
,13,Another step cut from the same linear candidate had a lower nonlinear RMS.,15.8113883008419,step_cut_discarded,8.441290442198126,7.886862467169265,0.25
,13,Another step cut from the same linear candidate had a lower nonlinear RMS.,15.8113883008419,step_cut_discarded,8.430689236772032,9.356302383438985,0.125
,13,Another step cut from the same linear candidate had a lower nonlinear RMS.,15.8113883008419,step_cut_discarded,8.427394405475642,10.141721674213025,0.0625
,13,Another step cut from the same linear candidate had a lower nonlinear RMS.,15.8113883008419,step_cut_discarded,8.426043416269021,10.547106152759845,0.03125
,13,Another step cut from the same linear candidate had a lower nonlinear RMS.,15.8113883008419,step_cut_discarded,8.425430138158816,10.752967100323202,0.015625
,13,Another step cut from the same linear candidate had a lower nonlinear RMS.,15.8113883008419,step_cut_discarded,8.425138267382696,10.856689751177372,0.0078125
,13,Another step cut from the same linear candidate had a lower nonlinear RMS.,50.00000000000001,step_cut_discarded,13.921623287290922,0.4669739002637467,1.0
,13,Another step cut from the same linear candidate had a lower nonlinear RMS.,50.00000000000001,step_cut_discarded,8.733244603175809,3.6667233540284516,0.5
,13,Another step cut from the same linear candidate had a lower nonlinear RMS.,50.00000000000001,step_cut_discarded,8.460074113063335,6.802023473018318,0.25
,13,Another step cut from the same linear candidate had a lower nonlinear RMS.,50.00000000000001,step_cut_discarded,8.434708358907391,8.753529880540132,0.125
,13,Another step cut from the same linear candidate had a lower nonlinear RMS.,50.00000000000001,step_cut_discarded,8.428840530388834,9.825247171307755,0.0625
,13,Another step cut from the same linear candidate had a lower nonlinear RMS.,50.00000000000001,step_cut_discarded,8.426669318513927,10.38509683844325,0.03125
,13,Another step cut from the same linear candidate had a lower nonlinear RMS.,50.00000000000001,step_cut_discarded,8.425721779350946,10.671019427448917,0.015625
,13,Another step cut from the same linear candidate had a lower nonlinear RMS.,50.00000000000001,step_cut_discarded,8.425279001104057,10.815480160811228,0.0078125
,13,Another step cut from the same linear candidate had a lower nonlinear RMS.,158.11388300841898,step_cut_discarded,16.672168615908248,0.2642658672813851,1.0
,13,Another step cut from the same linear candidate had a lower nonlinear RMS.,158.11388300841898,step_cut_discarded,8.897957213574003,3.154429571360845,0.5
,13,Another step cut from the same linear candidate had a lower nonlinear RMS.,158.11388300841898,step_cut_discarded,8.47125850637467,6.443141640140406,0.25
,13,Another step cut from the same linear candidate had a lower nonlinear RMS.,158.11388300841898,step_cut_discarded,8.436516055555144,8.548405228715147,0.125
,13,Another step cut from the same linear candidate had a lower nonlinear RMS.,158.11388300841898,step_cut_discarded,8.429409684788173,9.71626391154876,0.0625
,13,Another step cut from the same linear candidate had a lower nonlinear RMS.,158.11388300841898,step_cut_discarded,8.426902991039379,10.328999975102121,0.03125
,13,Another step cut from the same linear candidate had a lower nonlinear RMS.,158.11388300841898,step_cut_discarded,8.42582803510259,10.642569687412943,0.015625
,13,Another step cut from the same linear candidate had a lower nonlinear RMS.,158.11388300841898,step_cut_discarded,8.425329650723887,10.801154963701894,0.0078125
,13,Another step cut from the same linear candidate had a lower nonlinear RMS.,500.0000000000001,step_cut_discarded,17.709774751515496,0.21158384548649245,1.0
,13,Another step cut from the same linear candidate had a lower nonlinear RMS.,500.0000000000001,step_cut_discarded,8.982953242759377,2.97998604407051,0.5
,13,Another step cut from the same linear candidate had a lower nonlinear RMS.,500.0000000000001,step_cut_discarded,8.477069122940959,6.318894247397019,0.25
,13,Another step cut from the same linear candidate had a lower nonlinear RMS.,500.0000000000001,step_cut_discarded,8.43736867890161,8.477025125068899,0.125
,13,Another step cut from the same linear candidate had a lower nonlinear RMS.,500.0000000000001,step_cut_discarded,8.42965616936209,9.678259757906991,0.0625
,13,Another step cut from the same linear candidate had a lower nonlinear RMS.,500.0000000000001,step_cut_discarded,8.426999252838703,10.309419372826582,0.03125
,13,Another step cut from the same linear candidate had a lower nonlinear RMS.,500.0000000000001,step_cut_discarded,8.425870595182577,10.632634754911512,0.015625
,13,Another step cut from the same linear candidate had a lower nonlinear RMS.,500.0000000000001,step_cut_discarded,8.425349629040266,10.79615133961026,0.0078125
,13,Another step cut from the same linear candidate had a lower nonlinear RMS.,1581.13883008419,step_cut_discarded,18.117920320480454,0.1596348217771827,1.0
,13,Another step cut from the same linear candidate had a lower nonlinear RMS.,1581.13883008419,step_cut_discarded,9.039406221798371,2.9011947705245094,0.5
,13,Another step cut from the same linear candidate had a lower nonlinear RMS.,1581.13883008419,step_cut_discarded,8.482171068140536,6.266294420201181,0.25
,13,Another step cut from the same linear candidate had a lower nonlinear RMS.,1581.13883008419,step_cut_discarded,8.438229496506684,8.447424163865271,0.125
,13,Another step cut from the same linear candidate had a lower nonlinear RMS.,1581.13883008419,step_cut_discarded,8.429879196144425,9.66263401540375,0.0625
,13,Another step cut from the same linear candidate had a lower nonlinear RMS.,1581.13883008419,step_cut_discarded,8.42707123648658,10.301400186099603,0.03125
,13,Another step cut from the same linear candidate had a lower nonlinear RMS.,1581.13883008419,step_cut_discarded,8.42589756218102,10.62857358267918,0.015625
,13,Another step cut from the same linear candidate had a lower nonlinear RMS.,1581.13883008419,step_cut_discarded,8.4253609276462,10.794107858776881,0.0078125
,13,Another step cut from the same linear candidate had a lower nonlinear RMS.,5000.000000000001,step_cut_discarded,18.43123896094109,0.09142023187907326,1.0
,13,Another step cut from the same linear candidate had a lower nonlinear RMS.,5000.000000000001,step_cut_discarded,9.11967294519559,2.8422471642501494,0.5
,13,Another step cut from the same linear candidate had a lower nonlinear RMS.,5000.000000000001,step_cut_discarded,8.493350415644018,6.230610539232677,0.25
,13,Another step cut from the same linear candidate had a lower nonlinear RMS.,5000.000000000001,step_cut_discarded,8.440534907342363,8.428029703923187,0.125
,13,Another step cut from the same linear candidate had a lower nonlinear RMS.,5000.000000000001,step_cut_discarded,8.430445703057586,9.652548655568255,0.0625
,13,Another step cut from the same linear candidate had a lower nonlinear RMS.,5000.000000000001,step_cut_discarded,8.427222444371369,10.296260473715735,0.03125
,13,Another step cut from the same linear candidate had a lower nonlinear RMS.,5000.000000000001,step_cut_discarded,8.42594125326201,10.625979468370717,0.015625
,13,Another step cut from the same linear candidate had a lower nonlinear RMS.,5000.000000000001,step_cut_discarded,8.4253748943542,10.792804737093519,0.0078125
,13,A different valid candidate better satisfied the Occam selection policy.,0.005000000000000001,not_selected,8.423424670640086,13.948293412098433,0.0625
,13,A different valid candidate better satisfied the Occam selection policy.,0.0158113883008419,not_selected,8.423413265891156,13.948626671874257,0.0625
,13,A different valid candidate better satisfied the Occam selection policy.,0.05000000000000001,not_selected,8.423382763658314,13.949728267109355,0.0625
,13,A different valid candidate better satisfied the Occam selection policy.,0.158113883008419,not_selected,8.423080256348475,13.84213209204062,0.0625
,13,A different valid candidate better satisfied the Occam selection policy.,0.5000000000000001,not_selected,8.424017953036316,15.06963155028424,0.125
,13,A different valid candidate better satisfied the Occam selection policy.,5.000000000000001,not_selected,8.424694246041357,10.810149505100448,1.0
,13,A different valid candidate better satisfied the Occam selection policy.,15.8113883008419,not_selected,8.424995965163424,10.90874912087258,0.00390625
,13,A different valid candidate better satisfied the Occam selection policy.,50.00000000000001,not_selected,8.425065082799865,10.888085387207253,0.00390625
,13,A different valid candidate better satisfied the Occam selection policy.,158.11388300841898,not_selected,8.425089803153606,10.880897706879745,0.00390625
,13,A different valid candidate better satisfied the Occam selection policy.,500.0000000000001,not_selected,8.425099475087645,10.878386855373702,0.00390625
,13,A different valid candidate better satisfied the Occam selection policy.,1581.13883008419,not_selected,8.425104585035072,10.87736189127771,0.00390625
,13,A different valid candidate better satisfied the Occam selection policy.,5000.000000000001,not_selected,8.425109608933493,10.876708814303749,0.00390625
,14,Another step cut from the same linear candidate had a lower nonlinear RMS.,0.00158113883008419,step_cut_discarded,11.144339186510068,199.9608339234784,1.0
,14,Another step cut from the same linear candidate had a lower nonlinear RMS.,0.00158113883008419,step_cut_discarded,9.349871796142853,70.37594381168303,0.5
,14,Another step cut from the same linear candidate had a lower nonlinear RMS.,0.00158113883008419,step_cut_discarded,8.590918901716606,32.56782275138435,0.25
,14,Another step cut from the same linear candidate had a lower nonlinear RMS.,0.00158113883008419,step_cut_discarded,8.439712551991889,20.40984322013475,0.125
,14,Another step cut from the same linear candidate had a lower nonlinear RMS.,0.005000000000000001,step_cut_discarded,11.144875197335683,199.7141286300982,1.0
,14,Another step cut from the same linear candidate had a lower nonlinear RMS.,0.005000000000000001,step_cut_discarded,9.349647043745865,70.31785839305267,0.5
,14,Another step cut from the same linear candidate had a lower nonlinear RMS.,0.005000000000000001,step_cut_discarded,8.590674804349858,32.55509684908411,0.25
,14,Another step cut from the same linear candidate had a lower nonlinear RMS.,0.005000000000000001,step_cut_discarded,8.43966806113621,20.40755947073836,0.125
,14,Another step cut from the same linear candidate had a lower nonlinear RMS.,0.0158113883008419,step_cut_discarded,11.146417195697211,198.9722796565119,1.0
,14,Another step cut from the same linear candidate had a lower nonlinear RMS.,0.0158113883008419,step_cut_discarded,9.348974900049251,70.14324321918586,0.5
,14,Another step cut from the same linear candidate had a lower nonlinear RMS.,0.0158113883008419,step_cut_discarded,8.589948968850493,32.51686659038228,0.25
,14,Another step cut from the same linear candidate had a lower nonlinear RMS.,0.0158113883008419,step_cut_discarded,8.439535718880075,20.400713673445345,0.125
,14,Another step cut from the same linear candidate had a lower nonlinear RMS.,0.05000000000000001,step_cut_discarded,11.149977320412173,196.94603928096365,1.0
,14,Another step cut from the same linear candidate had a lower nonlinear RMS.,0.05000000000000001,step_cut_discarded,9.347148394665078,69.66653660255524,0.5
,14,Another step cut from the same linear candidate had a lower nonlinear RMS.,0.05000000000000001,step_cut_discarded,8.588028027538092,32.412616674852856,0.25
,14,Another step cut from the same linear candidate had a lower nonlinear RMS.,0.05000000000000001,step_cut_discarded,8.43918527979564,20.382114563877096,0.125
,14,Another step cut from the same linear candidate had a lower nonlinear RMS.,0.158113883008419,step_cut_discarded,10.964397980549355,164.1866898319706,1.0
,14,Another step cut from the same linear candidate had a lower nonlinear RMS.,0.158113883008419,step_cut_discarded,9.12664218672404,61.058389169793344,0.5
,14,Another step cut from the same linear candidate had a lower nonlinear RMS.,0.158113883008419,step_cut_discarded,8.529265244363536,30.051424781405547,0.25
,14,Another step cut from the same linear candidate had a lower nonlinear RMS.,0.158113883008419,step_cut_discarded,8.431456116325839,19.68723907288686,0.125
,14,Another step cut from the same linear candidate had a lower nonlinear RMS.,0.5000000000000001,step_cut_discarded,9.503452030912793,73.32887358745437,1.0
,14,Another step cut from the same linear candidate had a lower nonlinear RMS.,0.5000000000000001,step_cut_discarded,8.583445811171657,34.80848655516576,0.5
,14,Another step cut from the same linear candidate had a lower nonlinear RMS.,0.5000000000000001,step_cut_discarded,8.43735798972096,21.72122485099939,0.25
,14,Another step cut from the same linear candidate had a lower nonlinear RMS.,1.58113883008419,step_cut_discarded,8.45825822514339,23.91479861017395,1.0
,14,Another step cut from the same linear candidate had a lower nonlinear RMS.,5.000000000000001,step_cut_discarded,8.531034693808536,7.317293140154006,1.0
,14,Another step cut from the same linear candidate had a lower nonlinear RMS.,5.000000000000001,step_cut_discarded,8.434168114419501,9.664480487289861,0.5
,14,Another step cut from the same linear candidate had a lower nonlinear RMS.,5.000000000000001,step_cut_discarded,8.42505132100442,11.114667856005013,0.25
,14,Another step cut from the same linear candidate had a lower nonlinear RMS.,5.000000000000001,step_cut_discarded,8.423030296753156,11.908909964149398,0.125
,14,Another step cut from the same linear candidate had a lower nonlinear RMS.,5.000000000000001,step_cut_discarded,8.422378773922858,12.323318124168289,0.0625
,14,Another step cut from the same linear candidate had a lower nonlinear RMS.,5.000000000000001,step_cut_discarded,8.422132672353436,12.534843980664414,0.03125
,14,Another step cut from the same linear candidate had a lower nonlinear RMS.,5.000000000000001,step_cut_discarded,8.42202941494109,12.641687353034142,0.015625
,14,Another step cut from the same linear candidate had a lower nonlinear RMS.,5.000000000000001,step_cut_discarded,8.421982780392616,12.695379150249426,0.0078125
,14,Another step cut from the same linear candidate had a lower nonlinear RMS.,15.8113883008419,step_cut_discarded,11.908089861527657,1.3451882115512195,1.0
,14,Another step cut from the same linear candidate had a lower nonlinear RMS.,15.8113883008419,step_cut_discarded,8.603936435944224,5.3380666364635685,0.5
,14,Another step cut from the same linear candidate had a lower nonlinear RMS.,15.8113883008419,step_cut_discarded,8.444744193605757,8.616370583960643,0.25
,14,Another step cut from the same linear candidate had a lower nonlinear RMS.,15.8113883008419,step_cut_discarded,8.428514534322,10.575988741469402,0.125
,14,Another step cut from the same linear candidate had a lower nonlinear RMS.,15.8113883008419,step_cut_discarded,8.424538236807486,11.63591436616384,0.0625
,14,Another step cut from the same linear candidate had a lower nonlinear RMS.,15.8113883008419,step_cut_discarded,8.42309430069377,12.185906314996073,0.03125
,14,Another step cut from the same linear candidate had a lower nonlinear RMS.,15.8113883008419,step_cut_discarded,8.422482495962822,12.465909573533445,0.015625
,14,Another step cut from the same linear candidate had a lower nonlinear RMS.,15.8113883008419,step_cut_discarded,8.422202523823593,12.607163023832443,0.0078125
,14,Another step cut from the same linear candidate had a lower nonlinear RMS.,50.00000000000001,step_cut_discarded,16.429305822347057,0.3765965259731617,1.0
,14,Another step cut from the same linear candidate had a lower nonlinear RMS.,50.00000000000001,step_cut_discarded,8.826208935829968,3.9660901364295786,0.5
,14,Another step cut from the same linear candidate had a lower nonlinear RMS.,50.00000000000001,step_cut_discarded,8.461101251524543,7.70846216963241,0.25
,14,Another step cut from the same linear candidate had a lower nonlinear RMS.,50.00000000000001,step_cut_discarded,8.431684372658859,10.066554493227478,0.125
,14,Another step cut from the same linear candidate had a lower nonlinear RMS.,50.00000000000001,step_cut_discarded,8.425605057506576,11.367327231773428,0.0625
,14,Another step cut from the same linear candidate had a lower nonlinear RMS.,50.00000000000001,step_cut_discarded,8.423537022283373,12.048145245233506,0.03125
,14,Another step cut from the same linear candidate had a lower nonlinear RMS.,50.00000000000001,step_cut_discarded,8.422683801848814,12.396162163010317,0.015625
,14,Another step cut from the same linear candidate had a lower nonlinear RMS.,50.00000000000001,step_cut_discarded,8.422298376805553,12.572072599660423,0.0078125
,14,Another step cut from the same linear candidate had a lower nonlinear RMS.,158.113883008419,step_cut_discarded,18.544499886976503,0.2446007851498608,1.0
,14,Another step cut from the same linear candidate had a lower nonlinear RMS.,158.113883008419,step_cut_discarded,8.954847216736386,3.5496397840011036,0.5
,14,Another step cut from the same linear candidate had a lower nonlinear RMS.,158.113883008419,step_cut_discarded,8.469433815820429,7.412623872913964,0.25
,14,Another step cut from the same linear candidate had a lower nonlinear RMS.,158.113883008419,step_cut_discarded,8.433025828495271,9.896732064742203,0.125
,14,Another step cut from the same linear candidate had a lower nonlinear RMS.,158.113883008419,step_cut_discarded,8.426014336494653,11.276940197499274,0.0625
,14,Another step cut from the same linear candidate had a lower nonlinear RMS.,158.113883008419,step_cut_discarded,8.423699200248956,12.00158277308855,0.03125
,14,Another step cut from the same linear candidate had a lower nonlinear RMS.,158.113883008419,step_cut_discarded,8.422755780401795,12.372538688185873,0.015625
,14,Another step cut from the same linear candidate had a lower nonlinear RMS.,158.113883008419,step_cut_discarded,8.422332208723816,12.560175302560205,0.0078125
,14,Another step cut from the same linear candidate had a lower nonlinear RMS.,500.00000000000017,step_cut_discarded,19.303432450470083,0.20458203372066697,1.0
,14,Another step cut from the same linear candidate had a lower nonlinear RMS.,500.00000000000017,step_cut_discarded,9.016208049062897,3.407450521842128,0.5
,14,Another step cut from the same linear candidate had a lower nonlinear RMS.,500.00000000000017,step_cut_discarded,8.473527614435078,7.3109842702233845,0.25
,14,Another step cut from the same linear candidate had a lower nonlinear RMS.,500.00000000000017,step_cut_discarded,8.433661929947734,9.838276020494135,0.125
,14,Another step cut from the same linear candidate had a lower nonlinear RMS.,500.00000000000017,step_cut_discarded,8.426199491187516,11.245803114649549,0.0625
,14,Another step cut from the same linear candidate had a lower nonlinear RMS.,500.00000000000017,step_cut_discarded,8.423769882304674,11.985536966482263,0.03125
,14,Another step cut from the same linear candidate had a lower nonlinear RMS.,500.00000000000017,step_cut_discarded,8.422786387335957,12.36439646858737,0.015625
,14,Another step cut from the same linear candidate had a lower nonlinear RMS.,500.00000000000017,step_cut_discarded,8.42234638729946,12.556074363687115,0.0078125
,14,Another step cut from the same linear candidate had a lower nonlinear RMS.,1581.13883008419,step_cut_discarded,19.6186961723391,0.1565912584302135,1.0
,14,Another step cut from the same linear candidate had a lower nonlinear RMS.,1581.13883008419,step_cut_discarded,9.060607277025568,3.3403715968380148,0.5
,14,Another step cut from the same linear candidate had a lower nonlinear RMS.,1581.13883008419,step_cut_discarded,8.4776556559402,7.266673923381603,0.25
,14,Another step cut from the same linear candidate had a lower nonlinear RMS.,1581.13883008419,step_cut_discarded,8.434423536161596,9.81342812598832,0.125
,14,Another step cut from the same linear candidate had a lower nonlinear RMS.,1581.13883008419,step_cut_discarded,8.426403662099782,11.232705987125405,0.0625
,14,Another step cut from the same linear candidate had a lower nonlinear RMS.,1581.13883008419,step_cut_discarded,8.42383589732017,11.978820107652385,0.03125
,14,Another step cut from the same linear candidate had a lower nonlinear RMS.,1581.13883008419,step_cut_discarded,8.42281093493302,12.360995965405483,0.015625
,14,Another step cut from the same linear candidate had a lower nonlinear RMS.,1581.13883008419,step_cut_discarded,8.422356592919474,12.554363593654433,0.0078125
,14,A different valid candidate better satisfied the Occam selection policy.,0.00158113883008419,not_selected,8.42178031636576,16.017373704234892,0.0625
,14,A different valid candidate better satisfied the Occam selection policy.,0.005000000000000001,not_selected,8.42177466324204,16.017251629975135,0.0625
,14,A different valid candidate better satisfied the Occam selection policy.,0.0158113883008419,not_selected,8.421757821878295,16.016896064343097,0.0625
,14,A different valid candidate better satisfied the Occam selection policy.,0.05000000000000001,not_selected,8.421713043678226,16.01597797160809,0.0625
,14,A different valid candidate better satisfied the Occam selection policy.,0.5000000000000001,not_selected,8.420995799208812,16.720826951910695,0.125
,14,A different valid candidate better satisfied the Occam selection policy.,1.58113883008419,not_selected,8.421609027989762,17.741993230883793,0.5
,14,A different valid candidate better satisfied the Occam selection policy.,5.000000000000001,not_selected,8.421960720905025,12.72229257661467,0.00390625
,14,A different valid candidate better satisfied the Occam selection policy.,15.8113883008419,not_selected,8.422068905321444,12.67810270423952,0.00390625
,14,A different valid candidate better satisfied the Occam selection policy.,50.00000000000001,not_selected,8.422115652183008,12.660503312425895,0.00390625
,14,A different valid candidate better satisfied the Occam selection policy.,158.113883008419,not_selected,8.422132040057036,12.654533273953787,0.00390625
,14,A different valid candidate better satisfied the Occam selection policy.,500.00000000000017,not_selected,8.422138853568912,12.652475347248783,0.00390625
,14,A different valid candidate better satisfied the Occam selection policy.,1581.13883008419,not_selected,8.422143443903327,12.651617332622004,0.00390625
,15,Another step cut from the same linear candidate had a lower nonlinear RMS.,0.000158113883008419,step_cut_discarded,9.947489228178087,182.09066836939073,1.0
,15,Another step cut from the same linear candidate had a lower nonlinear RMS.,0.000158113883008419,step_cut_discarded,8.807546485994987,70.47077457507132,0.5
,15,Another step cut from the same linear candidate had a lower nonlinear RMS.,0.000158113883008419,step_cut_discarded,8.487449316338767,36.01298626264701,0.25
,15,Another step cut from the same linear candidate had a lower nonlinear RMS.,0.000158113883008419,step_cut_discarded,8.429346568620929,24.122131752618717,0.125
,15,Another step cut from the same linear candidate had a lower nonlinear RMS.,0.000158113883008419,step_cut_discarded,8.420954113828836,19.511214409150533,0.0625
,15,Another step cut from the same linear candidate had a lower nonlinear RMS.,0.0005000000000000001,step_cut_discarded,9.947414131467669,182.0901736009531,1.0
,15,Another step cut from the same linear candidate had a lower nonlinear RMS.,0.0005000000000000001,step_cut_discarded,8.807532898045725,70.47058503419883,0.5
,15,Another step cut from the same linear candidate had a lower nonlinear RMS.,0.0005000000000000001,step_cut_discarded,8.487447317213826,36.01290595304733,0.25
,15,Another step cut from the same linear candidate had a lower nonlinear RMS.,0.0005000000000000001,step_cut_discarded,8.4293462554748,24.122095213028025,0.125
,15,Another step cut from the same linear candidate had a lower nonlinear RMS.,0.0005000000000000001,step_cut_discarded,8.420954052479164,19.511197043157473,0.0625
,15,Another step cut from the same linear candidate had a lower nonlinear RMS.,0.00158113883008419,step_cut_discarded,9.947177389642537,182.08861264869526,1.0
,15,Another step cut from the same linear candidate had a lower nonlinear RMS.,0.00158113883008419,step_cut_discarded,8.807490052976648,70.46998715015151,0.5
,15,Another step cut from the same linear candidate had a lower nonlinear RMS.,0.00158113883008419,step_cut_discarded,8.48744101127701,36.01265265904408,0.25
,15,Another step cut from the same linear candidate had a lower nonlinear RMS.,0.00158113883008419,step_cut_discarded,8.429345267359778,24.121979978031504,0.125
,15,Another step cut from the same linear candidate had a lower nonlinear RMS.,0.00158113883008419,step_cut_discarded,8.420953858804621,19.51114227866049,0.0625
,15,Another step cut from the same linear candidate had a lower nonlinear RMS.,0.005000000000000001,step_cut_discarded,9.946436019495334,182.08371249192336,1.0
,15,Another step cut from the same linear candidate had a lower nonlinear RMS.,0.005000000000000001,step_cut_discarded,8.807355789919074,70.46811128498823,0.5
,15,Another step cut from the same linear candidate had a lower nonlinear RMS.,0.005000000000000001,step_cut_discarded,8.487421226978782,36.011858279768106,0.25
,15,Another step cut from the same linear candidate had a lower nonlinear RMS.,0.005000000000000001,step_cut_discarded,8.42934216383683,24.121618676719937,0.125
,15,Another step cut from the same linear candidate had a lower nonlinear RMS.,0.005000000000000001,step_cut_discarded,8.420953249616927,19.510970600086303,0.0625
,15,Another step cut from the same linear candidate had a lower nonlinear RMS.,0.0158113883008419,step_cut_discarded,9.944162036454692,182.06856404833061,1.0
,15,Another step cut from the same linear candidate had a lower nonlinear RMS.,0.0158113883008419,step_cut_discarded,8.806943063184272,70.46232254752782,0.5
,15,Another step cut from the same linear candidate had a lower nonlinear RMS.,0.0158113883008419,step_cut_discarded,8.48736018015031,36.0094102821219,0.25
,15,Another step cut from the same linear candidate had a lower nonlinear RMS.,0.0158113883008419,step_cut_discarded,8.429332554346052,24.120506270667832,0.125
,15,Another step cut from the same linear candidate had a lower nonlinear RMS.,0.0158113883008419,step_cut_discarded,8.42095135472875,19.510442295253007,0.0625
,15,Another step cut from the same linear candidate had a lower nonlinear RMS.,0.05000000000000001,step_cut_discarded,9.93760956770861,182.02376768503797,1.0
,15,Another step cut from the same linear candidate had a lower nonlinear RMS.,0.05000000000000001,step_cut_discarded,8.805745001640933,70.44531157288462,0.5
,15,Another step cut from the same linear candidate had a lower nonlinear RMS.,0.05000000000000001,step_cut_discarded,8.48718082533297,36.002251596551076,0.25
,15,Another step cut from the same linear candidate had a lower nonlinear RMS.,0.05000000000000001,step_cut_discarded,8.429304013785458,24.11726362832011,0.125
,15,Another step cut from the same linear candidate had a lower nonlinear RMS.,0.05000000000000001,step_cut_discarded,8.420945646076428,19.50890514918857,0.0625
,15,Another step cut from the same linear candidate had a lower nonlinear RMS.,0.158113883008419,step_cut_discarded,9.52548430370167,136.2564546685828,1.0
,15,Another step cut from the same linear candidate had a lower nonlinear RMS.,0.158113883008419,step_cut_discarded,8.639033678402788,57.61717480178222,0.5
,15,Another step cut from the same linear candidate had a lower nonlinear RMS.,0.158113883008419,step_cut_discarded,8.452775709377201,32.1020631452812,0.25
,15,Another step cut from the same linear candidate had a lower nonlinear RMS.,0.158113883008419,step_cut_discarded,8.423835927324154,22.795639386255495,0.125
,15,Another step cut from the same linear candidate had a lower nonlinear RMS.,0.5000000000000001,step_cut_discarded,8.793960701430168,52.03705646775926,1.0
,15,Another step cut from the same linear candidate had a lower nonlinear RMS.,0.5000000000000001,step_cut_discarded,8.469569221212264,30.550277125183502,0.5
,15,Another step cut from the same linear candidate had a lower nonlinear RMS.,0.5000000000000001,step_cut_discarded,8.424412650162532,22.329314662935094,0.25
,15,Another step cut from the same linear candidate had a lower nonlinear RMS.,5.000000000000001,step_cut_discarded,9.008734326574968,5.685548921219032,1.0
,15,Another step cut from the same linear candidate had a lower nonlinear RMS.,5.000000000000001,step_cut_discarded,8.459053096606107,9.517358618944181,0.5
,15,Another step cut from the same linear candidate had a lower nonlinear RMS.,5.000000000000001,step_cut_discarded,8.426919436721638,12.34856422657313,0.25
,15,Another step cut from the same linear candidate had a lower nonlinear RMS.,5.000000000000001,step_cut_discarded,8.422424956988609,13.992992220079195,0.125
,15,Another step cut from the same linear candidate had a lower nonlinear RMS.,5.000000000000001,step_cut_discarded,8.421350847618648,14.872412514255128,0.0625
,15,Another step cut from the same linear candidate had a lower nonlinear RMS.,5.000000000000001,step_cut_discarded,8.421037499158743,15.326424235698822,0.03125
,15,Another step cut from the same linear candidate had a lower nonlinear RMS.,5.000000000000001,step_cut_discarded,8.420933943363966,15.557005490009596,0.015625
,15,Another step cut from the same linear candidate had a lower nonlinear RMS.,5.000000000000001,step_cut_discarded,8.420895383818209,15.673189965562218,0.0078125
,15,Another step cut from the same linear candidate had a lower nonlinear RMS.,15.8113883008419,step_cut_discarded,13.486431240236625,1.0605399755528342,1.0
,15,Another step cut from the same linear candidate had a lower nonlinear RMS.,15.8113883008419,step_cut_discarded,8.662210740870478,5.795142425304989,0.5
,15,Another step cut from the same linear candidate had a lower nonlinear RMS.,15.8113883008419,step_cut_discarded,8.446143203482572,10.135028199552012,0.25
,15,Another step cut from the same linear candidate had a lower nonlinear RMS.,15.8113883008419,step_cut_discarded,8.427182139567273,12.798117224018258,0.125
,15,Another step cut from the same linear candidate had a lower nonlinear RMS.,15.8113883008419,step_cut_discarded,8.423130043431799,14.252948270587066,0.0625
,15,Another step cut from the same linear candidate had a lower nonlinear RMS.,15.8113883008419,step_cut_discarded,8.421809463465637,15.011185427455386,0.03125
,15,Another step cut from the same linear candidate had a lower nonlinear RMS.,15.8113883008419,step_cut_discarded,8.421292620068538,15.398009414285534,0.015625
,15,Another step cut from the same linear candidate had a lower nonlinear RMS.,15.8113883008419,step_cut_discarded,8.421068059822442,15.593347759799595,0.0078125
,15,Another step cut from the same linear candidate had a lower nonlinear RMS.,50.000000000000014,step_cut_discarded,17.712042675176537,0.32725548748281386,1.0
,15,Another step cut from the same linear candidate had a lower nonlinear RMS.,50.000000000000014,step_cut_discarded,8.86586139624504,4.628180065724078,0.5
,15,Another step cut from the same linear candidate had a lower nonlinear RMS.,50.000000000000014,step_cut_discarded,8.460025310603166,9.35146699087508,0.25
,15,Another step cut from the same linear candidate had a lower nonlinear RMS.,50.000000000000014,step_cut_discarded,8.42975976520874,12.356316612458174,0.125
,15,Another step cut from the same linear candidate had a lower nonlinear RMS.,50.000000000000014,step_cut_discarded,8.423973354045101,14.019542963001614,0.0625
,15,Another step cut from the same linear candidate had a lower nonlinear RMS.,50.000000000000014,step_cut_discarded,8.422152862846533,14.891356523211314,0.03125
,15,Another step cut from the same linear candidate had a lower nonlinear RMS.,50.000000000000014,step_cut_discarded,8.421446983654373,15.337313399550656,0.015625
,15,Another step cut from the same linear candidate had a lower nonlinear RMS.,50.000000000000014,step_cut_discarded,8.421141091672421,15.562804361778944,0.0078125
,15,Another step cut from the same linear candidate had a lower nonlinear RMS.,158.113883008419,step_cut_discarded,19.53747417869729,0.22599277488553124,1.0
,15,Another step cut from the same linear candidate had a lower nonlinear RMS.,158.113883008419,step_cut_discarded,8.977316717995713,4.2716407085376895,0.5
,15,Another step cut from the same linear candidate had a lower nonlinear RMS.,158.113883008419,step_cut_discarded,8.466886587885288,9.09672031205995,0.25
,15,Another step cut from the same linear candidate had a lower nonlinear RMS.,158.113883008419,step_cut_discarded,8.430841767083283,12.209824022995123,0.125
,15,Another step cut from the same linear candidate had a lower nonlinear RMS.,158.113883008419,step_cut_discarded,8.424296782567833,13.941516855756221,0.0625
,15,Another step cut from the same linear candidate had a lower nonlinear RMS.,158.113883008419,step_cut_discarded,8.422278685769745,14.851148516460142,0.03125
,15,Another step cut from the same linear candidate had a lower nonlinear RMS.,158.113883008419,step_cut_discarded,8.421502132541464,15.316910657892954,0.015625
,15,Another step cut from the same linear candidate had a lower nonlinear RMS.,158.113883008419,step_cut_discarded,8.421166822811813,15.552528306379573,0.0078125
,15,A different valid candidate better satisfied the Occam selection policy.,0.000158113883008419,not_selected,8.420081443744841,17.53938321530293,0.03125
,15,A different valid candidate better satisfied the Occam selection policy.,0.0005000000000000001,not_selected,8.420081429349525,17.539374758256972,0.03125
,15,A different valid candidate better satisfied the Occam selection policy.,0.00158113883008419,not_selected,8.420081383861028,17.539348089258795,0.03125
,15,A different valid candidate better satisfied the Occam selection policy.,0.005000000000000001,not_selected,8.420081240344048,17.53926449299211,0.03125
,15,A different valid candidate better satisfied the Occam selection policy.,0.0158113883008419,not_selected,8.420080789665,17.539007315123648,0.03125
,15,A different valid candidate better satisfied the Occam selection policy.,0.05000000000000001,not_selected,8.420079392144595,17.53825978586878,0.03125
,15,A different valid candidate better satisfied the Occam selection policy.,0.158113883008419,not_selected,8.420039747876036,19.00521052404884,0.0625
,15,A different valid candidate better satisfied the Occam selection policy.,0.5000000000000001,not_selected,8.419503425306482,18.84944023407075,0.125
,15,A different valid candidate better satisfied the Occam selection policy.,5.000000000000001,not_selected,8.420879416952355,15.731505665437831,0.00390625
,15,A different valid candidate better satisfied the Occam selection policy.,15.8113883008419,not_selected,8.420964104283195,15.691498520581378,0.00390625
,15,A different valid candidate better satisfied the Occam selection policy.,50.000000000000014,not_selected,8.42099960050901,15.676177973907755,0.00390625
,15,A different valid candidate better satisfied the Occam selection policy.,158.113883008419,not_selected,8.421012014450572,15.671021275065433,0.00390625
,16,Another step cut from the same linear candidate had a lower nonlinear RMS.,0.00158113883008419,step_cut_discarded,13.556416421305157,207.68906761030425,1.0
,16,Another step cut from the same linear candidate had a lower nonlinear RMS.,0.00158113883008419,step_cut_discarded,9.363896140580207,74.9039602952576,0.5
,16,Another step cut from the same linear candidate had a lower nonlinear RMS.,0.00158113883008419,step_cut_discarded,8.566033859372137,36.568121733471884,0.25
,16,Another step cut from the same linear candidate had a lower nonlinear RMS.,0.00158113883008419,step_cut_discarded,8.43259077678695,24.414381226513417,0.125
,16,Another step cut from the same linear candidate had a lower nonlinear RMS.,0.005000000000000001,step_cut_discarded,13.179584855197788,207.28151357416084,1.0
,16,Another step cut from the same linear candidate had a lower nonlinear RMS.,0.005000000000000001,step_cut_discarded,9.348655111903588,74.8279264153999,0.5
,16,Another step cut from the same linear candidate had a lower nonlinear RMS.,0.005000000000000001,step_cut_discarded,8.565084342547852,36.562040578096536,0.25
,16,Another step cut from the same linear candidate had a lower nonlinear RMS.,0.005000000000000001,step_cut_discarded,8.432478950649598,24.419324594964113,0.125
,16,Another step cut from the same linear candidate had a lower nonlinear RMS.,0.0158113883008419,step_cut_discarded,12.216706660631964,204.99111616189865,1.0
,16,Another step cut from the same linear candidate had a lower nonlinear RMS.,0.0158113883008419,step_cut_discarded,9.308172278445934,74.3166899598467,0.5
,16,Another step cut from the same linear candidate had a lower nonlinear RMS.,0.0158113883008419,step_cut_discarded,8.562224062531186,36.464912912964394,0.25
,16,Another step cut from the same linear candidate had a lower nonlinear RMS.,0.0158113883008419,step_cut_discarded,8.432110252788759,24.41038340305916,0.125
,16,Another step cut from the same linear candidate had a lower nonlinear RMS.,0.05000000000000001,step_cut_discarded,11.276421005548151,198.4807867351487,1.0
,16,Another step cut from the same linear candidate had a lower nonlinear RMS.,0.05000000000000001,step_cut_discarded,9.2595649274534,72.69116531535774,0.5
,16,Another step cut from the same linear candidate had a lower nonlinear RMS.,0.05000000000000001,step_cut_discarded,8.557662916536604,36.05956060794143,0.25
,16,Another step cut from the same linear candidate had a lower nonlinear RMS.,0.05000000000000001,step_cut_discarded,8.431410816296603,24.309559754853048,0.125
,16,Another step cut from the same linear candidate had a lower nonlinear RMS.,0.158113883008419,step_cut_discarded,10.77290499261646,147.2388877678597,1.0
,16,Another step cut from the same linear candidate had a lower nonlinear RMS.,0.158113883008419,step_cut_discarded,8.943262392303756,58.74660022717495,0.5
,16,Another step cut from the same linear candidate had a lower nonlinear RMS.,0.158113883008419,step_cut_discarded,8.486627217275231,32.00637416271544,0.25
,16,Another step cut from the same linear candidate had a lower nonlinear RMS.,0.158113883008419,step_cut_discarded,8.423063521791796,23.012740556956427,0.125
,16,Another step cut from the same linear candidate had a lower nonlinear RMS.,0.5000000000000001,step_cut_discarded,8.894701996383287,54.13888343866818,1.0
,16,Another step cut from the same linear candidate had a lower nonlinear RMS.,0.5000000000000001,step_cut_discarded,8.477462984596757,30.696180083737516,0.5
,16,Another step cut from the same linear candidate had a lower nonlinear RMS.,0.5000000000000001,step_cut_discarded,8.421807499755612,22.606059596286322,0.25
,16,Another step cut from the same linear candidate had a lower nonlinear RMS.,1.58113883008419,step_cut_discarded,9.133981536457757,13.012959879364193,1.0
,16,Another step cut from the same linear candidate had a lower nonlinear RMS.,1.58113883008419,step_cut_discarded,8.43699673469089,13.831643960572018,0.5
,16,Another step cut from the same linear candidate had a lower nonlinear RMS.,1.58113883008419,step_cut_discarded,8.420416867732923,15.098397948825196,0.25
,16,Another step cut from the same linear candidate had a lower nonlinear RMS.,5.000000000000001,step_cut_discarded,15.485317749095127,4.849102256613113,1.0
,16,Another step cut from the same linear candidate had a lower nonlinear RMS.,5.000000000000001,step_cut_discarded,8.551076480821239,8.855206129923388,0.5
,16,Another step cut from the same linear candidate had a lower nonlinear RMS.,5.000000000000001,step_cut_discarded,8.430141313293475,12.386551778682607,0.25
,16,Another step cut from the same linear candidate had a lower nonlinear RMS.,5.000000000000001,step_cut_discarded,8.421541336043788,14.53429803108824,0.125
,16,Another step cut from the same linear candidate had a lower nonlinear RMS.,5.000000000000001,step_cut_discarded,8.419989081502235,15.70368951429756,0.0625
,16,Another step cut from the same linear candidate had a lower nonlinear RMS.,5.000000000000001,step_cut_discarded,8.419585833186929,16.312264845153845,0.03125
,16,Another step cut from the same linear candidate had a lower nonlinear RMS.,5.000000000000001,step_cut_discarded,8.419462202404429,16.6225224078949,0.015625
,16,Another step cut from the same linear candidate had a lower nonlinear RMS.,5.000000000000001,step_cut_discarded,8.419418932806108,16.779143663593647,0.0078125
,16,Another step cut from the same linear candidate had a lower nonlinear RMS.,15.8113883008419,step_cut_discarded,19.641530903011546,1.0052024569733278,1.0
,16,Another step cut from the same linear candidate had a lower nonlinear RMS.,15.8113883008419,step_cut_discarded,8.708925504506746,5.862313146677835,0.5
,16,Another step cut from the same linear candidate had a lower nonlinear RMS.,15.8113883008419,step_cut_discarded,8.443438743803473,10.622369516203415,0.25
,16,Another step cut from the same linear candidate had a lower nonlinear RMS.,15.8113883008419,step_cut_discarded,8.425028288082466,13.58527295713454,0.125
,16,Another step cut from the same linear candidate had a lower nonlinear RMS.,15.8113883008419,step_cut_discarded,8.421368176465576,15.212443491642187,0.0625
,16,Another step cut from the same linear candidate had a lower nonlinear RMS.,15.8113883008419,step_cut_discarded,8.420205398930047,16.06245846240653,0.03125
,16,Another step cut from the same linear candidate had a lower nonlinear RMS.,15.8113883008419,step_cut_discarded,8.419755891042827,16.49657337366633,0.015625
,16,Another step cut from the same linear candidate had a lower nonlinear RMS.,15.8113883008419,step_cut_discarded,8.419561868576324,16.71590768576564,0.0078125
,16,Another step cut from the same linear candidate had a lower nonlinear RMS.,50.00000000000001,step_cut_discarded,21.236360376468784,0.3343146330156909,1.0
,16,Another step cut from the same linear candidate had a lower nonlinear RMS.,50.00000000000001,step_cut_discarded,8.828200440336962,4.856406027295415,0.5
,16,Another step cut from the same linear candidate had a lower nonlinear RMS.,50.00000000000001,step_cut_discarded,8.452522120922518,9.951800154661306,0.25
,16,Another step cut from the same linear candidate had a lower nonlinear RMS.,50.00000000000001,step_cut_discarded,8.426987463023657,13.208084325900757,0.125
,16,Another step cut from the same linear candidate had a lower nonlinear RMS.,50.00000000000001,step_cut_discarded,8.422059301093642,15.013373188409611,0.0625
,16,Another step cut from the same linear candidate had a lower nonlinear RMS.,50.00000000000001,step_cut_discarded,8.420497779832269,15.960304313886324,0.03125
,16,Another step cut from the same linear candidate had a lower nonlinear RMS.,50.00000000000001,step_cut_discarded,8.419890160869928,16.444841550180247,0.015625
,16,Another step cut from the same linear candidate had a lower nonlinear RMS.,50.00000000000001,step_cut_discarded,8.419626147100047,16.6898780867161,0.0078125
,16,Another step cut from the same linear candidate had a lower nonlinear RMS.,158.113883008419,step_cut_discarded,21.819890137444094,0.24411782912890412,1.0
,16,Another step cut from the same linear candidate had a lower nonlinear RMS.,158.113883008419,step_cut_discarded,8.890524589418465,4.550443870810729,0.5
,16,Another step cut from the same linear candidate had a lower nonlinear RMS.,158.113883008419,step_cut_discarded,8.45678748430945,9.73360313778364,0.25
,16,Another step cut from the same linear candidate had a lower nonlinear RMS.,158.113883008419,step_cut_discarded,8.42777555595517,13.082681832803097,0.125
,16,Another step cut from the same linear candidate had a lower nonlinear RMS.,158.113883008419,step_cut_discarded,8.42231290696304,14.946595945696076,0.0625
,16,Another step cut from the same linear candidate had a lower nonlinear RMS.,158.113883008419,step_cut_discarded,8.420599718079957,15.925896693488374,0.03125
,16,Another step cut from the same linear candidate had a lower nonlinear RMS.,158.113883008419,step_cut_discarded,8.419935651211645,16.42738299022098,0.015625
,16,Another step cut from the same linear candidate had a lower nonlinear RMS.,158.113883008419,step_cut_discarded,8.41964758862451,16.681085119296398,0.0078125
,16,Another step cut from the same linear candidate had a lower nonlinear RMS.,500.00000000000017,step_cut_discarded,22.048658020911617,0.20916663363285468,1.0
,16,Another step cut from the same linear candidate had a lower nonlinear RMS.,500.00000000000017,step_cut_discarded,8.922505697714588,4.442852977780542,0.5
,16,Another step cut from the same linear candidate had a lower nonlinear RMS.,500.00000000000017,step_cut_discarded,8.458999959084618,9.657278867448007,0.25
,16,Another step cut from the same linear candidate had a lower nonlinear RMS.,500.00000000000017,step_cut_discarded,8.428156736008862,13.038887491680143,0.125
,16,Another step cut from the same linear candidate had a lower nonlinear RMS.,500.00000000000017,step_cut_discarded,8.422421978527652,14.923290723645817,0.0625
,16,Another step cut from the same linear candidate had a lower nonlinear RMS.,500.00000000000017,step_cut_discarded,8.420639084363255,15.91389206959105,0.03125
,16,Another step cut from the same linear candidate had a lower nonlinear RMS.,500.00000000000017,step_cut_discarded,8.419951918273723,16.421292675054264,0.015625
,16,Another step cut from the same linear candidate had a lower nonlinear RMS.,500.00000000000017,step_cut_discarded,8.419654902032105,16.678017960908527,0.0078125
,16,Another step cut from the same linear candidate had a lower nonlinear RMS.,1581.13883008419,step_cut_discarded,22.19018630712085,0.1614208842022295,1.0
,16,Another step cut from the same linear candidate had a lower nonlinear RMS.,1581.13883008419,step_cut_discarded,8.955395834376471,4.386387582520091,0.5
,16,Another step cut from the same linear candidate had a lower nonlinear RMS.,1581.13883008419,step_cut_discarded,8.462155750705737,9.620898039681494,0.25
,16,Another step cut from the same linear candidate had a lower nonlinear RMS.,1581.13883008419,step_cut_discarded,8.428741947850236,13.018660045262816,0.125
,16,Another step cut from the same linear candidate had a lower nonlinear RMS.,1581.13883008419,step_cut_discarded,8.42255622959133,14.912667742303631,0.0625
,16,Another step cut from the same linear candidate had a lower nonlinear RMS.,1581.13883008419,step_cut_discarded,8.420671601645822,15.90845326438658,0.03125
,16,Another step cut from the same linear candidate had a lower nonlinear RMS.,1581.13883008419,step_cut_discarded,8.419959909226106,16.41854144381869,0.015625
,16,Another step cut from the same linear candidate had a lower nonlinear RMS.,1581.13883008419,step_cut_discarded,8.419656867212785,16.676634388132403,0.0078125
,16,A different valid candidate better satisfied the Occam selection policy.,0.00158113883008419,not_selected,8.418588918077894,20.091055666517782,0.0625
,16,A different valid candidate better satisfied the Occam selection policy.,0.005000000000000001,not_selected,8.418567194969961,20.095523337277726,0.0625
,16,A different valid candidate better satisfied the Occam selection policy.,0.0158113883008419,not_selected,8.418492958030763,20.10095840149053,0.0625
,16,A different valid candidate better satisfied the Occam selection policy.,0.05000000000000001,not_selected,8.41834561174832,20.076009703463818,0.0625
,16,A different valid candidate better satisfied the Occam selection policy.,0.158113883008419,not_selected,8.417694085462834,19.61004361069459,0.0625
,16,A different valid candidate better satisfied the Occam selection policy.,1.58113883008419,not_selected,8.419031560045374,15.946127929864105,0.125
,16,A different valid candidate better satisfied the Occam selection policy.,5.000000000000001,not_selected,8.419401862533293,16.85782741002508,0.00390625
,16,A different valid candidate better satisfied the Occam selection policy.,15.8113883008419,not_selected,8.41947236435249,16.82614405593264,0.00390625
,16,A different valid candidate better satisfied the Occam selection policy.,50.00000000000001,not_selected,8.41950380234997,16.81308833458125,0.00390625
,16,A different valid candidate better satisfied the Occam selection policy.,158.113883008419,not_selected,8.41951420402957,16.808675929011383,0.00390625
,16,A different valid candidate better satisfied the Occam selection policy.,500.00000000000017,not_selected,8.419517659224207,16.807136849616317,0.00390625
,16,A different valid candidate better satisfied the Occam selection policy.,1581.13883008419,not_selected,8.41951813819617,16.80644307393867,0.00390625
,17,Another step cut from the same linear candidate had a lower nonlinear RMS.,0.0005000000000000001,step_cut_discarded,9.651314307089027,180.70456673338785,1.0
,17,Another step cut from the same linear candidate had a lower nonlinear RMS.,0.0005000000000000001,step_cut_discarded,8.744123293604032,71.94128565087237,0.5
,17,Another step cut from the same linear candidate had a lower nonlinear RMS.,0.0005000000000000001,step_cut_discarded,8.470233298849402,38.6686960777549,0.25
,17,Another step cut from the same linear candidate had a lower nonlinear RMS.,0.0005000000000000001,step_cut_discarded,8.422583472444554,27.30966403323122,0.125
,17,Another step cut from the same linear candidate had a lower nonlinear RMS.,0.0015811388300841901,step_cut_discarded,9.651243572871662,180.6995977628493,1.0
,17,Another step cut from the same linear candidate had a lower nonlinear RMS.,0.0015811388300841901,step_cut_discarded,8.744111361324114,71.94137950454122,0.5
,17,Another step cut from the same linear candidate had a lower nonlinear RMS.,0.0015811388300841901,step_cut_discarded,8.470230870114221,38.669387589323854,0.25
,17,Another step cut from the same linear candidate had a lower nonlinear RMS.,0.0015811388300841901,step_cut_discarded,8.422582896895905,27.310170935199334,0.125
,17,Another step cut from the same linear candidate had a lower nonlinear RMS.,0.005000000000000001,step_cut_discarded,9.651036470131238,180.6845141806657,1.0
,17,Another step cut from the same linear candidate had a lower nonlinear RMS.,0.005000000000000001,step_cut_discarded,8.744075816959667,71.9417048323923,0.5
,17,Another step cut from the same linear candidate had a lower nonlinear RMS.,0.005000000000000001,step_cut_discarded,8.470223525193793,38.67151703298511,0.25
,17,Another step cut from the same linear candidate had a lower nonlinear RMS.,0.005000000000000001,step_cut_discarded,8.422581152544971,27.311727351963885,0.125
,17,Another step cut from the same linear candidate had a lower nonlinear RMS.,0.0158113883008419,step_cut_discarded,9.65052035161333,180.6423075002972,1.0
,17,Another step cut from the same linear candidate had a lower nonlinear RMS.,0.0158113883008419,step_cut_discarded,8.743981750374425,71.94294411301014,0.5
,17,Another step cut from the same linear candidate had a lower nonlinear RMS.,0.0158113883008419,step_cut_discarded,8.47020311354624,38.67772232849456,0.25
,17,Another step cut from the same linear candidate had a lower nonlinear RMS.,0.0158113883008419,step_cut_discarded,8.422576277711313,27.316226413518745,0.125
,17,Another step cut from the same linear candidate had a lower nonlinear RMS.,0.05000000000000002,step_cut_discarded,9.644855051493254,178.49373039494054,1.0
,17,Another step cut from the same linear candidate had a lower nonlinear RMS.,0.05000000000000002,step_cut_discarded,8.742122188226146,71.35748647278471,0.5
,17,Another step cut from the same linear candidate had a lower nonlinear RMS.,0.05000000000000002,step_cut_discarded,8.469739546064744,38.50720123649507,0.25
,17,Another step cut from the same linear candidate had a lower nonlinear RMS.,0.05000000000000002,step_cut_discarded,8.422461577944867,27.261517799547306,0.125
,17,Another step cut from the same linear candidate had a lower nonlinear RMS.,0.158113883008419,step_cut_discarded,9.25153399041679,127.1899399704016,1.0
,17,Another step cut from the same linear candidate had a lower nonlinear RMS.,0.158113883008419,step_cut_discarded,8.578806047583342,56.95762644946053,0.5
,17,Another step cut from the same linear candidate had a lower nonlinear RMS.,0.158113883008419,step_cut_discarded,8.438441401782546,34.120280022069295,0.25
,17,Another step cut from the same linear candidate had a lower nonlinear RMS.,0.158113883008419,step_cut_discarded,8.418422051398052,25.7713093916435,0.125
,17,Another step cut from the same linear candidate had a lower nonlinear RMS.,0.5000000000000001,step_cut_discarded,8.449756999032024,36.527127747424466,1.0
,17,Another step cut from the same linear candidate had a lower nonlinear RMS.,0.5000000000000001,step_cut_discarded,8.418309496913672,26.56205999342804,0.5
,17,Another step cut from the same linear candidate had a lower nonlinear RMS.,1.5811388300841902,step_cut_discarded,9.701125273933325,8.377090333387727,1.0
,17,Another step cut from the same linear candidate had a lower nonlinear RMS.,1.5811388300841902,step_cut_discarded,8.444617958795805,12.721835600979778,0.5
,17,Another step cut from the same linear candidate had a lower nonlinear RMS.,1.5811388300841902,step_cut_discarded,8.420223052857608,15.795043090335463,0.25
,17,Another step cut from the same linear candidate had a lower nonlinear RMS.,1.5811388300841902,step_cut_discarded,8.417763629202751,17.55685554890322,0.125
,17,Another step cut from the same linear candidate had a lower nonlinear RMS.,1.5811388300841902,step_cut_discarded,8.417341302586685,18.494063956659577,0.0625
,17,Another step cut from the same linear candidate had a lower nonlinear RMS.,5.000000000000001,step_cut_discarded,16.305013996156525,4.094649350704038,1.0
,17,Another step cut from the same linear candidate had a lower nonlinear RMS.,5.000000000000001,step_cut_discarded,8.57253991260862,9.020236770809744,0.5
,17,Another step cut from the same linear candidate had a lower nonlinear RMS.,5.000000000000001,step_cut_discarded,8.429512257789389,13.5541490905434,0.25
,17,Another step cut from the same linear candidate had a lower nonlinear RMS.,5.000000000000001,step_cut_discarded,8.419686670361811,16.338884902830422,0.125
,17,Another step cut from the same linear candidate had a lower nonlinear RMS.,5.000000000000001,step_cut_discarded,8.417955563606151,17.860697722078985,0.0625
,17,Another step cut from the same linear candidate had a lower nonlinear RMS.,5.000000000000001,step_cut_discarded,8.41751349762158,18.653965359979537,0.03125
,17,Another step cut from the same linear candidate had a lower nonlinear RMS.,5.000000000000001,step_cut_discarded,8.417380588609639,19.058689485998865,0.015625
,17,Another step cut from the same linear candidate had a lower nonlinear RMS.,5.000000000000001,step_cut_discarded,8.417335076256135,19.263074125775805,0.0078125
,17,Another step cut from the same linear candidate had a lower nonlinear RMS.,15.8113883008419,step_cut_discarded,20.074626743841122,0.8761892818280701,1.0
,17,Another step cut from the same linear candidate had a lower nonlinear RMS.,15.8113883008419,step_cut_discarded,8.723592338462373,6.3395689307047185,0.5
,17,Another step cut from the same linear candidate had a lower nonlinear RMS.,15.8113883008419,step_cut_discarded,8.441611279406526,11.945955719074126,0.25
,17,Another step cut from the same linear candidate had a lower nonlinear RMS.,15.8113883008419,step_cut_discarded,8.4227584208764,15.4678233542416,0.125
,17,Another step cut from the same linear candidate had a lower nonlinear RMS.,15.8113883008419,step_cut_discarded,8.419151429764186,17.408425732071027,0.0625
,17,Another step cut from the same linear candidate had a lower nonlinear RMS.,15.8113883008419,step_cut_discarded,8.418046091620258,18.423644061047167,0.03125
,17,Another step cut from the same linear candidate had a lower nonlinear RMS.,15.8113883008419,step_cut_discarded,8.417631838531324,18.942482510550594,0.015625
,17,Another step cut from the same linear candidate had a lower nonlinear RMS.,15.8113883008419,step_cut_discarded,8.417457044085852,19.20470905655614,0.0078125
,17,Another step cut from the same linear candidate had a lower nonlinear RMS.,50.000000000000014,step_cut_discarded,21.54876601237219,0.30229260194851676,1.0
,17,Another step cut from the same linear candidate had a lower nonlinear RMS.,50.000000000000014,step_cut_discarded,8.834858260938848,5.433428527945301,0.5
,17,Another step cut from the same linear candidate had a lower nonlinear RMS.,50.000000000000014,step_cut_discarded,8.449798124890586,11.338087501989506,0.25
,17,Another step cut from the same linear candidate had a lower nonlinear RMS.,50.000000000000014,step_cut_discarded,8.42449253691144,15.125189741773065,0.125
,17,Another step cut from the same linear candidate had a lower nonlinear RMS.,50.000000000000014,step_cut_discarded,8.41975471387635,17.22743404985521,0.0625
,17,Another step cut from the same linear candidate had a lower nonlinear RMS.,50.000000000000014,step_cut_discarded,8.418298789644703,18.330729500943864,0.03125
,17,Another step cut from the same linear candidate had a lower nonlinear RMS.,50.000000000000014,step_cut_discarded,8.417747178106582,18.895420550750092,0.015625
,17,Another step cut from the same linear candidate had a lower nonlinear RMS.,50.000000000000014,step_cut_discarded,8.41751207174265,19.181026906718685,0.0078125
,17,Another step cut from the same linear candidate had a lower nonlinear RMS.,158.113883008419,step_cut_discarded,22.109453250767764,0.2240958412040473,1.0
,17,Another step cut from the same linear candidate had a lower nonlinear RMS.,158.113883008419,step_cut_discarded,8.89398034712043,5.156238155083447,0.5
,17,Another step cut from the same linear candidate had a lower nonlinear RMS.,158.113883008419,step_cut_discarded,8.453687180722456,11.139969317436174,0.25
,17,Another step cut from the same linear candidate had a lower nonlinear RMS.,158.113883008419,step_cut_discarded,8.425198442667638,15.011249899965794,0.125
,17,Another step cut from the same linear candidate had a lower nonlinear RMS.,158.113883008419,step_cut_discarded,8.419979017808998,17.16674394156892,0.0625
,17,Another step cut from the same linear candidate had a lower nonlinear RMS.,158.113883008419,step_cut_discarded,8.418388063012971,18.299454399955064,0.03125
,17,Another step cut from the same linear candidate had a lower nonlinear RMS.,158.113883008419,step_cut_discarded,8.417786755083565,18.879550488544275,0.015625
,17,Another step cut from the same linear candidate had a lower nonlinear RMS.,158.113883008419,step_cut_discarded,8.417530653927908,19.17303374768792,0.0078125
,17,Another step cut from the same linear candidate had a lower nonlinear RMS.,500.0000000000001,step_cut_discarded,22.334379767511034,0.19463024282018246,1.0
,17,Another step cut from the same linear candidate had a lower nonlinear RMS.,500.0000000000001,step_cut_discarded,8.924188499759643,5.059487351133118,0.5
,17,Another step cut from the same linear candidate had a lower nonlinear RMS.,500.0000000000001,step_cut_discarded,8.45571508333759,11.071089414271414,0.25
,17,Another step cut from the same linear candidate had a lower nonlinear RMS.,500.0000000000001,step_cut_discarded,8.42554944610851,14.971683823086014,0.125
,17,Another step cut from the same linear candidate had a lower nonlinear RMS.,500.0000000000001,step_cut_discarded,8.420081257934482,17.145679371804682,0.0625
,17,Another step cut from the same linear candidate had a lower nonlinear RMS.,500.0000000000001,step_cut_discarded,8.41842567224276,18.288601732241847,0.03125
,17,Another step cut from the same linear candidate had a lower nonlinear RMS.,500.0000000000001,step_cut_discarded,8.41780253063152,18.8740440589799,0.015625
,17,Another step cut from the same linear candidate had a lower nonlinear RMS.,500.0000000000001,step_cut_discarded,8.41753781604665,19.17026050897879,0.0078125
,17,A different valid candidate better satisfied the Occam selection policy.,0.0005000000000000001,not_selected,8.416869957140152,22.949463696478148,0.0625
,17,A different valid candidate better satisfied the Occam selection policy.,0.0015811388300841901,not_selected,8.416869759789021,22.949757434008117,0.0625
,17,A different valid candidate better satisfied the Occam selection policy.,0.005000000000000001,not_selected,8.416869159551089,22.95065856612388,0.0625
,17,A different valid candidate better satisfied the Occam selection policy.,0.0158113883008419,not_selected,8.416867466761405,22.953257200351334,0.0625
,17,A different valid candidate better satisfied the Occam selection policy.,0.05000000000000002,not_selected,8.41683884150078,22.933540876372692,0.0625
,17,A different valid candidate better satisfied the Occam selection policy.,0.158113883008419,not_selected,8.41639355236863,22.364249722248054,0.0625
,17,A different valid candidate better satisfied the Occam selection policy.,1.5811388300841902,not_selected,8.417277185105807,18.976743705155872,0.03125
,17,A different valid candidate better satisfied the Occam selection policy.,5.000000000000001,not_selected,8.417317475325216,19.365772089856087,0.00390625
,17,A different valid candidate better satisfied the Occam selection policy.,15.8113883008419,not_selected,8.417377554957309,19.336524159872383,0.00390625
,17,A different valid candidate better satisfied the Occam selection policy.,50.000000000000014,not_selected,8.417404419679398,19.324645292469352,0.00390625
,17,A different valid candidate better satisfied the Occam selection policy.,158.113883008419,not_selected,8.417413415225313,19.320634180972004,0.00390625
,17,A different valid candidate better satisfied the Occam selection policy.,500.0000000000001,not_selected,8.417416818172343,19.319242555635704,0.00390625
,18,Another step cut from the same linear candidate had a lower nonlinear RMS.,0.0005000000000000001,step_cut_discarded,9.053975104515631,170.45782085120624,1.0
,18,Another step cut from the same linear candidate had a lower nonlinear RMS.,0.0005000000000000001,step_cut_discarded,8.562702468714948,73.22874736393808,0.5
,18,Another step cut from the same linear candidate had a lower nonlinear RMS.,0.0005000000000000001,step_cut_discarded,8.439197329803415,42.11050418202168,0.25
,18,Another step cut from the same linear candidate had a lower nonlinear RMS.,0.0005000000000000001,step_cut_discarded,8.41800709050963,30.925455981492895,0.125
,18,Another step cut from the same linear candidate had a lower nonlinear RMS.,0.0015811388300841901,step_cut_discarded,9.053467616279226,170.4465189593107,1.0
,18,Another step cut from the same linear candidate had a lower nonlinear RMS.,0.0015811388300841901,step_cut_discarded,8.562615272570282,73.2240630666521,0.5
,18,Another step cut from the same linear candidate had a lower nonlinear RMS.,0.0015811388300841901,step_cut_discarded,8.439183759514968,42.10840369554414,0.25
,18,Another step cut from the same linear candidate had a lower nonlinear RMS.,0.0015811388300841901,step_cut_discarded,8.418004604389013,30.924466153795496,0.125
,18,Another step cut from the same linear candidate had a lower nonlinear RMS.,0.005000000000000001,step_cut_discarded,9.051923614114687,170.41222843271134,1.0
,18,Another step cut from the same linear candidate had a lower nonlinear RMS.,0.005000000000000001,step_cut_discarded,8.562349766432584,73.20980000012598,0.5
,18,Another step cut from the same linear candidate had a lower nonlinear RMS.,0.005000000000000001,step_cut_discarded,8.439142434777589,42.10199271147447,0.25
,18,Another step cut from the same linear candidate had a lower nonlinear RMS.,0.005000000000000001,step_cut_discarded,8.41799703931161,30.921440799059006,0.125
,18,Another step cut from the same linear candidate had a lower nonlinear RMS.,0.0158113883008419,step_cut_discarded,9.047577895169338,170.31644251502993,1.0
,18,Another step cut from the same linear candidate had a lower nonlinear RMS.,0.0158113883008419,step_cut_discarded,8.561600033376788,73.16955202557408,0.5
,18,Another step cut from the same linear candidate had a lower nonlinear RMS.,0.0158113883008419,step_cut_discarded,8.439025697722634,42.083779970270726,0.25
,18,Another step cut from the same linear candidate had a lower nonlinear RMS.,0.0158113883008419,step_cut_discarded,8.417975723936163,30.91281223997518,0.125
,18,Another step cut from the same linear candidate had a lower nonlinear RMS.,0.05000000000000002,step_cut_discarded,8.958777832434922,159.69310521341197,1.0
,18,Another step cut from the same linear candidate had a lower nonlinear RMS.,0.05000000000000002,step_cut_discarded,8.534727735471238,70.22284875659663,0.5
,18,Another step cut from the same linear candidate had a lower nonlinear RMS.,0.05000000000000002,step_cut_discarded,8.43411508545227,41.201669681239885,0.25
,18,Another step cut from the same linear candidate had a lower nonlinear RMS.,0.05000000000000002,step_cut_discarded,8.417263248016129,30.61956743182424,0.125
,18,Another step cut from the same linear candidate had a lower nonlinear RMS.,0.158113883008419,step_cut_discarded,8.556984414186006,90.99230140020987,1.0
,18,Another step cut from the same linear candidate had a lower nonlinear RMS.,0.158113883008419,step_cut_discarded,8.437547838287493,49.120022902365356,0.5
,18,Another step cut from the same linear candidate had a lower nonlinear RMS.,0.158113883008419,step_cut_discarded,8.417563869128212,33.96215076721668,0.25
,18,Another step cut from the same linear candidate had a lower nonlinear RMS.,1.5811388300841902,step_cut_discarded,9.97398992020129,5.87661977544547,1.0
,18,Another step cut from the same linear candidate had a lower nonlinear RMS.,1.5811388300841902,step_cut_discarded,8.457157658986489,12.162193680349793,0.5
,18,Another step cut from the same linear candidate had a lower nonlinear RMS.,1.5811388300841902,step_cut_discarded,8.420111840034627,16.883239053800555,0.25
,18,Another step cut from the same linear candidate had a lower nonlinear RMS.,1.5811388300841902,step_cut_discarded,8.416385905408212,19.6383263457756,0.125
,18,Another step cut from the same linear candidate had a lower nonlinear RMS.,1.5811388300841902,step_cut_discarded,8.415650210846282,21.114511143075532,0.0625
,18,Another step cut from the same linear candidate had a lower nonlinear RMS.,1.5811388300841902,step_cut_discarded,8.415475192810655,21.877263829553588,0.03125
,18,Another step cut from the same linear candidate had a lower nonlinear RMS.,1.5811388300841902,step_cut_discarded,8.415431529894878,22.26480524474966,0.015625
,18,Another step cut from the same linear candidate had a lower nonlinear RMS.,1.5811388300841902,step_cut_discarded,8.41542040390699,22.460117220336937,0.0078125
,18,Another step cut from the same linear candidate had a lower nonlinear RMS.,5.000000000000001,step_cut_discarded,16.534517242410356,3.8056835863378646,1.0
,18,Another step cut from the same linear candidate had a lower nonlinear RMS.,5.000000000000001,step_cut_discarded,8.596109887300441,9.480995041023714,0.5
,18,Another step cut from the same linear candidate had a lower nonlinear RMS.,5.000000000000001,step_cut_discarded,8.428232215163225,15.131207097944456,0.25
,18,Another step cut from the same linear candidate had a lower nonlinear RMS.,5.000000000000001,step_cut_discarded,8.41773001982009,18.659452208799273,0.125
,18,Another step cut from the same linear candidate had a lower nonlinear RMS.,5.000000000000001,step_cut_discarded,8.416020506064056,20.599359534825297,0.0625
,18,Another step cut from the same linear candidate had a lower nonlinear RMS.,5.000000000000001,step_cut_discarded,8.415602822275224,21.613259390487958,0.03125
,18,Another step cut from the same linear candidate had a lower nonlinear RMS.,5.000000000000001,step_cut_discarded,8.415482088119916,22.131195866481708,0.015625
,18,Another step cut from the same linear candidate had a lower nonlinear RMS.,5.000000000000001,step_cut_discarded,8.415442455030869,22.392910741519184,0.0078125
,18,Another step cut from the same linear candidate had a lower nonlinear RMS.,15.8113883008419,step_cut_discarded,20.32398674020255,0.8194868293176307,1.0
,18,Another step cut from the same linear candidate had a lower nonlinear RMS.,15.8113883008419,step_cut_discarded,8.737173844523955,7.021051924591395,0.5
,18,Another step cut from the same linear candidate had a lower nonlinear RMS.,15.8113883008419,step_cut_discarded,8.4388360242986,13.65952435524774,0.25
,18,Another step cut from the same linear candidate had a lower nonlinear RMS.,15.8113883008419,step_cut_discarded,8.420445969443096,17.863183041330785,0.125
,18,Another step cut from the same linear candidate had a lower nonlinear RMS.,15.8113883008419,step_cut_discarded,8.417098938404793,20.186118002061015,0.0625
,18,Another step cut from the same linear candidate had a lower nonlinear RMS.,15.8113883008419,step_cut_discarded,8.416089491079411,21.402861886848306,0.03125
,18,Another step cut from the same linear candidate had a lower nonlinear RMS.,15.8113883008419,step_cut_discarded,8.41571341077877,22.025052930347503,0.015625
,18,Another step cut from the same linear candidate had a lower nonlinear RMS.,15.8113883008419,step_cut_discarded,8.41555520486536,22.33960322737349,0.0078125
,18,Another step cut from the same linear candidate had a lower nonlinear RMS.,50.000000000000014,step_cut_discarded,21.826817787467565,0.2837389035826681,1.0
,18,Another step cut from the same linear candidate had a lower nonlinear RMS.,50.000000000000014,step_cut_discarded,8.83978228364883,6.189613306558175,0.5
,18,Another step cut from the same linear candidate had a lower nonlinear RMS.,50.000000000000014,step_cut_discarded,8.446078197329065,13.1029138824397,0.25
,18,Another step cut from the same linear candidate had a lower nonlinear RMS.,50.000000000000014,step_cut_discarded,8.42198463270536,17.5496550139789,0.125
,18,Another step cut from the same linear candidate had a lower nonlinear RMS.,50.000000000000014,step_cut_discarded,8.417639596432194,20.02054829064811,0.0625
,18,Another step cut from the same linear candidate had a lower nonlinear RMS.,50.000000000000014,step_cut_discarded,8.41631761753061,21.31787560670762,0.03125
,18,Another step cut from the same linear candidate had a lower nonlinear RMS.,50.000000000000014,step_cut_discarded,8.415818000809233,21.982009434168607,0.015625
,18,Another step cut from the same linear candidate had a lower nonlinear RMS.,50.000000000000014,step_cut_discarded,8.41560522866129,22.317943890256892,0.0078125
,18,Another step cut from the same linear candidate had a lower nonlinear RMS.,158.113883008419,step_cut_discarded,22.401482398343006,0.20964078743000422,1.0
,18,Another step cut from the same linear candidate had a lower nonlinear RMS.,158.113883008419,step_cut_discarded,8.894886659391428,5.9333396866537935,0.5
,18,Another step cut from the same linear candidate had a lower nonlinear RMS.,158.113883008419,step_cut_discarded,8.449546594802074,12.919970932030493,0.25
,18,Another step cut from the same linear candidate had a lower nonlinear RMS.,158.113883008419,step_cut_discarded,8.422609874014224,17.444482003660045,0.125
,18,Another step cut from the same linear candidate had a lower nonlinear RMS.,158.113883008419,step_cut_discarded,8.417839199503346,19.964536401710113,0.0625
,18,Another step cut from the same linear candidate had a lower nonlinear RMS.,158.113883008419,step_cut_discarded,8.416397437934297,21.289013316293985,0.03125
,18,Another step cut from the same linear candidate had a lower nonlinear RMS.,158.113883008419,step_cut_discarded,8.415853498755917,21.967364202475615,0.015625
,18,Another step cut from the same linear candidate had a lower nonlinear RMS.,158.113883008419,step_cut_discarded,8.415621926097089,22.31056775278887,0.0078125
,18,Another step cut from the same linear candidate had a lower nonlinear RMS.,500.0000000000001,step_cut_discarded,22.63075886970482,0.18384811853958835,1.0
,18,Another step cut from the same linear candidate had a lower nonlinear RMS.,500.0000000000001,step_cut_discarded,8.922921522243543,5.8444384279953505,0.5
,18,Another step cut from the same linear candidate had a lower nonlinear RMS.,500.0000000000001,step_cut_discarded,8.451347850903232,12.856519071647963,0.25
,18,Another step cut from the same linear candidate had a lower nonlinear RMS.,500.0000000000001,step_cut_discarded,8.422916381710534,17.40800576570545,0.125
,18,Another step cut from the same linear candidate had a lower nonlinear RMS.,500.0000000000001,step_cut_discarded,8.41792827400621,19.945110705791993,0.0625
,18,Another step cut from the same linear candidate had a lower nonlinear RMS.,500.0000000000001,step_cut_discarded,8.416430289935738,21.279003574099715,0.03125
,18,Another step cut from the same linear candidate had a lower nonlinear RMS.,500.0000000000001,step_cut_discarded,8.415867320979219,21.962285107819685,0.015625
,18,Another step cut from the same linear candidate had a lower nonlinear RMS.,500.0000000000001,step_cut_discarded,8.415628215200647,22.308009649571193,0.0078125
,18,A different valid candidate better satisfied the Occam selection policy.,0.0005000000000000001,not_selected,8.415175728662945,26.42645022883587,0.0625
,18,A different valid candidate better satisfied the Occam selection policy.,0.0015811388300841901,not_selected,8.415175213135305,26.42597041887251,0.0625
,18,A different valid candidate better satisfied the Occam selection policy.,0.005000000000000001,not_selected,8.415173645878035,26.42450277582884,0.0625
,18,A different valid candidate better satisfied the Occam selection policy.,0.0158113883008419,not_selected,8.415169241941049,26.420307949166453,0.0625
,18,A different valid candidate better satisfied the Occam selection policy.,0.05000000000000002,not_selected,8.415062010853797,26.310638129182088,0.0625
,18,A different valid candidate better satisfied the Occam selection policy.,0.158113883008419,not_selected,8.414817051750157,27.827781478085747,0.125
,18,A different valid candidate better satisfied the Occam selection policy.,1.5811388300841902,not_selected,8.415417500193762,22.558158525127897,0.00390625
,18,A different valid candidate better satisfied the Occam selection policy.,5.000000000000001,not_selected,8.415427726544765,22.524454838298077,0.00390625
,18,A different valid candidate better satisfied the Occam selection policy.,15.8113883008419,not_selected,8.415483382355417,22.497742069705577,0.00390625
,18,A different valid candidate better satisfied the Occam selection policy.,50.000000000000014,not_selected,8.415507836542824,22.486878003890496,0.00390625
,18,A different valid candidate better satisfied the Occam selection policy.,158.113883008419,not_selected,8.415515927659065,22.4831765547511,0.00390625
,18,A different valid candidate better satisfied the Occam selection policy.,500.0000000000001,not_selected,8.415518919742674,22.481892864169833,0.00390625
,19,Another step cut from the same linear candidate had a lower nonlinear RMS.,0.0005000000000000001,step_cut_discarded,9.005792145041925,168.43494187752466,1.0
,19,Another step cut from the same linear candidate had a lower nonlinear RMS.,0.0005000000000000001,step_cut_discarded,8.531145439941632,73.07799268428884,0.5
,19,Another step cut from the same linear candidate had a lower nonlinear RMS.,0.0005000000000000001,step_cut_discarded,8.42680858683126,42.13012241306407,0.25
,19,Another step cut from the same linear candidate had a lower nonlinear RMS.,0.0005000000000000001,step_cut_discarded,8.412397871570827,30.838838358799958,0.125
,19,Another step cut from the same linear candidate had a lower nonlinear RMS.,0.0015811388300841901,step_cut_discarded,9.005132600370574,168.41283559659192,1.0
,19,Another step cut from the same linear candidate had a lower nonlinear RMS.,0.0015811388300841901,step_cut_discarded,8.531049743909847,73.0684774353656,0.5
,19,Another step cut from the same linear candidate had a lower nonlinear RMS.,0.0015811388300841901,step_cut_discarded,8.426798762170408,42.12574926148822,0.25
,19,Another step cut from the same linear candidate had a lower nonlinear RMS.,0.0015811388300841901,step_cut_discarded,8.41239715100787,30.836747901233483,0.125
,19,Another step cut from the same linear candidate had a lower nonlinear RMS.,0.005000000000000001,step_cut_discarded,9.003178801664374,168.3478628875453,1.0
,19,Another step cut from the same linear candidate had a lower nonlinear RMS.,0.005000000000000001,step_cut_discarded,8.530767065711995,73.04025006486243,0.5
,19,Another step cut from the same linear candidate had a lower nonlinear RMS.,0.005000000000000001,step_cut_discarded,8.426769773456511,42.112700322241686,0.25
,19,Another step cut from the same linear candidate had a lower nonlinear RMS.,0.005000000000000001,step_cut_discarded,8.412395031758061,30.83048961811147,0.125
,19,Another step cut from the same linear candidate had a lower nonlinear RMS.,0.0158113883008419,step_cut_discarded,8.998082108110195,168.1821769749733,1.0
,19,Another step cut from the same linear candidate had a lower nonlinear RMS.,0.0158113883008419,step_cut_discarded,8.530034640140654,72.96627631071911,0.5
,19,Another step cut from the same linear candidate had a lower nonlinear RMS.,0.0158113883008419,step_cut_discarded,8.426694776049157,42.077930745705686,0.25
,19,Another step cut from the same linear candidate had a lower nonlinear RMS.,0.0158113883008419,step_cut_discarded,8.41238958496614,30.81365915497739,0.125
,19,Another step cut from the same linear candidate had a lower nonlinear RMS.,0.05000000000000002,step_cut_discarded,8.819061690871898,142.21737924599825,1.0
,19,Another step cut from the same linear candidate had a lower nonlinear RMS.,0.05000000000000002,step_cut_discarded,8.481540870240494,65.58369263076268,0.5
,19,Another step cut from the same linear candidate had a lower nonlinear RMS.,0.05000000000000002,step_cut_discarded,8.418889623090973,39.78659270186024,0.25
,19,Another step cut from the same linear candidate had a lower nonlinear RMS.,0.158113883008419,step_cut_discarded,8.561522045524722,89.45933127100537,1.0
,19,Another step cut from the same linear candidate had a lower nonlinear RMS.,0.158113883008419,step_cut_discarded,8.431094479794254,48.66221949595369,0.5
,19,Another step cut from the same linear candidate had a lower nonlinear RMS.,0.158113883008419,step_cut_discarded,8.412637872890262,33.69024384762762,0.25
,19,Another step cut from the same linear candidate had a lower nonlinear RMS.,0.5000000000000001,step_cut_discarded,8.412196047896785,24.705027468193293,1.0
,19,Another step cut from the same linear candidate had a lower nonlinear RMS.,1.5811388300841902,step_cut_discarded,9.568667083209835,6.3814676609844305,1.0
,19,Another step cut from the same linear candidate had a lower nonlinear RMS.,1.5811388300841902,step_cut_discarded,8.451481349767711,12.488049144151857,0.5
,19,Another step cut from the same linear candidate had a lower nonlinear RMS.,1.5811388300841902,step_cut_discarded,8.416223752493657,16.944349035028846,0.25
,19,Another step cut from the same linear candidate had a lower nonlinear RMS.,1.5811388300841902,step_cut_discarded,8.413378409986638,19.52325126779067,0.125
,19,Another step cut from the same linear candidate had a lower nonlinear RMS.,1.5811388300841902,step_cut_discarded,8.412701673261862,20.90039045600241,0.0625
,19,Another step cut from the same linear candidate had a lower nonlinear RMS.,1.5811388300841902,step_cut_discarded,8.412433928433959,21.610882068065987,0.03125
,19,Another step cut from the same linear candidate had a lower nonlinear RMS.,1.5811388300841902,step_cut_discarded,8.412311470868056,21.97160837858721,0.015625
,19,Another step cut from the same linear candidate had a lower nonlinear RMS.,1.5811388300841902,step_cut_discarded,8.412252680411418,22.15334165997016,0.0078125
,19,Another step cut from the same linear candidate had a lower nonlinear RMS.,5.000000000000001,step_cut_discarded,15.60802265044287,3.8654273008802016,1.0
,19,Another step cut from the same linear candidate had a lower nonlinear RMS.,5.000000000000001,step_cut_discarded,8.599401585074391,9.48647290143468,0.5
,19,Another step cut from the same linear candidate had a lower nonlinear RMS.,5.000000000000001,step_cut_discarded,8.422639026946884,15.007671898003997,0.25
,19,Another step cut from the same linear candidate had a lower nonlinear RMS.,5.000000000000001,step_cut_discarded,8.414232915480591,18.445940445361675,0.125
,19,Another step cut from the same linear candidate had a lower nonlinear RMS.,5.000000000000001,step_cut_discarded,8.412971920433867,20.334491981308776,0.0625
,19,Another step cut from the same linear candidate had a lower nonlinear RMS.,5.000000000000001,step_cut_discarded,8.412549561639775,21.321122064849387,0.03125
,19,Another step cut from the same linear candidate had a lower nonlinear RMS.,5.000000000000001,step_cut_discarded,8.412365600117738,21.825025685511456,0.015625
,19,Another step cut from the same linear candidate had a lower nonlinear RMS.,5.000000000000001,step_cut_discarded,8.412278909708537,22.079624640565434,0.0078125
,19,Another step cut from the same linear candidate had a lower nonlinear RMS.,15.8113883008419,step_cut_discarded,20.05259163248133,0.8142723417912903,1.0
,19,Another step cut from the same linear candidate had a lower nonlinear RMS.,15.8113883008419,step_cut_discarded,8.742498005859932,6.948816946652307,0.5
,19,Another step cut from the same linear candidate had a lower nonlinear RMS.,15.8113883008419,step_cut_discarded,8.432007646409435,13.485824301803333,0.25
,19,Another step cut from the same linear candidate had a lower nonlinear RMS.,15.8113883008419,step_cut_discarded,8.41667992467771,17.621761742558984,0.125
,19,Another step cut from the same linear candidate had a lower nonlinear RMS.,15.8113883008419,step_cut_discarded,8.414002025415208,19.906588903731826,0.0625
,19,Another step cut from the same linear candidate had a lower nonlinear RMS.,15.8113883008419,step_cut_discarded,8.413032689084826,21.103217094517017,0.03125
,19,Another step cut from the same linear candidate had a lower nonlinear RMS.,15.8113883008419,step_cut_discarded,8.412600208161406,21.7150848424593,0.015625
,19,Another step cut from the same linear candidate had a lower nonlinear RMS.,15.8113883008419,step_cut_discarded,8.412394555588746,22.02440712956786,0.0078125
,19,Another step cut from the same linear candidate had a lower nonlinear RMS.,50.000000000000014,step_cut_discarded,21.882977320249175,0.2872418343026281,1.0
,19,Another step cut from the same linear candidate had a lower nonlinear RMS.,50.000000000000014,step_cut_discarded,8.838412576911615,6.11172840187828,0.5
,19,Another step cut from the same linear candidate had a lower nonlinear RMS.,50.000000000000014,step_cut_discarded,8.438248254224138,12.923886706658896,0.25
,19,Another step cut from the same linear candidate had a lower nonlinear RMS.,50.000000000000014,step_cut_discarded,8.418040269537945,17.30494461429741,0.125
,19,Another step cut from the same linear candidate had a lower nonlinear RMS.,50.000000000000014,step_cut_discarded,8.414507877711666,19.7392182569287,0.0625
,19,Another step cut from the same linear candidate had a lower nonlinear RMS.,50.000000000000014,step_cut_discarded,8.413255365263392,21.017291250447368,0.03125
,19,Another step cut from the same linear candidate had a lower nonlinear RMS.,50.000000000000014,step_cut_discarded,8.412704942817552,21.671561790257453,0.015625
,19,Another step cut from the same linear candidate had a lower nonlinear RMS.,50.000000000000014,step_cut_discarded,8.412445358994912,22.002505570925184,0.0078125
,19,Another step cut from the same linear candidate had a lower nonlinear RMS.,158.113883008419,step_cut_discarded,22.546341265462846,0.21566155419345032,1.0
,19,Another step cut from the same linear candidate had a lower nonlinear RMS.,158.113883008419,step_cut_discarded,8.887345491043165,5.85692676793332,0.5
,19,Another step cut from the same linear candidate had a lower nonlinear RMS.,158.113883008419,step_cut_discarded,8.441088624090641,12.741733016213821,0.25
,19,Another step cut from the same linear candidate had a lower nonlinear RMS.,158.113883008419,step_cut_discarded,8.41855740440091,17.200179550706714,0.125
,19,Another step cut from the same linear candidate had a lower nonlinear RMS.,158.113883008419,step_cut_discarded,8.414684038819898,19.683413670541327,0.0625
,19,Another step cut from the same linear candidate had a lower nonlinear RMS.,158.113883008419,step_cut_discarded,8.413329968622184,20.98853344360566,0.03125
,19,Another step cut from the same linear candidate had a lower nonlinear RMS.,158.113883008419,step_cut_discarded,8.412739379380563,21.656969008424603,0.015625
,19,Another step cut from the same linear candidate had a lower nonlinear RMS.,158.113883008419,step_cut_discarded,8.412461905979688,21.995155710405758,0.0078125
,19,Another step cut from the same linear candidate had a lower nonlinear RMS.,500.0000000000001,step_cut_discarded,22.79596279312288,0.1895013394605267,1.0
,19,Another step cut from the same linear candidate had a lower nonlinear RMS.,500.0000000000001,step_cut_discarded,8.912188344254496,5.7685181419715095,0.5
,19,Another step cut from the same linear candidate had a lower nonlinear RMS.,500.0000000000001,step_cut_discarded,8.44256284818533,12.678696573584086,0.25
,19,Another step cut from the same linear candidate had a lower nonlinear RMS.,500.0000000000001,step_cut_discarded,8.41880159986985,17.163953296979635,0.125
,19,Another step cut from the same linear candidate had a lower nonlinear RMS.,500.0000000000001,step_cut_discarded,8.414756552151232,19.66412353557473,0.0625
,19,Another step cut from the same linear candidate had a lower nonlinear RMS.,500.0000000000001,step_cut_discarded,8.41335755405094,20.97859412409661,0.03125
,19,Another step cut from the same linear candidate had a lower nonlinear RMS.,500.0000000000001,step_cut_discarded,8.4127512733195,21.651925785663632,0.015625
,19,Another step cut from the same linear candidate had a lower nonlinear RMS.,500.0000000000001,step_cut_discarded,8.412467402702706,21.992615708273668,0.0078125
,19,A different valid candidate better satisfied the Occam selection policy.,0.0005000000000000001,not_selected,8.411476413437207,26.23885910200498,0.0625
,19,A different valid candidate better satisfied the Occam selection policy.,0.0015811388300841901,not_selected,8.411476460954132,26.2378379027771,0.0625
,19,A different valid candidate better satisfied the Occam selection policy.,0.005000000000000001,not_selected,8.411476607784454,26.234775307841414,0.0625
,19,A different valid candidate better satisfied the Occam selection policy.,0.0158113883008419,not_selected,8.411477032017038,26.226498657557848,0.0625
,19,A different valid candidate better satisfied the Occam selection policy.,0.05000000000000002,not_selected,8.411584196958763,30.017978582087864,0.125
,19,A different valid candidate better satisfied the Occam selection policy.,0.5000000000000001,not_selected,8.411854422505153,23.3820478845192,0.5
,19,A different valid candidate better satisfied the Occam selection policy.,1.5811388300841902,not_selected,8.412223861920985,22.244550832192242,0.00390625
,19,A different valid candidate better satisfied the Occam selection policy.,5.000000000000001,not_selected,8.412236775186761,22.207585904273163,0.00390625
,19,A different valid candidate better satisfied the Occam selection policy.,15.8113883008419,not_selected,8.41229419115232,22.1799153764065,0.00390625
,19,A different valid candidate better satisfied the Occam selection policy.,50.000000000000014,not_selected,8.41231921096917,22.16892958894972,0.00390625
,19,A different valid candidate better satisfied the Occam selection policy.,158.113883008419,not_selected,8.412327321288183,22.165241291289256,0.00390625
,19,A different valid candidate better satisfied the Occam selection policy.,500.0000000000001,not_selected,8.412329959649233,22.1639666925353,0.00390625
,20,Another step cut from the same linear candidate had a lower nonlinear RMS.,0.000158113883008419,step_cut_discarded,8.74698797337106,164.90285389116758,1.0
,20,Another step cut from the same linear candidate had a lower nonlinear RMS.,0.000158113883008419,step_cut_discarded,8.472488779122088,77.18776646365582,0.5
,20,Another step cut from the same linear candidate had a lower nonlinear RMS.,0.000158113883008419,step_cut_discarded,8.419051582840494,47.61330601757012,0.25
,20,Another step cut from the same linear candidate had a lower nonlinear RMS.,0.000158113883008419,step_cut_discarded,8.411648993504302,36.39684661144479,0.125
,20,Another step cut from the same linear candidate had a lower nonlinear RMS.,0.0005000000000000001,step_cut_discarded,8.746393852238858,164.8678172399391,1.0
,20,Another step cut from the same linear candidate had a lower nonlinear RMS.,0.0005000000000000001,step_cut_discarded,8.472392818789707,77.17573338605744,0.5
,20,Another step cut from the same linear candidate had a lower nonlinear RMS.,0.0005000000000000001,step_cut_discarded,8.419039942997921,47.60866079077486,0.25
,20,Another step cut from the same linear candidate had a lower nonlinear RMS.,0.0005000000000000001,step_cut_discarded,8.411647707432499,36.39486682604815,0.125
,20,Another step cut from the same linear candidate had a lower nonlinear RMS.,0.00158113883008419,step_cut_discarded,8.744569652590876,164.76048279545677,1.0
,20,Another step cut from the same linear candidate had a lower nonlinear RMS.,0.00158113883008419,step_cut_discarded,8.472099121674763,77.13876725224566,0.5
,20,Another step cut from the same linear candidate had a lower nonlinear RMS.,0.00158113883008419,step_cut_discarded,8.419004405740905,47.59435299597633,0.25
,20,Another step cut from the same linear candidate had a lower nonlinear RMS.,0.00158113883008419,step_cut_discarded,8.411643784589668,36.38875674667572,0.125
,20,Another step cut from the same linear candidate had a lower nonlinear RMS.,0.005000000000000001,step_cut_discarded,8.73929913825615,164.45253569871943,1.0
,20,Another step cut from the same linear candidate had a lower nonlinear RMS.,0.005000000000000001,step_cut_discarded,8.471258723580657,77.03179027234417,0.5
,20,Another step cut from the same linear candidate had a lower nonlinear RMS.,0.005000000000000001,step_cut_discarded,8.418903458467598,47.55261364814237,0.25
,20,Another step cut from the same linear candidate had a lower nonlinear RMS.,0.005000000000000001,step_cut_discarded,8.411632672373546,36.37082435828795,0.125
,20,Another step cut from the same linear candidate had a lower nonlinear RMS.,0.0158113883008419,step_cut_discarded,8.726458185166015,163.71788657444364,1.0
,20,Another step cut from the same linear candidate had a lower nonlinear RMS.,0.0158113883008419,step_cut_discarded,8.469264802357493,76.76995173429667,0.5
,20,Another step cut from the same linear candidate had a lower nonlinear RMS.,0.0158113883008419,step_cut_discarded,8.418668479213528,47.44806588514124,0.25
,20,Another step cut from the same linear candidate had a lower nonlinear RMS.,0.0158113883008419,step_cut_discarded,8.411607007198295,36.32514335329303,0.125
,20,Another step cut from the same linear candidate had a lower nonlinear RMS.,0.05000000000000001,step_cut_discarded,8.536668912232651,128.7148963764168,1.0
,20,Another step cut from the same linear candidate had a lower nonlinear RMS.,0.05000000000000001,step_cut_discarded,8.430195788149026,66.42297907662088,0.5
,20,Another step cut from the same linear candidate had a lower nonlinear RMS.,0.05000000000000001,step_cut_discarded,8.412948430518389,44.06321016663776,0.25
,20,Another step cut from the same linear candidate had a lower nonlinear RMS.,0.158113883008419,step_cut_discarded,8.418864608315612,49.176553252131605,1.0
,20,Another step cut from the same linear candidate had a lower nonlinear RMS.,0.158113883008419,step_cut_discarded,8.411359595986614,37.339343018370805,0.5
,20,Another step cut from the same linear candidate had a lower nonlinear RMS.,0.5000000000000001,step_cut_discarded,8.449192293063042,14.422417164678862,1.0
,20,Another step cut from the same linear candidate had a lower nonlinear RMS.,0.5000000000000001,step_cut_discarded,8.414654205916625,19.914325384939918,0.5
,20,Another step cut from the same linear candidate had a lower nonlinear RMS.,0.5000000000000001,step_cut_discarded,8.412117957225488,23.468279799344277,0.25
,20,Another step cut from the same linear candidate had a lower nonlinear RMS.,0.5000000000000001,step_cut_discarded,8.41157840178592,25.44725708261491,0.125
,20,Another step cut from the same linear candidate had a lower nonlinear RMS.,0.5000000000000001,step_cut_discarded,8.411391146380696,26.487245743267348,0.0625
,20,Another step cut from the same linear candidate had a lower nonlinear RMS.,0.5000000000000001,step_cut_discarded,8.411313599888496,27.01986507834783,0.03125
,20,Another step cut from the same linear candidate had a lower nonlinear RMS.,0.5000000000000001,step_cut_discarded,8.411278604882636,27.289330997076636,0.015625
,20,Another step cut from the same linear candidate had a lower nonlinear RMS.,0.5000000000000001,step_cut_discarded,8.411262038136048,27.4248530192382,0.0078125
,20,Another step cut from the same linear candidate had a lower nonlinear RMS.,1.58113883008419,step_cut_discarded,11.290868531399072,4.911091695473199,1.0
,20,Another step cut from the same linear candidate had a lower nonlinear RMS.,1.58113883008419,step_cut_discarded,8.489276746264423,12.467645930305823,0.5
,20,Another step cut from the same linear candidate had a lower nonlinear RMS.,1.58113883008419,step_cut_discarded,8.416950032209266,19.07218589201941,0.25
,20,Another step cut from the same linear candidate had a lower nonlinear RMS.,1.58113883008419,step_cut_discarded,8.412543921011503,23.08102158395052,0.125
,20,Another step cut from the same linear candidate had a lower nonlinear RMS.,1.58113883008419,step_cut_discarded,8.411734114770452,25.262080857684655,0.0625
,20,Another step cut from the same linear candidate had a lower nonlinear RMS.,1.58113883008419,step_cut_discarded,8.411461221050468,26.396770851493873,0.03125
,20,Another step cut from the same linear candidate had a lower nonlinear RMS.,1.58113883008419,step_cut_discarded,8.41134715913457,26.97515593763401,0.015625
,20,Another step cut from the same linear candidate had a lower nonlinear RMS.,1.58113883008419,step_cut_discarded,8.411295056161084,27.267108503012967,0.0078125
,20,Another step cut from the same linear candidate had a lower nonlinear RMS.,5.000000000000001,step_cut_discarded,17.4482579191922,3.7238289077676088,1.0
,20,Another step cut from the same linear candidate had a lower nonlinear RMS.,5.000000000000001,step_cut_discarded,8.627689925609786,10.458652419324881,0.5
,20,Another step cut from the same linear candidate had a lower nonlinear RMS.,5.000000000000001,step_cut_discarded,8.421974171397235,17.713848607246902,0.25
,20,Another step cut from the same linear candidate had a lower nonlinear RMS.,5.000000000000001,step_cut_discarded,8.413098202868317,22.31339280924376,0.125
,20,Another step cut from the same linear candidate had a lower nonlinear RMS.,5.000000000000001,step_cut_discarded,8.411881249147347,24.856151437251143,0.0625
,20,Another step cut from the same linear candidate had a lower nonlinear RMS.,5.000000000000001,step_cut_discarded,8.411517651818492,26.188277383007083,0.03125
,20,Another step cut from the same linear candidate had a lower nonlinear RMS.,5.000000000000001,step_cut_discarded,8.411371991490508,26.869527013823117,0.015625
,20,Another step cut from the same linear candidate had a lower nonlinear RMS.,5.000000000000001,step_cut_discarded,8.411306692491335,27.21394849371564,0.0078125
,20,Another step cut from the same linear candidate had a lower nonlinear RMS.,15.8113883008419,step_cut_discarded,21.15073152448985,0.7765797059953412,1.0
,20,Another step cut from the same linear candidate had a lower nonlinear RMS.,15.8113883008419,step_cut_discarded,8.740807837510975,8.14126629632262,0.5
,20,Another step cut from the same linear candidate had a lower nonlinear RMS.,15.8113883008419,step_cut_discarded,8.42999658910755,16.344215165216742,0.25
,20,Another step cut from the same linear candidate had a lower nonlinear RMS.,15.8113883008419,step_cut_discarded,8.415406445228877,21.575840993096417,0.125
,20,Another step cut from the same linear candidate had a lower nonlinear RMS.,15.8113883008419,step_cut_discarded,8.41286752467295,24.47419175539442,0.0625
,20,Another step cut from the same linear candidate had a lower nonlinear RMS.,15.8113883008419,step_cut_discarded,8.411980216675854,25.99400159863295,0.03125
,20,Another step cut from the same linear candidate had a lower nonlinear RMS.,15.8113883008419,step_cut_discarded,8.411596366381636,26.771565135774612,0.015625
,20,Another step cut from the same linear candidate had a lower nonlinear RMS.,15.8113883008419,step_cut_discarded,8.41141721416381,27.16476155822603,0.0078125
,20,Another step cut from the same linear candidate had a lower nonlinear RMS.,50.000000000000014,step_cut_discarded,22.655598195003794,0.27322628735599835,1.0
,20,Another step cut from the same linear candidate had a lower nonlinear RMS.,50.000000000000014,step_cut_discarded,8.817571939166074,7.37812296197452,0.5
,20,Another step cut from the same linear candidate had a lower nonlinear RMS.,50.000000000000014,step_cut_discarded,8.435387488910719,15.834776841785583,0.25
,20,Another step cut from the same linear candidate had a lower nonlinear RMS.,50.000000000000014,step_cut_discarded,8.416680227045136,21.289155167316565,0.125
,20,Another step cut from the same linear candidate had a lower nonlinear RMS.,50.000000000000014,step_cut_discarded,8.413346371657617,24.32285717648842,0.0625
,20,Another step cut from the same linear candidate had a lower nonlinear RMS.,50.000000000000014,step_cut_discarded,8.412190350329281,25.916336392675934,0.03125
,20,Another step cut from the same linear candidate had a lower nonlinear RMS.,50.000000000000014,step_cut_discarded,8.411694890408379,26.732233053670093,0.015625
,20,Another step cut from the same linear candidate had a lower nonlinear RMS.,50.000000000000014,step_cut_discarded,8.411464914957742,27.14497064739227,0.0078125
,20,Another step cut from the same linear candidate had a lower nonlinear RMS.,158.113883008419,step_cut_discarded,23.20997730523832,0.20557876554523238,1.0
,20,Another step cut from the same linear candidate had a lower nonlinear RMS.,158.113883008419,step_cut_discarded,8.856678052073796,7.1456226272371115,0.5
,20,Another step cut from the same linear candidate had a lower nonlinear RMS.,158.113883008419,step_cut_discarded,8.437801528262248,15.66885753095887,0.25
,20,Another step cut from the same linear candidate had a lower nonlinear RMS.,158.113883008419,step_cut_discarded,8.417162766457414,21.193778226038713,0.125
,20,Another step cut from the same linear candidate had a lower nonlinear RMS.,158.113883008419,step_cut_discarded,8.413513570834144,24.272064384383363,0.0625
,20,Another step cut from the same linear candidate had a lower nonlinear RMS.,158.113883008419,step_cut_discarded,8.412260903461512,25.890163916256874,0.03125
,20,Another step cut from the same linear candidate had a lower nonlinear RMS.,158.113883008419,step_cut_discarded,8.411727312988877,26.718952795368935,0.015625
,20,Another step cut from the same linear candidate had a lower nonlinear RMS.,158.113883008419,step_cut_discarded,8.411480450872544,27.13828201321878,0.0078125
,20,A different valid candidate better satisfied the Occam selection policy.,0.000158113883008419,not_selected,8.410978655879862,31.68130961261153,0.0625
,20,A different valid candidate better satisfied the Occam selection policy.,0.0005000000000000001,not_selected,8.410978523143573,31.680405426913463,0.0625
,20,A different valid candidate better satisfied the Occam selection policy.,0.00158113883008419,not_selected,8.41097812011836,31.677611341733954,0.0625
,20,A different valid candidate better satisfied the Occam selection policy.,0.005000000000000001,not_selected,8.410976995174945,31.669379468922365,0.0625
,20,A different valid candidate better satisfied the Occam selection policy.,0.0158113883008419,not_selected,8.410974519556724,31.648187185551325,0.0625
,20,A different valid candidate better satisfied the Occam selection policy.,0.05000000000000001,not_selected,8.410954915986196,35.079873146624884,0.125
,20,A different valid candidate better satisfied the Occam selection policy.,0.5000000000000001,not_selected,8.411253986647367,27.492811296018267,0.00390625
,20,A different valid candidate better satisfied the Occam selection policy.,1.58113883008419,not_selected,8.411270185880758,27.41377479127968,0.00390625
,20,A different valid candidate better satisfied the Occam selection policy.,5.000000000000001,not_selected,8.411275814832164,27.38710839978304,0.00390625
,20,A different valid candidate better satisfied the Occam selection policy.,15.8113883008419,not_selected,8.411330665236763,27.362463432921892,0.00390625
,20,A different valid candidate better satisfied the Occam selection policy.,50.000000000000014,not_selected,8.411354133406283,27.35253676005963,0.00390625
,20,A different valid candidate better satisfied the Occam selection policy.,158.113883008419,not_selected,8.41136173659403,27.34918031671717,0.00390625
