# ModEM impedance responses for Created with MTMESH
# Period(s) Code GG_Lat GG_Lon X(m) Y(m) Z(m) Component Real Imag Error
> Full_Impedance
> exp(+i\omega t)
> [mV/km]/[nT]
> 0.00
> -31.95556 41.53481
> 24 21
3.33333E+02  BH_10_imp        -31.9799   41.5902     -2818.695      5171.237     0.000  ZXX   1.24953E+00   4.15592E-01   2.46683E-01
3.33333E+02  BH_10_imp        -31.9799   41.5902     -2818.695      5171.237     0.000  ZXY   3.69199E+00   3.53265E+00   1.76202E-01
3.33333E+02  BH_10_imp        -31.9799   41.5902     -2818.695      5171.237     0.000  ZYX  -1.85135E+00  -1.57457E+00   1.76202E-01
3.33333E+02  BH_10_imp        -31.9799   41.5902     -2818.695      5171.237     0.000  ZYY  -2.37073E+00  -1.85614E+00   2.46683E-01
2.02063E+02  BH_10_imp        -31.9799   41.5902     -2818.695      5171.237     0.000  ZXX   1.77282E+00   2.53150E-01   3.09520E-01
2.02063E+02  BH_10_imp        -31.9799   41.5902     -2818.695      5171.237     0.000  ZXY   4.22525E+00   4.33057E+00   2.21085E-01
2.02063E+02  BH_10_imp        -31.9799   41.5902     -2818.695      5171.237     0.000  ZYX  -2.57226E+00  -1.95600E+00   2.21085E-01
2.02063E+02  BH_10_imp        -31.9799   41.5902     -2818.695      5171.237     0.000  ZYY  -2.58307E+00  -2.19543E+00   3.09520E-01
1.22489E+02  BH_10_imp        -31.9799   41.5902     -2818.695      5171.237     0.000  ZXX   1.21199E+00  -4.35018E-02   3.65982E-01
1.22489E+02  BH_10_imp        -31.9799   41.5902     -2818.695      5171.237     0.000  ZXY   6.36892E+00   5.43668E+00   2.61416E-01
1.22489E+02  BH_10_imp        -31.9799   41.5902     -2818.695      5171.237     0.000  ZYX  -2.37196E+00  -2.24276E+00   2.61416E-01
1.22489E+02  BH_10_imp        -31.9799   41.5902     -2818.695      5171.237     0.000  ZYY  -3.84021E+00  -2.99855E+00   3.65982E-01
7.42512E+01  BH_10_imp        -31.9799   41.5902     -2818.695      5171.237     0.000  ZXX   1.39522E+00   6.22494E-01   4.61130E-01
7.42512E+01  BH_10_imp        -31.9799   41.5902     -2818.695      5171.237     0.000  ZXY   7.26260E+00   5.84836E+00   3.29378E-01
7.42512E+01  BH_10_imp        -31.9799   41.5902     -2818.695      5171.237     0.000  ZYX  -2.31412E+00  -4.03779E+00   3.29378E-01
7.42512E+01  BH_10_imp        -31.9799   41.5902     -2818.695      5171.237     0.000  ZYY  -4.62374E+00  -2.45739E+00   4.61130E-01
4.50104E+01  BH_10_imp        -31.9799   41.5902     -2818.695      5171.237     0.000  ZXX   1.39903E+00   2.53912E-01   6.27290E-01
4.50104E+01  BH_10_imp        -31.9799   41.5902     -2818.695      5171.237     0.000  ZXY   9.28210E+00   8.20982E+00   4.48064E-01
4.50104E+01  BH_10_imp        -31.9799   41.5902     -2818.695      5171.237     0.000  ZYX  -2.65840E+00  -5.91007E+00   4.48064E-01
4.50104E+01  BH_10_imp        -31.9799   41.5902     -2818.695      5171.237     0.000  ZYY  -5.45504E+00  -3.56347E+00   6.27290E-01
2.72849E+01  BH_10_imp        -31.9799   41.5902     -2818.695      5171.237     0.000  ZXX   2.30015E+00  -2.26312E-01   8.73564E-01
2.72849E+01  BH_10_imp        -31.9799   41.5902     -2818.695      5171.237     0.000  ZXY   1.11875E+01   1.04272E+01   6.23975E-01
2.72849E+01  BH_10_imp        -31.9799   41.5902     -2818.695      5171.237     0.000  ZYX  -3.89884E+00  -9.40745E+00   6.23975E-01
2.72849E+01  BH_10_imp        -31.9799   41.5902     -2818.695      5171.237     0.000  ZYY  -6.54473E+00  -4.33551E+00   8.73564E-01
1.65398E+01  BH_10_imp        -31.9799   41.5902     -2818.695      5171.237     0.000  ZXX   1.61054E+00  -1.16384E+00   9.99583E-01
1.65398E+01  BH_10_imp        -31.9799   41.5902     -2818.695      5171.237     0.000  ZXY   1.26134E+01   1.32665E+01   7.13988E-01
1.65398E+01  BH_10_imp        -31.9799   41.5902     -2818.695      5171.237     0.000  ZYX  -5.34926E+00  -9.77078E+00   7.13988E-01
1.65398E+01  BH_10_imp        -31.9799   41.5902     -2818.695      5171.237     0.000  ZYY  -8.02939E+00  -3.92322E+00   9.99583E-01
1.00263E+01  BH_10_imp        -31.9799   41.5902     -2818.695      5171.237     0.000  ZXX   2.81881E+00   1.12577E+01   9.44225E-01
1.00263E+01  BH_10_imp        -31.9799   41.5902     -2818.695      5171.237     0.000  ZXY   7.36695E+00   1.43900E+01   6.74446E-01
1.00263E+01  BH_10_imp        -31.9799   41.5902     -2818.695      5171.237     0.000  ZYX  -9.38249E+00  -6.21660E+00   6.74446E-01
1.00263E+01  BH_10_imp        -31.9799   41.5902     -2818.695      5171.237     0.000  ZYY  -7.77546E+00  -1.19304E+01   9.44225E-01
6.07785E+00  BH_10_imp        -31.9799   41.5902     -2818.695      5171.237     0.000  ZXX  -5.22387E+00  -7.99929E-01   1.59699E+00
6.07785E+00  BH_10_imp        -31.9799   41.5902     -2818.695      5171.237     0.000  ZXY   1.56457E+01   2.07691E+01   1.14071E+00
6.07785E+00  BH_10_imp        -31.9799   41.5902     -2818.695      5171.237     0.000  ZYX  -4.37956E+00  -1.95316E+01   1.14071E+00
6.07785E+00  BH_10_imp        -31.9799   41.5902     -2818.695      5171.237     0.000  ZYY  -9.61892E+00  -1.88330E+00   1.59699E+00
3.68431E+00  BH_10_imp        -31.9799   41.5902     -2818.695      5171.237     0.000  ZXX  -1.53750E+00  -1.47028E+01   3.33467E+00
3.68431E+00  BH_10_imp        -31.9799   41.5902     -2818.695      5171.237     0.000  ZXY   4.95207E+01   4.47126E+01   2.38191E+00
3.68431E+00  BH_10_imp        -31.9799   41.5902     -2818.695      5171.237     0.000  ZYX  -2.51079E+01  -2.29464E+01   2.38191E+00
3.68431E+00  BH_10_imp        -31.9799   41.5902     -2818.695      5171.237     0.000  ZYY  -3.74015E+01  -1.47597E+01   3.33467E+00
2.23339E+00  BH_10_imp        -31.9799   41.5902     -2818.695      5171.237     0.000  ZXX  -3.12353E+00  -2.59985E+00   4.10568E+00
2.23339E+00  BH_10_imp        -31.9799   41.5902     -2818.695      5171.237     0.000  ZXY   3.65487E+01   4.53051E+01   2.93263E+00
2.23339E+00  BH_10_imp        -31.9799   41.5902     -2818.695      5171.237     0.000  ZYX  -3.47522E+01  -4.78012E+01   2.93263E+00
2.23339E+00  BH_10_imp        -31.9799   41.5902     -2818.695      5171.237     0.000  ZYY  -1.74548E+01  -7.71718E+00   4.10568E+00
1.35386E+00  BH_10_imp        -31.9799   41.5902     -2818.695      5171.237     0.000  ZXX  -7.90218E+00  -6.65653E+00   5.83889E+00
1.35386E+00  BH_10_imp        -31.9799   41.5902     -2818.695      5171.237     0.000  ZXY   5.68948E+01   6.87450E+01   4.17064E+00
1.35386E+00  BH_10_imp        -31.9799   41.5902     -2818.695      5171.237     0.000  ZYX  -5.43987E+01  -5.58584E+01   4.17064E+00
1.35386E+00  BH_10_imp        -31.9799   41.5902     -2818.695      5171.237     0.000  ZYY  -2.33384E+01  -1.15290E+01   5.83889E+00
8.20695E-01  BH_10_imp        -31.9799   41.5902     -2818.695      5171.237     0.000  ZXX  -1.00510E+01   8.15054E-01   7.66902E+00
8.20695E-01  BH_10_imp        -31.9799   41.5902     -2818.695      5171.237     0.000  ZXY   7.40863E+01   9.02470E+01   5.47787E+00
8.20695E-01  BH_10_imp        -31.9799   41.5902     -2818.695      5171.237     0.000  ZYX  -7.78484E+01  -6.71339E+01   5.47787E+00
8.20695E-01  BH_10_imp        -31.9799   41.5902     -2818.695      5171.237     0.000  ZYY  -2.65274E+01  -1.97117E+01   7.66902E+00
4.97498E-01  BH_10_imp        -31.9799   41.5902     -2818.695      5171.237     0.000  ZXX  -1.83426E+01   1.89231E+01   9.91031E+00
4.97498E-01  BH_10_imp        -31.9799   41.5902     -2818.695      5171.237     0.000  ZXY   1.09276E+02   1.20284E+02   7.07879E+00
4.97498E-01  BH_10_imp        -31.9799   41.5902     -2818.695      5171.237     0.000  ZYX  -9.94067E+01  -7.30110E+01   7.07879E+00
4.97498E-01  BH_10_imp        -31.9799   41.5902     -2818.695      5171.237     0.000  ZYY  -3.16338E+01  -2.36594E+01   9.91031E+00
3.01578E-01  BH_10_imp        -31.9799   41.5902     -2818.695      5171.237     0.000  ZXX  -7.31955E+00   1.97833E+01   1.24856E+01
3.01578E-01  BH_10_imp        -31.9799   41.5902     -2818.695      5171.237     0.000  ZXY   1.51326E+02   1.43425E+02   8.91829E+00
3.01578E-01  BH_10_imp        -31.9799   41.5902     -2818.695      5171.237     0.000  ZYX  -1.26840E+02  -8.48255E+01   8.91829E+00
3.01578E-01  BH_10_imp        -31.9799   41.5902     -2818.695      5171.237     0.000  ZYY  -4.25744E+01  -3.03246E+01   1.24856E+01
1.82814E-01  BH_10_imp        -31.9799   41.5902     -2818.695      5171.237     0.000  ZXX   6.28887E+00   3.66701E+01   1.56866E+01
1.82814E-01  BH_10_imp        -31.9799   41.5902     -2818.695      5171.237     0.000  ZXY   2.13158E+02   1.64290E+02   1.12047E+01
1.82814E-01  BH_10_imp        -31.9799   41.5902     -2818.695      5171.237     0.000  ZYX  -1.57356E+02  -1.00290E+02   1.12047E+01
1.82814E-01  BH_10_imp        -31.9799   41.5902     -2818.695      5171.237     0.000  ZYY  -6.12014E+01  -3.40309E+01   1.56866E+01
1.10820E-01  BH_10_imp        -31.9799   41.5902     -2818.695      5171.237     0.000  ZXX   2.18213E+01   4.10799E+01   1.86688E+01
1.10820E-01  BH_10_imp        -31.9799   41.5902     -2818.695      5171.237     0.000  ZXY   2.74917E+02   1.79563E+02   1.33349E+01
1.10820E-01  BH_10_imp        -31.9799   41.5902     -2818.695      5171.237     0.000  ZYX  -1.86018E+02  -1.10990E+02   1.33349E+01
1.10820E-01  BH_10_imp        -31.9799   41.5902     -2818.695      5171.237     0.000  ZYY  -8.06313E+01  -3.20120E+01   1.86688E+01
6.71781E-02  BH_10_imp        -31.9799   41.5902     -2818.695      5171.237     0.000  ZXX   4.36385E+01   3.92811E+01   2.18080E+01
6.71781E-02  BH_10_imp        -31.9799   41.5902     -2818.695      5171.237     0.000  ZXY   3.29986E+02   1.94877E+02   1.55771E+01
6.71781E-02  BH_10_imp        -31.9799   41.5902     -2818.695      5171.237     0.000  ZYX  -2.19435E+02  -1.26455E+02   1.55771E+01
6.71781E-02  BH_10_imp        -31.9799   41.5902     -2818.695      5171.237     0.000  ZYY  -9.64393E+01  -2.33413E+01   2.18080E+01
4.07226E-02  BH_10_imp        -31.9799   41.5902     -2818.695      5171.237     0.000  ZXX   5.80866E+01   3.08536E+01   2.51545E+01
4.07226E-02  BH_10_imp        -31.9799   41.5902     -2818.695      5171.237     0.000  ZXY   3.87183E+02   2.06464E+02   1.79675E+01
4.07226E-02  BH_10_imp        -31.9799   41.5902     -2818.695      5171.237     0.000  ZYX  -2.53715E+02  -1.49116E+02   1.79675E+01
4.07226E-02  BH_10_imp        -31.9799   41.5902     -2818.695      5171.237     0.000  ZYY  -1.07882E+02  -2.73771E+00   2.51545E+01
2.46856E-02  BH_10_imp        -31.9799   41.5902     -2818.695      5171.237     0.000  ZXX   6.54377E+01   2.06820E+01   2.90513E+01
2.46856E-02  BH_10_imp        -31.9799   41.5902     -2818.695      5171.237     0.000  ZXY   4.40440E+02   2.25438E+02   2.07509E+01
2.46856E-02  BH_10_imp        -31.9799   41.5902     -2818.695      5171.237     0.000  ZYX  -2.96471E+02  -1.82449E+02   2.07509E+01
2.46856E-02  BH_10_imp        -31.9799   41.5902     -2818.695      5171.237     0.000  ZYY  -1.07353E+02   2.50635E+01   2.90513E+01
1.49642E-02  BH_10_imp        -31.9799   41.5902     -2818.695      5171.237     0.000  ZXX   6.75912E+01   1.43242E+01   3.48533E+01
1.49642E-02  BH_10_imp        -31.9799   41.5902     -2818.695      5171.237     0.000  ZXY   5.03687E+02   2.74300E+02   2.48952E+01
1.49642E-02  BH_10_imp        -31.9799   41.5902     -2818.695      5171.237     0.000  ZYX  -3.66141E+02  -2.29738E+02   2.48952E+01
1.49642E-02  BH_10_imp        -31.9799   41.5902     -2818.695      5171.237     0.000  ZYY  -8.73694E+01   5.45129E+01   3.48533E+01
9.07112E-03  BH_10_imp        -31.9799   41.5902     -2818.695      5171.237     0.000  ZXX   6.53234E+01   1.18103E+01   4.19412E+01
9.07112E-03  BH_10_imp        -31.9799   41.5902     -2818.695      5171.237     0.000  ZXY   5.87468E+02   3.40586E+02   2.99580E+01
9.07112E-03  BH_10_imp        -31.9799   41.5902     -2818.695      5171.237     0.000  ZYX  -4.55387E+02  -2.68530E+02   2.99580E+01
9.07112E-03  BH_10_imp        -31.9799   41.5902     -2818.695      5171.237     0.000  ZYY  -5.30797E+01   7.06568E+01   4.19412E+01
5.49883E-03  BH_10_imp        -31.9799   41.5902     -2818.695      5171.237     0.000  ZXX   6.16082E+01   2.00143E+01   5.11327E+01
5.49883E-03  BH_10_imp        -31.9799   41.5902     -2818.695      5171.237     0.000  ZXY   7.27426E+02   4.11686E+02   3.65234E+01
5.49883E-03  BH_10_imp        -31.9799   41.5902     -2818.695      5171.237     0.000  ZYX  -5.71620E+02  -2.84210E+02   3.65234E+01
5.49883E-03  BH_10_imp        -31.9799   41.5902     -2818.695      5171.237     0.000  ZYY  -9.66063E+00   6.58585E+01   5.11327E+01
3.33333E-03  BH_10_imp        -31.9799   41.5902     -2818.695      5171.237     0.000  ZXX   6.59858E+01   3.65242E+01   5.91492E+01
3.33333E-03  BH_10_imp        -31.9799   41.5902     -2818.695      5171.237     0.000  ZXY   8.79009E+02   4.48779E+02   4.22494E+01
3.33333E-03  BH_10_imp        -31.9799   41.5902     -2818.695      5171.237     0.000  ZYX  -6.69738E+02  -2.73555E+02   4.22494E+01
3.33333E-03  BH_10_imp        -31.9799   41.5902     -2818.695      5171.237     0.000  ZYY   2.02061E+01   4.21140E+01   5.91492E+01
1.22489E+02  BH_11            -32.0152   41.5756     -6706.907      3699.694     0.000  ZXX   3.88817E+00   3.32437E+00   4.18201E-01
1.22489E+02  BH_11            -32.0152   41.5756     -6706.907      3699.694     0.000  ZXY   7.33253E+00   5.92034E+00   2.98715E-01
1.22489E+02  BH_11            -32.0152   41.5756     -6706.907      3699.694     0.000  ZYX  -2.64286E+00  -2.71272E+00   2.98715E-01
1.22489E+02  BH_11            -32.0152   41.5756     -6706.907      3699.694     0.000  ZYY  -3.70740E+00  -2.55670E+00   4.18201E-01
7.42512E+01  BH_11            -32.0152   41.5756     -6706.907      3699.694     0.000  ZXX   3.96040E+00   5.34981E+00   5.36412E-01
7.42512E+01  BH_11            -32.0152   41.5756     -6706.907      3699.694     0.000  ZXY   9.76814E+00   6.54022E+00   3.83151E-01
7.42512E+01  BH_11            -32.0152   41.5756     -6706.907      3699.694     0.000  ZYX  -2.67059E+00  -4.22147E+00   3.83151E-01
7.42512E+01  BH_11            -32.0152   41.5756     -6706.907      3699.694     0.000  ZYY  -4.78785E+00  -2.76508E+00   5.36412E-01
4.50104E+01  BH_11            -32.0152   41.5756     -6706.907      3699.694     0.000  ZXX   5.50761E+00   7.97361E+00   7.38209E-01
4.50104E+01  BH_11            -32.0152   41.5756     -6706.907      3699.694     0.000  ZXY   1.22783E+01   8.43449E+00   5.27292E-01
4.50104E+01  BH_11            -32.0152   41.5756     -6706.907      3699.694     0.000  ZYX  -3.69458E+00  -6.48774E+00   5.27292E-01
4.50104E+01  BH_11            -32.0152   41.5756     -6706.907      3699.694     0.000  ZYY  -6.08898E+00  -3.54473E+00   7.38209E-01
2.72849E+01  BH_11            -32.0152   41.5756     -6706.907      3699.694     0.000  ZXX   7.84701E+00   9.25642E+00   8.53665E-01
2.72849E+01  BH_11            -32.0152   41.5756     -6706.907      3699.694     0.000  ZXY   1.03501E+01   1.08837E+01   6.09761E-01
2.72849E+01  BH_11            -32.0152   41.5756     -6706.907      3699.694     0.000  ZYX  -5.46578E+00  -8.25699E+00   6.09761E-01
2.72849E+01  BH_11            -32.0152   41.5756     -6706.907      3699.694     0.000  ZYY  -4.44687E+00  -4.09579E+00   8.53665E-01
1.65398E+01  BH_11            -32.0152   41.5756     -6706.907      3699.694     0.000  ZXX  -9.26331E-01   4.92176E+00   4.97379E-01
1.65398E+01  BH_11            -32.0152   41.5756     -6706.907      3699.694     0.000  ZXY   7.84223E+00   8.46703E+00   3.55271E-01
1.65398E+01  BH_11            -32.0152   41.5756     -6706.907      3699.694     0.000  ZYX  -1.68265E+00  -4.03808E+00   3.55271E-01
1.65398E+01  BH_11            -32.0152   41.5756     -6706.907      3699.694     0.000  ZYY  -2.06315E+00  -6.64914E+00   4.97379E-01
1.00263E+01  BH_11            -32.0152   41.5756     -6706.907      3699.694     0.000  ZXX   2.82493E+00   1.00029E+01   8.18810E-01
1.00263E+01  BH_11            -32.0152   41.5756     -6706.907      3699.694     0.000  ZXY   1.68797E+01   3.31890E+00   5.84864E-01
1.00263E+01  BH_11            -32.0152   41.5756     -6706.907      3699.694     0.000  ZYX  -2.72799E+00  -7.47124E+00   5.84864E-01
1.00263E+01  BH_11            -32.0152   41.5756     -6706.907      3699.694     0.000  ZYY  -9.77363E+00   9.05718E-01   8.18810E-01
6.07785E+00  BH_11            -32.0152   41.5756     -6706.907      3699.694     0.000  ZXX   4.68945E+00   2.12230E+01   1.54113E+00
6.07785E+00  BH_11            -32.0152   41.5756     -6706.907      3699.694     0.000  ZXY   2.16083E+01   9.10462E+00   1.10080E+00
6.07785E+00  BH_11            -32.0152   41.5756     -6706.907      3699.694     0.000  ZYX  -5.60047E+00  -1.98984E+01   1.10080E+00
6.07785E+00  BH_11            -32.0152   41.5756     -6706.907      3699.694     0.000  ZYY  -1.03894E+01  -4.55541E-02   1.54113E+00
3.68431E+00  BH_11            -32.0152   41.5756     -6706.907      3699.694     0.000  ZXX   3.02672E+01   4.67449E+01   2.80896E+00
3.68431E+00  BH_11            -32.0152   41.5756     -6706.907      3699.694     0.000  ZXY   2.69228E+01   2.24808E+01   2.00640E+00
3.68431E+00  BH_11            -32.0152   41.5756     -6706.907      3699.694     0.000  ZYX  -2.40121E+01  -3.91292E+01   2.00640E+00
3.68431E+00  BH_11            -32.0152   41.5756     -6706.907      3699.694     0.000  ZYY  -1.12264E+01  -3.90513E+00   2.80896E+00
2.23339E+00  BH_11            -32.0152   41.5756     -6706.907      3699.694     0.000  ZXX   5.14600E+01   6.27501E+01   4.22455E+00
2.23339E+00  BH_11            -32.0152   41.5756     -6706.907      3699.694     0.000  ZXY   3.75431E+01   3.94684E+01   3.01754E+00
2.23339E+00  BH_11            -32.0152   41.5756     -6706.907      3699.694     0.000  ZYX  -4.13445E+01  -5.25487E+01   3.01754E+00
2.23339E+00  BH_11            -32.0152   41.5756     -6706.907      3699.694     0.000  ZYY  -1.54088E+01  -1.16528E+01   4.22455E+00
1.35386E+00  BH_11            -32.0152   41.5756     -6706.907      3699.694     0.000  ZXX   6.64435E+01   6.61135E+01   5.33250E+00
1.35386E+00  BH_11            -32.0152   41.5756     -6706.907      3699.694     0.000  ZXY   4.60332E+01   5.51668E+01   3.80893E+00
1.35386E+00  BH_11            -32.0152   41.5756     -6706.907      3699.694     0.000  ZYX  -5.72256E+01  -5.69971E+01   3.80893E+00
1.35386E+00  BH_11            -32.0152   41.5756     -6706.907      3699.694     0.000  ZYY  -1.67349E+01  -1.66677E+01   5.33250E+00
8.20695E-01  BH_11            -32.0152   41.5756     -6706.907      3699.694     0.000  ZXX   1.02442E+02   8.51284E+01   7.36271E+00
8.20695E-01  BH_11            -32.0152   41.5756     -6706.907      3699.694     0.000  ZXY   6.77635E+01   7.22337E+01   5.25908E+00
8.20695E-01  BH_11            -32.0152   41.5756     -6706.907      3699.694     0.000  ZYX  -8.64806E+01  -7.06967E+01   5.25908E+00
8.20695E-01  BH_11            -32.0152   41.5756     -6706.907      3699.694     0.000  ZYY  -2.57270E+01  -2.22347E+01   7.36271E+00
4.97498E-01  BH_11            -32.0152   41.5756     -6706.907      3699.694     0.000  ZXX   1.39807E+02   9.50618E+01   9.59390E+00
4.97498E-01  BH_11            -32.0152   41.5756     -6706.907      3699.694     0.000  ZXY   9.15007E+01   9.89362E+01   6.85279E+00
4.97498E-01  BH_11            -32.0152   41.5756     -6706.907      3699.694     0.000  ZYX  -1.16434E+02  -7.66312E+01   6.85279E+00
4.97498E-01  BH_11            -32.0152   41.5756     -6706.907      3699.694     0.000  ZYY  -3.23672E+01  -3.26824E+01   9.59390E+00
3.01578E-01  BH_11            -32.0152   41.5756     -6706.907      3699.694     0.000  ZXX   1.74545E+02   1.10006E+02   1.22157E+01
3.01578E-01  BH_11            -32.0152   41.5756     -6706.907      3699.694     0.000  ZXY   1.27366E+02   1.29455E+02   8.72549E+00
3.01578E-01  BH_11            -32.0152   41.5756     -6706.907      3699.694     0.000  ZYX  -1.42832E+02  -8.78591E+01   8.72549E+00
3.01578E-01  BH_11            -32.0152   41.5756     -6706.907      3699.694     0.000  ZYY  -4.64514E+01  -4.50712E+01   1.22157E+01
1.82814E-01  BH_11            -32.0152   41.5756     -6706.907      3699.694     0.000  ZXX   2.22495E+02   1.20841E+02   1.52749E+01
1.82814E-01  BH_11            -32.0152   41.5756     -6706.907      3699.694     0.000  ZXY   1.75077E+02   1.60524E+02   1.09107E+01
1.82814E-01  BH_11            -32.0152   41.5756     -6706.907      3699.694     0.000  ZYX  -1.74361E+02  -9.89232E+01   1.09107E+01
1.82814E-01  BH_11            -32.0152   41.5756     -6706.907      3699.694     0.000  ZYY  -6.57103E+01  -5.69211E+01   1.52749E+01
1.10820E-01  BH_11            -32.0152   41.5756     -6706.907      3699.694     0.000  ZXX   2.70611E+02   1.22059E+02   1.85349E+01
1.10820E-01  BH_11            -32.0152   41.5756     -6706.907      3699.694     0.000  ZXY   2.36806E+02   1.86147E+02   1.32392E+01
1.10820E-01  BH_11            -32.0152   41.5756     -6706.907      3699.694     0.000  ZYX  -2.06896E+02  -1.06646E+02   1.32392E+01
1.10820E-01  BH_11            -32.0152   41.5756     -6706.907      3699.694     0.000  ZYY  -8.78474E+01  -5.94796E+01   1.85349E+01
6.71781E-02  BH_11            -32.0152   41.5756     -6706.907      3699.694     0.000  ZXX   3.20874E+02   1.06063E+02   2.17652E+01
6.71781E-02  BH_11            -32.0152   41.5756     -6706.907      3699.694     0.000  ZXY   2.95759E+02   2.12352E+02   1.55466E+01
6.71781E-02  BH_11            -32.0152   41.5756     -6706.907      3699.694     0.000  ZYX  -2.40217E+02  -1.13145E+02   1.55466E+01
6.71781E-02  BH_11            -32.0152   41.5756     -6706.907      3699.694     0.000  ZYY  -1.10137E+02  -5.96997E+01   2.17652E+01
4.07226E-02  BH_11            -32.0152   41.5756     -6706.907      3699.694     0.000  ZXX   3.55653E+02   7.83416E+01   2.48767E+01
4.07226E-02  BH_11            -32.0152   41.5756     -6706.907      3699.694     0.000  ZXY   3.53419E+02   2.39309E+02   1.77691E+01
4.07226E-02  BH_11            -32.0152   41.5756     -6706.907      3699.694     0.000  ZYX  -2.69057E+02  -1.23149E+02   1.77691E+01
4.07226E-02  BH_11            -32.0152   41.5756     -6706.907      3699.694     0.000  ZYY  -1.26969E+02  -5.66771E+01   2.48767E+01
2.46856E-02  BH_11            -32.0152   41.5756     -6706.907      3699.694     0.000  ZXX   3.70621E+02   4.71599E+01   2.82705E+01
2.46856E-02  BH_11            -32.0152   41.5756     -6706.907      3699.694     0.000  ZXY   4.08696E+02   2.82440E+02   2.01932E+01
2.46856E-02  BH_11            -32.0152   41.5756     -6706.907      3699.694     0.000  ZYX  -2.95791E+02  -1.42476E+02   2.01932E+01
2.46856E-02  BH_11            -32.0152   41.5756     -6706.907      3699.694     0.000  ZYY  -1.36868E+02  -5.78290E+01   2.82705E+01
1.49642E-02  BH_11            -32.0152   41.5756     -6706.907      3699.694     0.000  ZXX   3.64429E+02   3.19812E+01   3.34976E+01
1.49642E-02  BH_11            -32.0152   41.5756     -6706.907      3699.694     0.000  ZXY   4.77774E+02   3.71108E+02   2.39269E+01
1.49642E-02  BH_11            -32.0152   41.5756     -6706.907      3699.694     0.000  ZYX  -3.28868E+02  -1.87428E+02   2.39269E+01
1.49642E-02  BH_11            -32.0152   41.5756     -6706.907      3699.694     0.000  ZYY  -1.44622E+02  -7.25740E+01   3.34976E+01
9.07112E-03  BH_11            -32.0152   41.5756     -6706.907      3699.694     0.000  ZXX   3.52591E+02   3.95842E+01   4.11297E+01
9.07112E-03  BH_11            -32.0152   41.5756     -6706.907      3699.694     0.000  ZXY   5.78026E+02   5.00060E+02   2.93784E+01
9.07112E-03  BH_11            -32.0152   41.5756     -6706.907      3699.694     0.000  ZYX  -3.76719E+02  -2.49220E+02   2.93784E+01
9.07112E-03  BH_11            -32.0152   41.5756     -6706.907      3699.694     0.000  ZYY  -1.58204E+02  -1.05487E+02   4.11297E+01
5.49883E-03  BH_11            -32.0152   41.5756     -6706.907      3699.694     0.000  ZXX   3.49339E+02   7.43471E+01   5.35245E+01
5.49883E-03  BH_11            -32.0152   41.5756     -6706.907      3699.694     0.000  ZXY   7.82175E+02   6.71323E+02   3.82318E+01
5.49883E-03  BH_11            -32.0152   41.5756     -6706.907      3699.694     0.000  ZYX  -4.57442E+02  -3.35387E+02   3.82318E+01
5.49883E-03  BH_11            -32.0152   41.5756     -6706.907      3699.694     0.000  ZYY  -2.08414E+02  -1.53566E+02   5.35245E+01
3.33333E-03  BH_11            -32.0152   41.5756     -6706.907      3699.694     0.000  ZXX   3.59682E+02   1.20609E+02   6.70196E+01
3.33333E-03  BH_11            -32.0152   41.5756     -6706.907      3699.694     0.000  ZXY   1.05311E+03   7.84720E+02   4.78711E+01
3.33333E-03  BH_11            -32.0152   41.5756     -6706.907      3699.694     0.000  ZYX  -5.55167E+02  -4.23019E+02   4.78711E+01
3.33333E-03  BH_11            -32.0152   41.5756     -6706.907      3699.694     0.000  ZYY  -2.88064E+02  -1.75364E+02   6.70196E+01
3.33333E+02  BH_12_imp        -31.9327   41.5784      2441.000      4177.806     0.000  ZXX   7.00272E-01   1.21911E-01   1.71340E-01
3.33333E+02  BH_12_imp        -31.9327   41.5784      2441.000      4177.806     0.000  ZXY   3.06225E+00   2.54747E+00   1.22386E-01
3.33333E+02  BH_12_imp        -31.9327   41.5784      2441.000      4177.806     0.000  ZYX  -1.05102E+00  -1.07595E+00   1.22386E-01
3.33333E+02  BH_12_imp        -31.9327   41.5784      2441.000      4177.806     0.000  ZYY  -1.40782E+00  -8.64741E-01   1.71340E-01
2.02063E+02  BH_12_imp        -31.9327   41.5784      2441.000      4177.806     0.000  ZXX   6.01093E-01  -9.39036E-02   2.07736E-01
2.02063E+02  BH_12_imp        -31.9327   41.5784      2441.000      4177.806     0.000  ZXY   3.79564E+00   3.14122E+00   1.48383E-01
2.02063E+02  BH_12_imp        -31.9327   41.5784      2441.000      4177.806     0.000  ZYX  -1.21305E+00  -1.31294E+00   1.48383E-01
2.02063E+02  BH_12_imp        -31.9327   41.5784      2441.000      4177.806     0.000  ZYY  -1.61654E+00  -1.05015E+00   2.07736E-01
1.22489E+02  BH_12_imp        -31.9327   41.5784      2441.000      4177.806     0.000  ZXX   4.48260E-01  -1.63396E-01   2.50999E-01
1.22489E+02  BH_12_imp        -31.9327   41.5784      2441.000      4177.806     0.000  ZXY   4.64580E+00   3.77712E+00   1.79285E-01
1.22489E+02  BH_12_imp        -31.9327   41.5784      2441.000      4177.806     0.000  ZYX  -1.29383E+00  -1.71380E+00   1.79285E-01
1.22489E+02  BH_12_imp        -31.9327   41.5784      2441.000      4177.806     0.000  ZYY  -1.94770E+00  -1.24544E+00   2.50999E-01
7.42512E+01  BH_12_imp        -31.9327   41.5784      2441.000      4177.806     0.000  ZXX   2.29137E-01  -1.45396E-01   3.28401E-01
7.42512E+01  BH_12_imp        -31.9327   41.5784      2441.000      4177.806     0.000  ZXY   5.69557E+00   4.73845E+00   2.34572E-01
7.42512E+01  BH_12_imp        -31.9327   41.5784      2441.000      4177.806     0.000  ZYX  -1.38949E+00  -2.62569E+00   2.34572E-01
7.42512E+01  BH_12_imp        -31.9327   41.5784      2441.000      4177.806     0.000  ZYY  -2.28043E+00  -1.46844E+00   3.28401E-01
4.50104E+01  BH_12_imp        -31.9327   41.5784      2441.000      4177.806     0.000  ZXX   1.94048E-01   2.06585E-01   4.42018E-01
4.50104E+01  BH_12_imp        -31.9327   41.5784      2441.000      4177.806     0.000  ZXY   6.53149E+00   5.68824E+00   3.15727E-01
4.50104E+01  BH_12_imp        -31.9327   41.5784      2441.000      4177.806     0.000  ZYX  -1.50633E+00  -4.35026E+00   3.15727E-01
4.50104E+01  BH_12_imp        -31.9327   41.5784      2441.000      4177.806     0.000  ZYY  -2.62992E+00  -1.52770E+00   4.42018E-01
2.72849E+01  BH_12_imp        -31.9327   41.5784      2441.000      4177.806     0.000  ZXX   2.23466E-01   2.51581E-01   6.26560E-01
2.72849E+01  BH_12_imp        -31.9327   41.5784      2441.000      4177.806     0.000  ZXY   8.20640E+00   7.68365E+00   4.47543E-01
2.72849E+01  BH_12_imp        -31.9327   41.5784      2441.000      4177.806     0.000  ZYX  -1.93431E+00  -6.85910E+00   4.47543E-01
2.72849E+01  BH_12_imp        -31.9327   41.5784      2441.000      4177.806     0.000  ZYY  -3.22932E+00  -1.93901E+00   6.26560E-01
1.65398E+01  BH_12_imp        -31.9327   41.5784      2441.000      4177.806     0.000  ZXX   1.41205E-01   4.65084E-02   8.80877E-01
1.65398E+01  BH_12_imp        -31.9327   41.5784      2441.000      4177.806     0.000  ZXY   9.81165E+00   1.04770E+01   6.29198E-01
1.65398E+01  BH_12_imp        -31.9327   41.5784      2441.000      4177.806     0.000  ZYX  -3.50564E+00  -1.04604E+01   6.29198E-01
1.65398E+01  BH_12_imp        -31.9327   41.5784      2441.000      4177.806     0.000  ZYY  -3.59991E+00  -2.60424E+00   8.80877E-01
1.00263E+01  BH_12_imp        -31.9327   41.5784      2441.000      4177.806     0.000  ZXX   2.72680E+00   1.01627E+00   1.25417E+00
1.00263E+01  BH_12_imp        -31.9327   41.5784      2441.000      4177.806     0.000  ZXY   1.19202E+01   1.41060E+01   8.95837E-01
1.00263E+01  BH_12_imp        -31.9327   41.5784      2441.000      4177.806     0.000  ZYX  -7.43486E+00  -1.57116E+01   8.95837E-01
1.00263E+01  BH_12_imp        -31.9327   41.5784      2441.000      4177.806     0.000  ZYY  -4.61022E+00  -3.66325E+00   1.25417E+00
6.07785E+00  BH_12_imp        -31.9327   41.5784      2441.000      4177.806     0.000  ZXX   6.94111E-01   1.14795E+00   1.80753E+00
6.07785E+00  BH_12_imp        -31.9327   41.5784      2441.000      4177.806     0.000  ZXY   1.54673E+01   2.01639E+01   1.29109E+00
6.07785E+00  BH_12_imp        -31.9327   41.5784      2441.000      4177.806     0.000  ZYX  -1.21908E+01  -2.32331E+01   1.29109E+00
6.07785E+00  BH_12_imp        -31.9327   41.5784      2441.000      4177.806     0.000  ZYY  -5.05841E+00  -4.13320E+00   1.80753E+00
3.68431E+00  BH_12_imp        -31.9327   41.5784      2441.000      4177.806     0.000  ZXX   1.23322E+00   1.23212E+00   2.51778E+00
3.68431E+00  BH_12_imp        -31.9327   41.5784      2441.000      4177.806     0.000  ZXY   2.12905E+01   2.72835E+01   1.79842E+00
3.68431E+00  BH_12_imp        -31.9327   41.5784      2441.000      4177.806     0.000  ZYX  -2.01561E+01  -3.14834E+01   1.79842E+00
3.68431E+00  BH_12_imp        -31.9327   41.5784      2441.000      4177.806     0.000  ZYY  -6.71131E+00  -4.44981E+00   2.51778E+00
2.23339E+00  BH_12_imp        -31.9327   41.5784      2441.000      4177.806     0.000  ZXX   1.10507E+00   2.21353E+00   3.38050E+00
2.23339E+00  BH_12_imp        -31.9327   41.5784      2441.000      4177.806     0.000  ZXY   2.86740E+01   3.70232E+01   2.41464E+00
2.23339E+00  BH_12_imp        -31.9327   41.5784      2441.000      4177.806     0.000  ZYX  -3.09808E+01  -3.89939E+01   2.41464E+00
2.23339E+00  BH_12_imp        -31.9327   41.5784      2441.000      4177.806     0.000  ZYY  -8.38224E+00  -4.08974E+00   3.38050E+00
1.35386E+00  BH_12_imp        -31.9327   41.5784      2441.000      4177.806     0.000  ZXX   1.02036E+00   5.83426E+00   4.57205E+00
1.35386E+00  BH_12_imp        -31.9327   41.5784      2441.000      4177.806     0.000  ZXY   3.94726E+01   4.88774E+01   3.26575E+00
1.35386E+00  BH_12_imp        -31.9327   41.5784      2441.000      4177.806     0.000  ZYX  -4.84743E+01  -4.75503E+01   3.26575E+00
1.35386E+00  BH_12_imp        -31.9327   41.5784      2441.000      4177.806     0.000  ZYY  -8.35227E+00  -3.49848E+00   4.57205E+00
8.20695E-01  BH_12_imp        -31.9327   41.5784      2441.000      4177.806     0.000  ZXX   1.34190E+00   9.79902E+00   5.90427E+00
8.20695E-01  BH_12_imp        -31.9327   41.5784      2441.000      4177.806     0.000  ZXY   5.53872E+01   6.40192E+01   4.21734E+00
8.20695E-01  BH_12_imp        -31.9327   41.5784      2441.000      4177.806     0.000  ZYX  -6.64958E+01  -5.13928E+01   4.21734E+00
8.20695E-01  BH_12_imp        -31.9327   41.5784      2441.000      4177.806     0.000  ZYY  -7.06882E+00  -4.57151E+00   5.90427E+00
4.97498E-01  BH_12_imp        -31.9327   41.5784      2441.000      4177.806     0.000  ZXX   1.03971E+01   1.92210E+01   7.37028E+00
4.97498E-01  BH_12_imp        -31.9327   41.5784      2441.000      4177.806     0.000  ZXY   7.52979E+01   7.60745E+01   5.26448E+00
4.97498E-01  BH_12_imp        -31.9327   41.5784      2441.000      4177.806     0.000  ZYX  -8.84568E+01  -5.38716E+01   5.26448E+00
4.97498E-01  BH_12_imp        -31.9327   41.5784      2441.000      4177.806     0.000  ZYY  -2.80096E+00  -7.29075E+00   7.37028E+00
3.01578E-01  BH_12_imp        -31.9327   41.5784      2441.000      4177.806     0.000  ZXX   1.10219E+01   3.05597E+01   9.00349E+00
3.01578E-01  BH_12_imp        -31.9327   41.5784      2441.000      4177.806     0.000  ZXY   1.07269E+02   9.28906E+01   6.43106E+00
3.01578E-01  BH_12_imp        -31.9327   41.5784      2441.000      4177.806     0.000  ZYX  -1.00970E+02  -5.82865E+01   6.43106E+00
3.01578E-01  BH_12_imp        -31.9327   41.5784      2441.000      4177.806     0.000  ZYY  -6.23866E+00  -1.57335E+01   9.00349E+00
1.82814E-01  BH_12_imp        -31.9327   41.5784      2441.000      4177.806     0.000  ZXX   2.29719E+01   4.26185E+01   1.08385E+01
1.82814E-01  BH_12_imp        -31.9327   41.5784      2441.000      4177.806     0.000  ZXY   1.43785E+02   1.06457E+02   7.74175E+00
1.82814E-01  BH_12_imp        -31.9327   41.5784      2441.000      4177.806     0.000  ZYX  -1.17251E+02  -6.48788E+01   7.74175E+00
1.82814E-01  BH_12_imp        -31.9327   41.5784      2441.000      4177.806     0.000  ZYY  -1.34032E+01  -2.66128E+01   1.08385E+01
1.10820E-01  BH_12_imp        -31.9327   41.5784      2441.000      4177.806     0.000  ZXX   4.62156E+01   4.50629E+01   1.30342E+01
1.10820E-01  BH_12_imp        -31.9327   41.5784      2441.000      4177.806     0.000  ZXY   1.93837E+02   1.07606E+02   9.31016E+00
1.10820E-01  BH_12_imp        -31.9327   41.5784      2441.000      4177.806     0.000  ZYX  -1.39003E+02  -7.16628E+01   9.31016E+00
1.10820E-01  BH_12_imp        -31.9327   41.5784      2441.000      4177.806     0.000  ZYY  -2.59072E+01  -3.53839E+01   1.30342E+01
6.71781E-02  BH_12_imp        -31.9327   41.5784      2441.000      4177.806     0.000  ZXX   5.93534E+01   5.00351E+01   1.48490E+01
6.71781E-02  BH_12_imp        -31.9327   41.5784      2441.000      4177.806     0.000  ZXY   2.24650E+02   1.20448E+02   1.06064E+01
6.71781E-02  BH_12_imp        -31.9327   41.5784      2441.000      4177.806     0.000  ZYX  -1.55481E+02  -8.36021E+01   1.06064E+01
6.71781E-02  BH_12_imp        -31.9327   41.5784      2441.000      4177.806     0.000  ZYY  -4.12861E+01  -4.33465E+01   1.48490E+01
4.07226E-02  BH_12_imp        -31.9327   41.5784      2441.000      4177.806     0.000  ZXX   7.19837E+01   5.04969E+01   1.69333E+01
4.07226E-02  BH_12_imp        -31.9327   41.5784      2441.000      4177.806     0.000  ZXY   2.60650E+02   1.22372E+02   1.20952E+01
4.07226E-02  BH_12_imp        -31.9327   41.5784      2441.000      4177.806     0.000  ZYX  -1.76583E+02  -1.00593E+02   1.20952E+01
4.07226E-02  BH_12_imp        -31.9327   41.5784      2441.000      4177.806     0.000  ZYY  -5.76955E+01  -4.60745E+01   1.69333E+01
2.46856E-02  BH_12_imp        -31.9327   41.5784      2441.000      4177.806     0.000  ZXX   8.13955E+01   5.67870E+01   1.94531E+01
2.46856E-02  BH_12_imp        -31.9327   41.5784      2441.000      4177.806     0.000  ZXY   2.92458E+02   1.33077E+02   1.38951E+01
2.46856E-02  BH_12_imp        -31.9327   41.5784      2441.000      4177.806     0.000  ZYX  -2.05104E+02  -1.25314E+02   1.38951E+01
2.46856E-02  BH_12_imp        -31.9327   41.5784      2441.000      4177.806     0.000  ZYY  -7.30639E+01  -4.91050E+01   1.94531E+01
1.49642E-02  BH_12_imp        -31.9327   41.5784      2441.000      4177.806     0.000  ZXX   1.00571E+02   7.65063E+01   2.32490E+01
1.49642E-02  BH_12_imp        -31.9327   41.5784      2441.000      4177.806     0.000  ZXY   3.33024E+02   1.61999E+02   1.66064E+01
1.49642E-02  BH_12_imp        -31.9327   41.5784      2441.000      4177.806     0.000  ZYX  -2.49688E+02  -1.62412E+02   1.66064E+01
1.49642E-02  BH_12_imp        -31.9327   41.5784      2441.000      4177.806     0.000  ZYY  -8.96173E+01  -5.34923E+01   2.32490E+01
9.07112E-03  BH_12_imp        -31.9327   41.5784      2441.000      4177.806     0.000  ZXX   1.28304E+02   9.74050E+01   2.78719E+01
9.07112E-03  BH_12_imp        -31.9327   41.5784      2441.000      4177.806     0.000  ZXY   3.91303E+02   1.90779E+02   1.99085E+01
9.07112E-03  BH_12_imp        -31.9327   41.5784      2441.000      4177.806     0.000  ZYX  -3.07954E+02  -1.94399E+02   1.99085E+01
9.07112E-03  BH_12_imp        -31.9327   41.5784      2441.000      4177.806     0.000  ZYY  -1.06874E+02  -6.09577E+01   2.78719E+01
5.49883E-03  BH_12_imp        -31.9327   41.5784      2441.000      4177.806     0.000  ZXX   1.81476E+02   1.06564E+02   3.37551E+01
5.49883E-03  BH_12_imp        -31.9327   41.5784      2441.000      4177.806     0.000  ZXY   4.74379E+02   2.12652E+02   2.41108E+01
5.49883E-03  BH_12_imp        -31.9327   41.5784      2441.000      4177.806     0.000  ZYX  -3.84135E+02  -2.29157E+02   2.41108E+01
5.49883E-03  BH_12_imp        -31.9327   41.5784      2441.000      4177.806     0.000  ZYY  -1.35390E+02  -6.27904E+01   3.37551E+01
3.33333E-03  BH_12_imp        -31.9327   41.5784      2441.000      4177.806     0.000  ZXX   2.32402E+02   9.39491E+01   3.86634E+01
3.33333E-03  BH_12_imp        -31.9327   41.5784      2441.000      4177.806     0.000  ZXY   5.47452E+02   2.11766E+02   2.76167E+01
3.33333E-03  BH_12_imp        -31.9327   41.5784      2441.000      4177.806     0.000  ZYX  -4.57464E+02  -2.46674E+02   2.76167E+01
3.33333E-03  BH_12_imp        -31.9327   41.5784      2441.000      4177.806     0.000  ZYY  -1.62049E+02  -5.61904E+01   3.86634E+01
3.33333E+02  BH_13_imp        -31.9280   41.5457      3035.346      1098.690     0.000  ZXX  -6.15791E-01  -1.50512E+00   2.37793E-01
3.33333E+02  BH_13_imp        -31.9280   41.5457      3035.346      1098.690     0.000  ZXY   2.22376E+00   2.19527E+00   1.69852E-01
3.33333E+02  BH_13_imp        -31.9280   41.5457      3035.346      1098.690     0.000  ZYX  -2.52636E+00  -2.69366E+00   1.69852E-01
3.33333E+02  BH_13_imp        -31.9280   41.5457      3035.346      1098.690     0.000  ZYY  -1.99298E+00  -9.00978E-01   2.37793E-01
2.02063E+02  BH_13_imp        -31.9280   41.5457      3035.346      1098.690     0.000  ZXX  -1.07867E+00  -2.09586E+00   3.08737E-01
2.02063E+02  BH_13_imp        -31.9280   41.5457      3035.346      1098.690     0.000  ZXY   3.06434E+00   3.00929E+00   2.20526E-01
2.02063E+02  BH_13_imp        -31.9280   41.5457      3035.346      1098.690     0.000  ZYX  -2.93722E+00  -3.44779E+00   2.20526E-01
2.02063E+02  BH_13_imp        -31.9280   41.5457      3035.346      1098.690     0.000  ZYY  -2.08356E+00  -1.21785E+00   3.08737E-01
1.22489E+02  BH_13_imp        -31.9280   41.5457      3035.346      1098.690     0.000  ZXX  -1.49312E+00  -3.06018E+00   3.74079E-01
1.22489E+02  BH_13_imp        -31.9280   41.5457      3035.346      1098.690     0.000  ZXY   3.67658E+00   3.72363E+00   2.67199E-01
1.22489E+02  BH_13_imp        -31.9280   41.5457      3035.346      1098.690     0.000  ZYX  -3.08934E+00  -4.49890E+00   2.67199E-01
1.22489E+02  BH_13_imp        -31.9280   41.5457      3035.346      1098.690     0.000  ZYY  -2.64827E+00  -1.36228E+00   3.74079E-01
7.42512E+01  BH_13_imp        -31.9280   41.5457      3035.346      1098.690     0.000  ZXX  -1.78891E+00  -4.60256E+00   5.00355E-01
7.42512E+01  BH_13_imp        -31.9280   41.5457      3035.346      1098.690     0.000  ZXY   4.59951E+00   4.53098E+00   3.57396E-01
7.42512E+01  BH_13_imp        -31.9280   41.5457      3035.346      1098.690     0.000  ZYX  -3.70318E+00  -6.99356E+00   3.57396E-01
7.42512E+01  BH_13_imp        -31.9280   41.5457      3035.346      1098.690     0.000  ZYY  -2.95204E+00  -1.73749E+00   5.00355E-01
4.50104E+01  BH_13_imp        -31.9280   41.5457      3035.346      1098.690     0.000  ZXX  -2.05119E+00  -7.21383E+00   6.98702E-01
4.50104E+01  BH_13_imp        -31.9280   41.5457      3035.346      1098.690     0.000  ZXY   5.65544E+00   5.98896E+00   4.99073E-01
4.50104E+01  BH_13_imp        -31.9280   41.5457      3035.346      1098.690     0.000  ZYX  -4.06991E+00  -1.13897E+01   4.99073E-01
4.50104E+01  BH_13_imp        -31.9280   41.5457      3035.346      1098.690     0.000  ZYY  -3.72837E+00  -1.79527E+00   6.98702E-01
2.72849E+01  BH_13_imp        -31.9280   41.5457      3035.346      1098.690     0.000  ZXX  -3.28264E+00  -1.15285E+01   1.00392E+00
2.72849E+01  BH_13_imp        -31.9280   41.5457      3035.346      1098.690     0.000  ZXY   7.54522E+00   8.45865E+00   7.17083E-01
2.72849E+01  BH_13_imp        -31.9280   41.5457      3035.346      1098.690     0.000  ZYX  -5.63182E+00  -1.72500E+01   7.17083E-01
2.72849E+01  BH_13_imp        -31.9280   41.5457      3035.346      1098.690     0.000  ZYY  -5.16878E+00  -1.67889E+00   1.00392E+00
1.65398E+01  BH_13_imp        -31.9280   41.5457      3035.346      1098.690     0.000  ZXX  -5.57455E+00  -1.79321E+01   1.41759E+00
1.65398E+01  BH_13_imp        -31.9280   41.5457      3035.346      1098.690     0.000  ZXY   7.60016E+00   1.24203E+01   1.01256E+00
1.65398E+01  BH_13_imp        -31.9280   41.5457      3035.346      1098.690     0.000  ZYX  -9.31506E+00  -2.65799E+01   1.01256E+00
1.65398E+01  BH_13_imp        -31.9280   41.5457      3035.346      1098.690     0.000  ZYY  -6.13165E+00  -2.60208E+00   1.41759E+00
1.00263E+01  BH_13_imp        -31.9280   41.5457      3035.346      1098.690     0.000  ZXX  -7.49333E+00  -2.42510E+01   1.96371E+00
1.00263E+01  BH_13_imp        -31.9280   41.5457      3035.346      1098.690     0.000  ZXY   9.51439E+00   1.57952E+01   1.40265E+00
1.00263E+01  BH_13_imp        -31.9280   41.5457      3035.346      1098.690     0.000  ZYX  -1.72892E+01  -3.90199E+01   1.40265E+00
1.00263E+01  BH_13_imp        -31.9280   41.5457      3035.346      1098.690     0.000  ZYY  -6.38336E+00  -3.91412E+00   1.96371E+00
6.07785E+00  BH_13_imp        -31.9280   41.5457      3035.346      1098.690     0.000  ZXX  -1.62466E+01  -3.61499E+01   2.78076E+00
6.07785E+00  BH_13_imp        -31.9280   41.5457      3035.346      1098.690     0.000  ZXY   9.71656E+00   2.35109E+01   1.98626E+00
6.07785E+00  BH_13_imp        -31.9280   41.5457      3035.346      1098.690     0.000  ZYX  -2.63260E+01  -5.61692E+01   1.98626E+00
6.07785E+00  BH_13_imp        -31.9280   41.5457      3035.346      1098.690     0.000  ZYY  -7.84053E+00   6.70675E-01   2.78076E+00
3.68431E+00  BH_13_imp        -31.9280   41.5457      3035.346      1098.690     0.000  ZXX  -3.17775E+01  -4.89714E+01   4.03858E+00
3.68431E+00  BH_13_imp        -31.9280   41.5457      3035.346      1098.690     0.000  ZXY   1.44876E+01   3.36718E+01   2.88470E+00
3.68431E+00  BH_13_imp        -31.9280   41.5457      3035.346      1098.690     0.000  ZYX  -4.86320E+01  -7.66849E+01   2.88470E+00
3.68431E+00  BH_13_imp        -31.9280   41.5457      3035.346      1098.690     0.000  ZYY  -1.13641E+01   1.99008E-01   4.03858E+00
2.23339E+00  BH_13_imp        -31.9280   41.5457      3035.346      1098.690     0.000  ZXX  -4.96955E+01  -5.99162E+01   5.71298E+00
2.23339E+00  BH_13_imp        -31.9280   41.5457      3035.346      1098.690     0.000  ZXY   2.75226E+01   4.73012E+01   4.08070E+00
2.23339E+00  BH_13_imp        -31.9280   41.5457      3035.346      1098.690     0.000  ZYX  -7.58334E+01  -9.52020E+01   4.08070E+00
2.23339E+00  BH_13_imp        -31.9280   41.5457      3035.346      1098.690     0.000  ZYY  -8.73503E+00   5.97709E+00   5.71298E+00
1.35386E+00  BH_13_imp        -31.9280   41.5457      3035.346      1098.690     0.000  ZXX  -7.78845E+01  -6.45858E+01   8.08030E+00
1.35386E+00  BH_13_imp        -31.9280   41.5457      3035.346      1098.690     0.000  ZXY   4.06459E+01   7.20385E+01   5.77164E+00
1.35386E+00  BH_13_imp        -31.9280   41.5457      3035.346      1098.690     0.000  ZYX  -1.16171E+02  -1.11605E+02   5.77164E+00
1.35386E+00  BH_13_imp        -31.9280   41.5457      3035.346      1098.690     0.000  ZYY  -7.69598E+00   1.26759E+01   8.08030E+00
8.20695E-01  BH_13_imp        -31.9280   41.5457      3035.346      1098.690     0.000  ZXX  -1.14239E+02  -6.29777E+01   1.13292E+01
8.20695E-01  BH_13_imp        -31.9280   41.5457      3035.346      1098.690     0.000  ZXY   7.18710E+01   1.03386E+02   8.09232E+00
8.20695E-01  BH_13_imp        -31.9280   41.5457      3035.346      1098.690     0.000  ZYX  -1.66707E+02  -1.24447E+02   8.09232E+00
8.20695E-01  BH_13_imp        -31.9280   41.5457      3035.346      1098.690     0.000  ZYY   1.23844E+00   2.82200E+01   1.13292E+01
4.97498E-01  BH_13_imp        -31.9280   41.5457      3035.346      1098.690     0.000  ZXX  -1.43188E+02  -3.97090E+01   1.48488E+01
4.97498E-01  BH_13_imp        -31.9280   41.5457      3035.346      1098.690     0.000  ZXY   1.20373E+02   1.35264E+02   1.06063E+01
4.97498E-01  BH_13_imp        -31.9280   41.5457      3035.346      1098.690     0.000  ZYX  -2.16486E+02  -1.22025E+02   1.06063E+01
4.97498E-01  BH_13_imp        -31.9280   41.5457      3035.346      1098.690     0.000  ZYY   3.01753E+01   3.31489E+01   1.48488E+01
3.01578E-01  BH_13_imp        -31.9280   41.5457      3035.346      1098.690     0.000  ZXX  -1.56042E+02  -1.96910E+01   1.78878E+01
3.01578E-01  BH_13_imp        -31.9280   41.5457      3035.346      1098.690     0.000  ZXY   1.68780E+02   1.61883E+02   1.27770E+01
3.01578E-01  BH_13_imp        -31.9280   41.5457      3035.346      1098.690     0.000  ZYX  -2.48104E+02  -1.28101E+02   1.27770E+01
3.01578E-01  BH_13_imp        -31.9280   41.5457      3035.346      1098.690     0.000  ZYY   4.30472E+01   3.19760E+01   1.78878E+01
1.82814E-01  BH_13_imp        -31.9280   41.5457      3035.346      1098.690     0.000  ZXX  -1.55286E+02   5.32985E+00   2.12347E+01
1.82814E-01  BH_13_imp        -31.9280   41.5457      3035.346      1098.690     0.000  ZXY   2.27535E+02   1.85749E+02   1.51676E+01
1.82814E-01  BH_13_imp        -31.9280   41.5457      3035.346      1098.690     0.000  ZYX  -2.80502E+02  -1.39543E+02   1.51676E+01
1.82814E-01  BH_13_imp        -31.9280   41.5457      3035.346      1098.690     0.000  ZYY   5.18995E+01   1.88722E+01   2.12347E+01
1.10820E-01  BH_13_imp        -31.9280   41.5457      3035.346      1098.690     0.000  ZXX  -1.46907E+02   1.44343E+01   2.48004E+01
1.10820E-01  BH_13_imp        -31.9280   41.5457      3035.346      1098.690     0.000  ZXY   3.02021E+02   1.91417E+02   1.77146E+01
1.10820E-01  BH_13_imp        -31.9280   41.5457      3035.346      1098.690     0.000  ZYX  -3.14203E+02  -1.56549E+02   1.77146E+01
1.10820E-01  BH_13_imp        -31.9280   41.5457      3035.346      1098.690     0.000  ZYY   5.47985E+01   1.64660E+01   2.48004E+01
6.71781E-02  BH_13_imp        -31.9280   41.5457      3035.346      1098.690     0.000  ZXX  -1.15535E+02   1.31851E+01   2.93619E+01
6.71781E-02  BH_13_imp        -31.9280   41.5457      3035.346      1098.690     0.000  ZXY   3.65894E+02   2.39942E+02   2.09728E+01
6.71781E-02  BH_13_imp        -31.9280   41.5457      3035.346      1098.690     0.000  ZYX  -3.54282E+02  -1.90197E+02   2.09728E+01
6.71781E-02  BH_13_imp        -31.9280   41.5457      3035.346      1098.690     0.000  ZYY   4.26590E+01   5.48003E+00   2.93619E+01
4.07226E-02  BH_13_imp        -31.9280   41.5457      3035.346      1098.690     0.000  ZXX  -1.03304E+02  -7.09139E+00   3.44085E+01
4.07226E-02  BH_13_imp        -31.9280   41.5457      3035.346      1098.690     0.000  ZXY   4.42243E+02   2.67683E+02   2.45775E+01
4.07226E-02  BH_13_imp        -31.9280   41.5457      3035.346      1098.690     0.000  ZYX  -4.02425E+02  -2.37733E+02   2.45775E+01
4.07226E-02  BH_13_imp        -31.9280   41.5457      3035.346      1098.690     0.000  ZYY   3.61099E+01   1.58364E+01   3.44085E+01
2.46856E-02  BH_13_imp        -31.9280   41.5457      3035.346      1098.690     0.000  ZXX  -1.03404E+02  -3.34319E+01   4.05348E+01
2.46856E-02  BH_13_imp        -31.9280   41.5457      3035.346      1098.690     0.000  ZXY   5.16552E+02   3.03957E+02   2.89534E+01
2.46856E-02  BH_13_imp        -31.9280   41.5457      3035.346      1098.690     0.000  ZYX  -4.68729E+02  -3.05462E+02   2.89534E+01
2.46856E-02  BH_13_imp        -31.9280   41.5457      3035.346      1098.690     0.000  ZYY   4.17940E+01   3.03411E+01   4.05348E+01
1.49642E-02  BH_13_imp        -31.9280   41.5457      3035.346      1098.690     0.000  ZXX  -1.10058E+02  -5.68558E+01   4.93565E+01
1.49642E-02  BH_13_imp        -31.9280   41.5457      3035.346      1098.690     0.000  ZXY   6.14452E+02   3.58884E+02   3.52546E+01
1.49642E-02  BH_13_imp        -31.9280   41.5457      3035.346      1098.690     0.000  ZYX  -5.68568E+02  -4.06029E+02   3.52546E+01
1.49642E-02  BH_13_imp        -31.9280   41.5457      3035.346      1098.690     0.000  ZYY   5.24120E+01   5.28139E+01   4.93565E+01
9.07112E-03  BH_13_imp        -31.9280   41.5457      3035.346      1098.690     0.000  ZXX  -1.25679E+02  -9.90386E+01   6.01535E+01
9.07112E-03  BH_13_imp        -31.9280   41.5457      3035.346      1098.690     0.000  ZXY   7.38016E+02   4.07239E+02   4.29668E+01
9.07112E-03  BH_13_imp        -31.9280   41.5457      3035.346      1098.690     0.000  ZYX  -7.00649E+02  -5.25924E+02   4.29668E+01
9.07112E-03  BH_13_imp        -31.9280   41.5457      3035.346      1098.690     0.000  ZYY   7.80138E+01   6.91638E+01   6.01535E+01
5.49883E-03  BH_13_imp        -31.9280   41.5457      3035.346      1098.690     0.000  ZXX  -1.53593E+02  -1.44920E+02   7.36932E+01
5.49883E-03  BH_13_imp        -31.9280   41.5457      3035.346      1098.690     0.000  ZXY   8.89772E+02   4.50030E+02   5.26380E+01
5.49883E-03  BH_13_imp        -31.9280   41.5457      3035.346      1098.690     0.000  ZYX  -9.03760E+02  -6.47066E+02   5.26380E+01
5.49883E-03  BH_13_imp        -31.9280   41.5457      3035.346      1098.690     0.000  ZYY   9.75691E+01   8.65843E+01   7.36932E+01
3.33333E-03  BH_13_imp        -31.9280   41.5457      3035.346      1098.690     0.000  ZXX  -2.13557E+02  -1.85133E+02   8.63492E+01
3.33333E-03  BH_13_imp        -31.9280   41.5457      3035.346      1098.690     0.000  ZXY   1.03023E+03   4.74034E+02   6.16780E+01
3.33333E-03  BH_13_imp        -31.9280   41.5457      3035.346      1098.690     0.000  ZYX  -1.12003E+03  -7.38879E+02   6.16780E+01
3.33333E-03  BH_13_imp        -31.9280   41.5457      3035.346      1098.690     0.000  ZYY   1.20754E+02   9.94080E+01   8.63492E+01
3.33333E+02  BH_14_imp        -31.9334   41.5164      2495.735     -1684.368     0.000  ZXX   1.22363E-01  -9.88402E-01   3.08309E-01
3.33333E+02  BH_14_imp        -31.9334   41.5164      2495.735     -1684.368     0.000  ZXY   3.35583E+00   3.32827E+00   2.20220E-01
3.33333E+02  BH_14_imp        -31.9334   41.5164      2495.735     -1684.368     0.000  ZYX  -2.79908E+00  -3.00180E+00   2.20220E-01
3.33333E+02  BH_14_imp        -31.9334   41.5164      2495.735     -1684.368     0.000  ZYY  -3.80329E+00  -2.91116E+00   3.08309E-01
2.02063E+02  BH_14_imp        -31.9334   41.5164      2495.735     -1684.368     0.000  ZXX  -2.05995E-01  -1.67227E+00   3.97895E-01
2.02063E+02  BH_14_imp        -31.9334   41.5164      2495.735     -1684.368     0.000  ZXY   4.66945E+00   4.34986E+00   2.84211E-01
2.02063E+02  BH_14_imp        -31.9334   41.5164      2495.735     -1684.368     0.000  ZYX  -3.60539E+00  -3.55464E+00   2.84211E-01
2.02063E+02  BH_14_imp        -31.9334   41.5164      2495.735     -1684.368     0.000  ZYY  -4.66151E+00  -3.27223E+00   3.97895E-01
1.22489E+02  BH_14_imp        -31.9334   41.5164      2495.735     -1684.368     0.000  ZXX  -4.96844E-01  -2.34709E+00   4.90028E-01
1.22489E+02  BH_14_imp        -31.9334   41.5164      2495.735     -1684.368     0.000  ZXY   5.79046E+00   5.34828E+00   3.50020E-01
1.22489E+02  BH_14_imp        -31.9334   41.5164      2495.735     -1684.368     0.000  ZYX  -3.87984E+00  -4.85781E+00   3.50020E-01
1.22489E+02  BH_14_imp        -31.9334   41.5164      2495.735     -1684.368     0.000  ZYY  -5.74157E+00  -3.85845E+00   4.90028E-01
7.42512E+01  BH_14_imp        -31.9334   41.5164      2495.735     -1684.368     0.000  ZXX  -5.49291E-01  -3.50557E+00   6.45796E-01
7.42512E+01  BH_14_imp        -31.9334   41.5164      2495.735     -1684.368     0.000  ZXY   6.97515E+00   6.72132E+00   4.61283E-01
7.42512E+01  BH_14_imp        -31.9334   41.5164      2495.735     -1684.368     0.000  ZYX  -4.26427E+00  -7.68258E+00   4.61283E-01
7.42512E+01  BH_14_imp        -31.9334   41.5164      2495.735     -1684.368     0.000  ZYY  -6.87338E+00  -4.46057E+00   6.45796E-01
4.50104E+01  BH_14_imp        -31.9334   41.5164      2495.735     -1684.368     0.000  ZXX  -5.76070E-01  -5.46183E+00   8.58507E-01
4.50104E+01  BH_14_imp        -31.9334   41.5164      2495.735     -1684.368     0.000  ZXY   8.66485E+00   8.13303E+00   6.13219E-01
4.50104E+01  BH_14_imp        -31.9334   41.5164      2495.735     -1684.368     0.000  ZYX  -5.03983E+00  -1.16104E+01   6.13219E-01
4.50104E+01  BH_14_imp        -31.9334   41.5164      2495.735     -1684.368     0.000  ZYY  -8.46871E+00  -6.04506E+00   8.58507E-01
2.72849E+01  BH_14_imp        -31.9334   41.5164      2495.735     -1684.368     0.000  ZXX  -1.19814E+00  -8.99181E+00   1.24844E+00
2.72849E+01  BH_14_imp        -31.9334   41.5164      2495.735     -1684.368     0.000  ZXY   1.09472E+01   1.19396E+01   8.91741E-01
2.72849E+01  BH_14_imp        -31.9334   41.5164      2495.735     -1684.368     0.000  ZYX  -7.16411E+00  -1.82827E+01   8.91741E-01
2.72849E+01  BH_14_imp        -31.9334   41.5164      2495.735     -1684.368     0.000  ZYY  -1.08234E+01  -7.48692E+00   1.24844E+00
1.65398E+01  BH_14_imp        -31.9334   41.5164      2495.735     -1684.368     0.000  ZXX  -3.30442E+00  -1.42338E+01   1.72523E+00
1.65398E+01  BH_14_imp        -31.9334   41.5164      2495.735     -1684.368     0.000  ZXY   1.25763E+01   1.56150E+01   1.23231E+00
1.65398E+01  BH_14_imp        -31.9334   41.5164      2495.735     -1684.368     0.000  ZYX  -1.16677E+01  -2.79595E+01   1.23231E+00
1.65398E+01  BH_14_imp        -31.9334   41.5164      2495.735     -1684.368     0.000  ZYY  -1.10424E+01  -8.06283E+00   1.72523E+00
1.00263E+01  BH_14_imp        -31.9334   41.5164      2495.735     -1684.368     0.000  ZXX  -4.33765E+00  -1.63066E+01   2.57031E+00
1.00263E+01  BH_14_imp        -31.9334   41.5164      2495.735     -1684.368     0.000  ZXY   1.36954E+01   2.44881E+01   1.83594E+00
1.00263E+01  BH_14_imp        -31.9334   41.5164      2495.735     -1684.368     0.000  ZYX  -2.06672E+01  -4.33821E+01   1.83594E+00
1.00263E+01  BH_14_imp        -31.9334   41.5164      2495.735     -1684.368     0.000  ZYY  -1.19923E+01  -1.07137E+01   2.57031E+00
6.07785E+00  BH_14_imp        -31.9334   41.5164      2495.735     -1684.368     0.000  ZXX  -1.63401E+01  -3.07434E+01   3.56438E+00
6.07785E+00  BH_14_imp        -31.9334   41.5164      2495.735     -1684.368     0.000  ZXY   2.18573E+01   3.09635E+01   2.54598E+00
6.07785E+00  BH_14_imp        -31.9334   41.5164      2495.735     -1684.368     0.000  ZYX  -3.47031E+01  -5.89547E+01   2.54598E+00
6.07785E+00  BH_14_imp        -31.9334   41.5164      2495.735     -1684.368     0.000  ZYY  -1.55356E+01  -1.57925E+01   3.56438E+00
3.68431E+00  BH_14_imp        -31.9334   41.5164      2495.735     -1684.368     0.000  ZXX  -2.65928E+01  -4.01459E+01   5.12846E+00
3.68431E+00  BH_14_imp        -31.9334   41.5164      2495.735     -1684.368     0.000  ZXY   2.73999E+01   4.88631E+01   3.66319E+00
3.68431E+00  BH_14_imp        -31.9334   41.5164      2495.735     -1684.368     0.000  ZYX  -5.67723E+01  -7.71826E+01   3.66319E+00
3.68431E+00  BH_14_imp        -31.9334   41.5164      2495.735     -1684.368     0.000  ZYY  -2.31544E+01  -9.61452E+00   5.12846E+00
2.23339E+00  BH_14_imp        -31.9334   41.5164      2495.735     -1684.368     0.000  ZXX  -4.51474E+01  -4.56288E+01   7.33308E+00
2.23339E+00  BH_14_imp        -31.9334   41.5164      2495.735     -1684.368     0.000  ZXY   4.37399E+01   7.15208E+01   5.23791E+00
2.23339E+00  BH_14_imp        -31.9334   41.5164      2495.735     -1684.368     0.000  ZYX  -9.20725E+01  -9.30490E+01   5.23791E+00
2.23339E+00  BH_14_imp        -31.9334   41.5164      2495.735     -1684.368     0.000  ZYY  -2.48754E+01  -1.35790E+01   7.33308E+00
1.35386E+00  BH_14_imp        -31.9334   41.5164      2495.735     -1684.368     0.000  ZXX  -6.57726E+01  -3.98480E+01   9.93972E+00
1.35386E+00  BH_14_imp        -31.9334   41.5164      2495.735     -1684.368     0.000  ZXY   6.52598E+01   9.38516E+01   7.09980E+00
1.35386E+00  BH_14_imp        -31.9334   41.5164      2495.735     -1684.368     0.000  ZYX  -1.44097E+02  -1.01727E+02   7.09980E+00
1.35386E+00  BH_14_imp        -31.9334   41.5164      2495.735     -1684.368     0.000  ZYY  -2.10819E+01  -5.19126E+00   9.93972E+00
8.20695E-01  BH_14_imp        -31.9334   41.5164      2495.735     -1684.368     0.000  ZXX  -7.99074E+01  -2.08003E+01   1.29726E+01
8.20695E-01  BH_14_imp        -31.9334   41.5164      2495.735     -1684.368     0.000  ZXY   1.10203E+02   1.21226E+02   9.26617E+00
8.20695E-01  BH_14_imp        -31.9334   41.5164      2495.735     -1684.368     0.000  ZYX  -1.86354E+02  -9.60162E+01   9.26617E+00
8.20695E-01  BH_14_imp        -31.9334   41.5164      2495.735     -1684.368     0.000  ZYY  -1.85988E+01   1.28164E+00   1.29726E+01
4.97498E-01  BH_14_imp        -31.9334   41.5164      2495.735     -1684.368     0.000  ZXX  -6.97071E+01   1.68943E+01   1.80014E+01
4.97498E-01  BH_14_imp        -31.9334   41.5164      2495.735     -1684.368     0.000  ZXY   2.03180E+02   1.40513E+02   1.28581E+01
4.97498E-01  BH_14_imp        -31.9334   41.5164      2495.735     -1684.368     0.000  ZYX  -2.44909E+02  -1.08105E+02   1.28581E+01
4.97498E-01  BH_14_imp        -31.9334   41.5164      2495.735     -1684.368     0.000  ZYY  -5.28642E+01   4.64036E-01   1.80014E+01
3.01578E-01  BH_14_imp        -31.9334   41.5164      2495.735     -1684.368     0.000  ZXX  -9.18597E+01   2.87579E+01   1.97464E+01
3.01578E-01  BH_14_imp        -31.9334   41.5164      2495.735     -1684.368     0.000  ZXY   2.30644E+02   1.88100E+02   1.41046E+01
3.01578E-01  BH_14_imp        -31.9334   41.5164      2495.735     -1684.368     0.000  ZYX  -2.48381E+02  -9.89720E+01   1.41046E+01
3.01578E-01  BH_14_imp        -31.9334   41.5164      2495.735     -1684.368     0.000  ZYY  -2.86204E+01  -2.62638E+01   1.97464E+01
1.82814E-01  BH_14_imp        -31.9334   41.5164      2495.735     -1684.368     0.000  ZXX  -8.51601E+01   5.06419E+01   2.23911E+01
1.82814E-01  BH_14_imp        -31.9334   41.5164      2495.735     -1684.368     0.000  ZXY   2.82537E+02   2.31562E+02   1.59937E+01
1.82814E-01  BH_14_imp        -31.9334   41.5164      2495.735     -1684.368     0.000  ZYX  -2.59620E+02  -1.05113E+02   1.59937E+01
1.82814E-01  BH_14_imp        -31.9334   41.5164      2495.735     -1684.368     0.000  ZYY  -4.24730E+01  -5.94402E+01   2.23911E+01
1.10820E-01  BH_14_imp        -31.9334   41.5164      2495.735     -1684.368     0.000  ZXX  -5.49945E+01   5.60279E+01   2.78709E+01
1.10820E-01  BH_14_imp        -31.9334   41.5164      2495.735     -1684.368     0.000  ZXY   4.50474E+02   2.59425E+02   1.99078E+01
1.10820E-01  BH_14_imp        -31.9334   41.5164      2495.735     -1684.368     0.000  ZYX  -2.83979E+02  -1.11154E+02   1.99078E+01
1.10820E-01  BH_14_imp        -31.9334   41.5164      2495.735     -1684.368     0.000  ZYY  -1.03660E+02  -7.38204E+01   2.78709E+01
6.71781E-02  BH_14_imp        -31.9334   41.5164      2495.735     -1684.368     0.000  ZXX  -3.03738E+01   8.00080E+01   3.09207E+01
6.71781E-02  BH_14_imp        -31.9334   41.5164      2495.735     -1684.368     0.000  ZXY   4.68209E+02   3.33195E+02   2.20862E+01
6.71781E-02  BH_14_imp        -31.9334   41.5164      2495.735     -1684.368     0.000  ZYX  -3.10941E+02  -1.36390E+02   2.20862E+01
6.71781E-02  BH_14_imp        -31.9334   41.5164      2495.735     -1684.368     0.000  ZYY  -1.25262E+02  -1.35390E+02   3.09207E+01
4.07226E-02  BH_14_imp        -31.9334   41.5164      2495.735     -1684.368     0.000  ZXX  -8.31560E+00   9.05926E+01   3.59542E+01
4.07226E-02  BH_14_imp        -31.9334   41.5164      2495.735     -1684.368     0.000  ZXY   5.73172E+02   3.81614E+02   2.56816E+01
4.07226E-02  BH_14_imp        -31.9334   41.5164      2495.735     -1684.368     0.000  ZYX  -3.43434E+02  -1.69821E+02   2.56816E+01
4.07226E-02  BH_14_imp        -31.9334   41.5164      2495.735     -1684.368     0.000  ZYY  -1.75819E+02  -1.51695E+02   3.59542E+01
2.46856E-02  BH_14_imp        -31.9334   41.5164      2495.735     -1684.368     0.000  ZXX   1.29536E+01   1.07403E+02   4.22774E+01
2.46856E-02  BH_14_imp        -31.9334   41.5164      2495.735     -1684.368     0.000  ZXY   7.03679E+02   4.25879E+02   3.01981E+01
2.46856E-02  BH_14_imp        -31.9334   41.5164      2495.735     -1684.368     0.000  ZYX  -3.88351E+02  -2.14144E+02   3.01981E+01
2.46856E-02  BH_14_imp        -31.9334   41.5164      2495.735     -1684.368     0.000  ZYY  -2.25998E+02  -1.49538E+02   4.22774E+01
1.49642E-02  BH_14_imp        -31.9334   41.5164      2495.735     -1684.368     0.000  ZXX   4.62213E+01   1.62906E+02   5.05987E+01
1.49642E-02  BH_14_imp        -31.9334   41.5164      2495.735     -1684.368     0.000  ZXY   8.34048E+02   4.83658E+02   3.61419E+01
1.49642E-02  BH_14_imp        -31.9334   41.5164      2495.735     -1684.368     0.000  ZYX  -4.59845E+02  -2.86760E+02   3.61419E+01
1.49642E-02  BH_14_imp        -31.9334   41.5164      2495.735     -1684.368     0.000  ZYY  -2.86413E+02  -1.57105E+02   5.05987E+01
9.07112E-03  BH_14_imp        -31.9334   41.5164      2495.735     -1684.368     0.000  ZXX   6.10214E+01   1.99330E+02   6.13135E+01
9.07112E-03  BH_14_imp        -31.9334   41.5164      2495.735     -1684.368     0.000  ZXY   1.03551E+03   5.10030E+02   4.37954E+01
9.07112E-03  BH_14_imp        -31.9334   41.5164      2495.735     -1684.368     0.000  ZYX  -5.63756E+02  -3.52059E+02   4.37954E+01
9.07112E-03  BH_14_imp        -31.9334   41.5164      2495.735     -1684.368     0.000  ZYY  -3.44266E+02  -1.69773E+02   6.13135E+01
5.49883E-03  BH_14_imp        -31.9334   41.5164      2495.735     -1684.368     0.000  ZXX   1.90577E+02   2.71842E+02   7.27905E+01
5.49883E-03  BH_14_imp        -31.9334   41.5164      2495.735     -1684.368     0.000  ZXY   1.15637E+03   5.64545E+02   5.19932E+01
5.49883E-03  BH_14_imp        -31.9334   41.5164      2495.735     -1684.368     0.000  ZYX  -6.81457E+02  -4.91652E+02   5.19932E+01
5.49883E-03  BH_14_imp        -31.9334   41.5164      2495.735     -1684.368     0.000  ZYY  -3.87656E+02  -1.28858E+02   7.27905E+01
3.33333E-03  BH_14_imp        -31.9334   41.5164      2495.735     -1684.368     0.000  ZXX   3.02583E+02   3.08945E+02   8.59161E+01
3.33333E-03  BH_14_imp        -31.9334   41.5164      2495.735     -1684.368     0.000  ZXY   1.30240E+03   6.09319E+02   6.13686E+01
3.33333E-03  BH_14_imp        -31.9334   41.5164      2495.735     -1684.368     0.000  ZYX  -8.44619E+02  -6.19879E+02   6.13686E+01
3.33333E-03  BH_14_imp        -31.9334   41.5164      2495.735     -1684.368     0.000  ZYY  -4.02248E+02  -1.20541E+02   8.59161E+01
3.33333E+02  BH_15_imp        -31.9172   41.5844      4146.148      4791.907     0.000  ZXX   1.59544E-01  -3.91487E-01   2.20714E-01
3.33333E+02  BH_15_imp        -31.9172   41.5844      4146.148      4791.907     0.000  ZXY   1.82262E+00   1.80222E+00   1.57653E-01
3.33333E+02  BH_15_imp        -31.9172   41.5844      4146.148      4791.907     0.000  ZYX  -2.46582E+00  -2.99395E+00   1.57653E-01
3.33333E+02  BH_15_imp        -31.9172   41.5844      4146.148      4791.907     0.000  ZYY  -1.29720E+00  -3.09463E-01   2.20714E-01
2.02063E+02  BH_15_imp        -31.9172   41.5844      4146.148      4791.907     0.000  ZXX   6.28602E-02  -6.27570E-01   2.79844E-01
2.02063E+02  BH_15_imp        -31.9172   41.5844      4146.148      4791.907     0.000  ZXY   2.36477E+00   2.25908E+00   1.99888E-01
2.02063E+02  BH_15_imp        -31.9172   41.5844      4146.148      4791.907     0.000  ZYX  -3.05975E+00  -3.81046E+00   1.99888E-01
2.02063E+02  BH_15_imp        -31.9172   41.5844      4146.148      4791.907     0.000  ZYY  -1.20414E+00  -2.02573E-01   2.79844E-01
1.22489E+02  BH_15_imp        -31.9172   41.5844      4146.148      4791.907     0.000  ZXX  -4.85596E-02  -9.52969E-01   3.63846E-01
1.22489E+02  BH_15_imp        -31.9172   41.5844      4146.148      4791.907     0.000  ZXY   3.04650E+00   2.80312E+00   2.59890E-01
1.22489E+02  BH_15_imp        -31.9172   41.5844      4146.148      4791.907     0.000  ZYX  -3.63181E+00  -5.42210E+00   2.59890E-01
1.22489E+02  BH_15_imp        -31.9172   41.5844      4146.148      4791.907     0.000  ZYY  -1.26382E+00   4.88505E-03   3.63846E-01
7.42512E+01  BH_15_imp        -31.9172   41.5844      4146.148      4791.907     0.000  ZXX  -8.01953E-02  -1.30262E+00   4.69178E-01
7.42512E+01  BH_15_imp        -31.9172   41.5844      4146.148      4791.907     0.000  ZXY   3.68759E+00   3.34584E+00   3.35127E-01
7.42512E+01  BH_15_imp        -31.9172   41.5844      4146.148      4791.907     0.000  ZYX  -3.97001E+00  -8.10185E+00   3.35127E-01
7.42512E+01  BH_15_imp        -31.9172   41.5844      4146.148      4791.907     0.000  ZYY  -1.34028E+00   4.48171E-02   4.69178E-01
4.50104E+01  BH_15_imp        -31.9172   41.5844      4146.148      4791.907     0.000  ZXX  -1.50297E-01  -2.07597E+00   6.34206E-01
4.50104E+01  BH_15_imp        -31.9172   41.5844      4146.148      4791.907     0.000  ZXY   4.44054E+00   4.16255E+00   4.53004E-01
4.50104E+01  BH_15_imp        -31.9172   41.5844      4146.148      4791.907     0.000  ZYX  -4.73327E+00  -1.26286E+01   4.53004E-01
4.50104E+01  BH_15_imp        -31.9172   41.5844      4146.148      4791.907     0.000  ZYY  -1.64691E+00   1.35563E-01   6.34206E-01
2.72849E+01  BH_15_imp        -31.9172   41.5844      4146.148      4791.907     0.000  ZXX  -2.95979E-01  -3.62983E+00   9.08556E-01
2.72849E+01  BH_15_imp        -31.9172   41.5844      4146.148      4791.907     0.000  ZXY   5.48380E+00   5.91420E+00   6.48968E-01
2.72849E+01  BH_15_imp        -31.9172   41.5844      4146.148      4791.907     0.000  ZYX  -6.61109E+00  -1.98136E+01   6.48968E-01
2.72849E+01  BH_15_imp        -31.9172   41.5844      4146.148      4791.907     0.000  ZYY  -2.26992E+00   1.15174E+00   9.08556E-01
1.65398E+01  BH_15_imp        -31.9172   41.5844      4146.148      4791.907     0.000  ZXX  -1.16816E+00  -5.74098E+00   1.28407E+00
1.65398E+01  BH_15_imp        -31.9172   41.5844      4146.148      4791.907     0.000  ZXY   6.60663E+00   8.05923E+00   9.17193E-01
1.65398E+01  BH_15_imp        -31.9172   41.5844      4146.148      4791.907     0.000  ZYX  -1.09331E+01  -3.03829E+01   9.17193E-01
1.65398E+01  BH_15_imp        -31.9172   41.5844      4146.148      4791.907     0.000  ZYY  -1.57264E+00   2.43578E+00   1.28407E+00
1.00263E+01  BH_15_imp        -31.9172   41.5844      4146.148      4791.907     0.000  ZXX  -2.57471E+00  -8.19486E+00   1.82085E+00
1.00263E+01  BH_15_imp        -31.9172   41.5844      4146.148      4791.907     0.000  ZXY   8.41315E+00   1.12452E+01   1.30061E+00
1.00263E+01  BH_15_imp        -31.9172   41.5844      4146.148      4791.907     0.000  ZYX  -2.06482E+01  -4.35302E+01   1.30061E+00
1.00263E+01  BH_15_imp        -31.9172   41.5844      4146.148      4791.907     0.000  ZYY  -3.05435E+00   4.18025E+00   1.82085E+00
6.07785E+00  BH_15_imp        -31.9172   41.5844      4146.148      4791.907     0.000  ZXX  -5.96130E+00  -1.16219E+01   2.68413E+00
6.07785E+00  BH_15_imp        -31.9172   41.5844      4146.148      4791.907     0.000  ZXY   1.10077E+01   1.57341E+01   1.91724E+00
6.07785E+00  BH_15_imp        -31.9172   41.5844      4146.148      4791.907     0.000  ZYX  -4.10949E+01  -6.46073E+01   1.91724E+00
6.07785E+00  BH_15_imp        -31.9172   41.5844      4146.148      4791.907     0.000  ZYY  -1.29021E+00   5.12337E+00   2.68413E+00
3.68431E+00  BH_15_imp        -31.9172   41.5844      4146.148      4791.907     0.000  ZXX  -1.06785E+01  -1.53312E+01   3.77517E+00
3.68431E+00  BH_15_imp        -31.9172   41.5844      4146.148      4791.907     0.000  ZXY   1.47814E+01   2.40544E+01   2.69655E+00
3.68431E+00  BH_15_imp        -31.9172   41.5844      4146.148      4791.907     0.000  ZYX  -6.11395E+01  -8.29158E+01   2.69655E+00
3.68431E+00  BH_15_imp        -31.9172   41.5844      4146.148      4791.907     0.000  ZYY   1.36079E+00   1.65292E+01   3.77517E+00
2.23339E+00  BH_15_imp        -31.9172   41.5844      4146.148      4791.907     0.000  ZXX  -1.78939E+01  -1.70181E+01   5.10840E+00
2.23339E+00  BH_15_imp        -31.9172   41.5844      4146.148      4791.907     0.000  ZXY   2.12235E+01   3.21047E+01   3.64886E+00
2.23339E+00  BH_15_imp        -31.9172   41.5844      4146.148      4791.907     0.000  ZYX  -9.81160E+01  -9.75827E+01   3.64886E+00
2.23339E+00  BH_15_imp        -31.9172   41.5844      4146.148      4791.907     0.000  ZYY   5.55377E+00   1.89731E+01   5.10840E+00
1.35386E+00  BH_15_imp        -31.9172   41.5844      4146.148      4791.907     0.000  ZXX  -2.58527E+01  -1.60610E+01   6.89783E+00
1.35386E+00  BH_15_imp        -31.9172   41.5844      4146.148      4791.907     0.000  ZXY   3.31778E+01   4.35991E+01   4.92702E+00
1.35386E+00  BH_15_imp        -31.9172   41.5844      4146.148      4791.907     0.000  ZYX  -1.43192E+02  -1.04442E+02   4.92702E+00
1.35386E+00  BH_15_imp        -31.9172   41.5844      4146.148      4791.907     0.000  ZYY   2.27359E+01   3.36771E+01   6.89783E+00
8.20695E-01  BH_15_imp        -31.9172   41.5844      4146.148      4791.907     0.000  ZXX  -3.23347E+01  -1.17035E+01   8.93165E+00
8.20695E-01  BH_15_imp        -31.9172   41.5844      4146.148      4791.907     0.000  ZXY   5.08062E+01   5.55972E+01   6.37975E+00
8.20695E-01  BH_15_imp        -31.9172   41.5844      4146.148      4791.907     0.000  ZYX  -1.90636E+02  -1.01910E+02   6.37975E+00
8.20695E-01  BH_15_imp        -31.9172   41.5844      4146.148      4791.907     0.000  ZYY   4.57121E+01   4.85654E+01   8.93165E+00
4.97498E-01  BH_15_imp        -31.9172   41.5844      4146.148      4791.907     0.000  ZXX  -2.59958E+01  -1.42894E+00   1.12195E+01
4.97498E-01  BH_15_imp        -31.9172   41.5844      4146.148      4791.907     0.000  ZXY   8.03258E+01   6.24226E+01   8.01395E+00
4.97498E-01  BH_15_imp        -31.9172   41.5844      4146.148      4791.907     0.000  ZYX  -2.38081E+02  -8.41878E+01   8.01395E+00
4.97498E-01  BH_15_imp        -31.9172   41.5844      4146.148      4791.907     0.000  ZYY   7.80985E+01   5.82400E+01   1.12195E+01
3.01578E-01  BH_15_imp        -31.9172   41.5844      4146.148      4791.907     0.000  ZXX  -3.42215E+01   5.67613E+00   1.30337E+01
3.01578E-01  BH_15_imp        -31.9172   41.5844      4146.148      4791.907     0.000  ZXY   1.03492E+02   7.86648E+01   9.30975E+00
3.01578E-01  BH_15_imp        -31.9172   41.5844      4146.148      4791.907     0.000  ZYX  -2.52232E+02  -8.66216E+01   9.30975E+00
3.01578E-01  BH_15_imp        -31.9172   41.5844      4146.148      4791.907     0.000  ZYY   1.01072E+02   3.94743E+01   1.30337E+01
1.82814E-01  BH_15_imp        -31.9172   41.5844      4146.148      4791.907     0.000  ZXX  -2.97690E+01   1.27689E+01   1.49532E+01
1.82814E-01  BH_15_imp        -31.9172   41.5844      4146.148      4791.907     0.000  ZXY   1.33123E+02   8.89130E+01   1.06809E+01
1.82814E-01  BH_15_imp        -31.9172   41.5844      4146.148      4791.907     0.000  ZYX  -2.70844E+02  -8.88643E+01   1.06809E+01
1.82814E-01  BH_15_imp        -31.9172   41.5844      4146.148      4791.907     0.000  ZYY   1.02662E+02   2.37621E+01   1.49532E+01
1.10820E-01  BH_15_imp        -31.9172   41.5844      4146.148      4791.907     0.000  ZXX  -1.97843E+01   1.26604E+01   1.72332E+01
1.10820E-01  BH_15_imp        -31.9172   41.5844      4146.148      4791.907     0.000  ZXY   1.76704E+02   7.80653E+01   1.23094E+01
1.10820E-01  BH_15_imp        -31.9172   41.5844      4146.148      4791.907     0.000  ZYX  -2.98239E+02  -9.74052E+01   1.23094E+01
1.10820E-01  BH_15_imp        -31.9172   41.5844      4146.148      4791.907     0.000  ZYY   1.37604E+02  -2.17231E+01   1.72332E+01
6.71781E-02  BH_15_imp        -31.9172   41.5844      4146.148      4791.907     0.000  ZXX  -1.28394E+01   1.05275E+01   1.88661E+01
6.71781E-02  BH_15_imp        -31.9172   41.5844      4146.148      4791.907     0.000  ZXY   1.98624E+02   9.48438E+01   1.34758E+01
6.71781E-02  BH_15_imp        -31.9172   41.5844      4146.148      4791.907     0.000  ZYX  -3.11943E+02  -1.07712E+02   1.34758E+01
6.71781E-02  BH_15_imp        -31.9172   41.5844      4146.148      4791.907     0.000  ZYY   9.82835E+01  -1.42301E+01   1.88661E+01
4.07226E-02  BH_15_imp        -31.9172   41.5844      4146.148      4791.907     0.000  ZXX  -1.14994E+01   4.01354E+00   2.07620E+01
4.07226E-02  BH_15_imp        -31.9172   41.5844      4146.148      4791.907     0.000  ZXY   2.23397E+02   9.42807E+01   1.48300E+01
4.07226E-02  BH_15_imp        -31.9172   41.5844      4146.148      4791.907     0.000  ZYX  -3.37636E+02  -1.32769E+02   1.48300E+01
4.07226E-02  BH_15_imp        -31.9172   41.5844      4146.148      4791.907     0.000  ZYY   8.52661E+01  -2.11394E+01   2.07620E+01
2.46856E-02  BH_15_imp        -31.9172   41.5844      4146.148      4791.907     0.000  ZXX  -1.54009E+01  -2.27143E+00   2.32069E+01
2.46856E-02  BH_15_imp        -31.9172   41.5844      4146.148      4791.907     0.000  ZXY   2.45606E+02   1.00445E+02   1.65764E+01
2.46856E-02  BH_15_imp        -31.9172   41.5844      4146.148      4791.907     0.000  ZYX  -3.79331E+02  -1.66358E+02   1.65764E+01
2.46856E-02  BH_15_imp        -31.9172   41.5844      4146.148      4791.907     0.000  ZYY   7.66158E+01  -2.45737E+01   2.32069E+01
1.49642E-02  BH_15_imp        -31.9172   41.5844      4146.148      4791.907     0.000  ZXX  -2.26964E+01   5.41935E+00   2.65417E+01
1.49642E-02  BH_15_imp        -31.9172   41.5844      4146.148      4791.907     0.000  ZXY   2.60577E+02   1.32280E+02   1.89584E+01
1.49642E-02  BH_15_imp        -31.9172   41.5844      4146.148      4791.907     0.000  ZYX  -4.42561E+02  -2.14880E+02   1.89584E+01
1.49642E-02  BH_15_imp        -31.9172   41.5844      4146.148      4791.907     0.000  ZYY   6.62926E+01  -2.43914E+01   2.65417E+01
9.07112E-03  BH_15_imp        -31.9172   41.5844      4146.148      4791.907     0.000  ZXX  -2.66753E+01   1.63174E+01   3.14440E+01
9.07112E-03  BH_15_imp        -31.9172   41.5844      4146.148      4791.907     0.000  ZXY   2.96847E+02   1.75356E+02   2.24600E+01
9.07112E-03  BH_15_imp        -31.9172   41.5844      4146.148      4791.907     0.000  ZYX  -5.25762E+02  -2.57099E+02   2.24600E+01
9.07112E-03  BH_15_imp        -31.9172   41.5844      4146.148      4791.907     0.000  ZYY   6.72578E+01  -3.64404E+01   3.14440E+01
5.49883E-03  BH_15_imp        -31.9172   41.5844      4146.148      4791.907     0.000  ZXX  -1.63228E+01   3.94610E+01   3.88636E+01
5.49883E-03  BH_15_imp        -31.9172   41.5844      4146.148      4791.907     0.000  ZXY   3.58631E+02   2.56126E+02   2.77597E+01
5.49883E-03  BH_15_imp        -31.9172   41.5844      4146.148      4791.907     0.000  ZYX  -6.34742E+02  -2.93789E+02   2.77597E+01
5.49883E-03  BH_15_imp        -31.9172   41.5844      4146.148      4791.907     0.000  ZYY   3.93405E+01  -3.69892E+01   3.88636E+01
3.33333E-03  BH_15_imp        -31.9172   41.5844      4146.148      4791.907     0.000  ZXX   2.39287E+00   5.80824E+01   4.63764E+01
3.33333E-03  BH_15_imp        -31.9172   41.5844      4146.148      4791.907     0.000  ZXY   4.46567E+02   3.17523E+02   3.31260E+01
3.33333E-03  BH_15_imp        -31.9172   41.5844      4146.148      4791.907     0.000  ZYX  -7.43119E+02  -2.99104E+02   3.31260E+01
3.33333E-03  BH_15_imp        -31.9172   41.5844      4146.148      4791.907     0.000  ZYY   2.11626E+01  -3.09463E+01   4.63764E+01
3.33333E+02  BH_16_imp        -32.0350   41.5945     -8943.158      5434.588     0.000  ZXX   5.31812E+00   2.76987E+00   3.95109E-01
3.33333E+02  BH_16_imp        -32.0350   41.5945     -8943.158      5434.588     0.000  ZXY   1.08946E+01   9.74375E+00   2.82220E-01
3.33333E+02  BH_16_imp        -32.0350   41.5945     -8943.158      5434.588     0.000  ZYX  -1.72168E+00  -1.33680E+00   2.82220E-01
3.33333E+02  BH_16_imp        -32.0350   41.5945     -8943.158      5434.588     0.000  ZYY  -2.29648E+00  -1.78251E+00   3.95109E-01
2.02063E+02  BH_16_imp        -32.0350   41.5945     -8943.158      5434.588     0.000  ZXX   5.72357E+00   2.95133E+00   4.77292E-01
2.02063E+02  BH_16_imp        -32.0350   41.5945     -8943.158      5434.588     0.000  ZXY   1.40787E+01   1.18015E+01   3.40923E-01
2.02063E+02  BH_16_imp        -32.0350   41.5945     -8943.158      5434.588     0.000  ZYX  -1.94729E+00  -1.61635E+00   3.40923E-01
2.02063E+02  BH_16_imp        -32.0350   41.5945     -8943.158      5434.588     0.000  ZYY  -2.90012E+00  -2.06651E+00   4.77292E-01
1.22489E+02  BH_16_imp        -32.0350   41.5945     -8943.158      5434.588     0.000  ZXX   6.10669E+00   3.85938E+00   5.80252E-01
1.22489E+02  BH_16_imp        -32.0350   41.5945     -8943.158      5434.588     0.000  ZXY   1.76365E+01   1.39648E+01   4.14466E-01
1.22489E+02  BH_16_imp        -32.0350   41.5945     -8943.158      5434.588     0.000  ZYX  -2.14361E+00  -2.17594E+00   4.14466E-01
1.22489E+02  BH_16_imp        -32.0350   41.5945     -8943.158      5434.588     0.000  ZYY  -3.56134E+00  -2.37877E+00   5.80252E-01
7.42512E+01  BH_16_imp        -32.0350   41.5945     -8943.158      5434.588     0.000  ZXX   6.56510E+00   5.49986E+00   7.25972E-01
7.42512E+01  BH_16_imp        -32.0350   41.5945     -8943.158      5434.588     0.000  ZXY   2.17477E+01   1.67073E+01   5.18551E-01
7.42512E+01  BH_16_imp        -32.0350   41.5945     -8943.158      5434.588     0.000  ZYX  -2.27317E+00  -3.19604E+00   5.18551E-01
7.42512E+01  BH_16_imp        -32.0350   41.5945     -8943.158      5434.588     0.000  ZYY  -4.36793E+00  -2.73988E+00   7.25972E-01
4.50104E+01  BH_16_imp        -32.0350   41.5945     -8943.158      5434.588     0.000  ZXX   7.91156E+00   7.70779E+00   9.53851E-01
4.50104E+01  BH_16_imp        -32.0350   41.5945     -8943.158      5434.588     0.000  ZXY   2.62342E+01   2.06688E+01   6.81322E-01
4.50104E+01  BH_16_imp        -32.0350   41.5945     -8943.158      5434.588     0.000  ZYX  -2.64862E+00  -4.88814E+00   6.81322E-01
4.50104E+01  BH_16_imp        -32.0350   41.5945     -8943.158      5434.588     0.000  ZYY  -5.24170E+00  -3.23903E+00   9.53851E-01
2.72849E+01  BH_16_imp        -32.0350   41.5945     -8943.158      5434.588     0.000  ZXX   1.02807E+01   1.09052E+01   1.31289E+00
2.72849E+01  BH_16_imp        -32.0350   41.5945     -8943.158      5434.588     0.000  ZXY   3.13971E+01   2.74548E+01   9.37776E-01
2.72849E+01  BH_16_imp        -32.0350   41.5945     -8943.158      5434.588     0.000  ZYX  -3.59937E+00  -7.62753E+00   9.37776E-01
2.72849E+01  BH_16_imp        -32.0350   41.5945     -8943.158      5434.588     0.000  ZYY  -6.04052E+00  -3.96107E+00   1.31289E+00
1.65398E+01  BH_16_imp        -32.0350   41.5945     -8943.158      5434.588     0.000  ZXX   1.18367E+01   1.48482E+01   1.77871E+00
1.65398E+01  BH_16_imp        -32.0350   41.5945     -8943.158      5434.588     0.000  ZXY   3.81024E+01   3.51277E+01   1.27051E+00
1.65398E+01  BH_16_imp        -32.0350   41.5945     -8943.158      5434.588     0.000  ZYX  -4.70897E+00  -1.15348E+01   1.27051E+00
1.65398E+01  BH_16_imp        -32.0350   41.5945     -8943.158      5434.588     0.000  ZYY  -6.98374E+00  -4.98524E+00   1.77871E+00
1.00263E+01  BH_16_imp        -32.0350   41.5945     -8943.158      5434.588     0.000  ZXX   1.40627E+01   2.02143E+01   2.38397E+00
1.00263E+01  BH_16_imp        -32.0350   41.5945     -8943.158      5434.588     0.000  ZXY   4.64995E+01   4.43357E+01   1.70284E+00
1.00263E+01  BH_16_imp        -32.0350   41.5945     -8943.158      5434.588     0.000  ZYX  -7.29935E+00  -1.65113E+01   1.70284E+00
1.00263E+01  BH_16_imp        -32.0350   41.5945     -8943.158      5434.588     0.000  ZYY  -8.89406E+00  -5.57981E+00   2.38397E+00
6.07785E+00  BH_16_imp        -32.0350   41.5945     -8943.158      5434.588     0.000  ZXX   2.24832E+01   3.01227E+01   3.39842E+00
6.07785E+00  BH_16_imp        -32.0350   41.5945     -8943.158      5434.588     0.000  ZXY   5.84923E+01   6.15962E+01   2.42744E+00
6.07785E+00  BH_16_imp        -32.0350   41.5945     -8943.158      5434.588     0.000  ZYX  -1.26741E+01  -2.46840E+01   2.42744E+00
6.07785E+00  BH_16_imp        -32.0350   41.5945     -8943.158      5434.588     0.000  ZYY  -1.07373E+01  -6.74868E+00   3.39842E+00
3.68431E+00  BH_16_imp        -32.0350   41.5945     -8943.158      5434.588     0.000  ZXX   3.18454E+01   4.01424E+01   4.71423E+00
3.68431E+00  BH_16_imp        -32.0350   41.5945     -8943.158      5434.588     0.000  ZXY   7.63684E+01   8.54289E+01   3.36731E+00
3.68431E+00  BH_16_imp        -32.0350   41.5945     -8943.158      5434.588     0.000  ZYX  -2.11039E+01  -3.34858E+01   3.36731E+00
3.68431E+00  BH_16_imp        -32.0350   41.5945     -8943.158      5434.588     0.000  ZYY  -1.27954E+01  -9.89471E+00   4.71423E+00
2.23339E+00  BH_16_imp        -32.0350   41.5945     -8943.158      5434.588     0.000  ZXX   4.31910E+01   5.33075E+01   6.35927E+00
2.23339E+00  BH_16_imp        -32.0350   41.5945     -8943.158      5434.588     0.000  ZXY   1.01826E+02   1.13568E+02   4.54234E+00
2.23339E+00  BH_16_imp        -32.0350   41.5945     -8943.158      5434.588     0.000  ZYX  -3.21432E+01  -4.35249E+01   4.54234E+00
2.23339E+00  BH_16_imp        -32.0350   41.5945     -8943.158      5434.588     0.000  ZYY  -1.61256E+01  -1.24480E+01   6.35927E+00
1.35386E+00  BH_16_imp        -32.0350   41.5945     -8943.158      5434.588     0.000  ZXX   5.97628E+01   6.59765E+01   8.48703E+00
1.35386E+00  BH_16_imp        -32.0350   41.5945     -8943.158      5434.588     0.000  ZXY   1.35024E+02   1.50516E+02   6.06217E+00
1.35386E+00  BH_16_imp        -32.0350   41.5945     -8943.158      5434.588     0.000  ZYX  -4.87107E+01  -5.39662E+01   6.06217E+00
1.35386E+00  BH_16_imp        -32.0350   41.5945     -8943.158      5434.588     0.000  ZYY  -1.90808E+01  -1.60812E+01   8.48703E+00
8.20695E-01  BH_16_imp        -32.0350   41.5945     -8943.158      5434.588     0.000  ZXX   7.91529E+01   8.16865E+01   1.10944E+01
8.20695E-01  BH_16_imp        -32.0350   41.5945     -8943.158      5434.588     0.000  ZXY   1.83150E+02   1.93741E+02   7.92455E+00
8.20695E-01  BH_16_imp        -32.0350   41.5945     -8943.158      5434.588     0.000  ZYX  -6.90124E+01  -6.41439E+01   7.92455E+00
8.20695E-01  BH_16_imp        -32.0350   41.5945     -8943.158      5434.588     0.000  ZYY  -2.30605E+01  -1.95282E+01   1.10944E+01
4.97498E-01  BH_16_imp        -32.0350   41.5945     -8943.158      5434.588     0.000  ZXX   1.02059E+02   1.02243E+02   1.43365E+01
4.97498E-01  BH_16_imp        -32.0350   41.5945     -8943.158      5434.588     0.000  ZXY   2.60403E+02   2.40440E+02   1.02404E+01
4.97498E-01  BH_16_imp        -32.0350   41.5945     -8943.158      5434.588     0.000  ZYX  -9.42046E+01  -7.16360E+01   1.02404E+01
4.97498E-01  BH_16_imp        -32.0350   41.5945     -8943.158      5434.588     0.000  ZYY  -2.82234E+01  -2.50399E+01   1.43365E+01
3.01578E-01  BH_16_imp        -32.0350   41.5945     -8943.158      5434.588     0.000  ZXX   1.35799E+02   1.24934E+02   1.76506E+01
3.01578E-01  BH_16_imp        -32.0350   41.5945     -8943.158      5434.588     0.000  ZXY   3.39799E+02   2.93762E+02   1.26076E+01
3.01578E-01  BH_16_imp        -32.0350   41.5945     -8943.158      5434.588     0.000  ZYX  -1.17709E+02  -7.86168E+01   1.26076E+01
3.01578E-01  BH_16_imp        -32.0350   41.5945     -8943.158      5434.588     0.000  ZYY  -3.97339E+01  -3.23149E+01   1.76506E+01
1.82814E-01  BH_16_imp        -32.0350   41.5945     -8943.158      5434.588     0.000  ZXX   1.84147E+02   1.56254E+02   2.16459E+01
1.82814E-01  BH_16_imp        -32.0350   41.5945     -8943.158      5434.588     0.000  ZXY   4.54377E+02   3.42011E+02   1.54614E+01
1.82814E-01  BH_16_imp        -32.0350   41.5945     -8943.158      5434.588     0.000  ZYX  -1.44681E+02  -8.56604E+01   1.54614E+01
1.82814E-01  BH_16_imp        -32.0350   41.5945     -8943.158      5434.588     0.000  ZYY  -5.59374E+01  -3.69765E+01   2.16459E+01
1.10820E-01  BH_16_imp        -32.0350   41.5945     -8943.158      5434.588     0.000  ZXX   2.47894E+02   1.81608E+02   2.56957E+01
1.10820E-01  BH_16_imp        -32.0350   41.5945     -8943.158      5434.588     0.000  ZXY   5.93542E+02   3.48050E+02   1.83541E+01
1.10820E-01  BH_16_imp        -32.0350   41.5945     -8943.158      5434.588     0.000  ZYX  -1.73844E+02  -9.01715E+01   1.83541E+01
1.10820E-01  BH_16_imp        -32.0350   41.5945     -8943.158      5434.588     0.000  ZYY  -6.88423E+01  -3.43257E+01   2.56957E+01
6.71781E-02  BH_16_imp        -32.0350   41.5945     -8943.158      5434.588     0.000  ZXX   3.27490E+02   1.79189E+02   2.97080E+01
6.71781E-02  BH_16_imp        -32.0350   41.5945     -8943.158      5434.588     0.000  ZXY   7.21839E+02   3.74897E+02   2.12200E+01
6.71781E-02  BH_16_imp        -32.0350   41.5945     -8943.158      5434.588     0.000  ZYX  -2.00111E+02  -9.48191E+01   2.12200E+01
6.71781E-02  BH_16_imp        -32.0350   41.5945     -8943.158      5434.588     0.000  ZYY  -8.76562E+01  -2.60830E+01   2.97080E+01
4.07226E-02  BH_16_imp        -32.0350   41.5945     -8943.158      5434.588     0.000  ZXX   3.94009E+02   1.61357E+02   3.34041E+01
4.07226E-02  BH_16_imp        -32.0350   41.5945     -8943.158      5434.588     0.000  ZXY   8.47353E+02   3.64170E+02   2.38601E+01
4.07226E-02  BH_16_imp        -32.0350   41.5945     -8943.158      5434.588     0.000  ZYX  -2.24581E+02  -1.02600E+02   2.38601E+01
4.07226E-02  BH_16_imp        -32.0350   41.5945     -8943.158      5434.588     0.000  ZYY  -9.66034E+01  -1.43177E+01   3.34041E+01
2.46856E-02  BH_16_imp        -32.0350   41.5945     -8943.158      5434.588     0.000  ZXX   4.43306E+02   1.32822E+02   3.71023E+01
2.46856E-02  BH_16_imp        -32.0350   41.5945     -8943.158      5434.588     0.000  ZXY   9.56781E+02   3.45231E+02   2.65017E+01
2.46856E-02  BH_16_imp        -32.0350   41.5945     -8943.158      5434.588     0.000  ZYX  -2.49505E+02  -1.18453E+02   2.65017E+01
2.46856E-02  BH_16_imp        -32.0350   41.5945     -8943.158      5434.588     0.000  ZYY  -9.95469E+01  -8.46130E-01   3.71023E+01
1.49642E-02  BH_16_imp        -32.0350   41.5945     -8943.158      5434.588     0.000  ZXX   4.74420E+02   1.05065E+02   4.20660E+01
1.49642E-02  BH_16_imp        -32.0350   41.5945     -8943.158      5434.588     0.000  ZXY   1.06711E+03   3.45828E+02   3.00471E+01
1.49642E-02  BH_16_imp        -32.0350   41.5945     -8943.158      5434.588     0.000  ZYX  -2.84350E+02  -1.50957E+02   3.00471E+01
1.49642E-02  BH_16_imp        -32.0350   41.5945     -8943.158      5434.588     0.000  ZYY  -9.68828E+01   1.28342E+01   4.20660E+01
9.07112E-03  BH_16_imp        -32.0350   41.5945     -8943.158      5434.588     0.000  ZXX   4.92955E+02   9.98085E+01   4.77178E+01
9.07112E-03  BH_16_imp        -32.0350   41.5945     -8943.158      5434.588     0.000  ZXY   1.16755E+03   3.54474E+02   3.40842E+01
9.07112E-03  BH_16_imp        -32.0350   41.5945     -8943.158      5434.588     0.000  ZYX  -3.30561E+02  -1.89129E+02   3.40842E+01
9.07112E-03  BH_16_imp        -32.0350   41.5945     -8943.158      5434.588     0.000  ZYY  -9.06492E+01   2.28832E+01   4.77178E+01
5.49883E-03  BH_16_imp        -32.0350   41.5945     -8943.158      5434.588     0.000  ZXX   5.28603E+02   1.06668E+02   5.52106E+01
5.49883E-03  BH_16_imp        -32.0350   41.5945     -8943.158      5434.588     0.000  ZXY   1.29385E+03   3.63605E+02   3.94361E+01
5.49883E-03  BH_16_imp        -32.0350   41.5945     -8943.158      5434.588     0.000  ZYX  -4.00336E+02  -2.32335E+02   3.94361E+01
5.49883E-03  BH_16_imp        -32.0350   41.5945     -8943.158      5434.588     0.000  ZYY  -8.42402E+01   3.35821E+01   5.52106E+01
3.33333E-03  BH_16_imp        -32.0350   41.5945     -8943.158      5434.588     0.000  ZXX   5.75580E+02   9.95668E+01   6.24032E+01
3.33333E-03  BH_16_imp        -32.0350   41.5945     -8943.158      5434.588     0.000  ZXY   1.41234E+03   3.58366E+02   4.45737E+01
3.33333E-03  BH_16_imp        -32.0350   41.5945     -8943.158      5434.588     0.000  ZYX  -4.73835E+02  -2.70115E+02   4.45737E+01
3.33333E-03  BH_16_imp        -32.0350   41.5945     -8943.158      5434.588     0.000  ZYY  -7.69907E+01   4.95826E+01   6.24032E+01
3.33333E+02  BH_17_imp        -31.9866   41.5452     -3466.186       900.306     0.000  ZXX   6.33262E-01  -4.61615E-01   2.00922E-01
3.33333E+02  BH_17_imp        -31.9866   41.5452     -3466.186       900.306     0.000  ZXY   3.83773E+00   3.51795E+00   1.43515E-01
3.33333E+02  BH_17_imp        -31.9866   41.5452     -3466.186       900.306     0.000  ZYX  -7.56499E-01  -1.38995E+00   1.43515E-01
3.33333E+02  BH_17_imp        -31.9866   41.5452     -3466.186       900.306     0.000  ZYY   9.75933E-01   1.19508E+00   2.00922E-01
2.02063E+02  BH_17_imp        -31.9866   41.5452     -3466.186       900.306     0.000  ZXX   4.22396E-01  -7.72950E-01   2.62802E-01
2.02063E+02  BH_17_imp        -31.9866   41.5452     -3466.186       900.306     0.000  ZXY   4.91100E+00   4.33112E+00   1.87716E-01
2.02063E+02  BH_17_imp        -31.9866   41.5452     -3466.186       900.306     0.000  ZYX  -1.06393E+00  -1.87123E+00   1.87716E-01
2.02063E+02  BH_17_imp        -31.9866   41.5452     -3466.186       900.306     0.000  ZYY   1.33512E+00   1.57011E+00   2.62802E-01
1.22489E+02  BH_17_imp        -31.9866   41.5452     -3466.186       900.306     0.000  ZXX   1.91402E-01  -1.06612E+00   3.37572E-01
1.22489E+02  BH_17_imp        -31.9866   41.5452     -3466.186       900.306     0.000  ZXY   6.22345E+00   5.21320E+00   2.41123E-01
1.22489E+02  BH_17_imp        -31.9866   41.5452     -3466.186       900.306     0.000  ZYX  -1.32008E+00  -2.54232E+00   2.41123E-01
1.22489E+02  BH_17_imp        -31.9866   41.5452     -3466.186       900.306     0.000  ZYY   1.82590E+00   1.94010E+00   3.37572E-01
7.42512E+01  BH_17_imp        -31.9866   41.5452     -3466.186       900.306     0.000  ZXX   4.94836E-02  -1.33026E+00   4.42455E-01
7.42512E+01  BH_17_imp        -31.9866   41.5452     -3466.186       900.306     0.000  ZXY   7.63914E+00   6.35260E+00   3.16040E-01
7.42512E+01  BH_17_imp        -31.9866   41.5452     -3466.186       900.306     0.000  ZYX  -1.44949E+00  -3.75089E+00   3.16040E-01
7.42512E+01  BH_17_imp        -31.9866   41.5452     -3466.186       900.306     0.000  ZYY   2.26948E+00   2.39046E+00   4.42455E-01
4.50104E+01  BH_17_imp        -31.9866   41.5452     -3466.186       900.306     0.000  ZXX  -4.19488E-02  -2.09556E+00   6.02664E-01
4.50104E+01  BH_17_imp        -31.9866   41.5452     -3466.186       900.306     0.000  ZXY   9.16648E+00   8.00095E+00   4.30474E-01
4.50104E+01  BH_17_imp        -31.9866   41.5452     -3466.186       900.306     0.000  ZYX  -1.72774E+00  -5.84195E+00   4.30474E-01
4.50104E+01  BH_17_imp        -31.9866   41.5452     -3466.186       900.306     0.000  ZYY   2.77621E+00   3.15610E+00   6.02664E-01
2.72849E+01  BH_17_imp        -31.9866   41.5452     -3466.186       900.306     0.000  ZXX   7.09304E-02  -3.64300E+00   8.64661E-01
2.72849E+01  BH_17_imp        -31.9866   41.5452     -3466.186       900.306     0.000  ZXY   1.11375E+01   1.06241E+01   6.17615E-01
2.72849E+01  BH_17_imp        -31.9866   41.5452     -3466.186       900.306     0.000  ZYX  -2.36940E+00  -9.62552E+00   6.17615E-01
2.72849E+01  BH_17_imp        -31.9866   41.5452     -3466.186       900.306     0.000  ZYY   3.53696E+00   4.36657E+00   8.64661E-01
1.65398E+01  BH_17_imp        -31.9866   41.5452     -3466.186       900.306     0.000  ZXX  -9.94442E-01  -5.95325E+00   1.22349E+00
1.65398E+01  BH_17_imp        -31.9866   41.5452     -3466.186       900.306     0.000  ZXY   1.35231E+01   1.41106E+01   8.73918E-01
1.65398E+01  BH_17_imp        -31.9866   41.5452     -3466.186       900.306     0.000  ZYX  -4.40841E+00  -1.49962E+01   8.73918E-01
1.65398E+01  BH_17_imp        -31.9866   41.5452     -3466.186       900.306     0.000  ZYY   4.50166E+00   5.84062E+00   1.22349E+00
1.00263E+01  BH_17_imp        -31.9866   41.5452     -3466.186       900.306     0.000  ZXX  -2.47991E+00  -8.27881E+00   1.74422E+00
1.00263E+01  BH_17_imp        -31.9866   41.5452     -3466.186       900.306     0.000  ZXY   1.75164E+01   1.92821E+01   1.24587E+00
1.00263E+01  BH_17_imp        -31.9866   41.5452     -3466.186       900.306     0.000  ZYX  -8.03493E+00  -2.24384E+01   1.24587E+00
1.00263E+01  BH_17_imp        -31.9866   41.5452     -3466.186       900.306     0.000  ZYY   5.69404E+00   8.33004E+00   1.74422E+00
6.07785E+00  BH_17_imp        -31.9866   41.5452     -3466.186       900.306     0.000  ZXX  -5.42962E+00  -1.14431E+01   2.45658E+00
6.07785E+00  BH_17_imp        -31.9866   41.5452     -3466.186       900.306     0.000  ZXY   2.22498E+01   2.66556E+01   1.75470E+00
6.07785E+00  BH_17_imp        -31.9866   41.5452     -3466.186       900.306     0.000  ZYX  -1.53805E+01  -3.19626E+01   1.75470E+00
6.07785E+00  BH_17_imp        -31.9866   41.5452     -3466.186       900.306     0.000  ZYY   7.19899E+00   1.23822E+01   2.45658E+00
3.68431E+00  BH_17_imp        -31.9866   41.5452     -3466.186       900.306     0.000  ZXX  -1.05345E+01  -1.47394E+01   3.42057E+00
3.68431E+00  BH_17_imp        -31.9866   41.5452     -3466.186       900.306     0.000  ZXY   3.01120E+01   3.64539E+01   2.44326E+00
3.68431E+00  BH_17_imp        -31.9866   41.5452     -3466.186       900.306     0.000  ZYX  -2.74953E+01  -4.23601E+01   2.44326E+00
3.68431E+00  BH_17_imp        -31.9866   41.5452     -3466.186       900.306     0.000  ZYY   1.05882E+01   1.76611E+01   3.42057E+00
2.23339E+00  BH_17_imp        -31.9866   41.5452     -3466.186       900.306     0.000  ZXX  -1.74675E+01  -1.69329E+01   4.61091E+00
2.23339E+00  BH_17_imp        -31.9866   41.5452     -3466.186       900.306     0.000  ZXY   4.17478E+01   4.79311E+01   3.29351E+00
2.23339E+00  BH_17_imp        -31.9866   41.5452     -3466.186       900.306     0.000  ZYX  -4.41450E+01  -5.20650E+01   3.29351E+00
2.23339E+00  BH_17_imp        -31.9866   41.5452     -3466.186       900.306     0.000  ZYY   1.60337E+01   2.45622E+01   4.61091E+00
1.35386E+00  BH_17_imp        -31.9866   41.5452     -3466.186       900.306     0.000  ZXX  -2.72635E+01  -1.63902E+01   6.10619E+00
1.35386E+00  BH_17_imp        -31.9866   41.5452     -3466.186       900.306     0.000  ZXY   5.85467E+01   6.14455E+01   4.36157E+00
1.35386E+00  BH_17_imp        -31.9866   41.5452     -3466.186       900.306     0.000  ZYX  -6.71223E+01  -5.94377E+01   4.36157E+00
1.35386E+00  BH_17_imp        -31.9866   41.5452     -3466.186       900.306     0.000  ZYY   2.48512E+01   3.14667E+01   6.10619E+00
8.20695E-01  BH_17_imp        -31.9866   41.5452     -3466.186       900.306     0.000  ZXX  -3.69661E+01  -9.96811E+00   7.76307E+00
8.20695E-01  BH_17_imp        -31.9866   41.5452     -3466.186       900.306     0.000  ZXY   8.16779E+01   7.59258E+01   5.54505E+00
8.20695E-01  BH_17_imp        -31.9866   41.5452     -3466.186       900.306     0.000  ZYX  -9.28530E+01  -5.95136E+01   5.54505E+00
8.20695E-01  BH_17_imp        -31.9866   41.5452     -3466.186       900.306     0.000  ZYY   3.95295E+01   3.98654E+01   7.76307E+00
4.97498E-01  BH_17_imp        -31.9866   41.5452     -3466.186       900.306     0.000  ZXX  -4.54424E+01   2.78811E+00   9.51760E+00
4.97498E-01  BH_17_imp        -31.9866   41.5452     -3466.186       900.306     0.000  ZXY   1.14721E+02   8.51046E+01   6.79828E+00
4.97498E-01  BH_17_imp        -31.9866   41.5452     -3466.186       900.306     0.000  ZYX  -1.17909E+02  -5.33593E+01   6.79828E+00
4.97498E-01  BH_17_imp        -31.9866   41.5452     -3466.186       900.306     0.000  ZYY   5.83465E+01   4.11794E+01   9.51760E+00
3.01578E-01  BH_17_imp        -31.9866   41.5452     -3466.186       900.306     0.000  ZXX  -4.27870E+01   1.65145E+01   1.09986E+01
3.01578E-01  BH_17_imp        -31.9866   41.5452     -3466.186       900.306     0.000  ZXY   1.45911E+02   9.50255E+01   7.85611E+00
3.01578E-01  BH_17_imp        -31.9866   41.5452     -3466.186       900.306     0.000  ZYX  -1.33228E+02  -4.84920E+01   7.85611E+00
3.01578E-01  BH_17_imp        -31.9866   41.5452     -3466.186       900.306     0.000  ZYY   7.52088E+01   4.06614E+01   1.09986E+01
1.82814E-01  BH_17_imp        -31.9866   41.5452     -3466.186       900.306     0.000  ZXX  -3.04721E+01   3.00330E+01   1.24147E+01
1.82814E-01  BH_17_imp        -31.9866   41.5452     -3466.186       900.306     0.000  ZXY   1.83310E+02   9.91114E+01   8.86762E+00
1.82814E-01  BH_17_imp        -31.9866   41.5452     -3466.186       900.306     0.000  ZYX  -1.44259E+02  -4.44064E+01   8.86762E+00
1.82814E-01  BH_17_imp        -31.9866   41.5452     -3466.186       900.306     0.000  ZYY   9.13065E+01   3.54168E+01   1.24147E+01
1.10820E-01  BH_17_imp        -31.9866   41.5452     -3466.186       900.306     0.000  ZXX  -1.51703E+01   3.77403E+01   1.38947E+01
1.10820E-01  BH_17_imp        -31.9866   41.5452     -3466.186       900.306     0.000  ZXY   2.25145E+02   9.10341E+01   9.92476E+00
1.10820E-01  BH_17_imp        -31.9866   41.5452     -3466.186       900.306     0.000  ZYX  -1.56215E+02  -4.38004E+01   9.92476E+00
1.10820E-01  BH_17_imp        -31.9866   41.5452     -3466.186       900.306     0.000  ZYY   1.05636E+02   2.35015E+01   1.38947E+01
6.71781E-02  BH_17_imp        -31.9866   41.5452     -3466.186       900.306     0.000  ZXX   8.54468E+00   3.35017E+01   1.49895E+01
6.71781E-02  BH_17_imp        -31.9866   41.5452     -3466.186       900.306     0.000  ZXY   2.55809E+02   8.48065E+01   1.07068E+01
6.71781E-02  BH_17_imp        -31.9866   41.5452     -3466.186       900.306     0.000  ZYX  -1.62471E+02  -5.05220E+01   1.07068E+01
6.71781E-02  BH_17_imp        -31.9866   41.5452     -3466.186       900.306     0.000  ZYY   1.11942E+02   1.73611E+01   1.49895E+01
4.07226E-02  BH_17_imp        -31.9866   41.5452     -3466.186       900.306     0.000  ZXX   2.14859E+01   2.16620E+01   1.63113E+01
4.07226E-02  BH_17_imp        -31.9866   41.5452     -3466.186       900.306     0.000  ZXY   2.81433E+02   6.88461E+01   1.16509E+01
4.07226E-02  BH_17_imp        -31.9866   41.5452     -3466.186       900.306     0.000  ZYX  -1.76868E+02  -6.19553E+01   1.16509E+01
4.07226E-02  BH_17_imp        -31.9866   41.5452     -3466.186       900.306     0.000  ZYY   1.15397E+02   6.41173E+00   1.63113E+01
2.46856E-02  BH_17_imp        -31.9866   41.5452     -3466.186       900.306     0.000  ZXX   2.40939E+01   7.60713E+00   1.77118E+01
2.46856E-02  BH_17_imp        -31.9866   41.5452     -3466.186       900.306     0.000  ZXY   2.97309E+02   5.26860E+01   1.26513E+01
2.46856E-02  BH_17_imp        -31.9866   41.5452     -3466.186       900.306     0.000  ZYX  -1.98446E+02  -7.46897E+01   1.26513E+01
2.46856E-02  BH_17_imp        -31.9866   41.5452     -3466.186       900.306     0.000  ZYY   1.13142E+02  -3.69201E+00   1.77118E+01
1.49642E-02  BH_17_imp        -31.9866   41.5452     -3466.186       900.306     0.000  ZXX   1.70286E+01  -2.37657E+00   1.92846E+01
1.49642E-02  BH_17_imp        -31.9866   41.5452     -3466.186       900.306     0.000  ZXY   3.04577E+02   4.47665E+01   1.37747E+01
1.49642E-02  BH_17_imp        -31.9866   41.5452     -3466.186       900.306     0.000  ZYX  -2.30492E+02  -8.74937E+01   1.37747E+01
1.49642E-02  BH_17_imp        -31.9866   41.5452     -3466.186       900.306     0.000  ZYY   1.05682E+02  -8.61624E+00   1.92846E+01
9.07112E-03  BH_17_imp        -31.9866   41.5452     -3466.186       900.306     0.000  ZXX   5.52070E+00   3.39042E-01   2.06996E+01
9.07112E-03  BH_17_imp        -31.9866   41.5452     -3466.186       900.306     0.000  ZXY   3.09117E+02   4.80165E+01   1.47855E+01
9.07112E-03  BH_17_imp        -31.9866   41.5452     -3466.186       900.306     0.000  ZYX  -2.63995E+02  -9.18898E+01   1.47855E+01
9.07112E-03  BH_17_imp        -31.9866   41.5452     -3466.186       900.306     0.000  ZYY   9.95060E+01  -7.70566E+00   2.06996E+01
5.49883E-03  BH_17_imp        -31.9866   41.5452     -3466.186       900.306     0.000  ZXX  -2.79487E-02   1.97213E+01   2.22026E+01
5.49883E-03  BH_17_imp        -31.9866   41.5452     -3466.186       900.306     0.000  ZXY   3.19220E+02   6.21062E+01   1.58590E+01
5.49883E-03  BH_17_imp        -31.9866   41.5452     -3466.186       900.306     0.000  ZYX  -2.96971E+02  -8.66440E+01   1.58590E+01
5.49883E-03  BH_17_imp        -31.9866   41.5452     -3466.186       900.306     0.000  ZYY   9.67828E+01  -3.39890E+00   2.22026E+01
3.33333E-03  BH_17_imp        -31.9866   41.5452     -3466.186       900.306     0.000  ZXX   1.21464E+01   3.95839E+01   2.35330E+01
3.33333E-03  BH_17_imp        -31.9866   41.5452     -3466.186       900.306     0.000  ZXY   3.37722E+02   7.90490E+01   1.68093E+01
3.33333E-03  BH_17_imp        -31.9866   41.5452     -3466.186       900.306     0.000  ZYX  -3.14932E+02  -8.36392E+01   1.68093E+01
3.33333E-03  BH_17_imp        -31.9866   41.5452     -3466.186       900.306     0.000  ZYY   9.90115E+01  -1.85774E+00   2.35330E+01
3.33333E+02  BH_18_imp        -31.9110   41.6314      4719.979      9253.883     0.000  ZXX   2.35749E-01  -2.59344E-01   8.67659E-02
3.33333E+02  BH_18_imp        -31.9110   41.6314      4719.979      9253.883     0.000  ZXY   1.43119E+00   1.51122E+00   6.19756E-02
3.33333E+02  BH_18_imp        -31.9110   41.6314      4719.979      9253.883     0.000  ZYX  -5.26041E-01  -5.17850E-01   6.19756E-02
3.33333E+02  BH_18_imp        -31.9110   41.6314      4719.979      9253.883     0.000  ZYY  -3.16139E-01  -1.11071E-01   8.67659E-02
2.02063E+02  BH_18_imp        -31.9110   41.6314      4719.979      9253.883     0.000  ZXX   1.90225E-01  -2.61623E-01   1.08034E-01
2.02063E+02  BH_18_imp        -31.9110   41.6314      4719.979      9253.883     0.000  ZXY   1.85614E+00   1.70433E+00   7.71670E-02
2.02063E+02  BH_18_imp        -31.9110   41.6314      4719.979      9253.883     0.000  ZYX  -6.02486E-01  -7.28330E-01   7.71670E-02
2.02063E+02  BH_18_imp        -31.9110   41.6314      4719.979      9253.883     0.000  ZYY  -3.14652E-01  -8.83321E-02   1.08034E-01
1.22489E+02  BH_18_imp        -31.9110   41.6314      4719.979      9253.883     0.000  ZXX   6.68058E-02  -5.15430E-01   1.39678E-01
1.22489E+02  BH_18_imp        -31.9110   41.6314      4719.979      9253.883     0.000  ZXY   2.42275E+00   2.13175E+00   9.97701E-02
1.22489E+02  BH_18_imp        -31.9110   41.6314      4719.979      9253.883     0.000  ZYX  -7.12865E-01  -1.00704E+00   9.97701E-02
1.22489E+02  BH_18_imp        -31.9110   41.6314      4719.979      9253.883     0.000  ZYY  -3.41332E-01  -4.64589E-02   1.39678E-01
7.42512E+01  BH_18_imp        -31.9110   41.6314      4719.979      9253.883     0.000  ZXX  -5.30419E-02  -5.95653E-01   1.83654E-01
7.42512E+01  BH_18_imp        -31.9110   41.6314      4719.979      9253.883     0.000  ZXY   2.99596E+00   2.64856E+00   1.31181E-01
7.42512E+01  BH_18_imp        -31.9110   41.6314      4719.979      9253.883     0.000  ZYX  -7.21170E-01  -1.56300E+00   1.31181E-01
7.42512E+01  BH_18_imp        -31.9110   41.6314      4719.979      9253.883     0.000  ZYY  -3.92813E-01   5.32503E-02   1.83654E-01
4.50104E+01  BH_18_imp        -31.9110   41.6314      4719.979      9253.883     0.000  ZXX   6.29316E-02  -9.03071E-01   2.48754E-01
4.50104E+01  BH_18_imp        -31.9110   41.6314      4719.979      9253.883     0.000  ZXY   3.51894E+00   3.43378E+00   1.77681E-01
4.50104E+01  BH_18_imp        -31.9110   41.6314      4719.979      9253.883     0.000  ZYX  -9.12822E-01  -2.40077E+00   1.77681E-01
4.50104E+01  BH_18_imp        -31.9110   41.6314      4719.979      9253.883     0.000  ZYY  -4.25435E-01   7.42423E-02   2.48754E-01
2.72849E+01  BH_18_imp        -31.9110   41.6314      4719.979      9253.883     0.000  ZXX  -3.93280E-02  -1.59759E+00   3.46519E-01
2.72849E+01  BH_18_imp        -31.9110   41.6314      4719.979      9253.883     0.000  ZXY   4.20883E+00   4.42467E+00   2.47514E-01
2.72849E+01  BH_18_imp        -31.9110   41.6314      4719.979      9253.883     0.000  ZYX  -1.28424E+00  -3.80179E+00   2.47514E-01
2.72849E+01  BH_18_imp        -31.9110   41.6314      4719.979      9253.883     0.000  ZYY  -3.37967E-01  -2.60097E-02   3.46519E-01
1.65398E+01  BH_18_imp        -31.9110   41.6314      4719.979      9253.883     0.000  ZXX  -5.12503E-01  -3.22313E+00   4.61297E-01
1.65398E+01  BH_18_imp        -31.9110   41.6314      4719.979      9253.883     0.000  ZXY   3.10228E+00   6.50078E+00   3.29498E-01
1.65398E+01  BH_18_imp        -31.9110   41.6314      4719.979      9253.883     0.000  ZYX  -6.85758E-01  -5.98991E+00   3.29498E-01
1.65398E+01  BH_18_imp        -31.9110   41.6314      4719.979      9253.883     0.000  ZYY  -2.27201E+00   9.09634E-01   4.61297E-01
1.00263E+01  BH_18_imp        -31.9110   41.6314      4719.979      9253.883     0.000  ZXX  -6.07699E-01  -2.42779E+00   5.41626E-01
1.00263E+01  BH_18_imp        -31.9110   41.6314      4719.979      9253.883     0.000  ZXY   5.04699E+00   7.68531E+00   3.86876E-01
1.00263E+01  BH_18_imp        -31.9110   41.6314      4719.979      9253.883     0.000  ZYX  -2.53855E+00  -5.99629E+00   3.86876E-01
1.00263E+01  BH_18_imp        -31.9110   41.6314      4719.979      9253.883     0.000  ZYY  -9.27117E-01   4.75612E-01   5.41626E-01
6.07785E+00  BH_18_imp        -31.9110   41.6314      4719.979      9253.883     0.000  ZXX  -2.11391E+00  -3.24440E+00   7.48426E-01
6.07785E+00  BH_18_imp        -31.9110   41.6314      4719.979      9253.883     0.000  ZXY   6.96947E+00   9.36503E+00   5.34590E-01
6.07785E+00  BH_18_imp        -31.9110   41.6314      4719.979      9253.883     0.000  ZYX  -5.17889E+00  -8.31088E+00   5.34590E-01
6.07785E+00  BH_18_imp        -31.9110   41.6314      4719.979      9253.883     0.000  ZYY  -8.45091E-01   5.72465E-01   7.48426E-01
3.68431E+00  BH_18_imp        -31.9110   41.6314      4719.979      9253.883     0.000  ZXX  -4.48168E+00  -4.21237E+00   1.18314E+00
3.68431E+00  BH_18_imp        -31.9110   41.6314      4719.979      9253.883     0.000  ZXY   8.35302E+00   1.45020E+01   8.45097E-01
3.68431E+00  BH_18_imp        -31.9110   41.6314      4719.979      9253.883     0.000  ZYX  -9.66630E+00  -1.40693E+01   8.45097E-01
3.68431E+00  BH_18_imp        -31.9110   41.6314      4719.979      9253.883     0.000  ZYY  -1.66239E+00   8.98061E-01   1.18314E+00
2.23339E+00  BH_18_imp        -31.9110   41.6314      4719.979      9253.883     0.000  ZXX  -8.14786E+00  -3.47744E+00   1.74713E+00
2.23339E+00  BH_18_imp        -31.9110   41.6314      4719.979      9253.883     0.000  ZXY   1.20994E+01   2.18828E+01   1.24795E+00
2.23339E+00  BH_18_imp        -31.9110   41.6314      4719.979      9253.883     0.000  ZYX  -1.70886E+01  -1.81286E+01   1.24795E+00
2.23339E+00  BH_18_imp        -31.9110   41.6314      4719.979      9253.883     0.000  ZYY  -7.61375E-01   1.84200E+00   1.74713E+00
1.35386E+00  BH_18_imp        -31.9110   41.6314      4719.979      9253.883     0.000  ZXX  -1.37185E+01  -2.79290E+00   2.52309E+00
1.35386E+00  BH_18_imp        -31.9110   41.6314      4719.979      9253.883     0.000  ZXY   2.03301E+01   3.41232E+01   1.80220E+00
1.35386E+00  BH_18_imp        -31.9110   41.6314      4719.979      9253.883     0.000  ZYX  -2.43686E+01  -2.18172E+01   1.80220E+00
1.35386E+00  BH_18_imp        -31.9110   41.6314      4719.979      9253.883     0.000  ZYY  -2.95231E-01   5.52282E+00   2.52309E+00
8.20695E-01  BH_18_imp        -31.9110   41.6314      4719.979      9253.883     0.000  ZXX  -1.64562E+01   8.00061E+00   3.32902E+00
8.20695E-01  BH_18_imp        -31.9110   41.6314      4719.979      9253.883     0.000  ZXY   3.15977E+01   4.84220E+01   2.37787E+00
8.20695E-01  BH_18_imp        -31.9110   41.6314      4719.979      9253.883     0.000  ZYX  -3.38814E+01  -1.95488E+01   2.37787E+00
8.20695E-01  BH_18_imp        -31.9110   41.6314      4719.979      9253.883     0.000  ZYY   1.42615E+00   9.27481E+00   3.32902E+00
4.97498E-01  BH_18_imp        -31.9110   41.6314      4719.979      9253.883     0.000  ZXX  -1.40435E+01   2.09059E+01   4.29430E+00
4.97498E-01  BH_18_imp        -31.9110   41.6314      4719.979      9253.883     0.000  ZXY   5.16988E+01   6.42823E+01   3.06736E+00
4.97498E-01  BH_18_imp        -31.9110   41.6314      4719.979      9253.883     0.000  ZYX  -4.14142E+01  -1.91375E+01   3.06736E+00
4.97498E-01  BH_18_imp        -31.9110   41.6314      4719.979      9253.883     0.000  ZYY   6.58513E+00   1.42051E+01   4.29430E+00
3.01578E-01  BH_18_imp        -31.9110   41.6314      4719.979      9253.883     0.000  ZXX  -2.64458E-01   3.04716E+01   5.15896E+00
3.01578E-01  BH_18_imp        -31.9110   41.6314      4719.979      9253.883     0.000  ZXY   8.19014E+01   7.46317E+01   3.68497E+00
3.01578E-01  BH_18_imp        -31.9110   41.6314      4719.979      9253.883     0.000  ZYX  -4.60613E+01  -1.67709E+01   3.68497E+00
3.01578E-01  BH_18_imp        -31.9110   41.6314      4719.979      9253.883     0.000  ZYY   1.35350E+01   1.65462E+01   5.15896E+00
1.82814E-01  BH_18_imp        -31.9110   41.6314      4719.979      9253.883     0.000  ZXX   1.65608E+01   3.18405E+01   6.00537E+00
1.82814E-01  BH_18_imp        -31.9110   41.6314      4719.979      9253.883     0.000  ZXY   1.14711E+02   7.67477E+01   4.28955E+00
1.82814E-01  BH_18_imp        -31.9110   41.6314      4719.979      9253.883     0.000  ZYX  -5.04557E+01  -1.72630E+01   4.28955E+00
1.82814E-01  BH_18_imp        -31.9110   41.6314      4719.979      9253.883     0.000  ZYY   2.04416E+01   1.63572E+01   6.00537E+00
1.10820E-01  BH_18_imp        -31.9110   41.6314      4719.979      9253.883     0.000  ZXX   3.23669E+01   3.34479E+01   6.64094E+00
1.10820E-01  BH_18_imp        -31.9110   41.6314      4719.979      9253.883     0.000  ZXY   1.34878E+02   7.43944E+01   4.74353E+00
1.10820E-01  BH_18_imp        -31.9110   41.6314      4719.979      9253.883     0.000  ZYX  -5.45506E+01  -2.09393E+01   4.74353E+00
1.10820E-01  BH_18_imp        -31.9110   41.6314      4719.979      9253.883     0.000  ZYY   2.57179E+01   1.63770E+01   6.64094E+00
6.71781E-02  BH_18_imp        -31.9110   41.6314      4719.979      9253.883     0.000  ZXX   4.27070E+01   1.32755E+01   7.41840E+00
6.71781E-02  BH_18_imp        -31.9110   41.6314      4719.979      9253.883     0.000  ZXY   1.64445E+02   6.36669E+01   5.29886E+00
6.71781E-02  BH_18_imp        -31.9110   41.6314      4719.979      9253.883     0.000  ZYX  -5.96379E+01  -2.23566E+01   5.29886E+00
6.71781E-02  BH_18_imp        -31.9110   41.6314      4719.979      9253.883     0.000  ZYY   2.95231E+01   1.75655E+01   7.41840E+00
4.07226E-02  BH_18_imp        -31.9110   41.6314      4719.979      9253.883     0.000  ZXX   4.47579E+01  -2.22806E-01   8.17703E+00
4.07226E-02  BH_18_imp        -31.9110   41.6314      4719.979      9253.883     0.000  ZXY   1.82065E+02   5.68415E+01   5.84073E+00
4.07226E-02  BH_18_imp        -31.9110   41.6314      4719.979      9253.883     0.000  ZYX  -6.60453E+01  -2.75045E+01   5.84073E+00
4.07226E-02  BH_18_imp        -31.9110   41.6314      4719.979      9253.883     0.000  ZYY   3.56708E+01   1.99724E+01   8.17703E+00
2.46856E-02  BH_18_imp        -31.9110   41.6314      4719.979      9253.883     0.000  ZXX   3.94794E+01  -1.58920E+01   9.15725E+00
2.46856E-02  BH_18_imp        -31.9110   41.6314      4719.979      9253.883     0.000  ZXY   1.98192E+02   5.57843E+01   6.54089E+00
2.46856E-02  BH_18_imp        -31.9110   41.6314      4719.979      9253.883     0.000  ZYX  -7.52228E+01  -3.53560E+01   6.54089E+00
2.46856E-02  BH_18_imp        -31.9110   41.6314      4719.979      9253.883     0.000  ZYY   4.36314E+01   2.48404E+01   9.15725E+00
1.49642E-02  BH_18_imp        -31.9110   41.6314      4719.979      9253.883     0.000  ZXX   2.44583E+01  -2.22710E+01   1.02884E+01
1.49642E-02  BH_18_imp        -31.9110   41.6314      4719.979      9253.883     0.000  ZXY   2.19397E+02   4.63152E+01   7.34884E+00
1.49642E-02  BH_18_imp        -31.9110   41.6314      4719.979      9253.883     0.000  ZYX  -8.84063E+01  -3.82807E+01   7.34884E+00
1.49642E-02  BH_18_imp        -31.9110   41.6314      4719.979      9253.883     0.000  ZYY   5.64587E+01   1.74320E+01   1.02884E+01
9.07112E-03  BH_18_imp        -31.9110   41.6314      4719.979      9253.883     0.000  ZXX   7.91273E+00  -1.84666E+01   1.11494E+01
9.07112E-03  BH_18_imp        -31.9110   41.6314      4719.979      9253.883     0.000  ZXY   2.33646E+02   3.63939E+01   7.96382E+00
9.07112E-03  BH_18_imp        -31.9110   41.6314      4719.979      9253.883     0.000  ZYX  -1.00165E+02  -3.84334E+01   7.96382E+00
9.07112E-03  BH_18_imp        -31.9110   41.6314      4719.979      9253.883     0.000  ZYY   6.16425E+01   8.77773E+00   1.11494E+01
5.49883E-03  BH_18_imp        -31.9110   41.6314      4719.979      9253.883     0.000  ZXX  -6.78376E-01  -8.48118E+00   1.19773E+01
5.49883E-03  BH_18_imp        -31.9110   41.6314      4719.979      9253.883     0.000  ZXY   2.46809E+02   2.00978E+01   8.55524E+00
5.49883E-03  BH_18_imp        -31.9110   41.6314      4719.979      9253.883     0.000  ZYX  -1.06023E+02  -5.23213E+01   8.55524E+00
5.49883E-03  BH_18_imp        -31.9110   41.6314      4719.979      9253.883     0.000  ZYY   6.74035E+01  -8.03268E+00   1.19773E+01
3.33333E-03  BH_18_imp        -31.9110   41.6314      4719.979      9253.883     0.000  ZXX  -7.32714E+00   1.16564E+01   1.27179E+01
3.33333E-03  BH_18_imp        -31.9110   41.6314      4719.979      9253.883     0.000  ZXY   2.47000E+02   9.11666E+00   9.08419E+00
3.33333E-03  BH_18_imp        -31.9110   41.6314      4719.979      9253.883     0.000  ZYX  -1.19553E+02  -5.95176E+01   9.08419E+00
3.33333E-03  BH_18_imp        -31.9110   41.6314      4719.979      9253.883     0.000  ZYY   6.33110E+01  -1.76691E+01   1.27179E+01
2.02063E+02  BH_19            -31.9003   41.4650      6278.933     -6457.571     0.000  ZXX   2.72603E+00   1.20747E+00   2.79666E-01
2.02063E+02  BH_19            -31.9003   41.4650      6278.933     -6457.571     0.000  ZXY   9.18210E+00   7.94392E+00   1.99762E-01
2.02063E+02  BH_19            -31.9003   41.4650      6278.933     -6457.571     0.000  ZYX  -5.68127E-01  -1.18556E+00   1.99762E-01
2.02063E+02  BH_19            -31.9003   41.4650      6278.933     -6457.571     0.000  ZYY   1.62590E+00   1.76472E+00   2.79666E-01
1.22489E+02  BH_19            -31.9003   41.4650      6278.933     -6457.571     0.000  ZXX   2.50025E+00   5.91011E-01   3.47237E-01
1.22489E+02  BH_19            -31.9003   41.4650      6278.933     -6457.571     0.000  ZXY   1.11013E+01   9.60780E+00   2.48026E-01
1.22489E+02  BH_19            -31.9003   41.4650      6278.933     -6457.571     0.000  ZYX  -4.83845E-01  -1.60467E+00   2.48026E-01
1.22489E+02  BH_19            -31.9003   41.4650      6278.933     -6457.571     0.000  ZYY   1.71645E+00   1.75237E+00   3.47237E-01
7.42512E+01  BH_19            -31.9003   41.4650      6278.933     -6457.571     0.000  ZXX   1.89763E+00   1.34353E+00   4.84720E-01
7.42512E+01  BH_19            -31.9003   41.4650      6278.933     -6457.571     0.000  ZXY   1.39857E+01   1.21121E+01   3.46229E-01
7.42512E+01  BH_19            -31.9003   41.4650      6278.933     -6457.571     0.000  ZYX  -1.02387E+00  -2.38085E+00   3.46229E-01
7.42512E+01  BH_19            -31.9003   41.4650      6278.933     -6457.571     0.000  ZYY   2.22080E+00   2.46967E+00   4.84720E-01
4.50104E+01  BH_19            -31.9003   41.4650      6278.933     -6457.571     0.000  ZXX   2.86284E+00   2.65453E+00   6.44444E-01
4.50104E+01  BH_19            -31.9003   41.4650      6278.933     -6457.571     0.000  ZXY   1.63760E+01   1.53836E+01   4.60317E-01
4.50104E+01  BH_19            -31.9003   41.4650      6278.933     -6457.571     0.000  ZYX  -1.21883E+00  -3.56994E+00   4.60317E-01
4.50104E+01  BH_19            -31.9003   41.4650      6278.933     -6457.571     0.000  ZYY   2.95328E+00   2.88719E+00   6.44444E-01
2.72849E+01  BH_19            -31.9003   41.4650      6278.933     -6457.571     0.000  ZXX   3.08445E+00   1.14061E+00   9.83556E-01
2.72849E+01  BH_19            -31.9003   41.4650      6278.933     -6457.571     0.000  ZXY   2.05974E+01   2.30392E+01   7.02540E-01
2.72849E+01  BH_19            -31.9003   41.4650      6278.933     -6457.571     0.000  ZYX  -8.68999E-01  -6.32895E+00   7.02540E-01
2.72849E+01  BH_19            -31.9003   41.4650      6278.933     -6457.571     0.000  ZYY   3.06976E+00   4.55149E+00   9.83556E-01
1.65398E+01  BH_19            -31.9003   41.4650      6278.933     -6457.571     0.000  ZXX  -2.43675E+01  -2.07810E+01   1.25358E+00
1.65398E+01  BH_19            -31.9003   41.4650      6278.933     -6457.571     0.000  ZXY   3.24298E+01   4.71197E+01   8.95412E-01
1.65398E+01  BH_19            -31.9003   41.4650      6278.933     -6457.571     0.000  ZYX  -2.44116E+00  -5.04729E+00   8.95412E-01
1.65398E+01  BH_19            -31.9003   41.4650      6278.933     -6457.571     0.000  ZYY   8.71324E+00   1.27784E+00   1.25358E+00
1.00263E+01  BH_19            -31.9003   41.4650      6278.933     -6457.571     0.000  ZXX  -6.92015E+00  -2.96364E+00   2.22208E+00
1.00263E+01  BH_19            -31.9003   41.4650      6278.933     -6457.571     0.000  ZXY   2.19713E+01   4.56163E+01   1.58720E+00
1.00263E+01  BH_19            -31.9003   41.4650      6278.933     -6457.571     0.000  ZYX  -4.98823E+00  -1.92668E+01   1.58720E+00
1.00263E+01  BH_19            -31.9003   41.4650      6278.933     -6457.571     0.000  ZYY   4.80413E+00   2.78133E+00   2.22208E+00
6.07785E+00  BH_19            -31.9003   41.4650      6278.933     -6457.571     0.000  ZXX  -1.56737E+01   1.60216E+01   3.28158E+00
6.07785E+00  BH_19            -31.9003   41.4650      6278.933     -6457.571     0.000  ZXY   4.80897E+01   5.96323E+01   2.34399E+00
6.07785E+00  BH_19            -31.9003   41.4650      6278.933     -6457.571     0.000  ZYX  -2.52822E+01  -1.35579E+01   2.34399E+00
6.07785E+00  BH_19            -31.9003   41.4650      6278.933     -6457.571     0.000  ZYY   1.65542E+01   1.98810E+01   3.28158E+00
3.68431E+00  BH_19            -31.9003   41.4650      6278.933     -6457.571     0.000  ZXX   1.01129E+01   7.08919E+00   3.48285E+00
3.68431E+00  BH_19            -31.9003   41.4650      6278.933     -6457.571     0.000  ZXY   5.11551E+01   7.35032E+01   2.48775E+00
3.68431E+00  BH_19            -31.9003   41.4650      6278.933     -6457.571     0.000  ZYX  -1.26651E+01  -2.45718E+01   2.48775E+00
3.68431E+00  BH_19            -31.9003   41.4650      6278.933     -6457.571     0.000  ZYY   7.99139E+00   1.88616E+01   3.48285E+00
2.23339E+00  BH_19            -31.9003   41.4650      6278.933     -6457.571     0.000  ZXX   1.11098E+01   7.84434E+00   5.76937E+00
2.23339E+00  BH_19            -31.9003   41.4650      6278.933     -6457.571     0.000  ZXY   7.94746E+01   9.78701E+01   4.12098E+00
2.23339E+00  BH_19            -31.9003   41.4650      6278.933     -6457.571     0.000  ZYX  -3.03678E+01  -4.45077E+01   4.12098E+00
2.23339E+00  BH_19            -31.9003   41.4650      6278.933     -6457.571     0.000  ZYY   1.80891E+01   3.18622E+01   5.76937E+00
1.35386E+00  BH_19            -31.9003   41.4650      6278.933     -6457.571     0.000  ZXX   1.47389E+01   2.76163E+01   7.48356E+00
1.35386E+00  BH_19            -31.9003   41.4650      6278.933     -6457.571     0.000  ZXY   1.38470E+02   1.26655E+02   5.34540E+00
1.35386E+00  BH_19            -31.9003   41.4650      6278.933     -6457.571     0.000  ZYX  -4.09606E+01  -4.50740E+01   5.34540E+00
1.35386E+00  BH_19            -31.9003   41.4650      6278.933     -6457.571     0.000  ZYY   3.40799E+01   4.24252E+01   7.48356E+00
8.20695E-01  BH_19            -31.9003   41.4650      6278.933     -6457.571     0.000  ZXX   1.12645E+01  -8.42535E+00   1.04477E+01
8.20695E-01  BH_19            -31.9003   41.4650      6278.933     -6457.571     0.000  ZXY   1.72487E+02   1.88088E+02   7.46261E+00
8.20695E-01  BH_19            -31.9003   41.4650      6278.933     -6457.571     0.000  ZYX  -6.60960E+01  -5.70135E+01   7.46261E+00
8.20695E-01  BH_19            -31.9003   41.4650      6278.933     -6457.571     0.000  ZYY   4.87034E+01   5.59137E+01   1.04477E+01
4.97498E-01  BH_19            -31.9003   41.4650      6278.933     -6457.571     0.000  ZXX  -4.93472E+01   6.22177E+00   1.49242E+01
4.97498E-01  BH_19            -31.9003   41.4650      6278.933     -6457.571     0.000  ZXY   2.65876E+02   2.49138E+02   1.06601E+01
4.97498E-01  BH_19            -31.9003   41.4650      6278.933     -6457.571     0.000  ZYX  -1.11740E+02  -5.54758E+01   1.06601E+01
4.97498E-01  BH_19            -31.9003   41.4650      6278.933     -6457.571     0.000  ZYY   9.19037E+01   6.65951E+01   1.49242E+01
3.01578E-01  BH_19            -31.9003   41.4650      6278.933     -6457.571     0.000  ZXX   1.94567E+01   2.88962E+01   1.70221E+01
3.01578E-01  BH_19            -31.9003   41.4650      6278.933     -6457.571     0.000  ZXY   2.95912E+02   2.67834E+02   1.21586E+01
3.01578E-01  BH_19            -31.9003   41.4650      6278.933     -6457.571     0.000  ZYX  -1.29174E+02  -7.25582E+01   1.21586E+01
3.01578E-01  BH_19            -31.9003   41.4650      6278.933     -6457.571     0.000  ZYY   1.06333E+02   8.12250E+01   1.70221E+01
1.82814E-01  BH_19            -31.9003   41.4650      6278.933     -6457.571     0.000  ZXX   2.46192E+01   3.18141E+01   1.96531E+01
1.82814E-01  BH_19            -31.9003   41.4650      6278.933     -6457.571     0.000  ZXY   3.85109E+02   3.22680E+02   1.40379E+01
1.82814E-01  BH_19            -31.9003   41.4650      6278.933     -6457.571     0.000  ZYX  -1.33671E+02  -8.21358E+01   1.40379E+01
1.82814E-01  BH_19            -31.9003   41.4650      6278.933     -6457.571     0.000  ZYY   1.27418E+02   8.39173E+01   1.96531E+01
1.10820E-01  BH_19            -31.9003   41.4650      6278.933     -6457.571     0.000  ZXX   3.58099E+01   4.46402E+01   2.33133E+01
1.10820E-01  BH_19            -31.9003   41.4650      6278.933     -6457.571     0.000  ZXY   5.04260E+02   3.62292E+02   1.66524E+01
1.10820E-01  BH_19            -31.9003   41.4650      6278.933     -6457.571     0.000  ZYX  -1.56778E+02  -8.56351E+01   1.66524E+01
1.10820E-01  BH_19            -31.9003   41.4650      6278.933     -6457.571     0.000  ZYY   1.62168E+02   9.42817E+01   2.33133E+01
6.71781E-02  BH_19            -31.9003   41.4650      6278.933     -6457.571     0.000  ZXX   6.50157E+01   4.42132E+01   2.70928E+01
6.71781E-02  BH_19            -31.9003   41.4650      6278.933     -6457.571     0.000  ZXY   6.30596E+02   3.87580E+02   1.93520E+01
6.71781E-02  BH_19            -31.9003   41.4650      6278.933     -6457.571     0.000  ZYX  -1.74708E+02  -1.02157E+02   1.93520E+01
6.71781E-02  BH_19            -31.9003   41.4650      6278.933     -6457.571     0.000  ZYY   1.78202E+02   8.61976E+01   2.70928E+01
4.07226E-02  BH_19            -31.9003   41.4650      6278.933     -6457.571     0.000  ZXX   8.81446E+01   3.88766E+01   3.15604E+01
4.07226E-02  BH_19            -31.9003   41.4650      6278.933     -6457.571     0.000  ZXY   7.74600E+02   3.87533E+02   2.25431E+01
4.07226E-02  BH_19            -31.9003   41.4650      6278.933     -6457.571     0.000  ZYX  -2.01509E+02  -1.20315E+02   2.25431E+01
4.07226E-02  BH_19            -31.9003   41.4650      6278.933     -6457.571     0.000  ZYY   2.06033E+02   8.28491E+01   3.15604E+01
2.46856E-02  BH_19            -31.9003   41.4650      6278.933     -6457.571     0.000  ZXX   1.46792E+02   5.70416E+01   3.58155E+01
2.46856E-02  BH_19            -31.9003   41.4650      6278.933     -6457.571     0.000  ZXY   8.93078E+02   3.61885E+02   2.55825E+01
2.46856E-02  BH_19            -31.9003   41.4650      6278.933     -6457.571     0.000  ZYX  -2.34006E+02  -1.38007E+02   2.55825E+01
2.46856E-02  BH_19            -31.9003   41.4650      6278.933     -6457.571     0.000  ZYY   2.31080E+02   7.28800E+01   3.58155E+01
1.49642E-02  BH_19            -31.9003   41.4650      6278.933     -6457.571     0.000  ZXX   1.10121E+02  -2.70246E+00   4.31265E+01
1.49642E-02  BH_19            -31.9003   41.4650      6278.933     -6457.571     0.000  ZXY   1.02845E+03   3.31867E+02   3.08046E+01
1.49642E-02  BH_19            -31.9003   41.4650      6278.933     -6457.571     0.000  ZYX  -2.97962E+02  -1.85972E+02   3.08046E+01
1.49642E-02  BH_19            -31.9003   41.4650      6278.933     -6457.571     0.000  ZYY   2.51745E+02   6.35563E+01   4.31265E+01
9.07112E-03  BH_19            -31.9003   41.4650      6278.933     -6457.571     0.000  ZXX   1.86090E+02  -7.61709E+01   4.84885E+01
9.07112E-03  BH_19            -31.9003   41.4650      6278.933     -6457.571     0.000  ZXY   1.09397E+03   3.39547E+02   3.46346E+01
9.07112E-03  BH_19            -31.9003   41.4650      6278.933     -6457.571     0.000  ZYX  -3.67997E+02  -2.00128E+02   3.46346E+01
9.07112E-03  BH_19            -31.9003   41.4650      6278.933     -6457.571     0.000  ZYY   2.67404E+02   6.24192E+01   4.84885E+01
5.49883E-03  BH_19            -31.9003   41.4650      6278.933     -6457.571     0.000  ZXX   4.51189E+01  -5.37661E+01   5.44476E+01
5.49883E-03  BH_19            -31.9003   41.4650      6278.933     -6457.571     0.000  ZXY   1.22038E+03   3.16031E+02   3.88911E+01
5.49883E-03  BH_19            -31.9003   41.4650      6278.933     -6457.571     0.000  ZYX  -4.10184E+02  -2.49148E+02   3.88911E+01
5.49883E-03  BH_19            -31.9003   41.4650      6278.933     -6457.571     0.000  ZYY   2.77626E+02   8.42950E+01   5.44476E+01
3.33333E-03  BH_19            -31.9003   41.4650      6278.933     -6457.571     0.000  ZXX   4.85330E+01  -7.91345E+01   6.41725E+01
3.33333E-03  BH_19            -31.9003   41.4650      6278.933     -6457.571     0.000  ZXY   1.31325E+03   3.18474E+02   4.58375E+01
3.33333E-03  BH_19            -31.9003   41.4650      6278.933     -6457.571     0.000  ZYX  -5.32726E+02  -3.20946E+02   4.58375E+01
3.33333E-03  BH_19            -31.9003   41.4650      6278.933     -6457.571     0.000  ZYY   3.21034E+02   1.01256E+02   6.41725E+01
3.33333E+02  BH_1             -31.9743   41.5101     -2021.284     -2388.076     0.000  ZXX   1.31922E+00   2.38646E-01   2.67882E-01
3.33333E+02  BH_1             -31.9743   41.5101     -2021.284     -2388.076     0.000  ZXY   3.62644E+00   3.12267E+00   1.91344E-01
3.33333E+02  BH_1             -31.9743   41.5101     -2021.284     -2388.076     0.000  ZYX  -2.38359E+00  -1.91924E+00   1.91344E-01
3.33333E+02  BH_1             -31.9743   41.5101     -2021.284     -2388.076     0.000  ZYY  -2.98398E+00  -2.17442E+00   2.67882E-01
2.02063E+02  BH_1             -31.9743   41.5101     -2021.284     -2388.076     0.000  ZXX   1.18217E+00   3.70149E-01   3.30834E-01
2.02063E+02  BH_1             -31.9743   41.5101     -2021.284     -2388.076     0.000  ZXY   4.57186E+00   3.95002E+00   2.36310E-01
2.02063E+02  BH_1             -31.9743   41.5101     -2021.284     -2388.076     0.000  ZYX  -2.66964E+00  -2.55752E+00   2.36310E-01
2.02063E+02  BH_1             -31.9743   41.5101     -2021.284     -2388.076     0.000  ZYY  -3.61223E+00  -2.62213E+00   3.30834E-01
1.22489E+02  BH_1             -31.9743   41.5101     -2021.284     -2388.076     0.000  ZXX   1.33122E+00   8.12474E-02   4.06479E-01
1.22489E+02  BH_1             -31.9743   41.5101     -2021.284     -2388.076     0.000  ZXY   5.91005E+00   4.92714E+00   2.90342E-01
1.22489E+02  BH_1             -31.9743   41.5101     -2021.284     -2388.076     0.000  ZYX  -3.02431E+00  -3.17143E+00   2.90342E-01
1.22489E+02  BH_1             -31.9743   41.5101     -2021.284     -2388.076     0.000  ZYY  -4.46562E+00  -3.07701E+00   4.06479E-01
7.42512E+01  BH_1             -31.9743   41.5101     -2021.284     -2388.076     0.000  ZXX   1.34640E+00  -7.99664E-02   5.08675E-01
7.42512E+01  BH_1             -31.9743   41.5101     -2021.284     -2388.076     0.000  ZXY   7.01845E+00   6.06579E+00   3.63339E-01
7.42512E+01  BH_1             -31.9743   41.5101     -2021.284     -2388.076     0.000  ZYX  -3.31405E+00  -4.62835E+00   3.63339E-01
7.42512E+01  BH_1             -31.9743   41.5101     -2021.284     -2388.076     0.000  ZYY  -5.13568E+00  -3.89471E+00   5.08675E-01
4.50104E+01  BH_1             -31.9743   41.5101     -2021.284     -2388.076     0.000  ZXX   1.65742E+00  -1.96006E-01   6.70465E-01
4.50104E+01  BH_1             -31.9743   41.5101     -2021.284     -2388.076     0.000  ZXY   8.27899E+00   7.68864E+00   4.78904E-01
4.50104E+01  BH_1             -31.9743   41.5101     -2021.284     -2388.076     0.000  ZYX  -3.89956E+00  -7.12189E+00   4.78904E-01
4.50104E+01  BH_1             -31.9743   41.5101     -2021.284     -2388.076     0.000  ZYY  -6.48321E+00  -4.96374E+00   6.70465E-01
2.72849E+01  BH_1             -31.9743   41.5101     -2021.284     -2388.076     0.000  ZXX   1.88838E+00  -6.50537E-01   9.24057E-01
2.72849E+01  BH_1             -31.9743   41.5101     -2021.284     -2388.076     0.000  ZXY   1.00073E+01   9.57439E+00   6.60041E-01
2.72849E+01  BH_1             -31.9743   41.5101     -2021.284     -2388.076     0.000  ZYX  -5.31805E+00  -1.14032E+01   6.60041E-01
2.72849E+01  BH_1             -31.9743   41.5101     -2021.284     -2388.076     0.000  ZYY  -7.44931E+00  -5.58602E+00   9.24057E-01
1.65398E+01  BH_1             -31.9743   41.5101     -2021.284     -2388.076     0.000  ZXX   1.42379E+00  -1.19706E+00   1.29987E+00
1.65398E+01  BH_1             -31.9743   41.5101     -2021.284     -2388.076     0.000  ZXY   1.28276E+01   1.31293E+01   9.28478E-01
1.65398E+01  BH_1             -31.9743   41.5101     -2021.284     -2388.076     0.000  ZYX  -7.95454E+00  -1.70189E+01   9.28478E-01
1.65398E+01  BH_1             -31.9743   41.5101     -2021.284     -2388.076     0.000  ZYY  -9.21865E+00  -7.28437E+00   1.29987E+00
1.00263E+01  BH_1             -31.9743   41.5101     -2021.284     -2388.076     0.000  ZXX   1.05755E+00  -2.87936E+00   1.80874E+00
1.00263E+01  BH_1             -31.9743   41.5101     -2021.284     -2388.076     0.000  ZXY   1.59270E+01   1.84624E+01   1.29195E+00
1.00263E+01  BH_1             -31.9743   41.5101     -2021.284     -2388.076     0.000  ZYX  -1.30047E+01  -2.40968E+01   1.29195E+00
1.00263E+01  BH_1             -31.9743   41.5101     -2021.284     -2388.076     0.000  ZYY  -1.14866E+01  -1.02241E+01   1.80874E+00
6.07785E+00  BH_1             -31.9743   41.5101     -2021.284     -2388.076     0.000  ZXX   7.85239E-01  -3.21540E+00   2.63261E+00
6.07785E+00  BH_1             -31.9743   41.5101     -2021.284     -2388.076     0.000  ZXY   2.43297E+01   2.53178E+01   1.88044E+00
6.07785E+00  BH_1             -31.9743   41.5101     -2021.284     -2388.076     0.000  ZYX  -2.16513E+01  -3.39685E+01   1.88044E+00
6.07785E+00  BH_1             -31.9743   41.5101     -2021.284     -2388.076     0.000  ZYY  -1.65012E+01  -1.24340E+01   2.63261E+00
3.68431E+00  BH_1             -31.9743   41.5101     -2021.284     -2388.076     0.000  ZXX  -1.96421E+00  -4.69437E+00   3.60049E+00
3.68431E+00  BH_1             -31.9743   41.5101     -2021.284     -2388.076     0.000  ZXY   2.83595E+01   3.61007E+01   2.57178E+00
3.68431E+00  BH_1             -31.9743   41.5101     -2021.284     -2388.076     0.000  ZYX  -3.45808E+01  -4.61005E+01   2.57178E+00
3.68431E+00  BH_1             -31.9743   41.5101     -2021.284     -2388.076     0.000  ZYY  -2.00159E+01  -1.39208E+01   3.60049E+00
2.23339E+00  BH_1             -31.9743   41.5101     -2021.284     -2388.076     0.000  ZXX  -5.11877E+00  -3.23850E+00   4.90294E+00
2.23339E+00  BH_1             -31.9743   41.5101     -2021.284     -2388.076     0.000  ZXY   4.29816E+01   4.82717E+01   3.50210E+00
2.23339E+00  BH_1             -31.9743   41.5101     -2021.284     -2388.076     0.000  ZYX  -5.34018E+01  -5.39388E+01   3.50210E+00
2.23339E+00  BH_1             -31.9743   41.5101     -2021.284     -2388.076     0.000  ZYY  -2.29677E+01  -1.61914E+01   4.90294E+00
1.35386E+00  BH_1             -31.9743   41.5101     -2021.284     -2388.076     0.000  ZXX  -6.60262E+00   3.24154E+00   6.75633E+00
1.35386E+00  BH_1             -31.9743   41.5101     -2021.284     -2388.076     0.000  ZXY   6.79559E+01   6.12180E+01   4.82595E+00
1.35386E+00  BH_1             -31.9743   41.5101     -2021.284     -2388.076     0.000  ZYX  -8.29031E+01  -5.91708E+01   4.82595E+00
1.35386E+00  BH_1             -31.9743   41.5101     -2021.284     -2388.076     0.000  ZYY  -2.61280E+01  -1.22040E+01   6.75633E+00
8.20695E-01  BH_1             -31.9743   41.5101     -2021.284     -2388.076     0.000  ZXX  -8.19931E+00   9.30566E+00   8.90007E+00
8.20695E-01  BH_1             -31.9743   41.5101     -2021.284     -2388.076     0.000  ZXY   1.00710E+02   7.66031E+01   6.35719E+00
8.20695E-01  BH_1             -31.9743   41.5101     -2021.284     -2388.076     0.000  ZYX  -1.13206E+02  -5.92155E+01   6.35719E+00
8.20695E-01  BH_1             -31.9743   41.5101     -2021.284     -2388.076     0.000  ZYY  -2.50280E+01  -9.00043E+00   8.90007E+00
4.97498E-01  BH_1             -31.9743   41.5101     -2021.284     -2388.076     0.000  ZXX  -1.08524E+01   1.96463E+01   1.28559E+01
4.97498E-01  BH_1             -31.9743   41.5101     -2021.284     -2388.076     0.000  ZXY   1.86147E+02   7.71575E+01   9.18280E+00
4.97498E-01  BH_1             -31.9743   41.5101     -2021.284     -2388.076     0.000  ZYX  -1.60629E+02  -4.70890E+01   9.18280E+00
4.97498E-01  BH_1             -31.9743   41.5101     -2021.284     -2388.076     0.000  ZYY   5.68896E+00  -2.13902E+01   1.28559E+01
3.01578E-01  BH_1             -31.9743   41.5101     -2021.284     -2388.076     0.000  ZXX   3.49306E-01   2.81296E+01   1.40552E+01
3.01578E-01  BH_1             -31.9743   41.5101     -2021.284     -2388.076     0.000  ZXY   2.10185E+02   1.10831E+02   1.00394E+01
3.01578E-01  BH_1             -31.9743   41.5101     -2021.284     -2388.076     0.000  ZYX  -1.58443E+02  -6.06904E+01   1.00394E+01
3.01578E-01  BH_1             -31.9743   41.5101     -2021.284     -2388.076     0.000  ZYY  -2.43993E+01  -2.88822E+01   1.40552E+01
1.82814E-01  BH_1             -31.9743   41.5101     -2021.284     -2388.076     0.000  ZXX   3.76256E+00   5.08525E+01   1.52204E+01
1.82814E-01  BH_1             -31.9743   41.5101     -2021.284     -2388.076     0.000  ZXY   2.27735E+02   1.34100E+02   1.08717E+01
1.82814E-01  BH_1             -31.9743   41.5101     -2021.284     -2388.076     0.000  ZYX  -1.65131E+02  -6.87988E+01   1.08717E+01
1.82814E-01  BH_1             -31.9743   41.5101     -2021.284     -2388.076     0.000  ZYY  -3.18064E+01  -4.21234E+01   1.52204E+01
1.10820E-01  BH_1             -31.9743   41.5101     -2021.284     -2388.076     0.000  ZXX   3.06051E+01   6.42759E+01   1.79722E+01
1.10820E-01  BH_1             -31.9743   41.5101     -2021.284     -2388.076     0.000  ZXY   3.07168E+02   1.14161E+02   1.28373E+01
1.10820E-01  BH_1             -31.9743   41.5101     -2021.284     -2388.076     0.000  ZYX  -1.85271E+02  -7.83529E+01   1.28373E+01
1.10820E-01  BH_1             -31.9743   41.5101     -2021.284     -2388.076     0.000  ZYY   1.64173E+01  -5.13385E+01   1.79722E+01
6.71781E-02  BH_1             -31.9743   41.5101     -2021.284     -2388.076     0.000  ZXX   7.19716E+01   7.07160E+01   2.08145E+01
6.71781E-02  BH_1             -31.9743   41.5101     -2021.284     -2388.076     0.000  ZXY   3.46547E+02   1.52068E+02   1.48675E+01
6.71781E-02  BH_1             -31.9743   41.5101     -2021.284     -2388.076     0.000  ZYX  -2.20074E+02  -7.84369E+01   1.48675E+01
6.71781E-02  BH_1             -31.9743   41.5101     -2021.284     -2388.076     0.000  ZYY  -8.07412E+01  -5.47981E+01   2.08145E+01
4.07226E-02  BH_1             -31.9743   41.5101     -2021.284     -2388.076     0.000  ZXX   1.00847E+02   7.06460E+01   2.41879E+01
4.07226E-02  BH_1             -31.9743   41.5101     -2021.284     -2388.076     0.000  ZXY   4.21785E+02   1.30563E+02   1.72770E+01
4.07226E-02  BH_1             -31.9743   41.5101     -2021.284     -2388.076     0.000  ZYX  -2.57246E+02  -8.33740E+01   1.72770E+01
4.07226E-02  BH_1             -31.9743   41.5101     -2021.284     -2388.076     0.000  ZYY  -9.01299E+01  -4.53287E+01   2.41879E+01
2.46856E-02  BH_1             -31.9743   41.5101     -2021.284     -2388.076     0.000  ZXX   1.27191E+02   5.76076E+01   2.65000E+01
2.46856E-02  BH_1             -31.9743   41.5101     -2021.284     -2388.076     0.000  ZXY   4.73354E+02   1.17081E+02   1.89286E+01
2.46856E-02  BH_1             -31.9743   41.5101     -2021.284     -2388.076     0.000  ZYX  -2.80017E+02  -8.92968E+01   1.89286E+01
2.46856E-02  BH_1             -31.9743   41.5101     -2021.284     -2388.076     0.000  ZYY  -1.20916E+02  -2.98151E+01   2.65000E+01
1.49642E-02  BH_1             -31.9743   41.5101     -2021.284     -2388.076     0.000  ZXX   1.48732E+02   5.38895E+01   2.90145E+01
1.49642E-02  BH_1             -31.9743   41.5101     -2021.284     -2388.076     0.000  ZXY   5.00542E+02   1.37115E+02   2.07246E+01
1.49642E-02  BH_1             -31.9743   41.5101     -2021.284     -2388.076     0.000  ZYX  -3.15173E+02  -1.01262E+02   2.07246E+01
1.49642E-02  BH_1             -31.9743   41.5101     -2021.284     -2388.076     0.000  ZYY  -1.28479E+02  -3.40106E+01   2.90145E+01
9.07112E-03  BH_1             -31.9743   41.5101     -2021.284     -2388.076     0.000  ZXX   1.58641E+02   5.84162E+01   3.13789E+01
9.07112E-03  BH_1             -31.9743   41.5101     -2021.284     -2388.076     0.000  ZXY   5.28468E+02   1.52519E+02   2.24135E+01
9.07112E-03  BH_1             -31.9743   41.5101     -2021.284     -2388.076     0.000  ZYX  -3.43584E+02  -1.24166E+02   2.24135E+01
9.07112E-03  BH_1             -31.9743   41.5101     -2021.284     -2388.076     0.000  ZYY  -1.27828E+02  -3.90172E+01   3.13789E+01
5.49883E-03  BH_1             -31.9743   41.5101     -2021.284     -2388.076     0.000  ZXX   1.57237E+02   7.67801E+01   3.44533E+01
5.49883E-03  BH_1             -31.9743   41.5101     -2021.284     -2388.076     0.000  ZXY   5.55418E+02   1.96063E+02   2.46095E+01
5.49883E-03  BH_1             -31.9743   41.5101     -2021.284     -2388.076     0.000  ZYX  -3.73329E+02  -1.72575E+02   2.46095E+01
5.49883E-03  BH_1             -31.9743   41.5101     -2021.284     -2388.076     0.000  ZYY  -1.31159E+02  -7.01226E+01   3.44533E+01
3.33333E-03  BH_1             -31.9743   41.5101     -2021.284     -2388.076     0.000  ZXX   1.76319E+02   1.00475E+02   3.88555E+01
3.33333E-03  BH_1             -31.9743   41.5101     -2021.284     -2388.076     0.000  ZXY   6.00798E+02   2.36948E+02   2.77539E+01
3.33333E-03  BH_1             -31.9743   41.5101     -2021.284     -2388.076     0.000  ZYX  -4.32766E+02  -2.00783E+02   2.77539E+01
3.33333E-03  BH_1             -31.9743   41.5101     -2021.284     -2388.076     0.000  ZYY  -1.55310E+02  -1.01572E+02   3.88555E+01
3.33333E+02  BH_20_imp        -31.8867   41.4665      7779.387     -6284.294     0.000  ZXX   5.09451E+00   2.21450E+00   4.22905E-01
3.33333E+02  BH_20_imp        -31.8867   41.4665      7779.387     -6284.294     0.000  ZXY   1.16720E+01   1.11151E+01   3.02075E-01
3.33333E+02  BH_20_imp        -31.8867   41.4665      7779.387     -6284.294     0.000  ZYX  -1.37834E+00  -1.79680E+00   3.02075E-01
3.33333E+02  BH_20_imp        -31.8867   41.4665      7779.387     -6284.294     0.000  ZYY  -1.75167E+00  -1.16081E+00   4.22905E-01
2.02063E+02  BH_20_imp        -31.8867   41.4665      7779.387     -6284.294     0.000  ZXX   5.15617E+00   1.85301E+00   4.94856E-01
2.02063E+02  BH_20_imp        -31.8867   41.4665      7779.387     -6284.294     0.000  ZXY   1.40404E+01   1.23298E+01   3.53469E-01
2.02063E+02  BH_20_imp        -31.8867   41.4665      7779.387     -6284.294     0.000  ZYX  -1.86572E+00  -1.91634E+00   3.53469E-01
2.02063E+02  BH_20_imp        -31.8867   41.4665      7779.387     -6284.294     0.000  ZYY  -1.80655E+00  -1.16960E+00   4.94856E-01
1.22489E+02  BH_20_imp        -31.8867   41.4665      7779.387     -6284.294     0.000  ZXX   4.45622E+00   2.49798E+00   6.17371E-01
1.22489E+02  BH_20_imp        -31.8867   41.4665      7779.387     -6284.294     0.000  ZXY   1.84148E+01   1.58626E+01   4.40979E-01
1.22489E+02  BH_20_imp        -31.8867   41.4665      7779.387     -6284.294     0.000  ZYX  -1.91978E+00  -2.56065E+00   4.40979E-01
1.22489E+02  BH_20_imp        -31.8867   41.4665      7779.387     -6284.294     0.000  ZYY  -2.53020E+00  -1.79300E+00   6.17371E-01
7.42512E+01  BH_20_imp        -31.8867   41.4665      7779.387     -6284.294     0.000  ZXX   4.81148E+00   4.28433E+00   7.87365E-01
7.42512E+01  BH_20_imp        -31.8867   41.4665      7779.387     -6284.294     0.000  ZXY   2.19342E+01   1.88643E+01   5.62404E-01
7.42512E+01  BH_20_imp        -31.8867   41.4665      7779.387     -6284.294     0.000  ZYX  -2.08301E+00  -3.84528E+00   5.62404E-01
7.42512E+01  BH_20_imp        -31.8867   41.4665      7779.387     -6284.294     0.000  ZYY  -2.83505E+00  -1.73552E+00   7.87365E-01
4.50104E+01  BH_20_imp        -31.8867   41.4665      7779.387     -6284.294     0.000  ZXX   5.71839E+00   6.73302E+00   1.07926E+00
4.50104E+01  BH_20_imp        -31.8867   41.4665      7779.387     -6284.294     0.000  ZXY   2.60840E+01   2.47441E+01   7.70901E-01
4.50104E+01  BH_20_imp        -31.8867   41.4665      7779.387     -6284.294     0.000  ZYX  -2.40771E+00  -6.15777E+00   7.70901E-01
4.50104E+01  BH_20_imp        -31.8867   41.4665      7779.387     -6284.294     0.000  ZYY  -3.36989E+00  -2.06470E+00   1.07926E+00
2.72849E+01  BH_20_imp        -31.8867   41.4665      7779.387     -6284.294     0.000  ZXX   7.83308E+00   9.33856E+00   1.54096E+00
2.72849E+01  BH_20_imp        -31.8867   41.4665      7779.387     -6284.294     0.000  ZXY   3.33515E+01   3.29141E+01   1.10069E+00
2.72849E+01  BH_20_imp        -31.8867   41.4665      7779.387     -6284.294     0.000  ZYX  -3.31472E+00  -9.79641E+00   1.10069E+00
2.72849E+01  BH_20_imp        -31.8867   41.4665      7779.387     -6284.294     0.000  ZYY  -4.43449E+00  -2.17397E+00   1.54096E+00
1.65398E+01  BH_20_imp        -31.8867   41.4665      7779.387     -6284.294     0.000  ZXX   1.01764E+01   1.28392E+01   2.12943E+00
1.65398E+01  BH_20_imp        -31.8867   41.4665      7779.387     -6284.294     0.000  ZXY   3.80332E+01   4.30579E+01   1.52102E+00
1.65398E+01  BH_20_imp        -31.8867   41.4665      7779.387     -6284.294     0.000  ZYX  -4.92374E+00  -1.53370E+01   1.52102E+00
1.65398E+01  BH_20_imp        -31.8867   41.4665      7779.387     -6284.294     0.000  ZYY  -4.94027E+00  -2.12579E+00   2.12943E+00
1.00263E+01  BH_20_imp        -31.8867   41.4665      7779.387     -6284.294     0.000  ZXX   1.40948E+01   2.46937E+01   3.00791E+00
1.00263E+01  BH_20_imp        -31.8867   41.4665      7779.387     -6284.294     0.000  ZXY   5.99575E+01   5.11425E+01   2.14851E+00
1.00263E+01  BH_20_imp        -31.8867   41.4665      7779.387     -6284.294     0.000  ZYX  -1.10474E+01  -2.06619E+01   2.14851E+00
1.00263E+01  BH_20_imp        -31.8867   41.4665      7779.387     -6284.294     0.000  ZYY  -2.93617E+00  -3.43844E+00   3.00791E+00
6.07785E+00  BH_20_imp        -31.8867   41.4665      7779.387     -6284.294     0.000  ZXX   3.60395E+01   2.16000E+01   4.16266E+00
6.07785E+00  BH_20_imp        -31.8867   41.4665      7779.387     -6284.294     0.000  ZXY   6.49904E+01   7.26387E+01   2.97333E+00
6.07785E+00  BH_20_imp        -31.8867   41.4665      7779.387     -6284.294     0.000  ZYX  -2.04294E+01  -2.99828E+01   2.97333E+00
6.07785E+00  BH_20_imp        -31.8867   41.4665      7779.387     -6284.294     0.000  ZYY  -8.72198E+00  -1.82171E+00   4.16266E+00
3.68431E+00  BH_20_imp        -31.8867   41.4665      7779.387     -6284.294     0.000  ZXX   3.04706E+01   3.33491E+01   5.46036E+00
3.68431E+00  BH_20_imp        -31.8867   41.4665      7779.387     -6284.294     0.000  ZXY   7.99237E+01   1.00526E+02   3.90026E+00
3.68431E+00  BH_20_imp        -31.8867   41.4665      7779.387     -6284.294     0.000  ZYX  -2.41687E+01  -4.07520E+01   3.90026E+00
3.68431E+00  BH_20_imp        -31.8867   41.4665      7779.387     -6284.294     0.000  ZYY  -1.05828E+01  -1.30202E+00   5.46036E+00
2.23339E+00  BH_20_imp        -31.8867   41.4665      7779.387     -6284.294     0.000  ZXX   4.48432E+01   4.81716E+01   8.12304E+00
2.23339E+00  BH_20_imp        -31.8867   41.4665      7779.387     -6284.294     0.000  ZXY   1.26783E+02   1.39673E+02   5.80217E+00
2.23339E+00  BH_20_imp        -31.8867   41.4665      7779.387     -6284.294     0.000  ZYX  -4.03748E+01  -5.88734E+01   5.80217E+00
2.23339E+00  BH_20_imp        -31.8867   41.4665      7779.387     -6284.294     0.000  ZYY  -1.10640E+01   3.03985E+00   8.12304E+00
1.35386E+00  BH_20_imp        -31.8867   41.4665      7779.387     -6284.294     0.000  ZXX   6.02827E+01   4.72539E+01   1.12729E+01
1.35386E+00  BH_20_imp        -31.8867   41.4665      7779.387     -6284.294     0.000  ZXY   1.81092E+02   2.00693E+02   8.05210E+00
1.35386E+00  BH_20_imp        -31.8867   41.4665      7779.387     -6284.294     0.000  ZYX  -6.21379E+01  -7.30995E+01   8.05210E+00
1.35386E+00  BH_20_imp        -31.8867   41.4665      7779.387     -6284.294     0.000  ZYY  -9.30412E+00   4.70024E+00   1.12729E+01
8.20695E-01  BH_20_imp        -31.8867   41.4665      7779.387     -6284.294     0.000  ZXX   7.42935E+01   4.54620E+01   1.55341E+01
8.20695E-01  BH_20_imp        -31.8867   41.4665      7779.387     -6284.294     0.000  ZXY   2.66142E+02   2.70188E+02   1.10958E+01
8.20695E-01  BH_20_imp        -31.8867   41.4665      7779.387     -6284.294     0.000  ZYX  -9.58118E+01  -8.76446E+01   1.10958E+01
8.20695E-01  BH_20_imp        -31.8867   41.4665      7779.387     -6284.294     0.000  ZYY  -2.85414E+00   8.34748E+00   1.55341E+01
4.97498E-01  BH_20_imp        -31.8867   41.4665      7779.387     -6284.294     0.000  ZXX   7.31966E+01   5.24812E+01   2.20197E+01
4.97498E-01  BH_20_imp        -31.8867   41.4665      7779.387     -6284.294     0.000  ZXY   3.80656E+02   3.26467E+02   1.57284E+01
4.97498E-01  BH_20_imp        -31.8867   41.4665      7779.387     -6284.294     0.000  ZYX  -1.73024E+02  -9.48626E+01   1.57284E+01
4.97498E-01  BH_20_imp        -31.8867   41.4665      7779.387     -6284.294     0.000  ZYY   2.10243E+01   8.39241E+00   2.20197E+01
3.01578E-01  BH_20_imp        -31.8867   41.4665      7779.387     -6284.294     0.000  ZXX   2.94541E+01   5.88981E+01   2.49450E+01
3.01578E-01  BH_20_imp        -31.8867   41.4665      7779.387     -6284.294     0.000  ZXY   5.03904E+02   3.94429E+02   1.78179E+01
3.01578E-01  BH_20_imp        -31.8867   41.4665      7779.387     -6284.294     0.000  ZYX  -1.66463E+02  -1.08035E+02   1.78179E+01
3.01578E-01  BH_20_imp        -31.8867   41.4665      7779.387     -6284.294     0.000  ZYY   1.34644E+01   2.36765E+00   2.49450E+01
1.82814E-01  BH_20_imp        -31.8867   41.4665      7779.387     -6284.294     0.000  ZXX   5.95360E+01   8.07007E+01   3.05389E+01
1.82814E-01  BH_20_imp        -31.8867   41.4665      7779.387     -6284.294     0.000  ZXY   6.39747E+02   4.61223E+02   2.18135E+01
1.82814E-01  BH_20_imp        -31.8867   41.4665      7779.387     -6284.294     0.000  ZYX  -2.10338E+02  -1.18317E+02   2.18135E+01
1.82814E-01  BH_20_imp        -31.8867   41.4665      7779.387     -6284.294     0.000  ZYY   2.18064E+01  -1.21268E+01   3.05389E+01
1.10820E-01  BH_20_imp        -31.8867   41.4665      7779.387     -6284.294     0.000  ZXX   1.53420E+02   6.92127E+01   3.58836E+01
1.10820E-01  BH_20_imp        -31.8867   41.4665      7779.387     -6284.294     0.000  ZXY   7.75996E+02   5.18055E+02   2.56311E+01
1.10820E-01  BH_20_imp        -31.8867   41.4665      7779.387     -6284.294     0.000  ZYX  -2.50326E+02  -1.29073E+02   2.56311E+01
1.10820E-01  BH_20_imp        -31.8867   41.4665      7779.387     -6284.294     0.000  ZYY   1.74887E+01  -3.07937E+01   3.58836E+01
6.71781E-02  BH_20_imp        -31.8867   41.4665      7779.387     -6284.294     0.000  ZXX   1.73852E+02   6.77840E+01   4.17434E+01
6.71781E-02  BH_20_imp        -31.8867   41.4665      7779.387     -6284.294     0.000  ZXY   9.86918E+02   5.42477E+02   2.98167E+01
6.71781E-02  BH_20_imp        -31.8867   41.4665      7779.387     -6284.294     0.000  ZYX  -2.81887E+02  -1.42303E+02   2.98167E+01
6.71781E-02  BH_20_imp        -31.8867   41.4665      7779.387     -6284.294     0.000  ZYY  -5.72459E-01  -3.78792E+01   4.17434E+01
4.07226E-02  BH_20_imp        -31.8867   41.4665      7779.387     -6284.294     0.000  ZXX   1.75873E+02   4.21272E+01   4.86086E+01
4.07226E-02  BH_20_imp        -31.8867   41.4665      7779.387     -6284.294     0.000  ZXY   1.20169E+03   5.23830E+02   3.47205E+01
4.07226E-02  BH_20_imp        -31.8867   41.4665      7779.387     -6284.294     0.000  ZYX  -3.32955E+02  -1.56359E+02   3.47205E+01
4.07226E-02  BH_20_imp        -31.8867   41.4665      7779.387     -6284.294     0.000  ZYY  -1.37587E+01  -4.05931E+01   4.86086E+01
2.46856E-02  BH_20_imp        -31.8867   41.4665      7779.387     -6284.294     0.000  ZXX   1.48682E+02   1.35557E+01   5.55657E+01
2.46856E-02  BH_20_imp        -31.8867   41.4665      7779.387     -6284.294     0.000  ZXY   1.40615E+03   4.38056E+02   3.96898E+01
2.46856E-02  BH_20_imp        -31.8867   41.4665      7779.387     -6284.294     0.000  ZYX  -3.91852E+02  -1.71733E+02   3.96898E+01
2.46856E-02  BH_20_imp        -31.8867   41.4665      7779.387     -6284.294     0.000  ZYY  -2.53358E+01  -4.15832E+01   5.55657E+01
1.49642E-02  BH_20_imp        -31.8867   41.4665      7779.387     -6284.294     0.000  ZXX   1.55944E+02  -4.23496E+01   6.25894E+01
1.49642E-02  BH_20_imp        -31.8867   41.4665      7779.387     -6284.294     0.000  ZXY   1.52589E+03   4.34368E+02   4.47067E+01
1.49642E-02  BH_20_imp        -31.8867   41.4665      7779.387     -6284.294     0.000  ZYX  -4.69339E+02  -1.83461E+02   4.47067E+01
1.49642E-02  BH_20_imp        -31.8867   41.4665      7779.387     -6284.294     0.000  ZYY  -3.94181E+01  -4.75423E+01   6.25894E+01
9.07112E-03  BH_20_imp        -31.8867   41.4665      7779.387     -6284.294     0.000  ZXX   1.33843E+02  -8.70925E+01   6.73000E+01
9.07112E-03  BH_20_imp        -31.8867   41.4665      7779.387     -6284.294     0.000  ZXY   1.61358E+03   4.12011E+02   4.80714E+01
9.07112E-03  BH_20_imp        -31.8867   41.4665      7779.387     -6284.294     0.000  ZYX  -5.20375E+02  -1.93091E+02   4.80714E+01
9.07112E-03  BH_20_imp        -31.8867   41.4665      7779.387     -6284.294     0.000  ZYY  -5.86313E+01  -4.56378E+01   6.73000E+01
5.49883E-03  BH_20_imp        -31.8867   41.4665      7779.387     -6284.294     0.000  ZXX   9.60179E+01  -2.26634E+02   7.27264E+01
5.49883E-03  BH_20_imp        -31.8867   41.4665      7779.387     -6284.294     0.000  ZXY   1.71487E+03   5.47433E+02   5.19474E+01
5.49883E-03  BH_20_imp        -31.8867   41.4665      7779.387     -6284.294     0.000  ZYX  -5.57025E+02  -2.21995E+02   5.19474E+01
5.49883E-03  BH_20_imp        -31.8867   41.4665      7779.387     -6284.294     0.000  ZYY  -8.00730E+01  -4.33230E+01   7.27264E+01
3.33333E-03  BH_20_imp        -31.8867   41.4665      7779.387     -6284.294     0.000  ZXX  -4.80906E+01  -9.46180E+02   8.01152E+01
3.33333E-03  BH_20_imp        -31.8867   41.4665      7779.387     -6284.294     0.000  ZXY   1.80653E+03   8.31369E+02   5.72252E+01
3.33333E-03  BH_20_imp        -31.8867   41.4665      7779.387     -6284.294     0.000  ZYX  -5.76387E+02  -3.18810E+02   5.72252E+01
3.33333E-03  BH_20_imp        -31.8867   41.4665      7779.387     -6284.294     0.000  ZYY  -1.04572E+02  -9.36294E+00   8.01152E+01
3.33333E+02  BH_21_imp        -31.8882   41.4445      7663.535     -8369.389     0.000  ZXX   1.17812E+00   2.48467E-01   3.43300E-01
3.33333E+02  BH_21_imp        -31.8882   41.4445      7663.535     -8369.389     0.000  ZXY   2.81846E+00   2.63874E+00   2.45214E-01
3.33333E+02  BH_21_imp        -31.8882   41.4445      7663.535     -8369.389     0.000  ZYX  -3.65902E+00  -5.04178E+00   2.45214E-01
3.33333E+02  BH_21_imp        -31.8882   41.4445      7663.535     -8369.389     0.000  ZYY  -6.67451E-01   7.57578E-01   3.43300E-01
2.02063E+02  BH_21_imp        -31.8882   41.4445      7663.535     -8369.389     0.000  ZXX   1.38803E+00   7.29536E-01   4.04991E-01
2.02063E+02  BH_21_imp        -31.8882   41.4445      7663.535     -8369.389     0.000  ZXY   3.25748E+00   2.67810E+00   2.89279E-01
2.02063E+02  BH_21_imp        -31.8882   41.4445      7663.535     -8369.389     0.000  ZYX  -4.66183E+00  -6.42435E+00   2.89279E-01
2.02063E+02  BH_21_imp        -31.8882   41.4445      7663.535     -8369.389     0.000  ZYY  -5.99261E-01   1.12474E+00   4.04991E-01
1.22489E+02  BH_21_imp        -31.8882   41.4445      7663.535     -8369.389     0.000  ZXX   1.26394E+00   8.42608E-01   5.57471E-01
1.22489E+02  BH_21_imp        -31.8882   41.4445      7663.535     -8369.389     0.000  ZXY   4.51149E+00   4.08067E+00   3.98193E-01
1.22489E+02  BH_21_imp        -31.8882   41.4445      7663.535     -8369.389     0.000  ZYX  -5.19156E+00  -9.04146E+00   3.98193E-01
1.22489E+02  BH_21_imp        -31.8882   41.4445      7663.535     -8369.389     0.000  ZYY  -4.70883E-01   2.17857E+00   5.57471E-01
7.42512E+01  BH_21_imp        -31.8882   41.4445      7663.535     -8369.389     0.000  ZXX   1.43396E+00   1.29212E+00   7.09098E-01
7.42512E+01  BH_21_imp        -31.8882   41.4445      7663.535     -8369.389     0.000  ZXY   4.91246E+00   4.69991E+00   5.06499E-01
7.42512E+01  BH_21_imp        -31.8882   41.4445      7663.535     -8369.389     0.000  ZYX  -5.98791E+00  -1.38551E+01   5.06499E-01
7.42512E+01  BH_21_imp        -31.8882   41.4445      7663.535     -8369.389     0.000  ZYY  -2.90086E-01   3.07082E+00   7.09098E-01
4.50104E+01  BH_21_imp        -31.8882   41.4445      7663.535     -8369.389     0.000  ZXX   1.46004E+00   2.31417E+00   9.79314E-01
4.50104E+01  BH_21_imp        -31.8882   41.4445      7663.535     -8369.389     0.000  ZXY   6.23136E+00   5.89381E+00   6.99510E-01
4.50104E+01  BH_21_imp        -31.8882   41.4445      7663.535     -8369.389     0.000  ZYX  -6.71956E+00  -2.18078E+01   6.99510E-01
4.50104E+01  BH_21_imp        -31.8882   41.4445      7663.535     -8369.389     0.000  ZYY  -3.36780E-01   4.45833E+00   9.79314E-01
2.72849E+01  BH_21_imp        -31.8882   41.4445      7663.535     -8369.389     0.000  ZXX   1.82568E+00   3.49449E+00   1.41369E+00
2.72849E+01  BH_21_imp        -31.8882   41.4445      7663.535     -8369.389     0.000  ZXY   8.38657E+00   7.65103E+00   1.00978E+00
2.72849E+01  BH_21_imp        -31.8882   41.4445      7663.535     -8369.389     0.000  ZYX  -1.00583E+01  -3.44910E+01   1.00978E+00
2.72849E+01  BH_21_imp        -31.8882   41.4445      7663.535     -8369.389     0.000  ZYY  -6.20862E-02   7.03298E+00   1.41369E+00
1.65398E+01  BH_21_imp        -31.8882   41.4445      7663.535     -8369.389     0.000  ZXX   2.38790E+00   5.62623E+00   1.88232E+00
1.65398E+01  BH_21_imp        -31.8882   41.4445      7663.535     -8369.389     0.000  ZXY   9.08220E+00   9.81079E+00   1.34451E+00
1.65398E+01  BH_21_imp        -31.8882   41.4445      7663.535     -8369.389     0.000  ZYX  -1.66968E+01  -5.14440E+01   1.34451E+00
1.65398E+01  BH_21_imp        -31.8882   41.4445      7663.535     -8369.389     0.000  ZYY  -1.70299E+00   1.20076E+01   1.88232E+00
1.00263E+01  BH_21_imp        -31.8882   41.4445      7663.535     -8369.389     0.000  ZXX   4.82802E+00   6.32272E+00   2.52068E+00
1.00263E+01  BH_21_imp        -31.8882   41.4445      7663.535     -8369.389     0.000  ZXY   9.65912E+00   1.35676E+01   1.80049E+00
1.00263E+01  BH_21_imp        -31.8882   41.4445      7663.535     -8369.389     0.000  ZYX  -1.95931E+01  -7.53527E+01   1.80049E+00
1.00263E+01  BH_21_imp        -31.8882   41.4445      7663.535     -8369.389     0.000  ZYY  -3.61544E+00   1.78138E+01   2.52068E+00
6.07785E+00  BH_21_imp        -31.8882   41.4445      7663.535     -8369.389     0.000  ZXX   7.45257E+00   1.04843E+01   3.64064E+00
6.07785E+00  BH_21_imp        -31.8882   41.4445      7663.535     -8369.389     0.000  ZXY   1.51959E+01   1.68093E+01   2.60046E+00
6.07785E+00  BH_21_imp        -31.8882   41.4445      7663.535     -8369.389     0.000  ZYX  -5.72555E+01  -1.04745E+02   2.60046E+00
6.07785E+00  BH_21_imp        -31.8882   41.4445      7663.535     -8369.389     0.000  ZYY   2.47452E+01   2.74991E+01   3.64064E+00
3.68431E+00  BH_21_imp        -31.8882   41.4445      7663.535     -8369.389     0.000  ZXX   8.71204E+00   1.57498E+01   4.92800E+00
3.68431E+00  BH_21_imp        -31.8882   41.4445      7663.535     -8369.389     0.000  ZXY   2.20611E+01   2.12468E+01   3.52000E+00
3.68431E+00  BH_21_imp        -31.8882   41.4445      7663.535     -8369.389     0.000  ZYX  -8.14788E+01  -1.39804E+02   3.52000E+00
3.68431E+00  BH_21_imp        -31.8882   41.4445      7663.535     -8369.389     0.000  ZYY  -1.04671E+00   3.96876E+01   4.92800E+00
2.23339E+00  BH_21_imp        -31.8882   41.4445      7663.535     -8369.389     0.000  ZXX   1.63764E+01   2.01243E+01   7.14709E+00
2.23339E+00  BH_21_imp        -31.8882   41.4445      7663.535     -8369.389     0.000  ZXY   2.67358E+01   3.14729E+01   5.10507E+00
2.23339E+00  BH_21_imp        -31.8882   41.4445      7663.535     -8369.389     0.000  ZYX  -1.47646E+02  -2.04759E+02   5.10507E+00
2.23339E+00  BH_21_imp        -31.8882   41.4445      7663.535     -8369.389     0.000  ZYY   2.11593E+01   6.55263E+01   7.14709E+00
1.35386E+00  BH_21_imp        -31.8882   41.4445      7663.535     -8369.389     0.000  ZXX   2.20231E+01   2.51710E+01   9.68828E+00
1.35386E+00  BH_21_imp        -31.8882   41.4445      7663.535     -8369.389     0.000  ZXY   3.58884E+01   4.23837E+01   6.92020E+00
1.35386E+00  BH_21_imp        -31.8882   41.4445      7663.535     -8369.389     0.000  ZYX  -2.25632E+02  -2.60880E+02   6.92020E+00
1.35386E+00  BH_21_imp        -31.8882   41.4445      7663.535     -8369.389     0.000  ZYY   5.79547E+01   1.11177E+02   9.68828E+00
8.20695E-01  BH_21_imp        -31.8882   41.4445      7663.535     -8369.389     0.000  ZXX   2.61501E+01   2.85611E+01   1.32723E+01
8.20695E-01  BH_21_imp        -31.8882   41.4445      7663.535     -8369.389     0.000  ZXY   5.52689E+01   5.92962E+01   9.48019E+00
8.20695E-01  BH_21_imp        -31.8882   41.4445      7663.535     -8369.389     0.000  ZYX  -3.31652E+02  -2.94440E+02   9.48019E+00
8.20695E-01  BH_21_imp        -31.8882   41.4445      7663.535     -8369.389     0.000  ZYY   8.49899E+01   1.48952E+02   1.32723E+01
4.97498E-01  BH_21_imp        -31.8882   41.4445      7663.535     -8369.389     0.000  ZXX   1.19802E+01   4.01274E+01   1.94763E+01
4.97498E-01  BH_21_imp        -31.8882   41.4445      7663.535     -8369.389     0.000  ZXY   9.02239E+01   7.91818E+01   1.39116E+01
4.97498E-01  BH_21_imp        -31.8882   41.4445      7663.535     -8369.389     0.000  ZYX  -5.67873E+02  -3.05609E+02   1.39116E+01
4.97498E-01  BH_21_imp        -31.8882   41.4445      7663.535     -8369.389     0.000  ZYY   1.86143E+02   1.81379E+02   1.94763E+01
3.01578E-01  BH_21_imp        -31.8882   41.4445      7663.535     -8369.389     0.000  ZXX   3.31408E+01   4.32076E+01   2.15816E+01
3.01578E-01  BH_21_imp        -31.8882   41.4445      7663.535     -8369.389     0.000  ZXY   9.65106E+01   9.85799E+01   1.54155E+01
3.01578E-01  BH_21_imp        -31.8882   41.4445      7663.535     -8369.389     0.000  ZYX  -5.99638E+02  -3.39371E+02   1.54155E+01
3.01578E-01  BH_21_imp        -31.8882   41.4445      7663.535     -8369.389     0.000  ZYY   2.95890E+02   1.79951E+02   2.15816E+01
1.82814E-01  BH_21_imp        -31.8882   41.4445      7663.535     -8369.389     0.000  ZXX   4.57978E+01   5.42901E+01   2.66360E+01
1.82814E-01  BH_21_imp        -31.8882   41.4445      7663.535     -8369.389     0.000  ZXY   1.27399E+02   1.25607E+02   1.90257E+01
1.82814E-01  BH_21_imp        -31.8882   41.4445      7663.535     -8369.389     0.000  ZYX  -7.29910E+02  -3.49597E+02   1.90257E+01
1.82814E-01  BH_21_imp        -31.8882   41.4445      7663.535     -8369.389     0.000  ZYY   3.77714E+02   1.69286E+02   2.66360E+01
1.10820E-01  BH_21_imp        -31.8882   41.4445      7663.535     -8369.389     0.000  ZXX   7.23012E+01   5.79714E+01   3.23564E+01
1.10820E-01  BH_21_imp        -31.8882   41.4445      7663.535     -8369.389     0.000  ZXY   1.70061E+02   1.53815E+02   2.31117E+01
1.10820E-01  BH_21_imp        -31.8882   41.4445      7663.535     -8369.389     0.000  ZYX  -8.62332E+02  -3.52997E+02   2.31117E+01
1.10820E-01  BH_21_imp        -31.8882   41.4445      7663.535     -8369.389     0.000  ZYY   3.26559E+02   1.23479E+02   3.23564E+01
6.71781E-02  BH_21_imp        -31.8882   41.4445      7663.535     -8369.389     0.000  ZXX   9.30684E+01   7.08637E+01   3.79195E+01
6.71781E-02  BH_21_imp        -31.8882   41.4445      7663.535     -8369.389     0.000  ZXY   2.17838E+02   1.88677E+02   2.70853E+01
6.71781E-02  BH_21_imp        -31.8882   41.4445      7663.535     -8369.389     0.000  ZYX  -9.42020E+02  -3.86548E+02   2.70853E+01
6.71781E-02  BH_21_imp        -31.8882   41.4445      7663.535     -8369.389     0.000  ZYY   4.64359E+02   1.09107E+02   3.79195E+01
4.07226E-02  BH_21_imp        -31.8882   41.4445      7663.535     -8369.389     0.000  ZXX   1.11095E+02   8.27651E+01   4.46898E+01
4.07226E-02  BH_21_imp        -31.8882   41.4445      7663.535     -8369.389     0.000  ZXY   2.80096E+02   2.17727E+02   3.19213E+01
4.07226E-02  BH_21_imp        -31.8882   41.4445      7663.535     -8369.389     0.000  ZYX  -1.07818E+03  -3.96843E+02   3.19213E+01
4.07226E-02  BH_21_imp        -31.8882   41.4445      7663.535     -8369.389     0.000  ZYY   5.31905E+02   5.52230E+01   4.46898E+01
2.46856E-02  BH_21_imp        -31.8882   41.4445      7663.535     -8369.389     0.000  ZXX   1.28808E+02   9.37735E+01   5.27806E+01
2.46856E-02  BH_21_imp        -31.8882   41.4445      7663.535     -8369.389     0.000  ZXY   3.65848E+02   2.43881E+02   3.77004E+01
2.46856E-02  BH_21_imp        -31.8882   41.4445      7663.535     -8369.389     0.000  ZYX  -1.22558E+03  -4.12196E+02   3.77004E+01
2.46856E-02  BH_21_imp        -31.8882   41.4445      7663.535     -8369.389     0.000  ZYY   5.81327E+02  -3.84314E+01   5.27806E+01
1.49642E-02  BH_21_imp        -31.8882   41.4445      7663.535     -8369.389     0.000  ZXX   1.53586E+02   1.05871E+02   6.00348E+01
1.49642E-02  BH_21_imp        -31.8882   41.4445      7663.535     -8369.389     0.000  ZXY   4.04267E+02   2.83063E+02   4.28820E+01
1.49642E-02  BH_21_imp        -31.8882   41.4445      7663.535     -8369.389     0.000  ZYX  -1.43245E+03  -4.11657E+02   4.28820E+01
1.49642E-02  BH_21_imp        -31.8882   41.4445      7663.535     -8369.389     0.000  ZYY   5.79167E+02  -1.52099E+02   6.00348E+01
9.07112E-03  BH_21_imp        -31.8882   41.4445      7663.535     -8369.389     0.000  ZXX   1.76175E+02   1.19240E+02   6.72186E+01
9.07112E-03  BH_21_imp        -31.8882   41.4445      7663.535     -8369.389     0.000  ZXY   4.45248E+02   3.40657E+02   4.80133E+01
9.07112E-03  BH_21_imp        -31.8882   41.4445      7663.535     -8369.389     0.000  ZYX  -1.59714E+03  -3.93102E+02   4.80133E+01
9.07112E-03  BH_21_imp        -31.8882   41.4445      7663.535     -8369.389     0.000  ZYY   5.44740E+02  -2.74214E+02   6.72186E+01
5.49883E-03  BH_21_imp        -31.8882   41.4445      7663.535     -8369.389     0.000  ZXX   2.18042E+02   1.10530E+02   7.27494E+01
5.49883E-03  BH_21_imp        -31.8882   41.4445      7663.535     -8369.389     0.000  ZXY   4.48006E+02   4.52390E+02   5.19639E+01
5.49883E-03  BH_21_imp        -31.8882   41.4445      7663.535     -8369.389     0.000  ZYX  -1.65369E+03  -3.78467E+02   5.19639E+01
5.49883E-03  BH_21_imp        -31.8882   41.4445      7663.535     -8369.389     0.000  ZYY   4.57021E+02  -4.51481E+02   7.27494E+01
3.33333E-03  BH_21_imp        -31.8882   41.4445      7663.535     -8369.389     0.000  ZXX   2.85021E+02   1.32393E+02   8.28509E+01
3.33333E-03  BH_21_imp        -31.8882   41.4445      7663.535     -8369.389     0.000  ZXY   4.73036E+02   6.14735E+02   5.91792E+01
3.33333E-03  BH_21_imp        -31.8882   41.4445      7663.535     -8369.389     0.000  ZYX  -1.76571E+03  -3.79417E+02   5.91792E+01
3.33333E-03  BH_21_imp        -31.8882   41.4445      7663.535     -8369.389     0.000  ZYY   2.83933E+02  -5.35363E+02   8.28509E+01
3.33333E+02  BH_2_imp         -31.8574   41.4698     11027.830     -5895.093     0.000  ZXX   7.72697E-01   3.11772E-01   7.28345E-02
3.33333E+02  BH_2_imp         -31.8574   41.4698     11027.830     -5895.093     0.000  ZXY   1.71747E+00   1.69226E+00   5.20247E-02
3.33333E+02  BH_2_imp         -31.8574   41.4698     11027.830     -5895.093     0.000  ZYX  -2.76746E-01  -3.53591E-01   5.20247E-02
3.33333E+02  BH_2_imp         -31.8574   41.4698     11027.830     -5895.093     0.000  ZYY   3.57333E-03   1.24912E-01   7.28345E-02
2.02063E+02  BH_2_imp         -31.8574   41.4698     11027.830     -5895.093     0.000  ZXX   7.74590E-01   2.26333E-01   9.35086E-02
2.02063E+02  BH_2_imp         -31.8574   41.4698     11027.830     -5895.093     0.000  ZXY   2.30653E+00   2.10341E+00   6.67919E-02
2.02063E+02  BH_2_imp         -31.8574   41.4698     11027.830     -5895.093     0.000  ZYX  -3.46752E-01  -4.54473E-01   6.67919E-02
2.02063E+02  BH_2_imp         -31.8574   41.4698     11027.830     -5895.093     0.000  ZYY   1.73231E-02   1.77524E-01   9.35086E-02
1.22489E+02  BH_2_imp         -31.8574   41.4698     11027.830     -5895.093     0.000  ZXX   8.68140E-01   1.29275E-01   1.20319E-01
1.22489E+02  BH_2_imp         -31.8574   41.4698     11027.830     -5895.093     0.000  ZXY   2.87775E+00   2.68982E+00   8.59422E-02
1.22489E+02  BH_2_imp         -31.8574   41.4698     11027.830     -5895.093     0.000  ZYX  -3.95141E-01  -6.37495E-01   8.59422E-02
1.22489E+02  BH_2_imp         -31.8574   41.4698     11027.830     -5895.093     0.000  ZYY   3.10189E-02   2.51401E-01   1.20319E-01
7.42512E+01  BH_2_imp         -31.8574   41.4698     11027.830     -5895.093     0.000  ZXX   9.20263E-01   1.85180E-01   1.58288E-01
7.42512E+01  BH_2_imp         -31.8574   41.4698     11027.830     -5895.093     0.000  ZXY   3.54577E+00   3.27067E+00   1.13063E-01
7.42512E+01  BH_2_imp         -31.8574   41.4698     11027.830     -5895.093     0.000  ZYX  -4.46547E-01  -9.61340E-01   1.13063E-01
7.42512E+01  BH_2_imp         -31.8574   41.4698     11027.830     -5895.093     0.000  ZYY   5.88676E-02   3.87892E-01   1.58288E-01
4.50104E+01  BH_2_imp         -31.8574   41.4698     11027.830     -5895.093     0.000  ZXX   1.18506E+00   1.45245E-01   2.16375E-01
4.50104E+01  BH_2_imp         -31.8574   41.4698     11027.830     -5895.093     0.000  ZXY   4.13930E+00   4.29605E+00   1.54554E-01
4.50104E+01  BH_2_imp         -31.8574   41.4698     11027.830     -5895.093     0.000  ZYX  -5.00366E-01  -1.52144E+00   1.54554E-01
4.50104E+01  BH_2_imp         -31.8574   41.4698     11027.830     -5895.093     0.000  ZYY   6.87903E-02   6.30849E-01   2.16375E-01
2.72849E+01  BH_2_imp         -31.8574   41.4698     11027.830     -5895.093     0.000  ZXX   1.30604E+00  -2.49370E-01   3.13866E-01
2.72849E+01  BH_2_imp         -31.8574   41.4698     11027.830     -5895.093     0.000  ZXY   5.08754E+00   5.73946E+00   2.24190E-01
2.72849E+01  BH_2_imp         -31.8574   41.4698     11027.830     -5895.093     0.000  ZYX  -7.84716E-01  -2.50107E+00   2.24190E-01
2.72849E+01  BH_2_imp         -31.8574   41.4698     11027.830     -5895.093     0.000  ZYY   1.08580E-01   1.01455E+00   3.13866E-01
1.65398E+01  BH_2_imp         -31.8574   41.4698     11027.830     -5895.093     0.000  ZXX   1.22958E+00  -2.30764E-01   4.33832E-01
1.65398E+01  BH_2_imp         -31.8574   41.4698     11027.830     -5895.093     0.000  ZXY   6.36792E+00   8.18164E+00   3.09880E-01
1.65398E+01  BH_2_imp         -31.8574   41.4698     11027.830     -5895.093     0.000  ZYX  -1.27548E+00  -3.47832E+00   3.09880E-01
1.65398E+01  BH_2_imp         -31.8574   41.4698     11027.830     -5895.093     0.000  ZYY   2.18168E-01   1.47418E+00   4.33832E-01
1.00263E+01  BH_2_imp         -31.8574   41.4698     11027.830     -5895.093     0.000  ZXX   1.28743E+00  -8.99144E-01   5.36728E-01
1.00263E+01  BH_2_imp         -31.8574   41.4698     11027.830     -5895.093     0.000  ZXY   7.15003E+00   1.00813E+01   3.83377E-01
1.00263E+01  BH_2_imp         -31.8574   41.4698     11027.830     -5895.093     0.000  ZYX  -1.74275E+00  -4.42605E+00   3.83377E-01
1.00263E+01  BH_2_imp         -31.8574   41.4698     11027.830     -5895.093     0.000  ZYY   3.50524E-01   1.97448E+00   5.36728E-01
6.07785E+00  BH_2_imp         -31.8574   41.4698     11027.830     -5895.093     0.000  ZXX   1.04536E+00  -9.83430E-01   6.72216E-01
6.07785E+00  BH_2_imp         -31.8574   41.4698     11027.830     -5895.093     0.000  ZXY   8.44634E+00   1.26157E+01   4.80155E-01
6.07785E+00  BH_2_imp         -31.8574   41.4698     11027.830     -5895.093     0.000  ZYX  -2.50719E+00  -5.53264E+00   4.80155E-01
6.07785E+00  BH_2_imp         -31.8574   41.4698     11027.830     -5895.093     0.000  ZYY   3.27569E-01   2.66954E+00   6.72216E-01
3.68431E+00  BH_2_imp         -31.8574   41.4698     11027.830     -5895.093     0.000  ZXX   5.96531E-01  -2.10975E+00   1.10254E+00
3.68431E+00  BH_2_imp         -31.8574   41.4698     11027.830     -5895.093     0.000  ZXY   1.28343E+01   1.87550E+01   7.87529E-01
3.68431E+00  BH_2_imp         -31.8574   41.4698     11027.830     -5895.093     0.000  ZYX  -5.38556E+00  -9.49516E+00   7.87529E-01
3.68431E+00  BH_2_imp         -31.8574   41.4698     11027.830     -5895.093     0.000  ZYY   1.28616E+00   4.50165E+00   1.10254E+00
2.23339E+00  BH_2_imp         -31.8574   41.4698     11027.830     -5895.093     0.000  ZXX   1.04908E+00  -3.42271E+00   1.46343E+00
2.23339E+00  BH_2_imp         -31.8574   41.4698     11027.830     -5895.093     0.000  ZXY   1.78812E+01   2.32278E+01   1.04531E+00
2.23339E+00  BH_2_imp         -31.8574   41.4698     11027.830     -5895.093     0.000  ZYX  -8.15185E+00  -1.24844E+01   1.04531E+00
2.23339E+00  BH_2_imp         -31.8574   41.4698     11027.830     -5895.093     0.000  ZYY   2.80186E+00   5.53996E+00   1.46343E+00
1.35386E+00  BH_2_imp         -31.8574   41.4698     11027.830     -5895.093     0.000  ZXX  -1.24956E+00  -5.17475E+00   1.89550E+00
1.35386E+00  BH_2_imp         -31.8574   41.4698     11027.830     -5895.093     0.000  ZXY   2.65584E+01   3.02659E+01   1.35393E+00
1.35386E+00  BH_2_imp         -31.8574   41.4698     11027.830     -5895.093     0.000  ZYX  -1.15363E+01  -1.40896E+01   1.35393E+00
1.35386E+00  BH_2_imp         -31.8574   41.4698     11027.830     -5895.093     0.000  ZYY   5.82887E+00   7.93192E+00   1.89550E+00
8.20695E-01  BH_2_imp         -31.8574   41.4698     11027.830     -5895.093     0.000  ZXX  -4.84660E+00  -6.16190E+00   2.71186E+00
8.20695E-01  BH_2_imp         -31.8574   41.4698     11027.830     -5895.093     0.000  ZXY   4.22054E+01   4.17532E+01   1.93705E+00
8.20695E-01  BH_2_imp         -31.8574   41.4698     11027.830     -5895.093     0.000  ZYX  -1.82216E+01  -1.75234E+01   1.93705E+00
8.20695E-01  BH_2_imp         -31.8574   41.4698     11027.830     -5895.093     0.000  ZYY   1.07475E+01   1.09504E+01   2.71186E+00
4.97498E-01  BH_2_imp         -31.8574   41.4698     11027.830     -5895.093     0.000  ZXX  -8.91407E+00  -4.05665E+00   3.71117E+00
4.97498E-01  BH_2_imp         -31.8574   41.4698     11027.830     -5895.093     0.000  ZXY   6.47817E+01   5.24946E+01   2.65084E+00
4.97498E-01  BH_2_imp         -31.8574   41.4698     11027.830     -5895.093     0.000  ZYX  -2.66534E+01  -2.06389E+01   2.65084E+00
4.97498E-01  BH_2_imp         -31.8574   41.4698     11027.830     -5895.093     0.000  ZYY   1.72594E+01   1.22987E+01   3.71117E+00
3.01578E-01  BH_2_imp         -31.8574   41.4698     11027.830     -5895.093     0.000  ZXX  -1.19621E+01  -1.45799E+00   4.72152E+00
3.01578E-01  BH_2_imp         -31.8574   41.4698     11027.830     -5895.093     0.000  ZXY   8.81961E+01   6.05449E+01   3.37251E+00
3.01578E-01  BH_2_imp         -31.8574   41.4698     11027.830     -5895.093     0.000  ZYX  -3.49143E+01  -2.42819E+01   3.37251E+00
3.01578E-01  BH_2_imp         -31.8574   41.4698     11027.830     -5895.093     0.000  ZYY   2.35331E+01   1.31618E+01   4.72152E+00
1.82814E-01  BH_2_imp         -31.8574   41.4698     11027.830     -5895.093     0.000  ZXX  -1.12315E+01   3.31612E+00   5.91557E+00
1.82814E-01  BH_2_imp         -31.8574   41.4698     11027.830     -5895.093     0.000  ZXY   1.17416E+02   6.64985E+01   4.22540E+00
1.82814E-01  BH_2_imp         -31.8574   41.4698     11027.830     -5895.093     0.000  ZYX  -4.47954E+01  -2.81848E+01   4.22540E+00
1.82814E-01  BH_2_imp         -31.8574   41.4698     11027.830     -5895.093     0.000  ZYY   3.01629E+01   1.12427E+01   5.91557E+00
1.10820E-01  BH_2_imp         -31.8574   41.4698     11027.830     -5895.093     0.000  ZXX  -9.64469E+00   4.67958E+00   7.27301E+00
1.10820E-01  BH_2_imp         -31.8574   41.4698     11027.830     -5895.093     0.000  ZXY   1.52248E+02   6.28513E+01   5.19500E+00
1.10820E-01  BH_2_imp         -31.8574   41.4698     11027.830     -5895.093     0.000  ZYX  -5.68738E+01  -3.25719E+01   5.19500E+00
1.10820E-01  BH_2_imp         -31.8574   41.4698     11027.830     -5895.093     0.000  ZYY   3.81209E+01   5.51758E+00   7.27301E+00
6.71781E-02  BH_2_imp         -31.8574   41.4698     11027.830     -5895.093     0.000  ZXX  -1.43760E+00   4.14060E+00   8.15018E+00
6.71781E-02  BH_2_imp         -31.8574   41.4698     11027.830     -5895.093     0.000  ZXY   1.70449E+02   6.30256E+01   5.82156E+00
6.71781E-02  BH_2_imp         -31.8574   41.4698     11027.830     -5895.093     0.000  ZYX  -6.48266E+01  -3.69065E+01   5.82156E+00
6.71781E-02  BH_2_imp         -31.8574   41.4698     11027.830     -5895.093     0.000  ZYY   3.66760E+01   4.99748E+00   8.15018E+00
4.07226E-02  BH_2_imp         -31.8574   41.4698     11027.830     -5895.093     0.000  ZXX   9.51069E-01  -1.76346E+00   9.24661E+00
4.07226E-02  BH_2_imp         -31.8574   41.4698     11027.830     -5895.093     0.000  ZXY   1.92193E+02   5.34481E+01   6.60472E+00
4.07226E-02  BH_2_imp         -31.8574   41.4698     11027.830     -5895.093     0.000  ZYX  -7.68132E+01  -4.18399E+01   6.60472E+00
4.07226E-02  BH_2_imp         -31.8574   41.4698     11027.830     -5895.093     0.000  ZYY   3.80730E+01   1.50767E+00   9.24661E+00
2.46856E-02  BH_2_imp         -31.8574   41.4698     11027.830     -5895.093     0.000  ZXX  -3.41125E+00  -8.42945E+00   1.03179E+01
2.46856E-02  BH_2_imp         -31.8574   41.4698     11027.830     -5895.093     0.000  ZXY   2.08561E+02   4.04554E+01   7.36994E+00
2.46856E-02  BH_2_imp         -31.8574   41.4698     11027.830     -5895.093     0.000  ZYX  -9.09765E+01  -4.67091E+01   7.36994E+00
2.46856E-02  BH_2_imp         -31.8574   41.4698     11027.830     -5895.093     0.000  ZYY   3.86565E+01  -2.62464E+00   1.03179E+01
1.49642E-02  BH_2_imp         -31.8574   41.4698     11027.830     -5895.093     0.000  ZXX  -1.38027E+01  -8.97068E+00   1.13471E+01
1.49642E-02  BH_2_imp         -31.8574   41.4698     11027.830     -5895.093     0.000  ZXY   2.18122E+02   2.81744E+01   8.10509E+00
1.49642E-02  BH_2_imp         -31.8574   41.4698     11027.830     -5895.093     0.000  ZYX  -1.07639E+02  -5.18497E+01   8.10509E+00
1.49642E-02  BH_2_imp         -31.8574   41.4698     11027.830     -5895.093     0.000  ZYY   3.71048E+01  -7.17843E+00   1.13471E+01
9.07112E-03  BH_2_imp         -31.8574   41.4698     11027.830     -5895.093     0.000  ZXX  -2.07871E+01  -6.92354E-01   1.20775E+01
9.07112E-03  BH_2_imp         -31.8574   41.4698     11027.830     -5895.093     0.000  ZXY   2.21797E+02   2.01274E+01   8.62676E+00
9.07112E-03  BH_2_imp         -31.8574   41.4698     11027.830     -5895.093     0.000  ZYX  -1.21163E+02  -5.64444E+01   8.62676E+00
9.07112E-03  BH_2_imp         -31.8574   41.4698     11027.830     -5895.093     0.000  ZYY   3.46496E+01  -1.12090E+01   1.20775E+01
5.49883E-03  BH_2_imp         -31.8574   41.4698     11027.830     -5895.093     0.000  ZXX  -1.97234E+01   1.22405E+01   1.28565E+01
5.49883E-03  BH_2_imp         -31.8574   41.4698     11027.830     -5895.093     0.000  ZXY   2.22081E+02   1.48504E+01   9.18319E+00
5.49883E-03  BH_2_imp         -31.8574   41.4698     11027.830     -5895.093     0.000  ZYX  -1.34724E+02  -6.94116E+01   9.18319E+00
5.49883E-03  BH_2_imp         -31.8574   41.4698     11027.830     -5895.093     0.000  ZYY   3.05640E+01  -1.72146E+01   1.28565E+01
3.33333E-03  BH_2_imp         -31.8574   41.4698     11027.830     -5895.093     0.000  ZXX  -1.14386E+01   2.28001E+01   1.38535E+01
3.33333E-03  BH_2_imp         -31.8574   41.4698     11027.830     -5895.093     0.000  ZXY   2.18496E+02   1.51497E+01   9.89539E+00
3.33333E-03  BH_2_imp         -31.8574   41.4698     11027.830     -5895.093     0.000  ZYX  -1.55423E+02  -8.84535E+01   9.89539E+00
3.33333E-03  BH_2_imp         -31.8574   41.4698     11027.830     -5895.093     0.000  ZYY   2.28390E+01  -2.38547E+01   1.38535E+01
3.33333E+02  BH_3_imp         -31.8858   41.5348      7734.525       181.046     0.000  ZXX   1.95258E+00   1.11981E+00   2.52950E-01
3.33333E+02  BH_3_imp         -31.8858   41.5348      7734.525       181.046     0.000  ZXY   3.38863E+00   3.30882E+00   1.80679E-01
3.33333E+02  BH_3_imp         -31.8858   41.5348      7734.525       181.046     0.000  ZYX  -2.08207E+00  -1.80733E+00   1.80679E-01
3.33333E+02  BH_3_imp         -31.8858   41.5348      7734.525       181.046     0.000  ZYY  -1.93888E+00  -1.46379E+00   2.52950E-01
2.02063E+02  BH_3_imp         -31.8858   41.5348      7734.525       181.046     0.000  ZXX   2.37098E+00   1.26871E+00   3.13619E-01
2.02063E+02  BH_3_imp         -31.8858   41.5348      7734.525       181.046     0.000  ZXY   4.40089E+00   3.94712E+00   2.24014E-01
2.02063E+02  BH_3_imp         -31.8858   41.5348      7734.525       181.046     0.000  ZYX  -2.55405E+00  -2.23743E+00   2.24014E-01
2.02063E+02  BH_3_imp         -31.8858   41.5348      7734.525       181.046     0.000  ZYY  -2.39270E+00  -1.56816E+00   3.13619E-01
1.22489E+02  BH_3_imp         -31.8858   41.5348      7734.525       181.046     0.000  ZXX   2.48992E+00   1.29633E+00   3.82958E-01
1.22489E+02  BH_3_imp         -31.8858   41.5348      7734.525       181.046     0.000  ZXY   5.56986E+00   4.98850E+00   2.73541E-01
1.22489E+02  BH_3_imp         -31.8858   41.5348      7734.525       181.046     0.000  ZYX  -2.82283E+00  -2.83801E+00   2.73541E-01
1.22489E+02  BH_3_imp         -31.8858   41.5348      7734.525       181.046     0.000  ZYY  -2.96592E+00  -1.91590E+00   3.82958E-01
7.42512E+01  BH_3_imp         -31.8858   41.5348      7734.525       181.046     0.000  ZXX   2.76243E+00   1.69054E+00   4.86769E-01
7.42512E+01  BH_3_imp         -31.8858   41.5348      7734.525       181.046     0.000  ZXY   6.98056E+00   6.27573E+00   3.47692E-01
7.42512E+01  BH_3_imp         -31.8858   41.5348      7734.525       181.046     0.000  ZYX  -3.14097E+00  -4.08311E+00   3.47692E-01
7.42512E+01  BH_3_imp         -31.8858   41.5348      7734.525       181.046     0.000  ZYY  -3.55489E+00  -2.19953E+00   4.86769E-01
4.50104E+01  BH_3_imp         -31.8858   41.5348      7734.525       181.046     0.000  ZXX   3.33630E+00   2.37310E+00   6.39656E-01
4.50104E+01  BH_3_imp         -31.8858   41.5348      7734.525       181.046     0.000  ZXY   8.23196E+00   7.95981E+00   4.56897E-01
4.50104E+01  BH_3_imp         -31.8858   41.5348      7734.525       181.046     0.000  ZYX  -3.65095E+00  -6.31239E+00   4.56897E-01
4.50104E+01  BH_3_imp         -31.8858   41.5348      7734.525       181.046     0.000  ZYY  -4.33926E+00  -2.28402E+00   6.39656E-01
2.72849E+01  BH_3_imp         -31.8858   41.5348      7734.525       181.046     0.000  ZXX   4.18402E+00   3.08478E+00   8.74745E-01
2.72849E+01  BH_3_imp         -31.8858   41.5348      7734.525       181.046     0.000  ZXY   9.66686E+00   1.05928E+01   6.24818E-01
2.72849E+01  BH_3_imp         -31.8858   41.5348      7734.525       181.046     0.000  ZYX  -4.90032E+00  -9.72429E+00   6.24818E-01
2.72849E+01  BH_3_imp         -31.8858   41.5348      7734.525       181.046     0.000  ZYY  -4.94112E+00  -2.66694E+00   8.74745E-01
1.65398E+01  BH_3_imp         -31.8858   41.5348      7734.525       181.046     0.000  ZXX   4.92258E+00   4.61194E+00   1.18445E+00
1.65398E+01  BH_3_imp         -31.8858   41.5348      7734.525       181.046     0.000  ZXY   1.17351E+01   1.35893E+01   8.46037E-01
1.65398E+01  BH_3_imp         -31.8858   41.5348      7734.525       181.046     0.000  ZYX  -7.34375E+00  -1.41544E+01   8.46037E-01
1.65398E+01  BH_3_imp         -31.8858   41.5348      7734.525       181.046     0.000  ZYY  -5.90769E+00  -2.79558E+00   1.18445E+00
1.00263E+01  BH_3_imp         -31.8858   41.5348      7734.525       181.046     0.000  ZXX   5.79770E+00   4.66147E+00   1.24182E+00
1.00263E+01  BH_3_imp         -31.8858   41.5348      7734.525       181.046     0.000  ZXY   1.21043E+01   1.62804E+01   8.87016E-01
1.00263E+01  BH_3_imp         -31.8858   41.5348      7734.525       181.046     0.000  ZYX  -7.64649E+00  -1.34979E+01   8.87016E-01
1.00263E+01  BH_3_imp         -31.8858   41.5348      7734.525       181.046     0.000  ZYY  -4.35929E+00  -3.29912E+00   1.24182E+00
6.07785E+00  BH_3_imp         -31.8858   41.5348      7734.525       181.046     0.000  ZXX   6.17984E+00   6.44298E+00   1.41049E+00
6.07785E+00  BH_3_imp         -31.8858   41.5348      7734.525       181.046     0.000  ZXY   1.47466E+01   1.78780E+01   1.00749E+00
6.07785E+00  BH_3_imp         -31.8858   41.5348      7734.525       181.046     0.000  ZYX  -9.15146E+00  -1.49393E+01   1.00749E+00
6.07785E+00  BH_3_imp         -31.8858   41.5348      7734.525       181.046     0.000  ZYY  -4.41718E+00  -2.53816E+00   1.41049E+00
3.68431E+00  BH_3_imp         -31.8858   41.5348      7734.525       181.046     0.000  ZXX   9.25018E+00   1.23155E+01   2.28716E+00
3.68431E+00  BH_3_imp         -31.8858   41.5348      7734.525       181.046     0.000  ZXY   1.84489E+01   2.53669E+01   1.63369E+00
3.68431E+00  BH_3_imp         -31.8858   41.5348      7734.525       181.046     0.000  ZYX  -2.00682E+01  -2.74899E+01   1.63369E+00
3.68431E+00  BH_3_imp         -31.8858   41.5348      7734.525       181.046     0.000  ZYY  -6.50153E+00  -4.62717E+00   2.28716E+00
2.23339E+00  BH_3_imp         -31.8858   41.5348      7734.525       181.046     0.000  ZXX   1.46273E+01   1.45560E+01   3.49289E+00
2.23339E+00  BH_3_imp         -31.8858   41.5348      7734.525       181.046     0.000  ZXY   3.06320E+01   3.64402E+01   2.49492E+00
2.23339E+00  BH_3_imp         -31.8858   41.5348      7734.525       181.046     0.000  ZYX  -3.59151E+01  -3.80219E+01   2.49492E+00
2.23339E+00  BH_3_imp         -31.8858   41.5348      7734.525       181.046     0.000  ZYY  -7.26583E+00  -5.11254E+00   3.49289E+00
1.35386E+00  BH_3_imp         -31.8858   41.5348      7734.525       181.046     0.000  ZXX   1.50428E+01   1.42689E+01   3.96124E+00
1.35386E+00  BH_3_imp         -31.8858   41.5348      7734.525       181.046     0.000  ZXY   3.99985E+01   4.44799E+01   2.82946E+00
1.35386E+00  BH_3_imp         -31.8858   41.5348      7734.525       181.046     0.000  ZYX  -4.11028E+01  -3.42984E+01   2.82946E+00
1.35386E+00  BH_3_imp         -31.8858   41.5348      7734.525       181.046     0.000  ZYY  -5.61500E+00  -6.27212E+00   3.96124E+00
8.20695E-01  BH_3_imp         -31.8858   41.5348      7734.525       181.046     0.000  ZXX   1.77032E+01   1.78073E+01   6.05452E+00
8.20695E-01  BH_3_imp         -31.8858   41.5348      7734.525       181.046     0.000  ZXY   6.93260E+01   6.87178E+01   4.32466E+00
8.20695E-01  BH_3_imp         -31.8858   41.5348      7734.525       181.046     0.000  ZYX  -6.30532E+01  -4.35665E+01   4.32466E+00
8.20695E-01  BH_3_imp         -31.8858   41.5348      7734.525       181.046     0.000  ZYY  -3.90515E+00  -6.61180E+00   6.05452E+00
4.97498E-01  BH_3_imp         -31.8858   41.5348      7734.525       181.046     0.000  ZXX   2.32171E+00   2.44907E+01   8.65861E+00
4.97498E-01  BH_3_imp         -31.8858   41.5348      7734.525       181.046     0.000  ZXY   1.31822E+02   8.21594E+01   6.18472E+00
4.97498E-01  BH_3_imp         -31.8858   41.5348      7734.525       181.046     0.000  ZYX  -8.72501E+01  -4.57181E+01   6.18472E+00
4.97498E-01  BH_3_imp         -31.8858   41.5348      7734.525       181.046     0.000  ZYY  -3.11353E+00  -1.26965E+01   8.65861E+00
3.01578E-01  BH_3_imp         -31.8858   41.5348      7734.525       181.046     0.000  ZXX   2.43671E+01   4.21671E+01   1.08912E+01
3.01578E-01  BH_3_imp         -31.8858   41.5348      7734.525       181.046     0.000  ZXY   1.58709E+02   1.12993E+02   7.77944E+00
3.01578E-01  BH_3_imp         -31.8858   41.5348      7734.525       181.046     0.000  ZYX  -1.10100E+02  -5.75980E+01   7.77944E+00
3.01578E-01  BH_3_imp         -31.8858   41.5348      7734.525       181.046     0.000  ZYY  -6.89767E+00  -1.55338E+01   1.08912E+01
1.82814E-01  BH_3_imp         -31.8858   41.5348      7734.525       181.046     0.000  ZXX   4.47888E+01   6.10705E+01   1.36987E+01
1.82814E-01  BH_3_imp         -31.8858   41.5348      7734.525       181.046     0.000  ZXY   2.11829E+02   1.33802E+02   9.78481E+00
1.82814E-01  BH_3_imp         -31.8858   41.5348      7734.525       181.046     0.000  ZYX  -1.36998E+02  -6.77897E+01   9.78481E+00
1.82814E-01  BH_3_imp         -31.8858   41.5348      7734.525       181.046     0.000  ZYY  -1.51439E+01  -2.56603E+01   1.36987E+01
1.10820E-01  BH_3_imp         -31.8858   41.5348      7734.525       181.046     0.000  ZXX   7.76230E+01   7.41541E+01   1.73150E+01
1.10820E-01  BH_3_imp         -31.8858   41.5348      7734.525       181.046     0.000  ZXY   2.96443E+02   1.41294E+02   1.23678E+01
1.10820E-01  BH_3_imp         -31.8858   41.5348      7734.525       181.046     0.000  ZYX  -1.71507E+02  -7.27963E+01   1.23678E+01
1.10820E-01  BH_3_imp         -31.8858   41.5348      7734.525       181.046     0.000  ZYY  -3.08299E+01  -3.38533E+01   1.73150E+01
6.71781E-02  BH_3_imp         -31.8858   41.5348      7734.525       181.046     0.000  ZXX   1.12488E+02   8.24376E+01   1.92241E+01
6.71781E-02  BH_3_imp         -31.8858   41.5348      7734.525       181.046     0.000  ZXY   3.29977E+02   1.50500E+02   1.37315E+01
6.71781E-02  BH_3_imp         -31.8858   41.5348      7734.525       181.046     0.000  ZYX  -1.93438E+02  -7.63396E+01   1.37315E+01
6.71781E-02  BH_3_imp         -31.8858   41.5348      7734.525       181.046     0.000  ZYY  -5.01437E+01  -3.13294E+01   1.92241E+01
4.07226E-02  BH_3_imp         -31.8858   41.5348      7734.525       181.046     0.000  ZXX   1.44908E+02   7.81359E+01   2.17750E+01
4.07226E-02  BH_3_imp         -31.8858   41.5348      7734.525       181.046     0.000  ZXY   3.94139E+02   1.38587E+02   1.55536E+01
4.07226E-02  BH_3_imp         -31.8858   41.5348      7734.525       181.046     0.000  ZYX  -2.19799E+02  -7.30222E+01   1.55536E+01
4.07226E-02  BH_3_imp         -31.8858   41.5348      7734.525       181.046     0.000  ZYY  -6.47329E+01  -2.01005E+01   2.17750E+01
2.46856E-02  BH_3_imp         -31.8858   41.5348      7734.525       181.046     0.000  ZXX   1.76166E+02   6.53268E+01   2.37389E+01
2.46856E-02  BH_3_imp         -31.8858   41.5348      7734.525       181.046     0.000  ZXY   4.41937E+02   1.17541E+02   1.69564E+01
2.46856E-02  BH_3_imp         -31.8858   41.5348      7734.525       181.046     0.000  ZYX  -2.42287E+02  -6.74174E+01   1.69564E+01
2.46856E-02  BH_3_imp         -31.8858   41.5348      7734.525       181.046     0.000  ZYY  -7.05355E+01  -4.92886E+00   2.37389E+01
1.49642E-02  BH_3_imp         -31.8858   41.5348      7734.525       181.046     0.000  ZXX   2.04665E+02   4.72671E+01   2.52597E+01
1.49642E-02  BH_3_imp         -31.8858   41.5348      7734.525       181.046     0.000  ZXY   4.68700E+02   9.83208E+01   1.80426E+01
1.49642E-02  BH_3_imp         -31.8858   41.5348      7734.525       181.046     0.000  ZYX  -2.63593E+02  -6.67065E+01   1.80426E+01
1.49642E-02  BH_3_imp         -31.8858   41.5348      7734.525       181.046     0.000  ZYY  -6.55427E+01   8.75785E+00   2.52597E+01
9.07112E-03  BH_3_imp         -31.8858   41.5348      7734.525       181.046     0.000  ZXX   2.19415E+02   2.06761E+01   2.66164E+01
9.07112E-03  BH_3_imp         -31.8858   41.5348      7734.525       181.046     0.000  ZXY   4.87617E+02   8.52709E+01   1.90117E+01
9.07112E-03  BH_3_imp         -31.8858   41.5348      7734.525       181.046     0.000  ZYX  -2.84470E+02  -6.61853E+01   1.90117E+01
9.07112E-03  BH_3_imp         -31.8858   41.5348      7734.525       181.046     0.000  ZYY  -5.77187E+01   1.68722E+01   2.66164E+01
5.49883E-03  BH_3_imp         -31.8858   41.5348      7734.525       181.046     0.000  ZXX   2.16538E+02  -6.38413E+00   2.78192E+01
5.49883E-03  BH_3_imp         -31.8858   41.5348      7734.525       181.046     0.000  ZXY   4.96083E+02   8.68171E+01   1.98708E+01
5.49883E-03  BH_3_imp         -31.8858   41.5348      7734.525       181.046     0.000  ZYX  -3.06908E+02  -6.44800E+01   1.98708E+01
5.49883E-03  BH_3_imp         -31.8858   41.5348      7734.525       181.046     0.000  ZYY  -4.34854E+01   2.06698E+01   2.78192E+01
3.33333E-03  BH_3_imp         -31.8858   41.5348      7734.525       181.046     0.000  ZXX   1.94194E+02  -1.80458E+01   2.90040E+01
3.33333E-03  BH_3_imp         -31.8858   41.5348      7734.525       181.046     0.000  ZXY   5.16734E+02   9.68032E+01   2.07171E+01
3.33333E-03  BH_3_imp         -31.8858   41.5348      7734.525       181.046     0.000  ZYX  -3.20747E+02  -6.13369E+01   2.07171E+01
3.33333E-03  BH_3_imp         -31.8858   41.5348      7734.525       181.046     0.000  ZYY  -3.35732E+01   1.85391E+01   2.90040E+01
3.33333E+02  BH_4             -31.8781   41.5007      8666.666     -3027.373     0.000  ZXX   4.81919E-02  -8.65902E-02   8.53061E-02
3.33333E+02  BH_4             -31.8781   41.5007      8666.666     -3027.373     0.000  ZXY   4.17708E-01   4.91341E-01   6.09329E-02
3.33333E+02  BH_4             -31.8781   41.5007      8666.666     -3027.373     0.000  ZYX  -1.91610E+00  -1.27743E+00   6.09329E-02
3.33333E+02  BH_4             -31.8781   41.5007      8666.666     -3027.373     0.000  ZYY  -1.66197E+00  -2.06869E+00   8.53061E-02
2.02063E+02  BH_4             -31.8781   41.5007      8666.666     -3027.373     0.000  ZXX   6.37098E-02  -1.63749E-01   1.04168E-01
2.02063E+02  BH_4             -31.8781   41.5007      8666.666     -3027.373     0.000  ZXY   5.09928E-01   5.59144E-01   7.44058E-02
2.02063E+02  BH_4             -31.8781   41.5007      8666.666     -3027.373     0.000  ZYX  -2.09182E+00  -2.04636E+00   7.44058E-02
2.02063E+02  BH_4             -31.8781   41.5007      8666.666     -3027.373     0.000  ZYY  -2.58635E+00  -1.54010E+00   1.04168E-01
1.22489E+02  BH_4             -31.8781   41.5007      8666.666     -3027.373     0.000  ZXX   3.67638E-02  -2.14324E-01   1.33503E-01
1.22489E+02  BH_4             -31.8781   41.5007      8666.666     -3027.373     0.000  ZXY   7.11503E-01   6.97542E-01   9.53596E-02
1.22489E+02  BH_4             -31.8781   41.5007      8666.666     -3027.373     0.000  ZYX  -2.34837E+00  -2.79494E+00   9.53596E-02
1.22489E+02  BH_4             -31.8781   41.5007      8666.666     -3027.373     0.000  ZYY  -2.99703E+00  -1.79621E+00   1.33503E-01
7.42512E+01  BH_4             -31.8781   41.5007      8666.666     -3027.373     0.000  ZXX   2.82477E-02  -3.57943E-01   1.69802E-01
7.42512E+01  BH_4             -31.8781   41.5007      8666.666     -3027.373     0.000  ZXY   8.25716E-01   9.05547E-01   1.21287E-01
7.42512E+01  BH_4             -31.8781   41.5007      8666.666     -3027.373     0.000  ZYX  -2.65785E+00  -3.99884E+00   1.21287E-01
7.42512E+01  BH_4             -31.8781   41.5007      8666.666     -3027.373     0.000  ZYY  -3.56091E+00  -1.83339E+00   1.69802E-01
4.50104E+01  BH_4             -31.8781   41.5007      8666.666     -3027.373     0.000  ZXX   1.58564E-02  -5.68047E-01   2.32715E-01
4.50104E+01  BH_4             -31.8781   41.5007      8666.666     -3027.373     0.000  ZXY   1.03897E+00   1.22973E+00   1.66225E-01
4.50104E+01  BH_4             -31.8781   41.5007      8666.666     -3027.373     0.000  ZYX  -3.01275E+00  -6.16893E+00   1.66225E-01
4.50104E+01  BH_4             -31.8781   41.5007      8666.666     -3027.373     0.000  ZYY  -4.38073E+00  -2.18504E+00   2.32715E-01
2.72849E+01  BH_4             -31.8781   41.5007      8666.666     -3027.373     0.000  ZXX  -4.69658E-02  -9.45580E-01   3.21237E-01
2.72849E+01  BH_4             -31.8781   41.5007      8666.666     -3027.373     0.000  ZXY   1.20764E+00   1.63079E+00   2.29455E-01
2.72849E+01  BH_4             -31.8781   41.5007      8666.666     -3027.373     0.000  ZYX  -4.03677E+00  -9.56088E+00   2.29455E-01
2.72849E+01  BH_4             -31.8781   41.5007      8666.666     -3027.373     0.000  ZYY  -5.08229E+00  -1.59730E+00   3.21237E-01
1.65398E+01  BH_4             -31.8781   41.5007      8666.666     -3027.373     0.000  ZXX  -5.06674E-01  -1.55422E+00   4.45982E-01
1.65398E+01  BH_4             -31.8781   41.5007      8666.666     -3027.373     0.000  ZXY   1.45868E+00   2.20319E+00   3.18559E-01
1.65398E+01  BH_4             -31.8781   41.5007      8666.666     -3027.373     0.000  ZYX  -5.40208E+00  -1.43811E+01   3.18559E-01
1.65398E+01  BH_4             -31.8781   41.5007      8666.666     -3027.373     0.000  ZYY  -6.08582E+00  -3.67027E+00   4.45982E-01
1.00263E+01  BH_4             -31.8781   41.5007      8666.666     -3027.373     0.000  ZXX  -4.49573E-01  -6.42828E-01   5.78343E-01
1.00263E+01  BH_4             -31.8781   41.5007      8666.666     -3027.373     0.000  ZXY   2.48409E+00   2.52539E+00   4.13102E-01
1.00263E+01  BH_4             -31.8781   41.5007      8666.666     -3027.373     0.000  ZYX  -3.23502E+00  -1.89965E+01   4.13102E-01
1.00263E+01  BH_4             -31.8781   41.5007      8666.666     -3027.373     0.000  ZYY   7.97535E+00   3.55666E+01   5.78343E-01
6.07785E+00  BH_4             -31.8781   41.5007      8666.666     -3027.373     0.000  ZXX  -2.00232E+00  -2.67381E+00   8.67063E-01
6.07785E+00  BH_4             -31.8781   41.5007      8666.666     -3027.373     0.000  ZXY   3.75784E+00   4.02091E+00   6.19331E-01
6.07785E+00  BH_4             -31.8781   41.5007      8666.666     -3027.373     0.000  ZYX  -1.28115E+01  -2.47598E+01   6.19331E-01
6.07785E+00  BH_4             -31.8781   41.5007      8666.666     -3027.373     0.000  ZYY  -1.96679E+00  -5.46618E+00   8.67063E-01
3.68431E+00  BH_4             -31.8781   41.5007      8666.666     -3027.373     0.000  ZXX  -2.48588E+00  -4.43603E+00   1.25948E+00
3.68431E+00  BH_4             -31.8781   41.5007      8666.666     -3027.373     0.000  ZXY   3.15270E+00   6.69220E+00   8.99628E-01
3.68431E+00  BH_4             -31.8781   41.5007      8666.666     -3027.373     0.000  ZYX  -2.44727E+01  -3.62789E+01   8.99628E-01
3.68431E+00  BH_4             -31.8781   41.5007      8666.666     -3027.373     0.000  ZYY  -1.03067E+01  -3.63808E+00   1.25948E+00
2.23339E+00  BH_4             -31.8781   41.5007      8666.666     -3027.373     0.000  ZXX  -4.48676E+00  -5.74265E+00   1.87838E+00
2.23339E+00  BH_4             -31.8781   41.5007      8666.666     -3027.373     0.000  ZXY   5.09945E+00   1.04749E+01   1.34170E+00
2.23339E+00  BH_4             -31.8781   41.5007      8666.666     -3027.373     0.000  ZYX  -4.03847E+01  -4.67883E+01   1.34170E+00
2.23339E+00  BH_4             -31.8781   41.5007      8666.666     -3027.373     0.000  ZYY  -1.29479E+01  -2.53904E+00   1.87838E+00
1.35386E+00  BH_4             -31.8781   41.5007      8666.666     -3027.373     0.000  ZXX  -6.59020E+00  -7.25276E+00   2.64569E+00
1.35386E+00  BH_4             -31.8781   41.5007      8666.666     -3027.373     0.000  ZXY   8.94024E+00   1.50592E+01   1.88978E+00
1.35386E+00  BH_4             -31.8781   41.5007      8666.666     -3027.373     0.000  ZYX  -5.85427E+01  -5.67983E+01   1.88978E+00
1.35386E+00  BH_4             -31.8781   41.5007      8666.666     -3027.373     0.000  ZYY  -9.62397E+00  -8.95184E-01   2.64569E+00
8.20695E-01  BH_4             -31.8781   41.5007      8666.666     -3027.373     0.000  ZXX  -1.02191E+01  -7.90023E+00   3.62807E+00
8.20695E-01  BH_4             -31.8781   41.5007      8666.666     -3027.373     0.000  ZXY   1.38179E+01   2.20638E+01   2.59148E+00
8.20695E-01  BH_4             -31.8781   41.5007      8666.666     -3027.373     0.000  ZYX  -8.07823E+01  -6.41998E+01   2.59148E+00
8.20695E-01  BH_4             -31.8781   41.5007      8666.666     -3027.373     0.000  ZYY  -7.18221E+00   7.11795E-01   3.62807E+00
4.97498E-01  BH_4             -31.8781   41.5007      8666.666     -3027.373     0.000  ZXX  -1.43906E+01  -7.93148E+00   4.57507E+00
4.97498E-01  BH_4             -31.8781   41.5007      8666.666     -3027.373     0.000  ZXY   1.86919E+01   3.03267E+01   3.26791E+00
4.97498E-01  BH_4             -31.8781   41.5007      8666.666     -3027.373     0.000  ZYX  -9.94737E+01  -6.69570E+01   3.26791E+00
4.97498E-01  BH_4             -31.8781   41.5007      8666.666     -3027.373     0.000  ZYY   3.73752E+00   1.21808E+00   4.57507E+00
3.01578E-01  BH_4             -31.8781   41.5007      8666.666     -3027.373     0.000  ZXX  -1.64414E+01  -5.73686E+00   5.72564E+00
3.01578E-01  BH_4             -31.8781   41.5007      8666.666     -3027.373     0.000  ZXY   3.01026E+01   3.57922E+01   4.08974E+00
3.01578E-01  BH_4             -31.8781   41.5007      8666.666     -3027.373     0.000  ZYX  -1.23442E+02  -7.22965E+01   4.08974E+00
3.01578E-01  BH_4             -31.8781   41.5007      8666.666     -3027.373     0.000  ZYY   1.75624E+00  -5.07135E+00   5.72564E+00
1.82814E-01  BH_4             -31.8781   41.5007      8666.666     -3027.373     0.000  ZXX  -1.82042E+01  -3.31228E+00   7.00398E+00
1.82814E-01  BH_4             -31.8781   41.5007      8666.666     -3027.373     0.000  ZXY   4.13459E+01   4.33361E+01   5.00284E+00
1.82814E-01  BH_4             -31.8781   41.5007      8666.666     -3027.373     0.000  ZYX  -1.47563E+02  -7.85058E+01   5.00284E+00
1.82814E-01  BH_4             -31.8781   41.5007      8666.666     -3027.373     0.000  ZYY  -5.79032E-02  -1.58229E+01   7.00398E+00
1.10820E-01  BH_4             -31.8781   41.5007      8666.666     -3027.373     0.000  ZXX  -1.82887E+01   1.73037E+00   8.43507E+00
1.10820E-01  BH_4             -31.8781   41.5007      8666.666     -3027.373     0.000  ZXY   4.80457E+01   6.16987E+01   6.02505E+00
1.10820E-01  BH_4             -31.8781   41.5007      8666.666     -3027.373     0.000  ZYX  -1.65420E+02  -8.43534E+01   6.02505E+00
1.10820E-01  BH_4             -31.8781   41.5007      8666.666     -3027.373     0.000  ZYY   3.96781E+00   1.46307E+00   8.43507E+00
6.71781E-02  BH_4             -31.8781   41.5007      8666.666     -3027.373     0.000  ZXX  -1.94501E+01   2.82204E+00   1.01616E+01
6.71781E-02  BH_4             -31.8781   41.5007      8666.666     -3027.373     0.000  ZXY   7.09542E+01   6.31714E+01   7.25826E+00
6.71781E-02  BH_4             -31.8781   41.5007      8666.666     -3027.373     0.000  ZYX  -2.02327E+02  -9.09241E+01   7.25826E+00
6.71781E-02  BH_4             -31.8781   41.5007      8666.666     -3027.373     0.000  ZYY  -2.28694E+01  -2.47518E+01   1.01616E+01
4.07226E-02  BH_4             -31.8781   41.5007      8666.666     -3027.373     0.000  ZXX  -1.85252E+01   6.08467E+00   1.20926E+01
4.07226E-02  BH_4             -31.8781   41.5007      8666.666     -3027.373     0.000  ZXY   9.29447E+01   7.34444E+01   8.63759E+00
4.07226E-02  BH_4             -31.8781   41.5007      8666.666     -3027.373     0.000  ZYX  -2.33668E+02  -9.41604E+01   8.63759E+00
4.07226E-02  BH_4             -31.8781   41.5007      8666.666     -3027.373     0.000  ZYY  -3.71667E+01  -2.06763E+01   1.20926E+01
2.46856E-02  BH_4             -31.8781   41.5007      8666.666     -3027.373     0.000  ZXX  -1.67220E+01   9.62577E+00   1.41445E+01
2.46856E-02  BH_4             -31.8781   41.5007      8666.666     -3027.373     0.000  ZXY   1.17668E+02   8.45884E+01   1.01032E+01
2.46856E-02  BH_4             -31.8781   41.5007      8666.666     -3027.373     0.000  ZYX  -2.64863E+02  -9.60651E+01   1.01032E+01
2.46856E-02  BH_4             -31.8781   41.5007      8666.666     -3027.373     0.000  ZYY  -4.27388E+01  -1.40500E+01   1.41445E+01
1.49642E-02  BH_4             -31.8781   41.5007      8666.666     -3027.373     0.000  ZXX  -1.28058E+01   1.51349E+01   1.65178E+01
1.49642E-02  BH_4             -31.8781   41.5007      8666.666     -3027.373     0.000  ZXY   1.47315E+02   9.70943E+01   1.17984E+01
1.49642E-02  BH_4             -31.8781   41.5007      8666.666     -3027.373     0.000  ZYX  -3.00520E+02  -9.63589E+01   1.17984E+01
1.49642E-02  BH_4             -31.8781   41.5007      8666.666     -3027.373     0.000  ZYY  -4.90747E+01  -7.85942E+00   1.65178E+01
9.07112E-03  BH_4             -31.8781   41.5007      8666.666     -3027.373     0.000  ZXX  -7.30197E+00   1.98195E+01   1.89002E+01
9.07112E-03  BH_4             -31.8781   41.5007      8666.666     -3027.373     0.000  ZXY   1.81104E+02   1.10170E+02   1.35001E+01
9.07112E-03  BH_4             -31.8781   41.5007      8666.666     -3027.373     0.000  ZYX  -3.31112E+02  -9.29282E+01   1.35001E+01
9.07112E-03  BH_4             -31.8781   41.5007      8666.666     -3027.373     0.000  ZYY  -5.27354E+01  -1.99247E+00   1.89002E+01
5.49883E-03  BH_4             -31.8781   41.5007      8666.666     -3027.373     0.000  ZXX   1.81616E+00   2.37150E+01   2.15534E+01
5.49883E-03  BH_4             -31.8781   41.5007      8666.666     -3027.373     0.000  ZXY   2.24864E+02   1.19691E+02   1.53953E+01
5.49883E-03  BH_4             -31.8781   41.5007      8666.666     -3027.373     0.000  ZYX  -3.61614E+02  -8.80301E+01   1.53953E+01
5.49883E-03  BH_4             -31.8781   41.5007      8666.666     -3027.373     0.000  ZYY  -5.18154E+01   8.09440E+00   2.15534E+01
3.33333E-03  BH_4             -31.8781   41.5007      8666.666     -3027.373     0.000  ZXX   1.11905E+01   2.59172E+01   2.37454E+01
3.33333E-03  BH_4             -31.8781   41.5007      8666.666     -3027.373     0.000  ZXY   2.64218E+02   1.20812E+02   1.69610E+01
3.33333E-03  BH_4             -31.8781   41.5007      8666.666     -3027.373     0.000  ZYX  -3.87003E+02  -8.42768E+01   1.69610E+01
3.33333E-03  BH_4             -31.8781   41.5007      8666.666     -3027.373     0.000  ZYY  -4.48650E+01   1.39844E+01   2.37454E+01
3.33333E+02  BH_5             -31.9621   41.5605      -780.271      2414.513     0.000  ZXX   1.13600E+00   3.62956E-01   2.66010E-01
3.33333E+02  BH_5             -31.9621   41.5605      -780.271      2414.513     0.000  ZXY   3.69161E+00   3.20802E+00   1.90007E-01
3.33333E+02  BH_5             -31.9621   41.5605      -780.271      2414.513     0.000  ZYX  -2.08877E+00  -2.08704E+00   1.90007E-01
3.33333E+02  BH_5             -31.9621   41.5605      -780.271      2414.513     0.000  ZYY  -2.04717E+00  -1.18731E+00   2.66010E-01
2.02063E+02  BH_5             -31.9621   41.5605      -780.271      2414.513     0.000  ZXX   1.37146E+00   1.26216E-02   3.27353E-01
2.02063E+02  BH_5             -31.9621   41.5605      -780.271      2414.513     0.000  ZXY   4.43066E+00   4.06391E+00   2.33823E-01
2.02063E+02  BH_5             -31.9621   41.5605      -780.271      2414.513     0.000  ZYX  -2.70964E+00  -2.42682E+00   2.33823E-01
2.02063E+02  BH_5             -31.9621   41.5605      -780.271      2414.513     0.000  ZYY  -2.20446E+00  -1.39286E+00   3.27353E-01
1.22489E+02  BH_5             -31.9621   41.5605      -780.271      2414.513     0.000  ZXX   9.78074E-01   1.43236E-01   4.02815E-01
1.22489E+02  BH_5             -31.9621   41.5605      -780.271      2414.513     0.000  ZXY   5.85574E+00   4.67244E+00   2.87725E-01
1.22489E+02  BH_5             -31.9621   41.5605      -780.271      2414.513     0.000  ZYX  -2.74130E+00  -3.46760E+00   2.87725E-01
1.22489E+02  BH_5             -31.9621   41.5605      -780.271      2414.513     0.000  ZYY  -2.81744E+00  -1.33577E+00   4.02815E-01
7.42512E+01  BH_5             -31.9621   41.5605      -780.271      2414.513     0.000  ZXX   1.20036E+00   3.59713E-01   5.27729E-01
7.42512E+01  BH_5             -31.9621   41.5605      -780.271      2414.513     0.000  ZXY   6.92909E+00   5.74021E+00   3.76949E-01
7.42512E+01  BH_5             -31.9621   41.5605      -780.271      2414.513     0.000  ZYX  -3.09491E+00  -5.50647E+00   3.76949E-01
7.42512E+01  BH_5             -31.9621   41.5605      -780.271      2414.513     0.000  ZYY  -3.14626E+00  -1.15181E+00   5.27729E-01
4.50104E+01  BH_5             -31.9621   41.5605      -780.271      2414.513     0.000  ZXX   1.27591E+00   7.09248E-01   7.14329E-01
4.50104E+01  BH_5             -31.9621   41.5605      -780.271      2414.513     0.000  ZXY   8.23068E+00   7.26057E+00   5.10235E-01
4.50104E+01  BH_5             -31.9621   41.5605      -780.271      2414.513     0.000  ZYX  -3.37279E+00  -8.86840E+00   5.10235E-01
4.50104E+01  BH_5             -31.9621   41.5605      -780.271      2414.513     0.000  ZYY  -3.64302E+00  -1.10097E+00   7.14329E-01
2.72849E+01  BH_5             -31.9621   41.5605      -780.271      2414.513     0.000  ZXX   1.55530E+00   9.25229E-01   1.00735E+00
2.72849E+01  BH_5             -31.9621   41.5605      -780.271      2414.513     0.000  ZXY   1.03796E+01   9.32814E+00   7.19535E-01
2.72849E+01  BH_5             -31.9621   41.5605      -780.271      2414.513     0.000  ZYX  -4.38933E+00  -1.41757E+01   7.19535E-01
2.72849E+01  BH_5             -31.9621   41.5605      -780.271      2414.513     0.000  ZYY  -4.92804E+00  -6.01536E-01   1.00735E+00
1.65398E+01  BH_5             -31.9621   41.5605      -780.271      2414.513     0.000  ZXX   1.20352E+00   5.69641E-01   1.42747E+00
1.65398E+01  BH_5             -31.9621   41.5605      -780.271      2414.513     0.000  ZXY   1.23482E+01   1.27354E+01   1.01962E+00
1.65398E+01  BH_5             -31.9621   41.5605      -780.271      2414.513     0.000  ZYX  -7.68435E+00  -2.21477E+01   1.01962E+00
1.65398E+01  BH_5             -31.9621   41.5605      -780.271      2414.513     0.000  ZYY  -3.95703E+00  -9.57273E-01   1.42747E+00
1.00263E+01  BH_5             -31.9621   41.5605      -780.271      2414.513     0.000  ZXX   7.69132E+00  -5.87310E+00   1.50224E+00
1.00263E+01  BH_5             -31.9621   41.5605      -780.271      2414.513     0.000  ZXY   1.50279E+01   1.73359E+01   1.07303E+00
1.00263E+01  BH_5             -31.9621   41.5605      -780.271      2414.513     0.000  ZYX  -1.22293E+01  -1.59189E+01   1.07303E+00
1.00263E+01  BH_5             -31.9621   41.5605      -780.271      2414.513     0.000  ZYY  -3.93065E+00  -5.41858E+00   1.50224E+00
6.07785E+00  BH_5             -31.9621   41.5605      -780.271      2414.513     0.000  ZXX  -4.61373E+00  -1.75915E+00   1.87712E+00
6.07785E+00  BH_5             -31.9621   41.5605      -780.271      2414.513     0.000  ZXY   1.53605E+01   2.18262E+01   1.34080E+00
6.07785E+00  BH_5             -31.9621   41.5605      -780.271      2414.513     0.000  ZYX  -1.69242E+01  -2.09643E+01   1.34080E+00
6.07785E+00  BH_5             -31.9621   41.5605      -780.271      2414.513     0.000  ZYY  -2.02947E+00  -3.97793E+00   1.87712E+00
3.68431E+00  BH_5             -31.9621   41.5605      -780.271      2414.513     0.000  ZXX   1.84747E+00   3.51863E+00   3.46768E+00
3.68431E+00  BH_5             -31.9621   41.5605      -780.271      2414.513     0.000  ZXY   2.29917E+01   2.85612E+01   2.47691E+00
3.68431E+00  BH_5             -31.9621   41.5605      -780.271      2414.513     0.000  ZYX  -3.57489E+01  -5.65833E+01   2.47691E+00
3.68431E+00  BH_5             -31.9621   41.5605      -780.271      2414.513     0.000  ZYY  -5.15385E+00   3.52206E+00   3.46768E+00
2.23339E+00  BH_5             -31.9621   41.5605      -780.271      2414.513     0.000  ZXX   1.09716E+00   6.26134E+00   4.98494E+00
2.23339E+00  BH_5             -31.9621   41.5605      -780.271      2414.513     0.000  ZXY   3.28923E+01   4.14804E+01   3.56067E+00
2.23339E+00  BH_5             -31.9621   41.5605      -780.271      2414.513     0.000  ZYX  -6.07531E+01  -7.40674E+01   3.56067E+00
2.23339E+00  BH_5             -31.9621   41.5605      -780.271      2414.513     0.000  ZYY  -3.73426E+00   3.70534E+00   4.98494E+00
1.35386E+00  BH_5             -31.9621   41.5605      -780.271      2414.513     0.000  ZXX   1.19006E+00   6.54635E+00   6.73023E+00
1.35386E+00  BH_5             -31.9621   41.5605      -780.271      2414.513     0.000  ZXY   4.65765E+01   5.78153E+01   4.80731E+00
1.35386E+00  BH_5             -31.9621   41.5605      -780.271      2414.513     0.000  ZYX  -8.91109E+01  -8.69620E+01   4.80731E+00
1.35386E+00  BH_5             -31.9621   41.5605      -780.271      2414.513     0.000  ZYY  -5.69420E-01   6.01681E+00   6.73023E+00
8.20695E-01  BH_5             -31.9621   41.5605      -780.271      2414.513     0.000  ZXX   2.18793E+00   1.64411E+01   8.53543E+00
8.20695E-01  BH_5             -31.9621   41.5605      -780.271      2414.513     0.000  ZXY   6.82561E+01   7.37401E+01   6.09674E+00
8.20695E-01  BH_5             -31.9621   41.5605      -780.271      2414.513     0.000  ZYX  -1.20212E+02  -8.62778E+01   6.09674E+00
8.20695E-01  BH_5             -31.9621   41.5605      -780.271      2414.513     0.000  ZYY   9.74918E+00   8.17850E+00   8.53543E+00
4.97498E-01  BH_5             -31.9621   41.5605      -780.271      2414.513     0.000  ZXX   2.34721E+00   2.83868E+01   1.08844E+01
4.97498E-01  BH_5             -31.9621   41.5605      -780.271      2414.513     0.000  ZXY   9.00473E+01   9.53351E+01   7.77457E+00
4.97498E-01  BH_5             -31.9621   41.5605      -780.271      2414.513     0.000  ZYX  -1.55620E+02  -9.88616E+01   7.77457E+00
4.97498E-01  BH_5             -31.9621   41.5605      -780.271      2414.513     0.000  ZYY   1.54129E+01   3.31433E+00   1.08844E+01
3.01578E-01  BH_5             -31.9621   41.5605      -780.271      2414.513     0.000  ZXX   1.16059E+01   4.61177E+01   1.32883E+01
3.01578E-01  BH_5             -31.9621   41.5605      -780.271      2414.513     0.000  ZXY   1.27947E+02   1.08507E+02   9.49165E+00
3.01578E-01  BH_5             -31.9621   41.5605      -780.271      2414.513     0.000  ZYX  -1.86191E+02  -1.07121E+02   9.49165E+00
3.01578E-01  BH_5             -31.9621   41.5605      -780.271      2414.513     0.000  ZYY   1.84711E+01  -4.85591E+00   1.32883E+01
1.82814E-01  BH_5             -31.9621   41.5605      -780.271      2414.513     0.000  ZXX   3.17267E+01   6.51805E+01   1.60057E+01
1.82814E-01  BH_5             -31.9621   41.5605      -780.271      2414.513     0.000  ZXY   1.71031E+02   1.24061E+02   1.14327E+01
1.82814E-01  BH_5             -31.9621   41.5605      -780.271      2414.513     0.000  ZYX  -2.16989E+02  -1.18933E+02   1.14327E+01
1.82814E-01  BH_5             -31.9621   41.5605      -780.271      2414.513     0.000  ZYY   1.44228E+01  -1.96201E+01   1.60057E+01
1.10820E-01  BH_5             -31.9621   41.5605      -780.271      2414.513     0.000  ZXX   5.87038E+01   8.50056E+01   1.89051E+01
1.10820E-01  BH_5             -31.9621   41.5605      -780.271      2414.513     0.000  ZXY   2.13207E+02   1.35494E+02   1.35036E+01
1.10820E-01  BH_5             -31.9621   41.5605      -780.271      2414.513     0.000  ZYX  -2.52148E+02  -1.40670E+02   1.35036E+01
1.10820E-01  BH_5             -31.9621   41.5605      -780.271      2414.513     0.000  ZYY   8.20518E+00  -3.25310E+01   1.89051E+01
6.71781E-02  BH_5             -31.9621   41.5605      -780.271      2414.513     0.000  ZXX   9.70331E+01   7.38041E+01   2.19557E+01
6.71781E-02  BH_5             -31.9621   41.5605      -780.271      2414.513     0.000  ZXY   2.62369E+02   1.38479E+02   1.56827E+01
6.71781E-02  BH_5             -31.9621   41.5605      -780.271      2414.513     0.000  ZYX  -2.96308E+02  -1.48880E+02   1.56827E+01
6.71781E-02  BH_5             -31.9621   41.5605      -780.271      2414.513     0.000  ZYY  -1.33360E+01  -4.16039E+01   2.19557E+01
4.07226E-02  BH_5             -31.9621   41.5605      -780.271      2414.513     0.000  ZXX   1.21599E+02   6.11459E+01   2.49723E+01
4.07226E-02  BH_5             -31.9621   41.5605      -780.271      2414.513     0.000  ZXY   3.04975E+02   1.37041E+02   1.78374E+01
4.07226E-02  BH_5             -31.9621   41.5605      -780.271      2414.513     0.000  ZYX  -3.42417E+02  -1.66258E+02   1.78374E+01
4.07226E-02  BH_5             -31.9621   41.5605      -780.271      2414.513     0.000  ZYY  -3.12928E+01  -4.36027E+01   2.49723E+01
2.46856E-02  BH_5             -31.9621   41.5605      -780.271      2414.513     0.000  ZXX   1.34269E+02   5.03787E+01   2.79929E+01
2.46856E-02  BH_5             -31.9621   41.5605      -780.271      2414.513     0.000  ZXY   3.39315E+02   1.41288E+02   1.99950E+01
2.46856E-02  BH_5             -31.9621   41.5605      -780.271      2414.513     0.000  ZYX  -3.92724E+02  -1.87270E+02   1.99950E+01
2.46856E-02  BH_5             -31.9621   41.5605      -780.271      2414.513     0.000  ZYY  -4.65615E+01  -4.27538E+01   2.79929E+01
1.49642E-02  BH_5             -31.9621   41.5605      -780.271      2414.513     0.000  ZXX   1.40117E+02   4.33950E+01   3.18844E+01
1.49642E-02  BH_5             -31.9621   41.5605      -780.271      2414.513     0.000  ZXY   3.81165E+02   1.61542E+02   2.27746E+01
1.49642E-02  BH_5             -31.9621   41.5605      -780.271      2414.513     0.000  ZYX  -4.53860E+02  -2.12544E+02   2.27746E+01
1.49642E-02  BH_5             -31.9621   41.5605      -780.271      2414.513     0.000  ZYY  -5.78535E+01  -3.74720E+01   3.18844E+01
9.07112E-03  BH_5             -31.9621   41.5605      -780.271      2414.513     0.000  ZXX   1.40946E+02   5.01137E+01   3.60223E+01
9.07112E-03  BH_5             -31.9621   41.5605      -780.271      2414.513     0.000  ZXY   4.28070E+02   1.88694E+02   2.57302E+01
9.07112E-03  BH_5             -31.9621   41.5605      -780.271      2414.513     0.000  ZYX  -5.10636E+02  -2.44315E+02   2.57302E+01
9.07112E-03  BH_5             -31.9621   41.5605      -780.271      2414.513     0.000  ZYY  -6.21381E+01  -4.20956E+01   3.60223E+01
5.49883E-03  BH_5             -31.9621   41.5605      -780.271      2414.513     0.000  ZXX   1.46869E+02   7.10207E+01   4.13255E+01
5.49883E-03  BH_5             -31.9621   41.5605      -780.271      2414.513     0.000  ZXY   4.90031E+02   2.21902E+02   2.95182E+01
5.49883E-03  BH_5             -31.9621   41.5605      -780.271      2414.513     0.000  ZYX  -5.75109E+02  -2.98382E+02   2.95182E+01
5.49883E-03  BH_5             -31.9621   41.5605      -780.271      2414.513     0.000  ZYY  -6.57122E+01  -5.60607E+01   4.13255E+01
3.33333E-03  BH_5             -31.9621   41.5605      -780.271      2414.513     0.000  ZXX   1.63564E+02   1.06316E+02   4.75891E+01
3.33333E-03  BH_5             -31.9621   41.5605      -780.271      2414.513     0.000  ZXY   5.52087E+02   2.59450E+02   3.39922E+01
3.33333E-03  BH_5             -31.9621   41.5605      -780.271      2414.513     0.000  ZYX  -6.55957E+02  -3.79193E+02   3.39922E+01
3.33333E-03  BH_5             -31.9621   41.5605      -780.271      2414.513     0.000  ZYY  -7.76292E+01  -8.25326E+01   4.75891E+01
3.33333E+02  BH_6_imp         -31.9098   41.5154      5119.271     -1715.203     0.000  ZXX   7.03674E-01   2.50593E-01   3.13707E-01
3.33333E+02  BH_6_imp         -31.9098   41.5154      5119.271     -1715.203     0.000  ZXY   5.22625E+00   4.55032E+00   2.24077E-01
3.33333E+02  BH_6_imp         -31.9098   41.5154      5119.271     -1715.203     0.000  ZYX  -1.73458E+00  -2.32196E+00   2.24077E-01
3.33333E+02  BH_6_imp         -31.9098   41.5154      5119.271     -1715.203     0.000  ZYY  -2.06415E+00  -8.49046E-01   3.13707E-01
2.02063E+02  BH_6_imp         -31.9098   41.5154      5119.271     -1715.203     0.000  ZXX   1.25278E+00  -1.42057E-01   3.95070E-01
2.02063E+02  BH_6_imp         -31.9098   41.5154      5119.271     -1715.203     0.000  ZXY   6.52813E+00   5.85728E+00   2.82193E-01
2.02063E+02  BH_6_imp         -31.9098   41.5154      5119.271     -1715.203     0.000  ZYX  -2.37704E+00  -2.74583E+00   2.82193E-01
2.02063E+02  BH_6_imp         -31.9098   41.5154      5119.271     -1715.203     0.000  ZYY  -2.43426E+00  -1.61357E+00   3.95070E-01
1.22489E+02  BH_6_imp         -31.9098   41.5154      5119.271     -1715.203     0.000  ZXX   4.98726E-01  -1.11095E-01   4.74516E-01
1.22489E+02  BH_6_imp         -31.9098   41.5154      5119.271     -1715.203     0.000  ZXY   8.36346E+00   7.14388E+00   3.38940E-01
1.22489E+02  BH_6_imp         -31.9098   41.5154      5119.271     -1715.203     0.000  ZYX  -2.19241E+00  -3.55628E+00   3.38940E-01
1.22489E+02  BH_6_imp         -31.9098   41.5154      5119.271     -1715.203     0.000  ZYY  -2.92556E+00  -1.81509E+00   4.74516E-01
7.42512E+01  BH_6_imp         -31.9098   41.5154      5119.271     -1715.203     0.000  ZXX   5.96287E-01  -3.04494E-01   6.26791E-01
7.42512E+01  BH_6_imp         -31.9098   41.5154      5119.271     -1715.203     0.000  ZXY   1.00452E+01   8.68659E+00   4.47708E-01
7.42512E+01  BH_6_imp         -31.9098   41.5154      5119.271     -1715.203     0.000  ZYX  -2.81327E+00  -5.34180E+00   4.47708E-01
7.42512E+01  BH_6_imp         -31.9098   41.5154      5119.271     -1715.203     0.000  ZYY  -3.14408E+00  -1.57950E+00   6.26791E-01
4.50104E+01  BH_6_imp         -31.9098   41.5154      5119.271     -1715.203     0.000  ZXX   1.21794E+00  -1.04644E+00   8.58506E-01
4.50104E+01  BH_6_imp         -31.9098   41.5154      5119.271     -1715.203     0.000  ZXY   1.19756E+01   1.14467E+01   6.13218E-01
4.50104E+01  BH_6_imp         -31.9098   41.5154      5119.271     -1715.203     0.000  ZYX  -3.39883E+00  -8.41943E+00   6.13218E-01
4.50104E+01  BH_6_imp         -31.9098   41.5154      5119.271     -1715.203     0.000  ZYY  -3.88225E+00  -2.12693E+00   8.58506E-01
2.72849E+01  BH_6_imp         -31.9098   41.5154      5119.271     -1715.203     0.000  ZXX   1.90842E+00  -2.11188E+00   1.25599E+00
2.72849E+01  BH_6_imp         -31.9098   41.5154      5119.271     -1715.203     0.000  ZXY   1.48539E+01   1.51846E+01   8.97134E-01
2.72849E+01  BH_6_imp         -31.9098   41.5154      5119.271     -1715.203     0.000  ZYX  -5.07096E+00  -1.42825E+01   8.97134E-01
2.72849E+01  BH_6_imp         -31.9098   41.5154      5119.271     -1715.203     0.000  ZYY  -4.53030E+00  -9.99601E-01   1.25599E+00
1.65398E+01  BH_6_imp         -31.9098   41.5154      5119.271     -1715.203     0.000  ZXX   1.81330E+00  -4.64902E+00   1.69608E+00
1.65398E+01  BH_6_imp         -31.9098   41.5154      5119.271     -1715.203     0.000  ZXY   1.70845E+01   2.22000E+01   1.21148E+00
1.65398E+01  BH_6_imp         -31.9098   41.5154      5119.271     -1715.203     0.000  ZYX  -6.50826E+00  -1.99212E+01   1.21148E+00
1.65398E+01  BH_6_imp         -31.9098   41.5154      5119.271     -1715.203     0.000  ZYY  -6.47469E+00  -1.79723E+00   1.69608E+00
1.00263E+01  BH_6_imp         -31.9098   41.5154      5119.271     -1715.203     0.000  ZXX  -4.91722E+01  -1.92253E+01   2.57740E+00
1.00263E+01  BH_6_imp         -31.9098   41.5154      5119.271     -1715.203     0.000  ZXY   1.71323E+01   3.24501E+01   1.84100E+00
1.00263E+01  BH_6_imp         -31.9098   41.5154      5119.271     -1715.203     0.000  ZYX  -1.22202E+01  -3.48657E+01   1.84100E+00
1.00263E+01  BH_6_imp         -31.9098   41.5154      5119.271     -1715.203     0.000  ZYY   5.47637E+00   1.34565E+01   2.57740E+00
6.07785E+00  BH_6_imp         -31.9098   41.5154      5119.271     -1715.203     0.000  ZXX  -1.93099E+01  -2.09475E+01   3.94479E+00
6.07785E+00  BH_6_imp         -31.9098   41.5154      5119.271     -1715.203     0.000  ZXY   5.00384E+01   5.45945E+01   2.81771E+00
6.07785E+00  BH_6_imp         -31.9098   41.5154      5119.271     -1715.203     0.000  ZYX  -3.04931E+01  -3.01520E+01   2.81771E+00
6.07785E+00  BH_6_imp         -31.9098   41.5154      5119.271     -1715.203     0.000  ZYY  -1.51035E+01   2.31068E+01   3.94479E+00
3.68431E+00  BH_6_imp         -31.9098   41.5154      5119.271     -1715.203     0.000  ZXX  -1.23900E+01  -1.51745E+01   4.98346E+00
3.68431E+00  BH_6_imp         -31.9098   41.5154      5119.271     -1715.203     0.000  ZXY   4.83712E+01   5.80925E+01   3.55962E+00
3.68431E+00  BH_6_imp         -31.9098   41.5154      5119.271     -1715.203     0.000  ZYX  -3.80061E+01  -5.52339E+01   3.55962E+00
3.68431E+00  BH_6_imp         -31.9098   41.5154      5119.271     -1715.203     0.000  ZYY  -8.45296E+00  -1.79228E+00   4.98346E+00
2.23339E+00  BH_6_imp         -31.9098   41.5154      5119.271     -1715.203     0.000  ZXX  -1.40539E+01  -1.66713E+01   6.70030E+00
2.23339E+00  BH_6_imp         -31.9098   41.5154      5119.271     -1715.203     0.000  ZXY   5.56279E+01   8.64570E+01   4.78593E+00
2.23339E+00  BH_6_imp         -31.9098   41.5154      5119.271     -1715.203     0.000  ZYX  -5.82901E+01  -6.74124E+01   4.78593E+00
2.23339E+00  BH_6_imp         -31.9098   41.5154      5119.271     -1715.203     0.000  ZYY  -1.24417E+01   8.36756E-01   6.70030E+00
1.35386E+00  BH_6_imp         -31.9098   41.5154      5119.271     -1715.203     0.000  ZXX  -3.08142E+01  -2.21815E+01   9.12629E+00
1.35386E+00  BH_6_imp         -31.9098   41.5154      5119.271     -1715.203     0.000  ZXY   8.02633E+01   1.16281E+02   6.51878E+00
1.35386E+00  BH_6_imp         -31.9098   41.5154      5119.271     -1715.203     0.000  ZYX  -9.28424E+01  -7.65045E+01   6.51878E+00
1.35386E+00  BH_6_imp         -31.9098   41.5154      5119.271     -1715.203     0.000  ZYY  -9.92159E+00   6.36659E+00   9.12629E+00
8.20695E-01  BH_6_imp         -31.9098   41.5154      5119.271     -1715.203     0.000  ZXX  -5.50807E+01  -1.54502E+01   1.23531E+01
8.20695E-01  BH_6_imp         -31.9098   41.5154      5119.271     -1715.203     0.000  ZXY   1.18815E+02   1.61907E+02   8.82362E+00
8.20695E-01  BH_6_imp         -31.9098   41.5154      5119.271     -1715.203     0.000  ZYX  -1.30535E+02  -8.37139E+01   8.82362E+00
8.20695E-01  BH_6_imp         -31.9098   41.5154      5119.271     -1715.203     0.000  ZYY  -7.04998E+00   8.95353E+00   1.23531E+01
4.97498E-01  BH_6_imp         -31.9098   41.5154      5119.271     -1715.203     0.000  ZXX  -1.33830E+02   6.60659E+00   1.53109E+01
4.97498E-01  BH_6_imp         -31.9098   41.5154      5119.271     -1715.203     0.000  ZXY   1.48539E+02   2.14414E+02   1.09363E+01
4.97498E-01  BH_6_imp         -31.9098   41.5154      5119.271     -1715.203     0.000  ZYX  -1.68541E+02  -7.23482E+01   1.09363E+01
4.97498E-01  BH_6_imp         -31.9098   41.5154      5119.271     -1715.203     0.000  ZYY  -6.58837E+00   2.15111E+01   1.53109E+01
3.01578E-01  BH_6_imp         -31.9098   41.5154      5119.271     -1715.203     0.000  ZXX  -8.22845E+01   1.49561E+01   1.76783E+01
3.01578E-01  BH_6_imp         -31.9098   41.5154      5119.271     -1715.203     0.000  ZXY   2.33724E+02   2.33183E+02   1.26274E+01
3.01578E-01  BH_6_imp         -31.9098   41.5154      5119.271     -1715.203     0.000  ZYX  -1.69598E+02  -9.25031E+01   1.26274E+01
3.01578E-01  BH_6_imp         -31.9098   41.5154      5119.271     -1715.203     0.000  ZYY  -8.37215E+00  -5.49635E+00   1.76783E+01
1.82814E-01  BH_6_imp         -31.9098   41.5154      5119.271     -1715.203     0.000  ZXX  -4.68670E+01   3.11743E+01   2.03888E+01
1.82814E-01  BH_6_imp         -31.9098   41.5154      5119.271     -1715.203     0.000  ZXY   3.05185E+02   2.69511E+02   1.45634E+01
1.82814E-01  BH_6_imp         -31.9098   41.5154      5119.271     -1715.203     0.000  ZYX  -1.87365E+02  -9.11675E+01   1.45634E+01
1.82814E-01  BH_6_imp         -31.9098   41.5154      5119.271     -1715.203     0.000  ZYY   1.92026E-01  -1.87554E+01   2.03888E+01
1.10820E-01  BH_6_imp         -31.9098   41.5154      5119.271     -1715.203     0.000  ZXX  -7.78485E+01   6.93192E+01   2.36676E+01
1.10820E-01  BH_6_imp         -31.9098   41.5154      5119.271     -1715.203     0.000  ZXY   2.69520E+02   4.10047E+02   1.69054E+01
1.10820E-01  BH_6_imp         -31.9098   41.5154      5119.271     -1715.203     0.000  ZYX  -2.12444E+02  -9.56182E+01   1.69054E+01
1.10820E-01  BH_6_imp         -31.9098   41.5154      5119.271     -1715.203     0.000  ZYY  -3.05659E+01  -1.10100E+01   2.36676E+01
6.71781E-02  BH_6_imp         -31.9098   41.5154      5119.271     -1715.203     0.000  ZXX  -1.18790E+01   6.72041E+01   2.82373E+01
6.71781E-02  BH_6_imp         -31.9098   41.5154      5119.271     -1715.203     0.000  ZXY   4.91925E+02   3.61114E+02   2.01695E+01
6.71781E-02  BH_6_imp         -31.9098   41.5154      5119.271     -1715.203     0.000  ZYX  -2.34365E+02  -1.27194E+02   2.01695E+01
6.71781E-02  BH_6_imp         -31.9098   41.5154      5119.271     -1715.203     0.000  ZYY  -4.10535E+01  -4.39653E+01   2.82373E+01
4.07226E-02  BH_6_imp         -31.9098   41.5154      5119.271     -1715.203     0.000  ZXX   5.69008E+00   7.96917E+01   3.35418E+01
4.07226E-02  BH_6_imp         -31.9098   41.5154      5119.271     -1715.203     0.000  ZXY   6.25769E+02   3.88963E+02   2.39584E+01
4.07226E-02  BH_6_imp         -31.9098   41.5154      5119.271     -1715.203     0.000  ZYX  -2.65210E+02  -1.63616E+02   2.39584E+01
4.07226E-02  BH_6_imp         -31.9098   41.5154      5119.271     -1715.203     0.000  ZYY  -6.15483E+01  -5.38452E+01   3.35418E+01
2.46856E-02  BH_6_imp         -31.9098   41.5154      5119.271     -1715.203     0.000  ZXX   2.58629E+01   1.03935E+02   3.95106E+01
2.46856E-02  BH_6_imp         -31.9098   41.5154      5119.271     -1715.203     0.000  ZXY   7.53624E+02   3.93710E+02   2.82219E+01
2.46856E-02  BH_6_imp         -31.9098   41.5154      5119.271     -1715.203     0.000  ZYX  -3.07838E+02  -2.13612E+02   2.82219E+01
2.46856E-02  BH_6_imp         -31.9098   41.5154      5119.271     -1715.203     0.000  ZYY  -8.09041E+01  -6.40912E+01   3.95106E+01
1.49642E-02  BH_6_imp         -31.9098   41.5154      5119.271     -1715.203     0.000  ZXX   6.07271E+01   1.36800E+02   4.71995E+01
1.49642E-02  BH_6_imp         -31.9098   41.5154      5119.271     -1715.203     0.000  ZXY   8.77523E+02   4.07794E+02   3.37139E+01
1.49642E-02  BH_6_imp         -31.9098   41.5154      5119.271     -1715.203     0.000  ZYX  -3.72739E+02  -2.86053E+02   3.37139E+01
1.49642E-02  BH_6_imp         -31.9098   41.5154      5119.271     -1715.203     0.000  ZYY  -1.00967E+02  -7.96453E+01   4.71995E+01
9.07112E-03  BH_6_imp         -31.9098   41.5154      5119.271     -1715.203     0.000  ZXX   1.15337E+02   1.67396E+02   5.53462E+01
9.07112E-03  BH_6_imp         -31.9098   41.5154      5119.271     -1715.203     0.000  ZXY   9.82625E+02   4.32324E+02   3.95330E+01
9.07112E-03  BH_6_imp         -31.9098   41.5154      5119.271     -1715.203     0.000  ZYX  -4.60724E+02  -3.56146E+02   3.95330E+01
9.07112E-03  BH_6_imp         -31.9098   41.5154      5119.271     -1715.203     0.000  ZYY  -1.32766E+02  -9.12513E+01   5.53462E+01
5.49883E-03  BH_6_imp         -31.9098   41.5154      5119.271     -1715.203     0.000  ZXX   1.88700E+02   1.64371E+02   6.63720E+01
5.49883E-03  BH_6_imp         -31.9098   41.5154      5119.271     -1715.203     0.000  ZXY   1.09603E+03   5.06747E+02   4.74085E+01
5.49883E-03  BH_6_imp         -31.9098   41.5154      5119.271     -1715.203     0.000  ZYX  -5.85073E+02  -4.60451E+02   4.74085E+01
5.49883E-03  BH_6_imp         -31.9098   41.5154      5119.271     -1715.203     0.000  ZYY  -1.57223E+02  -1.33166E+02   6.63720E+01
3.33333E-03  BH_6_imp         -31.9098   41.5154      5119.271     -1715.203     0.000  ZXX   2.20766E+02   1.73429E+02   7.80519E+01
3.33333E-03  BH_6_imp         -31.9098   41.5154      5119.271     -1715.203     0.000  ZXY   1.20901E+03   6.17823E+02   5.57514E+01
3.33333E-03  BH_6_imp         -31.9098   41.5154      5119.271     -1715.203     0.000  ZYX  -7.22325E+02  -5.62829E+02   5.57514E+01
3.33333E-03  BH_6_imp         -31.9098   41.5154      5119.271     -1715.203     0.000  ZYY  -1.93197E+02  -1.55059E+02   7.80519E+01
3.33333E+02  BH_7_imp         -31.9556   41.5323         5.602      -239.191     0.000  ZXX  -7.80838E-01  -1.44448E+00   1.87960E-01
3.33333E+02  BH_7_imp         -31.9556   41.5323         5.602      -239.191     0.000  ZXY   5.87745E-01   9.01777E-01   1.34257E-01
3.33333E+02  BH_7_imp         -31.9556   41.5323         5.602      -239.191     0.000  ZYX  -4.41046E+00  -5.04122E+00   1.34257E-01
3.33333E+02  BH_7_imp         -31.9556   41.5323         5.602      -239.191     0.000  ZYY  -5.05472E+00  -3.29644E+00   1.87960E-01
2.02063E+02  BH_7_imp         -31.9556   41.5323         5.602      -239.191     0.000  ZXX  -1.26144E+00  -2.02584E+00   2.64039E-01
2.02063E+02  BH_7_imp         -31.9556   41.5323         5.602      -239.191     0.000  ZXY   1.00488E+00   1.16643E+00   1.88599E-01
2.02063E+02  BH_7_imp         -31.9556   41.5323         5.602      -239.191     0.000  ZYX  -6.20465E+00  -6.84870E+00   1.88599E-01
2.02063E+02  BH_7_imp         -31.9556   41.5323         5.602      -239.191     0.000  ZYY  -5.77700E+00  -3.30055E+00   2.64039E-01
1.22489E+02  BH_7_imp         -31.9556   41.5323         5.602      -239.191     0.000  ZXX  -1.42984E+00  -2.58997E+00   3.37893E-01
1.22489E+02  BH_7_imp         -31.9556   41.5323         5.602      -239.191     0.000  ZXY   1.48295E+00   1.47689E+00   2.41352E-01
1.22489E+02  BH_7_imp         -31.9556   41.5323         5.602      -239.191     0.000  ZYX  -6.30195E+00  -9.17753E+00   2.41352E-01
1.22489E+02  BH_7_imp         -31.9556   41.5323         5.602      -239.191     0.000  ZYY  -6.73232E+00  -3.17912E+00   3.37893E-01
7.42512E+01  BH_7_imp         -31.9556   41.5323         5.602      -239.191     0.000  ZXX  -1.51900E+00  -4.27200E+00   4.63590E-01
7.42512E+01  BH_7_imp         -31.9556   41.5323         5.602      -239.191     0.000  ZXY   1.63988E+00   2.38633E+00   3.31136E-01
7.42512E+01  BH_7_imp         -31.9556   41.5323         5.602      -239.191     0.000  ZYX  -6.67113E+00  -1.35999E+01   3.31136E-01
7.42512E+01  BH_7_imp         -31.9556   41.5323         5.602      -239.191     0.000  ZYY  -7.52860E+00  -3.45304E+00   4.63590E-01
4.50104E+01  BH_7_imp         -31.9556   41.5323         5.602      -239.191     0.000  ZXX  -1.75384E+00  -6.58001E+00   6.08672E-01
4.50104E+01  BH_7_imp         -31.9556   41.5323         5.602      -239.191     0.000  ZXY   1.98539E+00   2.64550E+00   4.34766E-01
4.50104E+01  BH_7_imp         -31.9556   41.5323         5.602      -239.191     0.000  ZYX  -7.74815E+00  -2.15056E+01   4.34766E-01
4.50104E+01  BH_7_imp         -31.9556   41.5323         5.602      -239.191     0.000  ZYY  -9.57832E+00  -5.37973E+00   6.08672E-01
2.72849E+01  BH_7_imp         -31.9556   41.5323         5.602      -239.191     0.000  ZXX  -2.44814E+00  -1.09905E+01   8.84495E-01
2.72849E+01  BH_7_imp         -31.9556   41.5323         5.602      -239.191     0.000  ZXY   2.15057E+00   3.63177E+00   6.31782E-01
2.72849E+01  BH_7_imp         -31.9556   41.5323         5.602      -239.191     0.000  ZYX  -1.16452E+01  -3.59902E+01   6.31782E-01
2.72849E+01  BH_7_imp         -31.9556   41.5323         5.602      -239.191     0.000  ZYY  -1.08051E+01  -5.53876E+00   8.84495E-01
1.65398E+01  BH_7_imp         -31.9556   41.5323         5.602      -239.191     0.000  ZXX  -4.61351E+00  -1.59144E+01   1.24249E+00
1.65398E+01  BH_7_imp         -31.9556   41.5323         5.602      -239.191     0.000  ZXY   2.29412E+00   5.14969E+00   8.87491E-01
1.65398E+01  BH_7_imp         -31.9556   41.5323         5.602      -239.191     0.000  ZYX  -2.34572E+01  -5.07237E+01   8.87491E-01
1.65398E+01  BH_7_imp         -31.9556   41.5323         5.602      -239.191     0.000  ZYY  -1.06403E+01  -7.29458E+00   1.24249E+00
1.00263E+01  BH_7_imp         -31.9556   41.5323         5.602      -239.191     0.000  ZXX  -1.03553E+00  -1.92061E+01   1.50603E+00
1.00263E+01  BH_7_imp         -31.9556   41.5323         5.602      -239.191     0.000  ZXY  -9.17988E+00   1.26115E+00   1.07573E+00
1.00263E+01  BH_7_imp         -31.9556   41.5323         5.602      -239.191     0.000  ZYX  -2.16465E+01  -4.50205E+01   1.07573E+00
1.00263E+01  BH_7_imp         -31.9556   41.5323         5.602      -239.191     0.000  ZYY  -9.65731E+00  -8.63922E+00   1.50603E+00
6.07785E+00  BH_7_imp         -31.9556   41.5323         5.602      -239.191     0.000  ZXX  -1.45676E+01  -3.48332E+01   2.44315E+00
6.07785E+00  BH_7_imp         -31.9556   41.5323         5.602      -239.191     0.000  ZXY  -5.77737E+00   8.99668E+00   1.74511E+00
6.07785E+00  BH_7_imp         -31.9556   41.5323         5.602      -239.191     0.000  ZYX  -5.28440E+01  -1.00936E+02   1.74511E+00
6.07785E+00  BH_7_imp         -31.9556   41.5323         5.602      -239.191     0.000  ZYY  -1.76065E+01  -1.99201E+01   2.44315E+00
3.68431E+00  BH_7_imp         -31.9556   41.5323         5.602      -239.191     0.000  ZXX  -2.90784E+01  -4.12588E+01   3.99902E+00
3.68431E+00  BH_7_imp         -31.9556   41.5323         5.602      -239.191     0.000  ZXY  -3.28543E+00   1.90863E+01   2.85644E+00
3.68431E+00  BH_7_imp         -31.9556   41.5323         5.602      -239.191     0.000  ZYX  -1.00759E+02  -1.35079E+02   2.85644E+00
3.68431E+00  BH_7_imp         -31.9556   41.5323         5.602      -239.191     0.000  ZYY  -3.34592E+01  -1.39398E+01   3.99902E+00
2.23339E+00  BH_7_imp         -31.9556   41.5323         5.602      -239.191     0.000  ZXX  -4.76253E+01  -5.35374E+01   5.65603E+00
2.23339E+00  BH_7_imp         -31.9556   41.5323         5.602      -239.191     0.000  ZXY   7.18546E+00   2.72948E+01   4.04002E+00
2.23339E+00  BH_7_imp         -31.9556   41.5323         5.602      -239.191     0.000  ZYX  -1.54790E+02  -1.71886E+02   4.04002E+00
2.23339E+00  BH_7_imp         -31.9556   41.5323         5.602      -239.191     0.000  ZYY  -3.62066E+01  -2.36521E+00   5.65603E+00
1.35386E+00  BH_7_imp         -31.9556   41.5323         5.602      -239.191     0.000  ZXX  -6.56848E+01  -5.74348E+01   8.36978E+00
1.35386E+00  BH_7_imp         -31.9556   41.5323         5.602      -239.191     0.000  ZXY   2.04272E+01   4.53165E+01   5.97842E+00
1.35386E+00  BH_7_imp         -31.9556   41.5323         5.602      -239.191     0.000  ZYX  -2.18507E+02  -1.87018E+02   5.97842E+00
1.35386E+00  BH_7_imp         -31.9556   41.5323         5.602      -239.191     0.000  ZYY  -1.74137E+01   2.23413E+01   8.36978E+00
8.20695E-01  BH_7_imp         -31.9556   41.5323         5.602      -239.191     0.000  ZXX  -9.42109E+01  -5.57280E+01   1.12031E+01
8.20695E-01  BH_7_imp         -31.9556   41.5323         5.602      -239.191     0.000  ZXY   3.31384E+01   6.15981E+01   8.00221E+00
8.20695E-01  BH_7_imp         -31.9556   41.5323         5.602      -239.191     0.000  ZYX  -3.08026E+02  -1.98043E+02   8.00221E+00
8.20695E-01  BH_7_imp         -31.9556   41.5323         5.602      -239.191     0.000  ZYY  -5.30808E+00   3.82469E+01   1.12031E+01
4.97498E-01  BH_7_imp         -31.9556   41.5323         5.602      -239.191     0.000  ZXX  -6.06863E+01  -4.77246E+01   1.32283E+01
4.97498E-01  BH_7_imp         -31.9556   41.5323         5.602      -239.191     0.000  ZXY   5.71895E+01   7.06471E+01   9.44878E+00
4.97498E-01  BH_7_imp         -31.9556   41.5323         5.602      -239.191     0.000  ZYX  -3.48267E+02  -1.81872E+02   9.44878E+00
4.97498E-01  BH_7_imp         -31.9556   41.5323         5.602      -239.191     0.000  ZYY   4.75098E+01   4.09072E+01   1.32283E+01
3.01578E-01  BH_7_imp         -31.9556   41.5323         5.602      -239.191     0.000  ZXX  -1.16430E+02  -2.59603E+01   1.70673E+01
3.01578E-01  BH_7_imp         -31.9556   41.5323         5.602      -239.191     0.000  ZXY   8.66496E+01   9.89009E+01   1.21909E+01
3.01578E-01  BH_7_imp         -31.9556   41.5323         5.602      -239.191     0.000  ZYX  -4.17956E+02  -1.72381E+02   1.21909E+01
3.01578E-01  BH_7_imp         -31.9556   41.5323         5.602      -239.191     0.000  ZYY   6.65303E+01   3.77521E+01   1.70673E+01
1.82814E-01  BH_7_imp         -31.9556   41.5323         5.602      -239.191     0.000  ZXX  -1.32710E+02  -6.87553E+00   2.03825E+01
1.82814E-01  BH_7_imp         -31.9556   41.5323         5.602      -239.191     0.000  ZXY   1.14919E+02   1.22783E+02   1.45589E+01
1.82814E-01  BH_7_imp         -31.9556   41.5323         5.602      -239.191     0.000  ZYX  -4.76427E+02  -1.64880E+02   1.45589E+01
1.82814E-01  BH_7_imp         -31.9556   41.5323         5.602      -239.191     0.000  ZYY   5.62170E+01   2.37114E+01   2.03825E+01
1.10820E-01  BH_7_imp         -31.9556   41.5323         5.602      -239.191     0.000  ZXX  -1.26139E+02   2.63138E+01   2.27479E+01
1.10820E-01  BH_7_imp         -31.9556   41.5323         5.602      -239.191     0.000  ZXY   3.22620E+01   1.90327E+02   1.62485E+01
1.10820E-01  BH_7_imp         -31.9556   41.5323         5.602      -239.191     0.000  ZYX  -5.21627E+02  -1.64861E+02   1.62485E+01
1.10820E-01  BH_7_imp         -31.9556   41.5323         5.602      -239.191     0.000  ZYY   1.80191E+01  -3.96978E+00   2.27479E+01
6.71781E-02  BH_7_imp         -31.9556   41.5323         5.602      -239.191     0.000  ZXX  -1.21903E+02   1.78593E+01   2.61666E+01
6.71781E-02  BH_7_imp         -31.9556   41.5323         5.602      -239.191     0.000  ZXY   1.67692E+02   1.61437E+02   1.86904E+01
6.71781E-02  BH_7_imp         -31.9556   41.5323         5.602      -239.191     0.000  ZYX  -5.71168E+02  -1.84739E+02   1.86904E+01
6.71781E-02  BH_7_imp         -31.9556   41.5323         5.602      -239.191     0.000  ZYY   2.89595E+01  -1.46745E+01   2.61666E+01
4.07226E-02  BH_7_imp         -31.9556   41.5323         5.602      -239.191     0.000  ZXX  -1.10820E+02   1.71952E+01   3.09058E+01
4.07226E-02  BH_7_imp         -31.9556   41.5323         5.602      -239.191     0.000  ZXY   2.36986E+02   1.77201E+02   2.20755E+01
4.07226E-02  BH_7_imp         -31.9556   41.5323         5.602      -239.191     0.000  ZYX  -6.26670E+02  -2.03083E+02   2.20755E+01
4.07226E-02  BH_7_imp         -31.9556   41.5323         5.602      -239.191     0.000  ZYY   2.29606E+01  -1.26398E+01   3.09058E+01
2.46856E-02  BH_7_imp         -31.9556   41.5323         5.602      -239.191     0.000  ZXX  -1.09213E+02   1.68487E+01   3.59488E+01
2.46856E-02  BH_7_imp         -31.9556   41.5323         5.602      -239.191     0.000  ZXY   2.90517E+02   2.11514E+02   2.56777E+01
2.46856E-02  BH_7_imp         -31.9556   41.5323         5.602      -239.191     0.000  ZYX  -6.99803E+02  -2.21149E+02   2.56777E+01
2.46856E-02  BH_7_imp         -31.9556   41.5323         5.602      -239.191     0.000  ZYY   1.71382E+01   1.52239E+01   3.59488E+01
1.49642E-02  BH_7_imp         -31.9556   41.5323         5.602      -239.191     0.000  ZXX  -1.10599E+02   2.74915E+01   4.17354E+01
1.49642E-02  BH_7_imp         -31.9556   41.5323         5.602      -239.191     0.000  ZXY   3.53969E+02   2.59405E+02   2.98110E+01
1.49642E-02  BH_7_imp         -31.9556   41.5323         5.602      -239.191     0.000  ZYX  -7.77269E+02  -2.28042E+02   2.98110E+01
1.49642E-02  BH_7_imp         -31.9556   41.5323         5.602      -239.191     0.000  ZYY   2.52362E+01   5.76974E+01   4.17354E+01
9.07112E-03  BH_7_imp         -31.9556   41.5323         5.602      -239.191     0.000  ZXX  -1.00412E+02   3.90711E+01   4.84050E+01
9.07112E-03  BH_7_imp         -31.9556   41.5323         5.602      -239.191     0.000  ZXY   4.46371E+02   3.18551E+02   3.45750E+01
9.07112E-03  BH_7_imp         -31.9556   41.5323         5.602      -239.191     0.000  ZYX  -8.38303E+02  -2.39961E+02   3.45750E+01
9.07112E-03  BH_7_imp         -31.9556   41.5323         5.602      -239.191     0.000  ZYY   8.80345E+01   1.06791E+02   4.84050E+01
5.49883E-03  BH_7_imp         -31.9556   41.5323         5.602      -239.191     0.000  ZXX  -9.52673E+01   6.22295E+01   5.52954E+01
5.49883E-03  BH_7_imp         -31.9556   41.5323         5.602      -239.191     0.000  ZXY   5.33196E+02   3.93352E+02   3.94967E+01
5.49883E-03  BH_7_imp         -31.9556   41.5323         5.602      -239.191     0.000  ZYX  -9.05284E+02  -2.59541E+02   3.94967E+01
5.49883E-03  BH_7_imp         -31.9556   41.5323         5.602      -239.191     0.000  ZYY   1.01735E+02   1.21810E+02   5.52954E+01
3.33333E-03  BH_7_imp         -31.9556   41.5323         5.602      -239.191     0.000  ZXX  -7.99879E+01   7.84010E+01   6.32554E+01
3.33333E-03  BH_7_imp         -31.9556   41.5323         5.602      -239.191     0.000  ZXY   6.45022E+02   4.77340E+02   4.51824E+01
3.33333E-03  BH_7_imp         -31.9556   41.5323         5.602      -239.191     0.000  ZYX  -9.69979E+02  -3.07735E+02   4.51824E+01
3.33333E-03  BH_7_imp         -31.9556   41.5323         5.602      -239.191     0.000  ZYY   1.77387E+02   1.10659E+02   6.32554E+01
3.33333E+02  BH_8_imp         -31.9019   41.5571      5898.535      2248.781     0.000  ZXX   1.33515E+00   7.56520E-01   2.12751E-01
3.33333E+02  BH_8_imp         -31.9019   41.5571      5898.535      2248.781     0.000  ZXY   3.41483E+00   2.85817E+00   1.51965E-01
3.33333E+02  BH_8_imp         -31.9019   41.5571      5898.535      2248.781     0.000  ZYX  -1.47345E+00  -1.46010E+00   1.51965E-01
3.33333E+02  BH_8_imp         -31.9019   41.5571      5898.535      2248.781     0.000  ZYY  -1.59303E+00  -9.61081E-01   2.12751E-01
2.02063E+02  BH_8_imp         -31.9019   41.5571      5898.535      2248.781     0.000  ZXX   1.35918E+00   6.69739E-01   2.58000E-01
2.02063E+02  BH_8_imp         -31.9019   41.5571      5898.535      2248.781     0.000  ZXY   4.23545E+00   3.49062E+00   1.84286E-01
2.02063E+02  BH_8_imp         -31.9019   41.5571      5898.535      2248.781     0.000  ZYX  -1.72601E+00  -1.77396E+00   1.84286E-01
2.02063E+02  BH_8_imp         -31.9019   41.5571      5898.535      2248.781     0.000  ZYY  -1.81989E+00  -1.06471E+00   2.58000E-01
1.22489E+02  BH_8_imp         -31.9019   41.5571      5898.535      2248.781     0.000  ZXX   1.37947E+00   7.99374E-01   3.16894E-01
1.22489E+02  BH_8_imp         -31.9019   41.5571      5898.535      2248.781     0.000  ZXY   5.34606E+00   4.11531E+00   2.26353E-01
1.22489E+02  BH_8_imp         -31.9019   41.5571      5898.535      2248.781     0.000  ZYX  -1.88310E+00  -2.38365E+00   2.26353E-01
1.22489E+02  BH_8_imp         -31.9019   41.5571      5898.535      2248.781     0.000  ZYY  -2.10405E+00  -1.18722E+00   3.16894E-01
7.42512E+01  BH_8_imp         -31.9019   41.5571      5898.535      2248.781     0.000  ZXX   1.33392E+00   1.41969E+00   4.07267E-01
7.42512E+01  BH_8_imp         -31.9019   41.5571      5898.535      2248.781     0.000  ZXY   6.40762E+00   5.05570E+00   2.90905E-01
7.42512E+01  BH_8_imp         -31.9019   41.5571      5898.535      2248.781     0.000  ZYX  -1.97314E+00  -3.64788E+00   2.90905E-01
7.42512E+01  BH_8_imp         -31.9019   41.5571      5898.535      2248.781     0.000  ZYY  -2.47778E+00  -1.42871E+00   4.07267E-01
4.50104E+01  BH_8_imp         -31.9019   41.5571      5898.535      2248.781     0.000  ZXX   1.67416E+00   2.44575E+00   5.58413E-01
4.50104E+01  BH_8_imp         -31.9019   41.5571      5898.535      2248.781     0.000  ZXY   7.65622E+00   6.42920E+00   3.98866E-01
4.50104E+01  BH_8_imp         -31.9019   41.5571      5898.535      2248.781     0.000  ZYX  -2.26233E+00  -5.94969E+00   3.98866E-01
4.50104E+01  BH_8_imp         -31.9019   41.5571      5898.535      2248.781     0.000  ZYY  -2.94886E+00  -1.57369E+00   5.58413E-01
2.72849E+01  BH_8_imp         -31.9019   41.5571      5898.535      2248.781     0.000  ZXX   2.26485E+00   3.52717E+00   7.75139E-01
2.72849E+01  BH_8_imp         -31.9019   41.5571      5898.535      2248.781     0.000  ZXY   9.27296E+00   8.23059E+00   5.53671E-01
2.72849E+01  BH_8_imp         -31.9019   41.5571      5898.535      2248.781     0.000  ZYX  -3.46880E+00  -9.26140E+00   5.53671E-01
2.72849E+01  BH_8_imp         -31.9019   41.5571      5898.535      2248.781     0.000  ZYY  -3.41888E+00  -2.25167E+00   7.75139E-01
1.65398E+01  BH_8_imp         -31.9019   41.5571      5898.535      2248.781     0.000  ZXX   3.07477E+00   5.22759E+00   1.05108E+00
1.65398E+01  BH_8_imp         -31.9019   41.5571      5898.535      2248.781     0.000  ZXY   1.05025E+01   1.10830E+01   7.50775E-01
1.65398E+01  BH_8_imp         -31.9019   41.5571      5898.535      2248.781     0.000  ZYX  -5.44852E+00  -1.37245E+01   7.50775E-01
1.65398E+01  BH_8_imp         -31.9019   41.5571      5898.535      2248.781     0.000  ZYY  -4.12630E+00  -2.78773E+00   1.05108E+00
1.00263E+01  BH_8_imp         -31.9019   41.5571      5898.535      2248.781     0.000  ZXX   4.19711E+00   6.05999E+00   1.44051E+00
1.00263E+01  BH_8_imp         -31.9019   41.5571      5898.535      2248.781     0.000  ZXY   1.33706E+01   1.51177E+01   1.02893E+00
1.00263E+01  BH_8_imp         -31.9019   41.5571      5898.535      2248.781     0.000  ZYX  -9.00394E+00  -1.89530E+01   1.02893E+00
1.00263E+01  BH_8_imp         -31.9019   41.5571      5898.535      2248.781     0.000  ZYY  -5.86396E+00  -3.52972E+00   1.44051E+00
6.07785E+00  BH_8_imp         -31.9019   41.5571      5898.535      2248.781     0.000  ZXX   7.20353E+00   7.92548E+00   2.04725E+00
6.07785E+00  BH_8_imp         -31.9019   41.5571      5898.535      2248.781     0.000  ZXY   1.71940E+01   2.05317E+01   1.46232E+00
6.07785E+00  BH_8_imp         -31.9019   41.5571      5898.535      2248.781     0.000  ZYX  -1.67562E+01  -2.71913E+01   1.46232E+00
6.07785E+00  BH_8_imp         -31.9019   41.5571      5898.535      2248.781     0.000  ZYY  -6.01641E+00  -3.01496E+00   2.04725E+00
3.68431E+00  BH_8_imp         -31.9019   41.5571      5898.535      2248.781     0.000  ZXX   1.09702E+01   1.02100E+01   2.75920E+00
3.68431E+00  BH_8_imp         -31.9019   41.5571      5898.535      2248.781     0.000  ZXY   2.28697E+01   2.70057E+01   1.97086E+00
3.68431E+00  BH_8_imp         -31.9019   41.5571      5898.535      2248.781     0.000  ZYX  -2.65200E+01  -3.49902E+01   1.97086E+00
3.68431E+00  BH_8_imp         -31.9019   41.5571      5898.535      2248.781     0.000  ZYY  -9.28179E+00  -9.66768E-01   2.75920E+00
2.23339E+00  BH_8_imp         -31.9019   41.5571      5898.535      2248.781     0.000  ZXX   1.81327E+01   1.18455E+01   3.74815E+00
2.23339E+00  BH_8_imp         -31.9019   41.5571      5898.535      2248.781     0.000  ZXY   3.09617E+01   3.64493E+01   2.67725E+00
2.23339E+00  BH_8_imp         -31.9019   41.5571      5898.535      2248.781     0.000  ZYX  -4.27575E+01  -4.20214E+01   2.67725E+00
2.23339E+00  BH_8_imp         -31.9019   41.5571      5898.535      2248.781     0.000  ZYY  -8.37617E+00  -2.36760E-01   3.74815E+00
1.35386E+00  BH_8_imp         -31.9019   41.5571      5898.535      2248.781     0.000  ZXX   2.21391E+01   8.78001E+00   4.88309E+00
1.35386E+00  BH_8_imp         -31.9019   41.5571      5898.535      2248.781     0.000  ZXY   4.29639E+01   4.81579E+01   3.48792E+00
1.35386E+00  BH_8_imp         -31.9019   41.5571      5898.535      2248.781     0.000  ZYX  -6.05675E+01  -4.49113E+01   3.48792E+00
1.35386E+00  BH_8_imp         -31.9019   41.5571      5898.535      2248.781     0.000  ZYY  -9.54639E+00   3.26755E+00   4.88309E+00
8.20695E-01  BH_8_imp         -31.9019   41.5571      5898.535      2248.781     0.000  ZXX   2.78955E+01   4.65217E+00   6.16105E+00
8.20695E-01  BH_8_imp         -31.9019   41.5571      5898.535      2248.781     0.000  ZXY   6.14008E+01   5.97489E+01   4.40075E+00
8.20695E-01  BH_8_imp         -31.9019   41.5571      5898.535      2248.781     0.000  ZYX  -7.94874E+01  -4.30994E+01   4.40075E+00
8.20695E-01  BH_8_imp         -31.9019   41.5571      5898.535      2248.781     0.000  ZYY  -7.93462E+00   6.17943E+00   6.16105E+00
4.97498E-01  BH_8_imp         -31.9019   41.5571      5898.535      2248.781     0.000  ZXX   2.68498E+01  -8.49595E-01   7.67459E+00
4.97498E-01  BH_8_imp         -31.9019   41.5571      5898.535      2248.781     0.000  ZXY   8.53217E+01   7.73778E+01   5.48185E+00
4.97498E-01  BH_8_imp         -31.9019   41.5571      5898.535      2248.781     0.000  ZYX  -9.71210E+01  -3.81854E+01   5.48185E+00
4.97498E-01  BH_8_imp         -31.9019   41.5571      5898.535      2248.781     0.000  ZYY  -3.61739E+00   6.48937E+00   7.67459E+00
3.01578E-01  BH_8_imp         -31.9019   41.5571      5898.535      2248.781     0.000  ZXX   2.70504E+01  -4.47864E+00   8.76202E+00
3.01578E-01  BH_8_imp         -31.9019   41.5571      5898.535      2248.781     0.000  ZXY   1.09518E+02   8.98840E+01   6.25858E+00
3.01578E-01  BH_8_imp         -31.9019   41.5571      5898.535      2248.781     0.000  ZYX  -1.05264E+02  -3.38955E+01   6.25858E+00
3.01578E-01  BH_8_imp         -31.9019   41.5571      5898.535      2248.781     0.000  ZYY   8.86261E-01   1.29789E+00   8.76202E+00
1.82814E-01  BH_8_imp         -31.9019   41.5571      5898.535      2248.781     0.000  ZXX   2.53113E+01  -8.93785E+00   9.97539E+00
1.82814E-01  BH_8_imp         -31.9019   41.5571      5898.535      2248.781     0.000  ZXY   1.38146E+02   1.06527E+02   7.12528E+00
1.82814E-01  BH_8_imp         -31.9019   41.5571      5898.535      2248.781     0.000  ZYX  -1.12426E+02  -3.01992E+01   7.12528E+00
1.82814E-01  BH_8_imp         -31.9019   41.5571      5898.535      2248.781     0.000  ZYY   1.16962E+00  -7.53198E+00   9.97539E+00
1.10820E-01  BH_8_imp         -31.9019   41.5571      5898.535      2248.781     0.000  ZXX   2.08068E+01  -1.30360E+01   1.10158E+01
1.10820E-01  BH_8_imp         -31.9019   41.5571      5898.535      2248.781     0.000  ZXY   1.68907E+02   1.29952E+02   7.86840E+00
1.10820E-01  BH_8_imp         -31.9019   41.5571      5898.535      2248.781     0.000  ZYX  -1.13046E+02  -2.69106E+01   7.86840E+00
1.10820E-01  BH_8_imp         -31.9019   41.5571      5898.535      2248.781     0.000  ZYY  -2.36918E+01  -5.00736E-01   1.10158E+01
6.71781E-02  BH_8_imp         -31.9019   41.5571      5898.535      2248.781     0.000  ZXX   1.20081E+01  -1.58383E+01   1.27750E+01
6.71781E-02  BH_8_imp         -31.9019   41.5571      5898.535      2248.781     0.000  ZXY   2.16476E+02   1.51731E+02   9.12498E+00
6.71781E-02  BH_8_imp         -31.9019   41.5571      5898.535      2248.781     0.000  ZYX  -1.22151E+02  -3.08630E+01   9.12498E+00
6.71781E-02  BH_8_imp         -31.9019   41.5571      5898.535      2248.781     0.000  ZYY  -1.52658E+01  -2.21783E+01   1.27750E+01
4.07226E-02  BH_8_imp         -31.9019   41.5571      5898.535      2248.781     0.000  ZXX   2.26717E-01  -1.22461E+01   1.43924E+01
4.07226E-02  BH_8_imp         -31.9019   41.5571      5898.535      2248.781     0.000  ZXY   2.71090E+02   1.71651E+02   1.02803E+01
4.07226E-02  BH_8_imp         -31.9019   41.5571      5898.535      2248.781     0.000  ZYX  -1.25454E+02  -4.02414E+01   1.02803E+01
4.07226E-02  BH_8_imp         -31.9019   41.5571      5898.535      2248.781     0.000  ZYY  -2.55615E+01  -2.28373E+01   1.43924E+01
2.46856E-02  BH_8_imp         -31.9019   41.5571      5898.535      2248.781     0.000  ZXX  -1.01068E+01   1.80262E+00   1.63029E+01
2.46856E-02  BH_8_imp         -31.9019   41.5571      5898.535      2248.781     0.000  ZXY   3.26956E+02   1.85713E+02   1.16449E+01
2.46856E-02  BH_8_imp         -31.9019   41.5571      5898.535      2248.781     0.000  ZYX  -1.32060E+02  -5.80433E+01   1.16449E+01
2.46856E-02  BH_8_imp         -31.9019   41.5571      5898.535      2248.781     0.000  ZYY  -3.16641E+01  -2.01894E+01   1.63029E+01
1.49642E-02  BH_8_imp         -31.9019   41.5571      5898.535      2248.781     0.000  ZXX  -5.75660E+00   2.64142E+01   1.94626E+01
1.49642E-02  BH_8_imp         -31.9019   41.5571      5898.535      2248.781     0.000  ZXY   3.88756E+02   2.09123E+02   1.39019E+01
1.49642E-02  BH_8_imp         -31.9019   41.5571      5898.535      2248.781     0.000  ZYX  -1.51116E+02  -8.84965E+01   1.39019E+01
1.49642E-02  BH_8_imp         -31.9019   41.5571      5898.535      2248.781     0.000  ZYY  -3.36545E+01  -2.13188E+01   1.94626E+01
9.07112E-03  BH_8_imp         -31.9019   41.5571      5898.535      2248.781     0.000  ZXX   1.19361E+01   4.20241E+01   2.34784E+01
9.07112E-03  BH_8_imp         -31.9019   41.5571      5898.535      2248.781     0.000  ZXY   4.56229E+02   2.37290E+02   1.67703E+01
9.07112E-03  BH_8_imp         -31.9019   41.5571      5898.535      2248.781     0.000  ZYX  -1.82951E+02  -1.19937E+02   1.67703E+01
9.07112E-03  BH_8_imp         -31.9019   41.5571      5898.535      2248.781     0.000  ZYY  -3.77848E+01  -2.86634E+01   2.34784E+01
5.49883E-03  BH_8_imp         -31.9019   41.5571      5898.535      2248.781     0.000  ZXX   3.24701E+01   4.52643E+01   2.87477E+01
5.49883E-03  BH_8_imp         -31.9019   41.5571      5898.535      2248.781     0.000  ZXY   5.50466E+02   2.62420E+02   2.05340E+01
5.49883E-03  BH_8_imp         -31.9019   41.5571      5898.535      2248.781     0.000  ZYX  -2.33101E+02  -1.48851E+02   2.05340E+01
5.49883E-03  BH_8_imp         -31.9019   41.5571      5898.535      2248.781     0.000  ZYY  -5.08447E+01  -3.75802E+01   2.87477E+01
3.33333E-03  BH_8_imp         -31.9019   41.5571      5898.535      2248.781     0.000  ZXX   4.47845E+01   4.83657E+01   3.35953E+01
3.33333E-03  BH_8_imp         -31.9019   41.5571      5898.535      2248.781     0.000  ZXY   6.40986E+02   2.71728E+02   2.39966E+01
3.33333E-03  BH_8_imp         -31.9019   41.5571      5898.535      2248.781     0.000  ZYX  -2.85442E+02  -1.67277E+02   2.39966E+01
3.33333E-03  BH_8_imp         -31.9019   41.5571      5898.535      2248.781     0.000  ZYY  -6.26289E+01  -3.98299E+01   3.35953E+01
3.33333E+02  BH_9_imp         -32.0026   41.5916     -5341.274      5240.312     0.000  ZXX   1.55274E+00   8.16413E-01   2.59057E-01
3.33333E+02  BH_9_imp         -32.0026   41.5916     -5341.274      5240.312     0.000  ZXY   3.78888E+00   3.27599E+00   1.85041E-01
3.33333E+02  BH_9_imp         -32.0026   41.5916     -5341.274      5240.312     0.000  ZYX  -2.17226E+00  -1.66080E+00   1.85041E-01
3.33333E+02  BH_9_imp         -32.0026   41.5916     -5341.274      5240.312     0.000  ZYY  -3.60457E+00  -2.82330E+00   2.59057E-01
2.02063E+02  BH_9_imp         -32.0026   41.5916     -5341.274      5240.312     0.000  ZXX   1.59118E+00   8.04446E-01   3.05364E-01
2.02063E+02  BH_9_imp         -32.0026   41.5916     -5341.274      5240.312     0.000  ZXY   4.96529E+00   3.81615E+00   2.18117E-01
2.02063E+02  BH_9_imp         -32.0026   41.5916     -5341.274      5240.312     0.000  ZYX  -2.38970E+00  -1.87712E+00   2.18117E-01
2.02063E+02  BH_9_imp         -32.0026   41.5916     -5341.274      5240.312     0.000  ZYY  -4.64836E+00  -3.17127E+00   3.05364E-01
1.22489E+02  BH_9_imp         -32.0026   41.5916     -5341.274      5240.312     0.000  ZXX   1.54811E+00   1.02194E+00   3.60927E-01
1.22489E+02  BH_9_imp         -32.0026   41.5916     -5341.274      5240.312     0.000  ZXY   6.04870E+00   4.51825E+00   2.57805E-01
1.22489E+02  BH_9_imp         -32.0026   41.5916     -5341.274      5240.312     0.000  ZYX  -2.47348E+00  -2.50624E+00   2.57805E-01
1.22489E+02  BH_9_imp         -32.0026   41.5916     -5341.274      5240.312     0.000  ZYY  -5.52338E+00  -3.70914E+00   3.60927E-01
7.42512E+01  BH_9_imp         -32.0026   41.5916     -5341.274      5240.312     0.000  ZXX   1.59347E+00   1.66047E+00   4.57544E-01
7.42512E+01  BH_9_imp         -32.0026   41.5916     -5341.274      5240.312     0.000  ZXY   7.14845E+00   5.50648E+00   3.26817E-01
7.42512E+01  BH_9_imp         -32.0026   41.5916     -5341.274      5240.312     0.000  ZYX  -2.65414E+00  -3.92092E+00   3.26817E-01
7.42512E+01  BH_9_imp         -32.0026   41.5916     -5341.274      5240.312     0.000  ZYY  -6.37488E+00  -4.54246E+00   4.57544E-01
4.50104E+01  BH_9_imp         -32.0026   41.5916     -5341.274      5240.312     0.000  ZXX   1.80032E+00   2.58618E+00   6.19222E-01
4.50104E+01  BH_9_imp         -32.0026   41.5916     -5341.274      5240.312     0.000  ZXY   9.06783E+00   6.94776E+00   4.42301E-01
4.50104E+01  BH_9_imp         -32.0026   41.5916     -5341.274      5240.312     0.000  ZYX  -2.87622E+00  -6.21700E+00   4.42301E-01
4.50104E+01  BH_9_imp         -32.0026   41.5916     -5341.274      5240.312     0.000  ZYY  -8.21900E+00  -5.36836E+00   6.19222E-01
2.72849E+01  BH_9_imp         -32.0026   41.5916     -5341.274      5240.312     0.000  ZXX   2.36861E+00   3.78781E+00   8.33227E-01
2.72849E+01  BH_9_imp         -32.0026   41.5916     -5341.274      5240.312     0.000  ZXY   1.01659E+01   8.94390E+00   5.95162E-01
2.72849E+01  BH_9_imp         -32.0026   41.5916     -5341.274      5240.312     0.000  ZYX  -3.98217E+00  -9.67682E+00   5.95162E-01
2.72849E+01  BH_9_imp         -32.0026   41.5916     -5341.274      5240.312     0.000  ZYY  -8.95309E+00  -6.82564E+00   8.33227E-01
1.65398E+01  BH_9_imp         -32.0026   41.5916     -5341.274      5240.312     0.000  ZXX   3.40956E+00   5.10892E+00   1.11687E+00
1.65398E+01  BH_9_imp         -32.0026   41.5916     -5341.274      5240.312     0.000  ZXY   1.18395E+01   1.14521E+01   7.97767E-01
1.65398E+01  BH_9_imp         -32.0026   41.5916     -5341.274      5240.312     0.000  ZYX  -6.08830E+00  -1.42053E+01   7.97767E-01
1.65398E+01  BH_9_imp         -32.0026   41.5916     -5341.274      5240.312     0.000  ZYY  -1.03231E+01  -8.44633E+00   1.11687E+00
1.00263E+01  BH_9_imp         -32.0026   41.5916     -5341.274      5240.312     0.000  ZXX   4.37360E+00   8.34864E+00   1.58130E+00
1.00263E+01  BH_9_imp         -32.0026   41.5916     -5341.274      5240.312     0.000  ZXY   1.54932E+01   1.58452E+01   1.12950E+00
1.00263E+01  BH_9_imp         -32.0026   41.5916     -5341.274      5240.312     0.000  ZYX  -9.19681E+00  -2.11109E+01   1.12950E+00
1.00263E+01  BH_9_imp         -32.0026   41.5916     -5341.274      5240.312     0.000  ZYY  -1.37489E+01  -1.20597E+01   1.58130E+00
6.07785E+00  BH_9_imp         -32.0026   41.5916     -5341.274      5240.312     0.000  ZXX   7.13591E+00   1.20854E+01   2.20048E+00
6.07785E+00  BH_9_imp         -32.0026   41.5916     -5341.274      5240.312     0.000  ZXY   1.89568E+01   2.16688E+01   1.57177E+00
6.07785E+00  BH_9_imp         -32.0026   41.5916     -5341.274      5240.312     0.000  ZYX  -1.57798E+01  -3.04807E+01   1.57177E+00
6.07785E+00  BH_9_imp         -32.0026   41.5916     -5341.274      5240.312     0.000  ZYY  -1.49041E+01  -1.65129E+01   2.20048E+00
3.68431E+00  BH_9_imp         -32.0026   41.5916     -5341.274      5240.312     0.000  ZXX   1.10481E+01   1.55856E+01   3.04115E+00
3.68431E+00  BH_9_imp         -32.0026   41.5916     -5341.274      5240.312     0.000  ZXY   2.46423E+01   2.95693E+01   2.17225E+00
3.68431E+00  BH_9_imp         -32.0026   41.5916     -5341.274      5240.312     0.000  ZYX  -2.67677E+01  -4.10856E+01   2.17225E+00
3.68431E+00  BH_9_imp         -32.0026   41.5916     -5341.274      5240.312     0.000  ZYY  -1.98057E+01  -1.89038E+01   3.04115E+00
2.23339E+00  BH_9_imp         -32.0026   41.5916     -5341.274      5240.312     0.000  ZXX   1.90746E+01   2.22505E+01   3.74038E+00
2.23339E+00  BH_9_imp         -32.0026   41.5916     -5341.274      5240.312     0.000  ZXY   2.56719E+01   3.16601E+01   2.67170E+00
2.23339E+00  BH_9_imp         -32.0026   41.5916     -5341.274      5240.312     0.000  ZYX  -4.53950E+01  -5.33482E+01   2.67170E+00
2.23339E+00  BH_9_imp         -32.0026   41.5916     -5341.274      5240.312     0.000  ZYY  -1.79849E+01  -1.90482E+01   3.74038E+00
1.35386E+00  BH_9_imp         -32.0026   41.5916     -5341.274      5240.312     0.000  ZXX   2.49918E+01   2.39761E+01   5.35141E+00
1.35386E+00  BH_9_imp         -32.0026   41.5916     -5341.274      5240.312     0.000  ZXY   3.96606E+01   5.31480E+01   3.82244E+00
1.35386E+00  BH_9_imp         -32.0026   41.5916     -5341.274      5240.312     0.000  ZYX  -6.32886E+01  -6.13323E+01   3.82244E+00
1.35386E+00  BH_9_imp         -32.0026   41.5916     -5341.274      5240.312     0.000  ZYY  -2.68213E+01  -3.31428E+01   5.35141E+00
8.20695E-01  BH_9_imp         -32.0026   41.5916     -5341.274      5240.312     0.000  ZXX   3.31004E+01   3.08192E+01   6.87097E+00
8.20695E-01  BH_9_imp         -32.0026   41.5916     -5341.274      5240.312     0.000  ZXY   5.56217E+01   6.63232E+01   4.90783E+00
8.20695E-01  BH_9_imp         -32.0026   41.5916     -5341.274      5240.312     0.000  ZYX  -8.57481E+01  -7.09694E+01   4.90783E+00
8.20695E-01  BH_9_imp         -32.0026   41.5916     -5341.274      5240.312     0.000  ZYY  -3.72210E+01  -3.66872E+01   6.87097E+00
4.97498E-01  BH_9_imp         -32.0026   41.5916     -5341.274      5240.312     0.000  ZXX   5.27740E+01   3.55407E+01   8.68302E+00
4.97498E-01  BH_9_imp         -32.0026   41.5916     -5341.274      5240.312     0.000  ZXY   7.43049E+01   8.47317E+01   6.20216E+00
4.97498E-01  BH_9_imp         -32.0026   41.5916     -5341.274      5240.312     0.000  ZYX  -1.12533E+02  -7.73112E+01   6.20216E+00
4.97498E-01  BH_9_imp         -32.0026   41.5916     -5341.274      5240.312     0.000  ZYY  -4.92490E+01  -5.11260E+01   8.68302E+00
3.01578E-01  BH_9_imp         -32.0026   41.5916     -5341.274      5240.312     0.000  ZXX   5.96365E+01   5.17336E+01   1.14466E+01
3.01578E-01  BH_9_imp         -32.0026   41.5916     -5341.274      5240.312     0.000  ZXY   1.10781E+02   1.15927E+02   8.17611E+00
3.01578E-01  BH_9_imp         -32.0026   41.5916     -5341.274      5240.312     0.000  ZYX  -1.36460E+02  -9.58509E+01   8.17611E+00
3.01578E-01  BH_9_imp         -32.0026   41.5916     -5341.274      5240.312     0.000  ZYY  -7.40848E+01  -6.72704E+01   1.14466E+01
1.82814E-01  BH_9_imp         -32.0026   41.5916     -5341.274      5240.312     0.000  ZXX   7.92662E+01   6.40069E+01   1.44279E+01
1.82814E-01  BH_9_imp         -32.0026   41.5916     -5341.274      5240.312     0.000  ZXY   1.55333E+02   1.41526E+02   1.03056E+01
1.82814E-01  BH_9_imp         -32.0026   41.5916     -5341.274      5240.312     0.000  ZYX  -1.67539E+02  -1.13140E+02   1.03056E+01
1.82814E-01  BH_9_imp         -32.0026   41.5916     -5341.274      5240.312     0.000  ZYY  -1.04512E+02  -7.87007E+01   1.44279E+01
1.10820E-01  BH_9_imp         -32.0026   41.5916     -5341.274      5240.312     0.000  ZXX   1.10468E+02   7.26841E+01   1.75521E+01
1.10820E-01  BH_9_imp         -32.0026   41.5916     -5341.274      5240.312     0.000  ZXY   1.89753E+02   1.76479E+02   1.25372E+01
1.10820E-01  BH_9_imp         -32.0026   41.5916     -5341.274      5240.312     0.000  ZYX  -2.03330E+02  -1.32376E+02   1.25372E+01
1.10820E-01  BH_9_imp         -32.0026   41.5916     -5341.274      5240.312     0.000  ZYY  -1.29176E+02  -8.94524E+01   1.75521E+01
6.71781E-02  BH_9_imp         -32.0026   41.5916     -5341.274      5240.312     0.000  ZXX   1.29712E+02   7.18561E+01   2.10007E+01
6.71781E-02  BH_9_imp         -32.0026   41.5916     -5341.274      5240.312     0.000  ZXY   2.60249E+02   1.83646E+02   1.50005E+01
6.71781E-02  BH_9_imp         -32.0026   41.5916     -5341.274      5240.312     0.000  ZYX  -2.37654E+02  -1.52872E+02   1.50005E+01
6.71781E-02  BH_9_imp         -32.0026   41.5916     -5341.274      5240.312     0.000  ZYY  -1.69846E+02  -7.89570E+01   2.10007E+01
4.07226E-02  BH_9_imp         -32.0026   41.5916     -5341.274      5240.312     0.000  ZXX   1.47617E+02   6.90631E+01   2.45988E+01
4.07226E-02  BH_9_imp         -32.0026   41.5916     -5341.274      5240.312     0.000  ZXY   3.17782E+02   1.97453E+02   1.75706E+01
4.07226E-02  BH_9_imp         -32.0026   41.5916     -5341.274      5240.312     0.000  ZYX  -2.74447E+02  -1.83377E+02   1.75706E+01
4.07226E-02  BH_9_imp         -32.0026   41.5916     -5341.274      5240.312     0.000  ZYY  -1.97646E+02  -6.41765E+01   2.45988E+01
2.46856E-02  BH_9_imp         -32.0026   41.5916     -5341.274      5240.312     0.000  ZXX   1.55731E+02   7.40600E+01   2.86925E+01
2.46856E-02  BH_9_imp         -32.0026   41.5916     -5341.274      5240.312     0.000  ZXY   3.69590E+02   2.17946E+02   2.04946E+01
2.46856E-02  BH_9_imp         -32.0026   41.5916     -5341.274      5240.312     0.000  ZYX  -3.15787E+02  -2.31539E+02   2.04946E+01
2.46856E-02  BH_9_imp         -32.0026   41.5916     -5341.274      5240.312     0.000  ZYY  -2.11777E+02  -4.94047E+01   2.86925E+01
1.49642E-02  BH_9_imp         -32.0026   41.5916     -5341.274      5240.312     0.000  ZXX   1.62810E+02   1.04442E+02   3.48553E+01
1.49642E-02  BH_9_imp         -32.0026   41.5916     -5341.274      5240.312     0.000  ZXY   4.25554E+02   2.66249E+02   2.48966E+01
1.49642E-02  BH_9_imp         -32.0026   41.5916     -5341.274      5240.312     0.000  ZYX  -3.78999E+02  -3.16723E+02   2.48966E+01
1.49642E-02  BH_9_imp         -32.0026   41.5916     -5341.274      5240.312     0.000  ZYY  -2.16382E+02  -4.62625E+01   3.48553E+01
9.07112E-03  BH_9_imp         -32.0026   41.5916     -5341.274      5240.312     0.000  ZXX   1.88263E+02   1.58751E+02   4.28244E+01
9.07112E-03  BH_9_imp         -32.0026   41.5916     -5341.274      5240.312     0.000  ZXY   4.88081E+02   3.37989E+02   3.05888E+01
9.07112E-03  BH_9_imp         -32.0026   41.5916     -5341.274      5240.312     0.000  ZYX  -4.65825E+02  -4.24781E+02   3.05888E+01
9.07112E-03  BH_9_imp         -32.0026   41.5916     -5341.274      5240.312     0.000  ZYY  -2.23173E+02  -5.59215E+01   4.28244E+01
5.49883E-03  BH_9_imp         -32.0026   41.5916     -5341.274      5240.312     0.000  ZXX   2.57426E+02   2.25705E+02   5.49417E+01
5.49883E-03  BH_9_imp         -32.0026   41.5916     -5341.274      5240.312     0.000  ZXY   5.90171E+02   4.42907E+02   3.92440E+01
5.49883E-03  BH_9_imp         -32.0026   41.5916     -5341.274      5240.312     0.000  ZYX  -6.13338E+02  -5.66420E+02   3.92440E+01
5.49883E-03  BH_9_imp         -32.0026   41.5916     -5341.274      5240.312     0.000  ZYY  -2.44625E+02  -6.25118E+01   5.49417E+01
3.33333E-03  BH_9_imp         -32.0026   41.5916     -5341.274      5240.312     0.000  ZXX   3.61457E+02   2.72463E+02   6.96145E+01
3.33333E-03  BH_9_imp         -32.0026   41.5916     -5341.274      5240.312     0.000  ZXY   7.25948E+02   5.59462E+02   4.97247E+01
3.33333E-03  BH_9_imp         -32.0026   41.5916     -5341.274      5240.312     0.000  ZYX  -8.19462E+02  -7.02109E+02   4.97247E+01
3.33333E-03  BH_9_imp         -32.0026   41.5916     -5341.274      5240.312     0.000  ZYY  -2.65940E+02  -7.35667E+01   6.96145E+01
# ModEM impedance responses for Created with MT_MESH
# Period(s) Code GG_Lat GG_Lon X(m) Y(m) Z(m) Component Real Imag Error
> Full_Vertical_Components
> exp(+i\omega t)
> [] 
> 0.00
> -31.95556 41.53481
> 24 21
3.33333E+02  BH_10_imp        -31.9799   41.5902     -2818.695      5171.237     0.000  TX   1.20770E-01   1.86370E-01  1.00000E-01
3.33333E+02  BH_10_imp        -31.9799   41.5902     -2818.695      5171.237     0.000  TY   8.57810E-02  -7.62411E-02  1.00000E-01
2.02063E+02  BH_10_imp        -31.9799   41.5902     -2818.695      5171.237     0.000  TX  -6.63873E-02   4.43724E-01  1.00000E+01
2.02063E+02  BH_10_imp        -31.9799   41.5902     -2818.695      5171.237     0.000  TY   3.20656E-01  -5.01205E-01  1.00000E+01
1.22489E+02  BH_10_imp        -31.9799   41.5902     -2818.695      5171.237     0.000  TX   1.18936E-01   1.37676E-01  1.00000E+01
1.22489E+02  BH_10_imp        -31.9799   41.5902     -2818.695      5171.237     0.000  TY   4.36158E-02  -2.67593E-01  1.00000E+01
7.42512E+01  BH_10_imp        -31.9799   41.5902     -2818.695      5171.237     0.000  TX   1.13591E-01   3.56781E-02  1.00000E+01
7.42512E+01  BH_10_imp        -31.9799   41.5902     -2818.695      5171.237     0.000  TY  -5.45353E-03  -1.20552E-01  1.00000E+01
4.50104E+01  BH_10_imp        -31.9799   41.5902     -2818.695      5171.237     0.000  TX   1.07545E-01  -1.72932E-03  1.00000E+01
4.50104E+01  BH_10_imp        -31.9799   41.5902     -2818.695      5171.237     0.000  TY  -1.14579E-01  -2.96111E-03  1.00000E+01
2.72849E+01  BH_10_imp        -31.9799   41.5902     -2818.695      5171.237     0.000  TX   8.23197E-02  -3.37361E-02  1.00000E+01
2.72849E+01  BH_10_imp        -31.9799   41.5902     -2818.695      5171.237     0.000  TY  -1.51320E-01  -6.94434E-02  1.00000E+01
1.65398E+01  BH_10_imp        -31.9799   41.5902     -2818.695      5171.237     0.000  TX   7.61298E-02   3.26180E+00  1.00000E+01
1.65398E+01  BH_10_imp        -31.9799   41.5902     -2818.695      5171.237     0.000  TY  -4.19573E-01   8.94054E-01  1.00000E+01
1.00263E+01  BH_10_imp        -31.9799   41.5902     -2818.695      5171.237     0.000  TX  -1.41045E+00   6.50697E-01  1.00000E+01
1.00263E+01  BH_10_imp        -31.9799   41.5902     -2818.695      5171.237     0.000  TY  -6.63941E-01  -2.37166E+00  1.00000E+01
6.07785E+00  BH_10_imp        -31.9799   41.5902     -2818.695      5171.237     0.000  TX  -1.45870E+00  -4.61160E+00  1.00000E+01
6.07785E+00  BH_10_imp        -31.9799   41.5902     -2818.695      5171.237     0.000  TY  -3.12226E+00  -5.06057E-01  1.00000E+01
3.68431E+00  BH_10_imp        -31.9799   41.5902     -2818.695      5171.237     0.000  TX   7.23054E-01  -7.15553E-01  1.00000E+01
3.68431E+00  BH_10_imp        -31.9799   41.5902     -2818.695      5171.237     0.000  TY   3.03781E+00   2.55066E+00  1.00000E+01
2.23339E+00  BH_10_imp        -31.9799   41.5902     -2818.695      5171.237     0.000  TX  -2.27165E-02  -1.38303E-01  1.00000E+01
2.23339E+00  BH_10_imp        -31.9799   41.5902     -2818.695      5171.237     0.000  TY  -1.52967E-01   3.32494E-01  1.00000E+01
1.35386E+00  BH_10_imp        -31.9799   41.5902     -2818.695      5171.237     0.000  TX   2.64708E-01  -9.45959E-01  1.00000E+01
1.35386E+00  BH_10_imp        -31.9799   41.5902     -2818.695      5171.237     0.000  TY  -1.97078E-01   5.34387E-01  1.00000E+01
8.20695E-01  BH_10_imp        -31.9799   41.5902     -2818.695      5171.237     0.000  TX   3.11930E-01   6.03874E-02  1.00000E+01
8.20695E-01  BH_10_imp        -31.9799   41.5902     -2818.695      5171.237     0.000  TY  -9.94256E-02   1.65594E-01  1.00000E+01
4.97498E-01  BH_10_imp        -31.9799   41.5902     -2818.695      5171.237     0.000  TX  -5.05513E-01   1.04799E-01  1.00000E+01
4.97498E-01  BH_10_imp        -31.9799   41.5902     -2818.695      5171.237     0.000  TY  -3.06942E-01   3.25862E-01  1.00000E+01
3.01578E-01  BH_10_imp        -31.9799   41.5902     -2818.695      5171.237     0.000  TX   1.10163E-01  -1.27920E-02  1.00000E+01
3.01578E-01  BH_10_imp        -31.9799   41.5902     -2818.695      5171.237     0.000  TY  -1.02583E-01   1.12180E-01  1.00000E+01
1.82814E-01  BH_10_imp        -31.9799   41.5902     -2818.695      5171.237     0.000  TX   8.06762E-02  -3.73661E-03  1.00000E+01
1.82814E-01  BH_10_imp        -31.9799   41.5902     -2818.695      5171.237     0.000  TY  -3.95697E-02   1.31593E-01  1.00000E+01
1.10820E-01  BH_10_imp        -31.9799   41.5902     -2818.695      5171.237     0.000  TX   7.10941E-02   1.80325E-02  1.00000E+01
1.10820E-01  BH_10_imp        -31.9799   41.5902     -2818.695      5171.237     0.000  TY  -1.30813E-02   1.01638E-01  1.00000E+01
6.71781E-02  BH_10_imp        -31.9799   41.5902     -2818.695      5171.237     0.000  TX   1.03483E-01   3.78585E-02  1.00000E-01
6.71781E-02  BH_10_imp        -31.9799   41.5902     -2818.695      5171.237     0.000  TY   2.83470E-02   5.30803E-02  1.00000E-01
4.07226E-02  BH_10_imp        -31.9799   41.5902     -2818.695      5171.237     0.000  TX   1.25688E-01   3.86197E-02  1.00000E-01
4.07226E-02  BH_10_imp        -31.9799   41.5902     -2818.695      5171.237     0.000  TY   4.05227E-02   1.24527E-02  1.00000E-01
2.46856E-02  BH_10_imp        -31.9799   41.5902     -2818.695      5171.237     0.000  TX   1.48925E-01   1.76599E-02  1.00000E-01
2.46856E-02  BH_10_imp        -31.9799   41.5902     -2818.695      5171.237     0.000  TY   3.20972E-02  -1.03648E-02  1.00000E-01
1.49642E-02  BH_10_imp        -31.9799   41.5902     -2818.695      5171.237     0.000  TX   1.51412E-01  -7.56275E-03  1.00000E-01
1.49642E-02  BH_10_imp        -31.9799   41.5902     -2818.695      5171.237     0.000  TY   9.68394E-03  -1.91141E-02  1.00000E-01
9.07112E-03  BH_10_imp        -31.9799   41.5902     -2818.695      5171.237     0.000  TX   1.38806E-01  -2.33310E-02  1.00000E-01
9.07112E-03  BH_10_imp        -31.9799   41.5902     -2818.695      5171.237     0.000  TY  -9.39646E-03  -1.79722E-02  1.00000E-01
5.49883E-03  BH_10_imp        -31.9799   41.5902     -2818.695      5171.237     0.000  TX   1.20263E-01  -3.13249E-02  1.00000E-01
5.49883E-03  BH_10_imp        -31.9799   41.5902     -2818.695      5171.237     0.000  TY  -2.15669E-02   1.53158E-03  1.00000E-01
3.33333E-03  BH_10_imp        -31.9799   41.5902     -2818.695      5171.237     0.000  TX   1.03628E-01  -3.09614E-02  1.00000E-01
3.33333E-03  BH_10_imp        -31.9799   41.5902     -2818.695      5171.237     0.000  TY  -1.95048E-02   2.49175E-02  1.00000E-01
1.22489E+02  BH_11            -32.0152   41.5756     -6706.907      3699.694     0.000  TX   4.14625E-02   2.79207E-02  1.00000E+01
1.22489E+02  BH_11            -32.0152   41.5756     -6706.907      3699.694     0.000  TY   1.20573E+00  -1.58870E-01  1.00000E+01
7.42512E+01  BH_11            -32.0152   41.5756     -6706.907      3699.694     0.000  TX   6.55232E-02   1.36100E-01  1.00000E+01
7.42512E+01  BH_11            -32.0152   41.5756     -6706.907      3699.694     0.000  TY  -1.61835E-01  -1.49265E-01  1.00000E+01
4.50104E+01  BH_11            -32.0152   41.5756     -6706.907      3699.694     0.000  TX   2.45535E-01   2.50141E-01  1.00000E+01
4.50104E+01  BH_11            -32.0152   41.5756     -6706.907      3699.694     0.000  TY  -3.06161E-01  -2.48543E-01  1.00000E+01
2.72849E+01  BH_11            -32.0152   41.5756     -6706.907      3699.694     0.000  TX  -5.56563E-02   4.03860E-01  1.00000E+01
2.72849E+01  BH_11            -32.0152   41.5756     -6706.907      3699.694     0.000  TY  -4.13701E-01  -6.45045E-01  1.00000E+01
1.65398E+01  BH_11            -32.0152   41.5756     -6706.907      3699.694     0.000  TX   4.52044E+00  -2.95198E+00  1.00000E+01
1.65398E+01  BH_11            -32.0152   41.5756     -6706.907      3699.694     0.000  TY  -6.29327E+00   3.32072E+00  1.00000E+01
1.00263E+01  BH_11            -32.0152   41.5756     -6706.907      3699.694     0.000  TX  -2.25524E+00  -2.97977E+00  1.00000E+01
1.00263E+01  BH_11            -32.0152   41.5756     -6706.907      3699.694     0.000  TY  -1.08043E+00  -1.39833E+00  1.00000E+01
6.07785E+00  BH_11            -32.0152   41.5756     -6706.907      3699.694     0.000  TX   3.33256E-01   5.92389E-01  1.00000E+01
6.07785E+00  BH_11            -32.0152   41.5756     -6706.907      3699.694     0.000  TY  -1.33836E+00   7.65647E-01  1.00000E+01
3.68431E+00  BH_11            -32.0152   41.5756     -6706.907      3699.694     0.000  TX   1.23605E-01  -2.74740E-01  1.00000E+01
3.68431E+00  BH_11            -32.0152   41.5756     -6706.907      3699.694     0.000  TY   2.28579E-03  -3.44385E-01  1.00000E+01
2.23339E+00  BH_11            -32.0152   41.5756     -6706.907      3699.694     0.000  TX   4.06722E-02  -7.42673E-02  1.00000E+01
2.23339E+00  BH_11            -32.0152   41.5756     -6706.907      3699.694     0.000  TY  -7.77016E-02   1.63093E-01  1.00000E+01
1.35386E+00  BH_11            -32.0152   41.5756     -6706.907      3699.694     0.000  TX   1.67052E-01   2.28446E-02  1.00000E+01
1.35386E+00  BH_11            -32.0152   41.5756     -6706.907      3699.694     0.000  TY  -1.22478E-01   1.42330E-02  1.00000E+01
8.20695E-01  BH_11            -32.0152   41.5756     -6706.907      3699.694     0.000  TX   2.94124E-01  -1.85997E-02  1.00000E-01
8.20695E-01  BH_11            -32.0152   41.5756     -6706.907      3699.694     0.000  TY  -6.29690E-02   7.34108E-02  1.00000E-01
4.97498E-01  BH_11            -32.0152   41.5756     -6706.907      3699.694     0.000  TX   1.34031E-01  -8.59366E-03  1.00000E-01
4.97498E-01  BH_11            -32.0152   41.5756     -6706.907      3699.694     0.000  TY  -5.63306E-02   4.08469E-02  1.00000E-01
3.01578E-01  BH_11            -32.0152   41.5756     -6706.907      3699.694     0.000  TX   1.02822E-01  -1.03639E-01  1.00000E-01
3.01578E-01  BH_11            -32.0152   41.5756     -6706.907      3699.694     0.000  TY  -4.43750E-02   1.04378E-01  1.00000E-01
1.82814E-01  BH_11            -32.0152   41.5756     -6706.907      3699.694     0.000  TX   6.23167E-02  -6.99645E-02  1.00000E-01
1.82814E-01  BH_11            -32.0152   41.5756     -6706.907      3699.694     0.000  TY  -4.08055E-02   4.22080E-02  1.00000E-01
1.10820E-01  BH_11            -32.0152   41.5756     -6706.907      3699.694     0.000  TX   3.26765E-02  -4.57818E-02  1.00000E-01
1.10820E-01  BH_11            -32.0152   41.5756     -6706.907      3699.694     0.000  TY  -2.75180E-02   2.63818E-02  1.00000E-01
6.71781E-02  BH_11            -32.0152   41.5756     -6706.907      3699.694     0.000  TX   2.61105E-02  -1.49814E-02  1.00000E-01
6.71781E-02  BH_11            -32.0152   41.5756     -6706.907      3699.694     0.000  TY  -1.94452E-02  -2.07394E-02  1.00000E-01
4.07226E-02  BH_11            -32.0152   41.5756     -6706.907      3699.694     0.000  TX   3.18814E-02   1.06780E-02  1.00000E-01
4.07226E-02  BH_11            -32.0152   41.5756     -6706.907      3699.694     0.000  TY  -3.66457E-02  -5.23457E-02  1.00000E-01
2.46856E-02  BH_11            -32.0152   41.5756     -6706.907      3699.694     0.000  TX   4.56894E-02   2.75756E-02  1.00000E-01
2.46856E-02  BH_11            -32.0152   41.5756     -6706.907      3699.694     0.000  TY  -6.70764E-02  -7.47031E-02  1.00000E-01
1.49642E-02  BH_11            -32.0152   41.5756     -6706.907      3699.694     0.000  TX   6.87059E-02   3.54156E-02  1.00000E-01
1.49642E-02  BH_11            -32.0152   41.5756     -6706.907      3699.694     0.000  TY  -1.08119E-01  -9.10551E-02  1.00000E-01
9.07112E-03  BH_11            -32.0152   41.5756     -6706.907      3699.694     0.000  TX   9.06915E-02   3.16752E-02  1.00000E-01
9.07112E-03  BH_11            -32.0152   41.5756     -6706.907      3699.694     0.000  TY  -1.53391E-01  -8.92179E-02  1.00000E-01
5.49883E-03  BH_11            -32.0152   41.5756     -6706.907      3699.694     0.000  TX   1.06525E-01   1.50127E-02  1.00000E-01
5.49883E-03  BH_11            -32.0152   41.5756     -6706.907      3699.694     0.000  TY  -2.03308E-01  -6.27477E-02  1.00000E-01
3.33333E-03  BH_11            -32.0152   41.5756     -6706.907      3699.694     0.000  TX   1.09654E-01  -5.23152E-03  1.00000E-01
3.33333E-03  BH_11            -32.0152   41.5756     -6706.907      3699.694     0.000  TY  -2.29355E-01  -1.52326E-02  1.00000E-01
3.33333E+02  BH_12_imp        -31.9327   41.5784      2441.000      4177.806     0.000  TX   1.42061E-02   8.46125E-02  1.00000E-01
3.33333E+02  BH_12_imp        -31.9327   41.5784      2441.000      4177.806     0.000  TY   1.72858E-01  -1.80450E-01  1.00000E-01
2.02063E+02  BH_12_imp        -31.9327   41.5784      2441.000      4177.806     0.000  TX  -4.96394E-02   7.21090E-02  1.00000E-01
2.02063E+02  BH_12_imp        -31.9327   41.5784      2441.000      4177.806     0.000  TY   2.09260E-01  -1.58174E-01  1.00000E-01
1.22489E+02  BH_12_imp        -31.9327   41.5784      2441.000      4177.806     0.000  TX   5.72473E-02   9.27557E-02  1.00000E-01
1.22489E+02  BH_12_imp        -31.9327   41.5784      2441.000      4177.806     0.000  TY   2.74584E-02  -1.66878E-01  1.00000E-01
7.42512E+01  BH_12_imp        -31.9327   41.5784      2441.000      4177.806     0.000  TX   1.12819E-01   7.52020E-02  1.00000E-01
7.42512E+01  BH_12_imp        -31.9327   41.5784      2441.000      4177.806     0.000  TY  -7.56225E-02  -1.91863E-01  1.00000E-01
4.50104E+01  BH_12_imp        -31.9327   41.5784      2441.000      4177.806     0.000  TX   8.14828E-02   1.26747E-02  1.00000E-01
4.50104E+01  BH_12_imp        -31.9327   41.5784      2441.000      4177.806     0.000  TY  -9.85293E-02  -1.49456E-01  1.00000E-01
2.72849E+01  BH_12_imp        -31.9327   41.5784      2441.000      4177.806     0.000  TX   1.15505E-01   2.39087E-02  1.00000E-01
2.72849E+01  BH_12_imp        -31.9327   41.5784      2441.000      4177.806     0.000  TY  -1.82363E-01  -1.04434E-01  1.00000E-01
1.65398E+01  BH_12_imp        -31.9327   41.5784      2441.000      4177.806     0.000  TX   1.15245E-01   4.28055E-02  1.00000E-01
1.65398E+01  BH_12_imp        -31.9327   41.5784      2441.000      4177.806     0.000  TY  -1.54111E-01  -4.88246E-02  1.00000E-01
1.00263E+01  BH_12_imp        -31.9327   41.5784      2441.000      4177.806     0.000  TX   2.23383E-02   3.91534E-02  1.00000E-01
1.00263E+01  BH_12_imp        -31.9327   41.5784      2441.000      4177.806     0.000  TY  -2.39867E-01  -1.08906E-01  1.00000E-01
6.07785E+00  BH_12_imp        -31.9327   41.5784      2441.000      4177.806     0.000  TX   1.21574E-01   8.71231E-02  1.00000E-01
6.07785E+00  BH_12_imp        -31.9327   41.5784      2441.000      4177.806     0.000  TY  -2.29747E-01  -1.76294E-01  1.00000E-01
3.68431E+00  BH_12_imp        -31.9327   41.5784      2441.000      4177.806     0.000  TX   4.97592E-02  -6.33419E-02  1.00000E-01
3.68431E+00  BH_12_imp        -31.9327   41.5784      2441.000      4177.806     0.000  TY  -2.25142E-01   3.14074E-02  1.00000E-01
2.23339E+00  BH_12_imp        -31.9327   41.5784      2441.000      4177.806     0.000  TX   1.74683E-02  -1.24488E-01  1.00000E-01
2.23339E+00  BH_12_imp        -31.9327   41.5784      2441.000      4177.806     0.000  TY  -1.21910E-01  -4.08930E-02  1.00000E-01
1.35386E+00  BH_12_imp        -31.9327   41.5784      2441.000      4177.806     0.000  TX  -4.33778E-02  -1.61595E-01  1.00000E-01
1.35386E+00  BH_12_imp        -31.9327   41.5784      2441.000      4177.806     0.000  TY  -1.95981E-01   4.53143E-02  1.00000E-01
8.20695E-01  BH_12_imp        -31.9327   41.5784      2441.000      4177.806     0.000  TX  -1.30599E-01  -1.74140E-01  1.00000E-01
8.20695E-01  BH_12_imp        -31.9327   41.5784      2441.000      4177.806     0.000  TY  -1.47173E-01   5.13950E-02  1.00000E-01
4.97498E-01  BH_12_imp        -31.9327   41.5784      2441.000      4177.806     0.000  TX  -2.07059E-01  -1.45646E-01  1.00000E-01
4.97498E-01  BH_12_imp        -31.9327   41.5784      2441.000      4177.806     0.000  TY  -9.08628E-02   6.49155E-02  1.00000E-01
3.01578E-01  BH_12_imp        -31.9327   41.5784      2441.000      4177.806     0.000  TX  -2.53439E-01  -8.58684E-02  1.00000E-01
3.01578E-01  BH_12_imp        -31.9327   41.5784      2441.000      4177.806     0.000  TY  -6.22888E-02   7.21436E-02  1.00000E-01
1.82814E-01  BH_12_imp        -31.9327   41.5784      2441.000      4177.806     0.000  TX  -2.86339E-01  -1.95797E-02  1.00000E-01
1.82814E-01  BH_12_imp        -31.9327   41.5784      2441.000      4177.806     0.000  TY  -2.40540E-02   7.31671E-02  1.00000E-01
1.10820E-01  BH_12_imp        -31.9327   41.5784      2441.000      4177.806     0.000  TX  -2.80636E-01   5.75657E-02  1.00000E-01
1.10820E-01  BH_12_imp        -31.9327   41.5784      2441.000      4177.806     0.000  TY  -3.17058E-02   6.97643E-02  1.00000E-01
6.71781E-02  BH_12_imp        -31.9327   41.5784      2441.000      4177.806     0.000  TX  -2.35734E-01   1.02424E-01  1.00000E-01
6.71781E-02  BH_12_imp        -31.9327   41.5784      2441.000      4177.806     0.000  TY  -2.09721E-03   4.57433E-02  1.00000E-01
4.07226E-02  BH_12_imp        -31.9327   41.5784      2441.000      4177.806     0.000  TX  -1.82904E-01   1.36671E-01  1.00000E-01
4.07226E-02  BH_12_imp        -31.9327   41.5784      2441.000      4177.806     0.000  TY   7.42045E-03   4.85588E-02  1.00000E-01
2.46856E-02  BH_12_imp        -31.9327   41.5784      2441.000      4177.806     0.000  TX  -1.18018E-01   1.55639E-01  1.00000E-01
2.46856E-02  BH_12_imp        -31.9327   41.5784      2441.000      4177.806     0.000  TY   2.50085E-02   4.94731E-02  1.00000E-01
1.49642E-02  BH_12_imp        -31.9327   41.5784      2441.000      4177.806     0.000  TX  -4.96659E-02   1.58528E-01  1.00000E-01
1.49642E-02  BH_12_imp        -31.9327   41.5784      2441.000      4177.806     0.000  TY   5.41358E-02   3.99124E-02  1.00000E-01
9.07112E-03  BH_12_imp        -31.9327   41.5784      2441.000      4177.806     0.000  TX   1.46651E-02   1.15538E-01  1.00000E-01
9.07112E-03  BH_12_imp        -31.9327   41.5784      2441.000      4177.806     0.000  TY   7.61784E-02   3.30235E-02  1.00000E-01
5.49883E-03  BH_12_imp        -31.9327   41.5784      2441.000      4177.806     0.000  TX   6.87228E-02   1.26673E-01  1.00000E-01
5.49883E-03  BH_12_imp        -31.9327   41.5784      2441.000      4177.806     0.000  TY   7.38971E-02  -2.69170E-02  1.00000E-01
3.33333E-03  BH_12_imp        -31.9327   41.5784      2441.000      4177.806     0.000  TX   1.08678E-01   9.55803E-02  1.00000E-01
3.33333E-03  BH_12_imp        -31.9327   41.5784      2441.000      4177.806     0.000  TY   4.67907E-02  -5.17016E-02  1.00000E-01
3.33333E+02  BH_13_imp        -31.9280   41.5457      3035.346      1098.690     0.000  TX  -3.42627E-02   5.48322E-02  1.00000E-01
3.33333E+02  BH_13_imp        -31.9280   41.5457      3035.346      1098.690     0.000  TY   1.07623E-01  -1.07157E-01  1.00000E-01
2.02063E+02  BH_13_imp        -31.9280   41.5457      3035.346      1098.690     0.000  TX   2.58758E-02   5.89688E-02  1.00000E-01
2.02063E+02  BH_13_imp        -31.9280   41.5457      3035.346      1098.690     0.000  TY   1.64222E-01  -1.55967E-01  1.00000E-01
1.22489E+02  BH_13_imp        -31.9280   41.5457      3035.346      1098.690     0.000  TX   6.07298E-02   8.50692E-02  1.00000E-01
1.22489E+02  BH_13_imp        -31.9280   41.5457      3035.346      1098.690     0.000  TY   3.24887E-02  -1.57453E-01  1.00000E-01
7.42512E+01  BH_13_imp        -31.9280   41.5457      3035.346      1098.690     0.000  TX   8.25622E-02   8.29135E-02  1.00000E-01
7.42512E+01  BH_13_imp        -31.9280   41.5457      3035.346      1098.690     0.000  TY  -6.35141E-02  -1.33288E-01  1.00000E-01
4.50104E+01  BH_13_imp        -31.9280   41.5457      3035.346      1098.690     0.000  TX   9.65130E-02   4.33756E-02  1.00000E-01
4.50104E+01  BH_13_imp        -31.9280   41.5457      3035.346      1098.690     0.000  TY  -5.57631E-02  -1.45704E-01  1.00000E-01
2.72849E+01  BH_13_imp        -31.9280   41.5457      3035.346      1098.690     0.000  TX   7.10278E-02   8.33282E-02  1.00000E-01
2.72849E+01  BH_13_imp        -31.9280   41.5457      3035.346      1098.690     0.000  TY  -1.56756E-01  -1.43408E-01  1.00000E-01
1.65398E+01  BH_13_imp        -31.9280   41.5457      3035.346      1098.690     0.000  TX   1.43301E-01   8.36259E-03  1.00000E-01
1.65398E+01  BH_13_imp        -31.9280   41.5457      3035.346      1098.690     0.000  TY  -8.17452E-02   1.44360E-03  1.00000E-01
1.00263E+01  BH_13_imp        -31.9280   41.5457      3035.346      1098.690     0.000  TX   1.42150E-02   1.38834E-01  1.00000E-01
1.00263E+01  BH_13_imp        -31.9280   41.5457      3035.346      1098.690     0.000  TY  -1.11293E-01  -1.49775E-01  1.00000E-01
6.07785E+00  BH_13_imp        -31.9280   41.5457      3035.346      1098.690     0.000  TX   1.88853E-02   1.29143E-03  1.00000E-01
6.07785E+00  BH_13_imp        -31.9280   41.5457      3035.346      1098.690     0.000  TY  -1.08512E-01  -3.98579E-02  1.00000E-01
3.68431E+00  BH_13_imp        -31.9280   41.5457      3035.346      1098.690     0.000  TX   7.69179E-02  -1.24931E-02  1.00000E-01
3.68431E+00  BH_13_imp        -31.9280   41.5457      3035.346      1098.690     0.000  TY  -1.75681E-01   5.81555E-02  1.00000E-01
2.23339E+00  BH_13_imp        -31.9280   41.5457      3035.346      1098.690     0.000  TX   1.34426E-02  -2.43521E-02  1.00000E-01
2.23339E+00  BH_13_imp        -31.9280   41.5457      3035.346      1098.690     0.000  TY  -1.42490E-01   4.22520E-02  1.00000E-01
1.35386E+00  BH_13_imp        -31.9280   41.5457      3035.346      1098.690     0.000  TX   8.27988E-02  -2.47807E-02  1.00000E-01
1.35386E+00  BH_13_imp        -31.9280   41.5457      3035.346      1098.690     0.000  TY  -1.09249E-01  -1.01825E-02  1.00000E-01
8.20695E-01  BH_13_imp        -31.9280   41.5457      3035.346      1098.690     0.000  TX  -5.72111E-03  -9.58519E-02  1.00000E-01
8.20695E-01  BH_13_imp        -31.9280   41.5457      3035.346      1098.690     0.000  TY  -4.96918E-02   3.80167E-03  1.00000E-01
4.97498E-01  BH_13_imp        -31.9280   41.5457      3035.346      1098.690     0.000  TX  -5.44670E-02  -9.42096E-02  1.00000E-01
4.97498E-01  BH_13_imp        -31.9280   41.5457      3035.346      1098.690     0.000  TY  -7.79926E-02  -3.52314E-02  1.00000E-01
3.01578E-01  BH_13_imp        -31.9280   41.5457      3035.346      1098.690     0.000  TX  -9.13461E-02  -1.32643E-01  1.00000E-01
3.01578E-01  BH_13_imp        -31.9280   41.5457      3035.346      1098.690     0.000  TY  -1.13485E-01  -1.20214E-02  1.00000E-01
1.82814E-01  BH_13_imp        -31.9280   41.5457      3035.346      1098.690     0.000  TX  -1.50739E-01  -1.29535E-01  1.00000E-01
1.82814E-01  BH_13_imp        -31.9280   41.5457      3035.346      1098.690     0.000  TY  -1.22752E-01  -2.78831E-02  1.00000E-01
1.10820E-01  BH_13_imp        -31.9280   41.5457      3035.346      1098.690     0.000  TX  -2.04067E-01  -9.08132E-02  1.00000E-01
1.10820E-01  BH_13_imp        -31.9280   41.5457      3035.346      1098.690     0.000  TY  -1.34593E-01  -1.39747E-02  1.00000E-01
6.71781E-02  BH_13_imp        -31.9280   41.5457      3035.346      1098.690     0.000  TX  -2.51077E-01  -2.31412E-02  1.00000E-01
6.71781E-02  BH_13_imp        -31.9280   41.5457      3035.346      1098.690     0.000  TY  -1.77352E-01  -6.88516E-02  1.00000E-01
4.07226E-02  BH_13_imp        -31.9280   41.5457      3035.346      1098.690     0.000  TX  -2.46848E-01   4.96116E-02  1.00000E-01
4.07226E-02  BH_13_imp        -31.9280   41.5457      3035.346      1098.690     0.000  TY  -2.15069E-01  -6.33799E-02  1.00000E-01
2.46856E-02  BH_13_imp        -31.9280   41.5457      3035.346      1098.690     0.000  TX  -2.16029E-01   1.15210E-01  1.00000E-01
2.46856E-02  BH_13_imp        -31.9280   41.5457      3035.346      1098.690     0.000  TY  -2.15347E-01  -6.29540E-02  1.00000E-01
1.49642E-02  BH_13_imp        -31.9280   41.5457      3035.346      1098.690     0.000  TX  -1.35434E-01   1.44501E-01  1.00000E-01
1.49642E-02  BH_13_imp        -31.9280   41.5457      3035.346      1098.690     0.000  TY  -2.11904E-01  -4.88388E-02  1.00000E-01
9.07112E-03  BH_13_imp        -31.9280   41.5457      3035.346      1098.690     0.000  TX  -9.82721E-02   1.52128E-01  1.00000E-01
9.07112E-03  BH_13_imp        -31.9280   41.5457      3035.346      1098.690     0.000  TY  -2.18329E-01  -8.16556E-02  1.00000E-01
5.49883E-03  BH_13_imp        -31.9280   41.5457      3035.346      1098.690     0.000  TX  -2.59872E-02   1.50842E-01  1.00000E-01
5.49883E-03  BH_13_imp        -31.9280   41.5457      3035.346      1098.690     0.000  TY  -2.53705E-01  -9.77637E-02  1.00000E-01
3.33333E-03  BH_13_imp        -31.9280   41.5457      3035.346      1098.690     0.000  TX   2.49961E-02   1.54313E-01  1.00000E-01
3.33333E-03  BH_13_imp        -31.9280   41.5457      3035.346      1098.690     0.000  TY  -2.82432E-01  -1.10764E-01  1.00000E-01
3.33333E+02  BH_14_imp        -31.9334   41.5164      2495.735     -1684.368     0.000  TX   3.42765E-02  -7.08828E-03  1.00000E-01
3.33333E+02  BH_14_imp        -31.9334   41.5164      2495.735     -1684.368     0.000  TY   1.38123E-01   5.88599E-02  1.00000E-01
2.02063E+02  BH_14_imp        -31.9334   41.5164      2495.735     -1684.368     0.000  TX   5.89129E-02   1.11944E-01  1.00000E-01
2.02063E+02  BH_14_imp        -31.9334   41.5164      2495.735     -1684.368     0.000  TY   2.00833E-01  -1.72931E-01  1.00000E-01
1.22489E+02  BH_14_imp        -31.9334   41.5164      2495.735     -1684.368     0.000  TX   3.76846E-02   4.73749E-02  1.00000E-01
1.22489E+02  BH_14_imp        -31.9334   41.5164      2495.735     -1684.368     0.000  TY   8.13167E-02  -1.18287E-01  1.00000E-01
7.42512E+01  BH_14_imp        -31.9334   41.5164      2495.735     -1684.368     0.000  TX   7.98640E-02   7.85603E-02  1.00000E-01
7.42512E+01  BH_14_imp        -31.9334   41.5164      2495.735     -1684.368     0.000  TY  -9.19420E-02  -2.00732E-01  1.00000E-01
4.50104E+01  BH_14_imp        -31.9334   41.5164      2495.735     -1684.368     0.000  TX   5.84571E-02   6.09178E-02  1.00000E-01
4.50104E+01  BH_14_imp        -31.9334   41.5164      2495.735     -1684.368     0.000  TY  -7.51610E-02  -2.00810E-01  1.00000E-01
2.72849E+01  BH_14_imp        -31.9334   41.5164      2495.735     -1684.368     0.000  TX   4.79532E-02   3.71936E-02  1.00000E-01
2.72849E+01  BH_14_imp        -31.9334   41.5164      2495.735     -1684.368     0.000  TY  -9.61288E-02  -4.42122E-03  1.00000E-01
1.65398E+01  BH_14_imp        -31.9334   41.5164      2495.735     -1684.368     0.000  TX   7.53735E-02   6.45911E-02  1.00000E-01
1.65398E+01  BH_14_imp        -31.9334   41.5164      2495.735     -1684.368     0.000  TY  -1.31200E-01  -3.63019E-02  1.00000E-01
1.00263E+01  BH_14_imp        -31.9334   41.5164      2495.735     -1684.368     0.000  TX   4.55295E-02  -2.14230E-02  1.00000E-01
1.00263E+01  BH_14_imp        -31.9334   41.5164      2495.735     -1684.368     0.000  TY  -1.65322E-02  -5.52163E-02  1.00000E-01
6.07785E+00  BH_14_imp        -31.9334   41.5164      2495.735     -1684.368     0.000  TX   1.57802E-01   4.48332E-02  1.00000E-01
6.07785E+00  BH_14_imp        -31.9334   41.5164      2495.735     -1684.368     0.000  TY  -1.64334E-01   1.19725E-01  1.00000E-01
3.68431E+00  BH_14_imp        -31.9334   41.5164      2495.735     -1684.368     0.000  TX   9.12156E-02   8.32063E-02  1.00000E-01
3.68431E+00  BH_14_imp        -31.9334   41.5164      2495.735     -1684.368     0.000  TY  -6.84871E-02   1.18105E-01  1.00000E-01
2.23339E+00  BH_14_imp        -31.9334   41.5164      2495.735     -1684.368     0.000  TX   9.60857E-02   9.93675E-03  1.00000E-01
2.23339E+00  BH_14_imp        -31.9334   41.5164      2495.735     -1684.368     0.000  TY   2.66202E-03   4.48787E-02  1.00000E-01
1.35386E+00  BH_14_imp        -31.9334   41.5164      2495.735     -1684.368     0.000  TX   1.16355E-01   3.59575E-02  1.00000E-01
1.35386E+00  BH_14_imp        -31.9334   41.5164      2495.735     -1684.368     0.000  TY   7.12348E-03   8.86449E-02  1.00000E-01
8.20695E-01  BH_14_imp        -31.9334   41.5164      2495.735     -1684.368     0.000  TX   1.46200E-01  -1.88198E-04  1.00000E-01
8.20695E-01  BH_14_imp        -31.9334   41.5164      2495.735     -1684.368     0.000  TY   2.08327E-02   5.28534E-02  1.00000E-01
4.97498E-01  BH_14_imp        -31.9334   41.5164      2495.735     -1684.368     0.000  TX   1.31141E-01  -4.83305E-03  1.00000E-01
4.97498E-01  BH_14_imp        -31.9334   41.5164      2495.735     -1684.368     0.000  TY   1.16162E-02   5.25242E-02  1.00000E-01
3.01578E-01  BH_14_imp        -31.9334   41.5164      2495.735     -1684.368     0.000  TX   1.41512E-01  -2.08125E-02  1.00000E-01
3.01578E-01  BH_14_imp        -31.9334   41.5164      2495.735     -1684.368     0.000  TY   2.78595E-02   4.19204E-02  1.00000E-01
1.82814E-01  BH_14_imp        -31.9334   41.5164      2495.735     -1684.368     0.000  TX   1.29214E-01  -2.72837E-02  1.00000E-01
1.82814E-01  BH_14_imp        -31.9334   41.5164      2495.735     -1684.368     0.000  TY   4.60827E-02   4.42148E-02  1.00000E-01
1.10820E-01  BH_14_imp        -31.9334   41.5164      2495.735     -1684.368     0.000  TX   9.55063E-02  -9.89382E-03  1.00000E-01
1.10820E-01  BH_14_imp        -31.9334   41.5164      2495.735     -1684.368     0.000  TY  -5.91426E-03   2.48740E-02  1.00000E-01
6.71781E-02  BH_14_imp        -31.9334   41.5164      2495.735     -1684.368     0.000  TX   9.42107E-02  -1.19403E-02  1.00000E-01
6.71781E-02  BH_14_imp        -31.9334   41.5164      2495.735     -1684.368     0.000  TY   5.70956E-02   2.75812E-02  1.00000E-01
4.07226E-02  BH_14_imp        -31.9334   41.5164      2495.735     -1684.368     0.000  TX   8.65535E-02   6.39665E-03  1.00000E-01
4.07226E-02  BH_14_imp        -31.9334   41.5164      2495.735     -1684.368     0.000  TY   7.05948E-02   2.22604E-02  1.00000E-01
2.46856E-02  BH_14_imp        -31.9334   41.5164      2495.735     -1684.368     0.000  TX   8.19119E-02   2.87240E-02  1.00000E-01
2.46856E-02  BH_14_imp        -31.9334   41.5164      2495.735     -1684.368     0.000  TY   9.39601E-02  -8.80847E-03  1.00000E-01
1.49642E-02  BH_14_imp        -31.9334   41.5164      2495.735     -1684.368     0.000  TX   1.09363E-01   3.99289E-02  1.00000E-01
1.49642E-02  BH_14_imp        -31.9334   41.5164      2495.735     -1684.368     0.000  TY   1.11548E-01  -1.81191E-02  1.00000E-01
9.07112E-03  BH_14_imp        -31.9334   41.5164      2495.735     -1684.368     0.000  TX   1.32498E-01   7.18623E-02  1.00000E-01
9.07112E-03  BH_14_imp        -31.9334   41.5164      2495.735     -1684.368     0.000  TY   7.93364E-02  -7.19856E-02  1.00000E-01
5.49883E-03  BH_14_imp        -31.9334   41.5164      2495.735     -1684.368     0.000  TX   1.55474E-01   4.86501E-02  1.00000E-01
5.49883E-03  BH_14_imp        -31.9334   41.5164      2495.735     -1684.368     0.000  TY   7.00563E-02  -5.65082E-02  1.00000E-01
3.33333E-03  BH_14_imp        -31.9334   41.5164      2495.735     -1684.368     0.000  TX   1.79260E-01   4.28468E-02  1.00000E-01
3.33333E-03  BH_14_imp        -31.9334   41.5164      2495.735     -1684.368     0.000  TY   3.41273E-02  -2.34046E-02  1.00000E-01
3.33333E+02  BH_15_imp        -31.9172   41.5844      4146.148      4791.907     0.000  TX   5.17656E-02   1.29794E-02  1.00000E-01
3.33333E+02  BH_15_imp        -31.9172   41.5844      4146.148      4791.907     0.000  TY   1.97661E-01  -1.46458E-01  1.00000E-01
2.02063E+02  BH_15_imp        -31.9172   41.5844      4146.148      4791.907     0.000  TX   3.29044E-02   3.45123E-02  1.00000E-01
2.02063E+02  BH_15_imp        -31.9172   41.5844      4146.148      4791.907     0.000  TY   1.03267E-01  -1.86813E-01  1.00000E-01
1.22489E+02  BH_15_imp        -31.9172   41.5844      4146.148      4791.907     0.000  TX   5.57653E-02   6.60842E-02  1.00000E-01
1.22489E+02  BH_15_imp        -31.9172   41.5844      4146.148      4791.907     0.000  TY   2.72106E-03  -1.96100E-01  1.00000E-01
7.42512E+01  BH_15_imp        -31.9172   41.5844      4146.148      4791.907     0.000  TX   9.01085E-02   3.19861E-02  1.00000E-01
7.42512E+01  BH_15_imp        -31.9172   41.5844      4146.148      4791.907     0.000  TY  -4.21882E-02  -1.89491E-01  1.00000E-01
4.50104E+01  BH_15_imp        -31.9172   41.5844      4146.148      4791.907     0.000  TX   6.89869E-02  -2.71447E-02  1.00000E-01
4.50104E+01  BH_15_imp        -31.9172   41.5844      4146.148      4791.907     0.000  TY  -1.25273E-01  -1.36791E-01  1.00000E-01
2.72849E+01  BH_15_imp        -31.9172   41.5844      4146.148      4791.907     0.000  TX   6.19644E-02  -1.14684E-02  1.00000E-01
2.72849E+01  BH_15_imp        -31.9172   41.5844      4146.148      4791.907     0.000  TY  -1.84818E-01  -1.20045E-01  1.00000E-01
1.65398E+01  BH_15_imp        -31.9172   41.5844      4146.148      4791.907     0.000  TX   9.89052E-02   1.96659E-02  1.00000E-01
1.65398E+01  BH_15_imp        -31.9172   41.5844      4146.148      4791.907     0.000  TY  -2.33307E-01  -6.24202E-02  1.00000E-01
1.00263E+01  BH_15_imp        -31.9172   41.5844      4146.148      4791.907     0.000  TX   5.27426E-02  -5.46697E-02  1.00000E-01
1.00263E+01  BH_15_imp        -31.9172   41.5844      4146.148      4791.907     0.000  TY  -2.14683E-01  -1.89957E-02  1.00000E-01
6.07785E+00  BH_15_imp        -31.9172   41.5844      4146.148      4791.907     0.000  TX  -2.71596E-02  -8.88980E-02  1.00000E-01
6.07785E+00  BH_15_imp        -31.9172   41.5844      4146.148      4791.907     0.000  TY  -1.86749E-01   4.48169E-04  1.00000E-01
3.68431E+00  BH_15_imp        -31.9172   41.5844      4146.148      4791.907     0.000  TX  -1.11684E-02  -1.12534E-01  1.00000E-01
3.68431E+00  BH_15_imp        -31.9172   41.5844      4146.148      4791.907     0.000  TY  -1.90057E-01  -2.62998E-02  1.00000E-01
2.23339E+00  BH_15_imp        -31.9172   41.5844      4146.148      4791.907     0.000  TX  -7.19262E-02  -1.65293E-01  1.00000E-01
2.23339E+00  BH_15_imp        -31.9172   41.5844      4146.148      4791.907     0.000  TY  -1.79647E-01   3.35804E-02  1.00000E-01
1.35386E+00  BH_15_imp        -31.9172   41.5844      4146.148      4791.907     0.000  TX  -1.64808E-01  -1.79572E-01  1.00000E-01
1.35386E+00  BH_15_imp        -31.9172   41.5844      4146.148      4791.907     0.000  TY  -1.73467E-01   2.29011E-02  1.00000E-01
8.20695E-01  BH_15_imp        -31.9172   41.5844      4146.148      4791.907     0.000  TX  -2.37872E-01  -1.50779E-01  1.00000E-01
8.20695E-01  BH_15_imp        -31.9172   41.5844      4146.148      4791.907     0.000  TY  -1.32338E-01   2.60689E-02  1.00000E-01
4.97498E-01  BH_15_imp        -31.9172   41.5844      4146.148      4791.907     0.000  TX  -3.41324E-01  -9.24598E-02  1.00000E-01
4.97498E-01  BH_15_imp        -31.9172   41.5844      4146.148      4791.907     0.000  TY  -1.72418E-01   2.80345E-02  1.00000E-01
3.01578E-01  BH_15_imp        -31.9172   41.5844      4146.148      4791.907     0.000  TX  -3.63516E-01  -4.92513E-02  1.00000E-01
3.01578E-01  BH_15_imp        -31.9172   41.5844      4146.148      4791.907     0.000  TY  -1.63798E-01   4.04451E-02  1.00000E-01
1.82814E-01  BH_15_imp        -31.9172   41.5844      4146.148      4791.907     0.000  TX  -3.68906E-01   1.61505E-02  1.00000E-01
1.82814E-01  BH_15_imp        -31.9172   41.5844      4146.148      4791.907     0.000  TY  -1.61682E-01   4.14078E-02  1.00000E-01
1.10820E-01  BH_15_imp        -31.9172   41.5844      4146.148      4791.907     0.000  TX  -3.47249E-01   1.02268E-01  1.00000E-01
1.10820E-01  BH_15_imp        -31.9172   41.5844      4146.148      4791.907     0.000  TY  -2.19794E-01   7.90455E-02  1.00000E-01
6.71781E-02  BH_15_imp        -31.9172   41.5844      4146.148      4791.907     0.000  TX  -2.95893E-01   1.40724E-01  1.00000E-01
6.71781E-02  BH_15_imp        -31.9172   41.5844      4146.148      4791.907     0.000  TY  -1.60072E-01   5.66082E-02  1.00000E-01
4.07226E-02  BH_15_imp        -31.9172   41.5844      4146.148      4791.907     0.000  TX  -2.32471E-01   1.80254E-01  1.00000E-01
4.07226E-02  BH_15_imp        -31.9172   41.5844      4146.148      4791.907     0.000  TY  -1.41562E-01   8.48213E-02  1.00000E-01
2.46856E-02  BH_15_imp        -31.9172   41.5844      4146.148      4791.907     0.000  TX  -1.52020E-01   2.15376E-01  1.00000E-01
2.46856E-02  BH_15_imp        -31.9172   41.5844      4146.148      4791.907     0.000  TY  -1.16857E-01   1.19710E-01  1.00000E-01
1.49642E-02  BH_15_imp        -31.9172   41.5844      4146.148      4791.907     0.000  TX  -5.85569E-02   2.22485E-01  1.00000E-01
1.49642E-02  BH_15_imp        -31.9172   41.5844      4146.148      4791.907     0.000  TY  -4.98961E-02   1.36371E-01  1.00000E-01
9.07112E-03  BH_15_imp        -31.9172   41.5844      4146.148      4791.907     0.000  TX   3.27821E-02   2.01385E-01  1.00000E-01
9.07112E-03  BH_15_imp        -31.9172   41.5844      4146.148      4791.907     0.000  TY   1.76751E-03   1.55688E-01  1.00000E-01
5.49883E-03  BH_15_imp        -31.9172   41.5844      4146.148      4791.907     0.000  TX   1.09586E-01   1.85168E-01  1.00000E-01
5.49883E-03  BH_15_imp        -31.9172   41.5844      4146.148      4791.907     0.000  TY   7.77758E-02   9.58395E-02  1.00000E-01
3.33333E-03  BH_15_imp        -31.9172   41.5844      4146.148      4791.907     0.000  TX   1.64721E-01   1.44050E-01  1.00000E-01
3.33333E-03  BH_15_imp        -31.9172   41.5844      4146.148      4791.907     0.000  TY   9.45436E-02   6.03181E-02  1.00000E-01
3.33333E+02  BH_16_imp        -32.0350   41.5945     -8943.158      5434.588     0.000  TX  -8.13234E-03   8.28824E-03  1.00000E-01
3.33333E+02  BH_16_imp        -32.0350   41.5945     -8943.158      5434.588     0.000  TY   1.84077E-01  -1.12599E-01  1.00000E-01
2.02063E+02  BH_16_imp        -32.0350   41.5945     -8943.158      5434.588     0.000  TX   1.81600E-02   3.85058E-02  1.00000E-01
2.02063E+02  BH_16_imp        -32.0350   41.5945     -8943.158      5434.588     0.000  TY   1.06307E-01  -1.80792E-01  1.00000E-01
1.22489E+02  BH_16_imp        -32.0350   41.5945     -8943.158      5434.588     0.000  TX   3.97451E-02   5.21254E-02  1.00000E-01
1.22489E+02  BH_16_imp        -32.0350   41.5945     -8943.158      5434.588     0.000  TY   1.10100E-02  -1.92126E-01  1.00000E-01
7.42512E+01  BH_16_imp        -32.0350   41.5945     -8943.158      5434.588     0.000  TX   6.26753E-02   6.87879E-02  1.00000E-01
7.42512E+01  BH_16_imp        -32.0350   41.5945     -8943.158      5434.588     0.000  TY  -8.39267E-02  -2.09972E-01  1.00000E-01
4.50104E+01  BH_16_imp        -32.0350   41.5945     -8943.158      5434.588     0.000  TX   6.66329E-02   2.06494E-02  1.00000E-01
4.50104E+01  BH_16_imp        -32.0350   41.5945     -8943.158      5434.588     0.000  TY  -1.39901E-01  -1.20288E-01  1.00000E-01
2.72849E+01  BH_16_imp        -32.0350   41.5945     -8943.158      5434.588     0.000  TX   3.58990E-02   9.36682E-02  1.00000E-01
2.72849E+01  BH_16_imp        -32.0350   41.5945     -8943.158      5434.588     0.000  TY  -1.70589E-01  -2.12126E-01  1.00000E-01
1.65398E+01  BH_16_imp        -32.0350   41.5945     -8943.158      5434.588     0.000  TX   1.08976E-01   7.43510E-02  1.00000E-01
1.65398E+01  BH_16_imp        -32.0350   41.5945     -8943.158      5434.588     0.000  TY  -2.41248E-01  -6.59305E-02  1.00000E-01
1.00263E+01  BH_16_imp        -32.0350   41.5945     -8943.158      5434.588     0.000  TX   1.35708E-01   1.19565E-01  1.00000E-01
1.00263E+01  BH_16_imp        -32.0350   41.5945     -8943.158      5434.588     0.000  TY  -2.81474E-01  -3.10122E-02  1.00000E-01
6.07785E+00  BH_16_imp        -32.0350   41.5945     -8943.158      5434.588     0.000  TX   1.53721E-01   9.35692E-02  1.00000E-01
6.07785E+00  BH_16_imp        -32.0350   41.5945     -8943.158      5434.588     0.000  TY  -2.33267E-01  -1.02232E-02  1.00000E-01
3.68431E+00  BH_16_imp        -32.0350   41.5945     -8943.158      5434.588     0.000  TX   1.86200E-01   6.17644E-02  1.00000E-01
3.68431E+00  BH_16_imp        -32.0350   41.5945     -8943.158      5434.588     0.000  TY  -2.70969E-01  -3.50392E-03  1.00000E-01
2.23339E+00  BH_16_imp        -32.0350   41.5945     -8943.158      5434.588     0.000  TX   1.95696E-01   3.57839E-03  1.00000E-01
2.23339E+00  BH_16_imp        -32.0350   41.5945     -8943.158      5434.588     0.000  TY  -2.50561E-01   3.64645E-02  1.00000E-01
1.35386E+00  BH_16_imp        -32.0350   41.5945     -8943.158      5434.588     0.000  TX   2.30071E-01  -7.91987E-03  1.00000E-01
1.35386E+00  BH_16_imp        -32.0350   41.5945     -8943.158      5434.588     0.000  TY  -2.37820E-01   3.50999E-02  1.00000E-01
8.20695E-01  BH_16_imp        -32.0350   41.5945     -8943.158      5434.588     0.000  TX   2.31129E-01  -4.51282E-02  1.00000E-01
8.20695E-01  BH_16_imp        -32.0350   41.5945     -8943.158      5434.588     0.000  TY  -2.32955E-01   4.17668E-02  1.00000E-01
4.97498E-01  BH_16_imp        -32.0350   41.5945     -8943.158      5434.588     0.000  TX   2.54324E-01  -6.43953E-02  1.00000E-01
4.97498E-01  BH_16_imp        -32.0350   41.5945     -8943.158      5434.588     0.000  TY  -2.53212E-01   4.57974E-02  1.00000E-01
3.01578E-01  BH_16_imp        -32.0350   41.5945     -8943.158      5434.588     0.000  TX   2.26058E-01  -9.45582E-02  1.00000E-01
3.01578E-01  BH_16_imp        -32.0350   41.5945     -8943.158      5434.588     0.000  TY  -2.10472E-01   7.09683E-02  1.00000E-01
1.82814E-01  BH_16_imp        -32.0350   41.5945     -8943.158      5434.588     0.000  TX   1.65978E-01  -1.00779E-01  1.00000E-01
1.82814E-01  BH_16_imp        -32.0350   41.5945     -8943.158      5434.588     0.000  TY  -1.66578E-01   7.85128E-02  1.00000E-01
1.10820E-01  BH_16_imp        -32.0350   41.5945     -8943.158      5434.588     0.000  TX   1.24646E-01  -8.85770E-02  1.00000E-01
1.10820E-01  BH_16_imp        -32.0350   41.5945     -8943.158      5434.588     0.000  TY  -1.50694E-01   9.20490E-02  1.00000E-01
6.71781E-02  BH_16_imp        -32.0350   41.5945     -8943.158      5434.588     0.000  TX   8.34757E-02  -4.24973E-02  1.00000E-01
6.71781E-02  BH_16_imp        -32.0350   41.5945     -8943.158      5434.588     0.000  TY  -1.14945E-01   3.22345E-02  1.00000E-01
4.07226E-02  BH_16_imp        -32.0350   41.5945     -8943.158      5434.588     0.000  TX   7.20676E-02  -2.62035E-03  1.00000E-01
4.07226E-02  BH_16_imp        -32.0350   41.5945     -8943.158      5434.588     0.000  TY  -1.10285E-01   1.13088E-02  1.00000E-01
2.46856E-02  BH_16_imp        -32.0350   41.5945     -8943.158      5434.588     0.000  TX   7.94136E-02   3.96407E-02  1.00000E-01
2.46856E-02  BH_16_imp        -32.0350   41.5945     -8943.158      5434.588     0.000  TY  -1.12352E-01  -5.22867E-03  1.00000E-01
1.49642E-02  BH_16_imp        -32.0350   41.5945     -8943.158      5434.588     0.000  TX   1.12018E-01   8.26977E-02  1.00000E-01
1.49642E-02  BH_16_imp        -32.0350   41.5945     -8943.158      5434.588     0.000  TY  -1.23405E-01  -2.35366E-02  1.00000E-01
9.07112E-03  BH_16_imp        -32.0350   41.5945     -8943.158      5434.588     0.000  TX   1.60993E-01   1.01552E-01  1.00000E-01
9.07112E-03  BH_16_imp        -32.0350   41.5945     -8943.158      5434.588     0.000  TY  -1.40758E-01  -2.93011E-02  1.00000E-01
5.49883E-03  BH_16_imp        -32.0350   41.5945     -8943.158      5434.588     0.000  TX   2.15469E-01   9.46922E-02  1.00000E-01
5.49883E-03  BH_16_imp        -32.0350   41.5945     -8943.158      5434.588     0.000  TY  -1.57835E-01  -2.29873E-02  1.00000E-01
3.33333E-03  BH_16_imp        -32.0350   41.5945     -8943.158      5434.588     0.000  TX   2.51127E-01   7.41103E-02  1.00000E-01
3.33333E-03  BH_16_imp        -32.0350   41.5945     -8943.158      5434.588     0.000  TY  -1.65481E-01  -1.31887E-02  1.00000E-01
3.33333E+02  BH_17_imp        -31.9866   41.5452     -3466.186       900.306     0.000  TX  -4.85555E-02   2.35507E-02  1.00000E-01
3.33333E+02  BH_17_imp        -31.9866   41.5452     -3466.186       900.306     0.000  TY   1.92682E-01  -7.83798E-02  1.00000E-01
2.02063E+02  BH_17_imp        -31.9866   41.5452     -3466.186       900.306     0.000  TX  -1.50606E-02   6.52713E-02  1.00000E-01
2.02063E+02  BH_17_imp        -31.9866   41.5452     -3466.186       900.306     0.000  TY   1.25518E-01  -1.71084E-01  1.00000E-01
1.22489E+02  BH_17_imp        -31.9866   41.5452     -3466.186       900.306     0.000  TX   6.22994E-02   7.17572E-02  1.00000E-01
1.22489E+02  BH_17_imp        -31.9866   41.5452     -3466.186       900.306     0.000  TY   5.53355E-02  -1.82812E-01  1.00000E-01
7.42512E+01  BH_17_imp        -31.9866   41.5452     -3466.186       900.306     0.000  TX   8.60157E-02   5.15698E-02  1.00000E-01
7.42512E+01  BH_17_imp        -31.9866   41.5452     -3466.186       900.306     0.000  TY  -5.28842E-02  -1.71200E-01  1.00000E-01
4.50104E+01  BH_17_imp        -31.9866   41.5452     -3466.186       900.306     0.000  TX   8.88597E-02   2.97374E-02  1.00000E-01
4.50104E+01  BH_17_imp        -31.9866   41.5452     -3466.186       900.306     0.000  TY  -1.15282E-01  -1.32204E-01  1.00000E-01
2.72849E+01  BH_17_imp        -31.9866   41.5452     -3466.186       900.306     0.000  TX   6.55057E-02   8.56071E-02  1.00000E-01
2.72849E+01  BH_17_imp        -31.9866   41.5452     -3466.186       900.306     0.000  TY  -1.68611E-01  -1.06304E-01  1.00000E-01
1.65398E+01  BH_17_imp        -31.9866   41.5452     -3466.186       900.306     0.000  TX   1.17673E-01   1.01260E-01  1.00000E-01
1.65398E+01  BH_17_imp        -31.9866   41.5452     -3466.186       900.306     0.000  TY  -1.44778E-01  -2.84862E-02  1.00000E-01
1.00263E+01  BH_17_imp        -31.9866   41.5452     -3466.186       900.306     0.000  TX   1.04740E-01   5.09072E-02  1.00000E-01
1.00263E+01  BH_17_imp        -31.9866   41.5452     -3466.186       900.306     0.000  TY  -1.89076E-01  -2.44663E-02  1.00000E-01
6.07785E+00  BH_17_imp        -31.9866   41.5452     -3466.186       900.306     0.000  TX   1.11108E-01   3.97328E-02  1.00000E-01
6.07785E+00  BH_17_imp        -31.9866   41.5452     -3466.186       900.306     0.000  TY  -1.84838E-01   1.41236E-03  1.00000E-01
3.68431E+00  BH_17_imp        -31.9866   41.5452     -3466.186       900.306     0.000  TX   1.31946E-01   1.64159E-02  1.00000E-01
3.68431E+00  BH_17_imp        -31.9866   41.5452     -3466.186       900.306     0.000  TY  -1.83443E-01   1.27799E-02  1.00000E-01
2.23339E+00  BH_17_imp        -31.9866   41.5452     -3466.186       900.306     0.000  TX   9.75926E-02  -5.20988E-02  1.00000E-01
2.23339E+00  BH_17_imp        -31.9866   41.5452     -3466.186       900.306     0.000  TY  -1.33692E-01   5.47575E-02  1.00000E-01
1.35386E+00  BH_17_imp        -31.9866   41.5452     -3466.186       900.306     0.000  TX   1.10941E-01  -4.62481E-02  1.00000E-01
1.35386E+00  BH_17_imp        -31.9866   41.5452     -3466.186       900.306     0.000  TY  -8.12320E-02   2.48922E-02  1.00000E-01
8.20695E-01  BH_17_imp        -31.9866   41.5452     -3466.186       900.306     0.000  TX   1.17681E-01  -4.94319E-02  1.00000E-01
8.20695E-01  BH_17_imp        -31.9866   41.5452     -3466.186       900.306     0.000  TY  -8.47044E-02  -3.27722E-03  1.00000E-01
4.97498E-01  BH_17_imp        -31.9866   41.5452     -3466.186       900.306     0.000  TX   1.51634E-01  -7.13979E-02  1.00000E-01
4.97498E-01  BH_17_imp        -31.9866   41.5452     -3466.186       900.306     0.000  TY  -8.89850E-02  -9.69980E-03  1.00000E-01
3.01578E-01  BH_17_imp        -31.9866   41.5452     -3466.186       900.306     0.000  TX   9.14121E-02  -4.53236E-02  1.00000E-01
3.01578E-01  BH_17_imp        -31.9866   41.5452     -3466.186       900.306     0.000  TY  -1.17209E-01  -3.52388E-02  1.00000E-01
1.82814E-01  BH_17_imp        -31.9866   41.5452     -3466.186       900.306     0.000  TX   6.25244E-02  -6.07274E-02  1.00000E-01
1.82814E-01  BH_17_imp        -31.9866   41.5452     -3466.186       900.306     0.000  TY  -1.13038E-01  -7.03695E-02  1.00000E-01
1.10820E-01  BH_17_imp        -31.9866   41.5452     -3466.186       900.306     0.000  TX   6.20520E-02  -3.91853E-02  1.00000E-01
1.10820E-01  BH_17_imp        -31.9866   41.5452     -3466.186       900.306     0.000  TY  -1.72322E-01  -7.40509E-02  1.00000E-01
6.71781E-02  BH_17_imp        -31.9866   41.5452     -3466.186       900.306     0.000  TX   3.49721E-02  -1.41724E-02  1.00000E-01
6.71781E-02  BH_17_imp        -31.9866   41.5452     -3466.186       900.306     0.000  TY  -2.02348E-01  -9.72528E-02  1.00000E-01
4.07226E-02  BH_17_imp        -31.9866   41.5452     -3466.186       900.306     0.000  TX   3.77258E-02   8.33079E-03  1.00000E-01
4.07226E-02  BH_17_imp        -31.9866   41.5452     -3466.186       900.306     0.000  TY  -2.42627E-01  -8.25849E-02  1.00000E-01
2.46856E-02  BH_17_imp        -31.9866   41.5452     -3466.186       900.306     0.000  TX   4.97127E-02   2.40222E-02  1.00000E-01
2.46856E-02  BH_17_imp        -31.9866   41.5452     -3466.186       900.306     0.000  TY  -2.69027E-01  -5.94136E-02  1.00000E-01
1.49642E-02  BH_17_imp        -31.9866   41.5452     -3466.186       900.306     0.000  TX   6.26226E-02   3.92859E-02  1.00000E-01
1.49642E-02  BH_17_imp        -31.9866   41.5452     -3466.186       900.306     0.000  TY  -2.79979E-01  -3.96824E-02  1.00000E-01
9.07112E-03  BH_17_imp        -31.9866   41.5452     -3466.186       900.306     0.000  TX   8.32454E-02   4.98446E-02  1.00000E-01
9.07112E-03  BH_17_imp        -31.9866   41.5452     -3466.186       900.306     0.000  TY  -2.87522E-01  -3.13499E-02  1.00000E-01
5.49883E-03  BH_17_imp        -31.9866   41.5452     -3466.186       900.306     0.000  TX   1.10504E-01   4.64917E-02  1.00000E-01
5.49883E-03  BH_17_imp        -31.9866   41.5452     -3466.186       900.306     0.000  TY  -3.01419E-01  -2.42636E-02  1.00000E-01
3.33333E-03  BH_17_imp        -31.9866   41.5452     -3466.186       900.306     0.000  TX   1.27042E-01   3.44097E-02  1.00000E-01
3.33333E-03  BH_17_imp        -31.9866   41.5452     -3466.186       900.306     0.000  TY  -3.19414E-01  -5.90439E-03  1.00000E-01
3.33333E+02  BH_18_imp        -31.9110   41.6314      4719.979      9253.883     0.000  TX  -2.63634E-01   1.28075E-01  2.00000E-01
3.33333E+02  BH_18_imp        -31.9110   41.6314      4719.979      9253.883     0.000  TY   4.71549E-01  -1.32476E-01  2.00000E-01
2.02063E+02  BH_18_imp        -31.9110   41.6314      4719.979      9253.883     0.000  TX  -4.58871E-02   3.97329E-02  2.00000E-01
2.02063E+02  BH_18_imp        -31.9110   41.6314      4719.979      9253.883     0.000  TY   1.94862E-01  -2.72399E-01  2.00000E-01
1.22489E+02  BH_18_imp        -31.9110   41.6314      4719.979      9253.883     0.000  TX  -1.37583E-02   5.65445E-02  2.00000E-01
1.22489E+02  BH_18_imp        -31.9110   41.6314      4719.979      9253.883     0.000  TY  -4.32777E-02  -2.42939E-01  2.00000E-01
7.42512E+01  BH_18_imp        -31.9110   41.6314      4719.979      9253.883     0.000  TX  -1.99101E-02  -1.11941E-02  2.00000E-01
7.42512E+01  BH_18_imp        -31.9110   41.6314      4719.979      9253.883     0.000  TY  -6.95121E-02  -2.38121E-01  2.00000E-01
4.50104E+01  BH_18_imp        -31.9110   41.6314      4719.979      9253.883     0.000  TX   9.90958E-02  -4.49932E-04  2.00000E-01
4.50104E+01  BH_18_imp        -31.9110   41.6314      4719.979      9253.883     0.000  TY  -2.19682E-01  -2.50785E-01  2.00000E-01
2.72849E+01  BH_18_imp        -31.9110   41.6314      4719.979      9253.883     0.000  TX   1.20325E-01  -6.49972E-04  1.00000E+01
2.72849E+01  BH_18_imp        -31.9110   41.6314      4719.979      9253.883     0.000  TY  -2.94871E-01   6.10149E-02  1.00000E+01
1.65398E+01  BH_18_imp        -31.9110   41.6314      4719.979      9253.883     0.000  TX  -1.79304E-02  -1.55919E+00  2.00000E-01
1.65398E+01  BH_18_imp        -31.9110   41.6314      4719.979      9253.883     0.000  TY  -8.18266E-01   1.21493E+00  2.00000E-01
1.00263E+01  BH_18_imp        -31.9110   41.6314      4719.979      9253.883     0.000  TX  -4.74092E-01   8.22748E-02  2.00000E-01
1.00263E+01  BH_18_imp        -31.9110   41.6314      4719.979      9253.883     0.000  TY  -1.14034E-02   8.91254E-03  2.00000E-01
6.07785E+00  BH_18_imp        -31.9110   41.6314      4719.979      9253.883     0.000  TX  -9.89553E-02  -2.43857E-01  2.00000E-01
6.07785E+00  BH_18_imp        -31.9110   41.6314      4719.979      9253.883     0.000  TY  -1.12272E-01   8.18282E-02  2.00000E-01
3.68431E+00  BH_18_imp        -31.9110   41.6314      4719.979      9253.883     0.000  TX  -6.16227E-03  -1.55966E-02  2.00000E-01
3.68431E+00  BH_18_imp        -31.9110   41.6314      4719.979      9253.883     0.000  TY  -3.63130E-01  -1.21423E-01  2.00000E-01
2.23339E+00  BH_18_imp        -31.9110   41.6314      4719.979      9253.883     0.000  TX  -1.13231E-01  -8.62451E-02  2.00000E-01
2.23339E+00  BH_18_imp        -31.9110   41.6314      4719.979      9253.883     0.000  TY  -3.61342E-01  -9.48398E-02  2.00000E-01
1.35386E+00  BH_18_imp        -31.9110   41.6314      4719.979      9253.883     0.000  TX  -1.07472E-01  -3.72047E-02  2.00000E-01
1.35386E+00  BH_18_imp        -31.9110   41.6314      4719.979      9253.883     0.000  TY  -4.58479E-01  -1.12522E-01  2.00000E-01
8.20695E-01  BH_18_imp        -31.9110   41.6314      4719.979      9253.883     0.000  TX  -2.21233E-01   2.06656E-02  2.00000E-01
8.20695E-01  BH_18_imp        -31.9110   41.6314      4719.979      9253.883     0.000  TY  -5.01548E-01  -5.47710E-03  2.00000E-01
4.97498E-01  BH_18_imp        -31.9110   41.6314      4719.979      9253.883     0.000  TX  -2.87725E-01   2.04103E-01  2.00000E-01
4.97498E-01  BH_18_imp        -31.9110   41.6314      4719.979      9253.883     0.000  TY  -4.87484E-01   8.27527E-02  2.00000E-01
3.01578E-01  BH_18_imp        -31.9110   41.6314      4719.979      9253.883     0.000  TX  -8.87488E-02   3.62923E-01  2.00000E-01
3.01578E-01  BH_18_imp        -31.9110   41.6314      4719.979      9253.883     0.000  TY  -4.28245E-01   2.75574E-01  2.00000E-01
1.82814E-01  BH_18_imp        -31.9110   41.6314      4719.979      9253.883     0.000  TX   1.82161E-01   4.32372E-01  2.00000E-01
1.82814E-01  BH_18_imp        -31.9110   41.6314      4719.979      9253.883     0.000  TY  -2.44073E-01   3.31418E-01  2.00000E-01
1.10820E-01  BH_18_imp        -31.9110   41.6314      4719.979      9253.883     0.000  TX   3.57511E-01   3.75230E-01  2.00000E-01
1.10820E-01  BH_18_imp        -31.9110   41.6314      4719.979      9253.883     0.000  TY  -9.28066E-02   2.21839E-01  2.00000E-01
6.71781E-02  BH_18_imp        -31.9110   41.6314      4719.979      9253.883     0.000  TX   5.43474E-01   1.68373E-01  2.00000E-01
6.71781E-02  BH_18_imp        -31.9110   41.6314      4719.979      9253.883     0.000  TY   1.34197E-02   1.04910E-01  2.00000E-01
4.07226E-02  BH_18_imp        -31.9110   41.6314      4719.979      9253.883     0.000  TX   5.43919E-01  -1.23091E-02  2.00000E-01
4.07226E-02  BH_18_imp        -31.9110   41.6314      4719.979      9253.883     0.000  TY  -5.16278E-03  -1.65074E-02  2.00000E-01
2.46856E-02  BH_18_imp        -31.9110   41.6314      4719.979      9253.883     0.000  TX   4.61372E-01  -8.80752E-02  2.00000E-01
2.46856E-02  BH_18_imp        -31.9110   41.6314      4719.979      9253.883     0.000  TY  -5.69123E-02  -1.46825E-01  2.00000E-01
1.49642E-02  BH_18_imp        -31.9110   41.6314      4719.979      9253.883     0.000  TX   3.63536E-01  -1.97845E-01  2.00000E-01
1.49642E-02  BH_18_imp        -31.9110   41.6314      4719.979      9253.883     0.000  TY  -1.44208E-01  -6.04027E-02  2.00000E-01
9.07112E-03  BH_18_imp        -31.9110   41.6314      4719.979      9253.883     0.000  TX   2.95378E-01  -3.16571E-01  2.00000E-01
9.07112E-03  BH_18_imp        -31.9110   41.6314      4719.979      9253.883     0.000  TY  -1.29048E-01  -3.61529E-02  2.00000E-01
5.49883E-03  BH_18_imp        -31.9110   41.6314      4719.979      9253.883     0.000  TX   1.64626E-01  -2.14018E-01  2.00000E-01
5.49883E-03  BH_18_imp        -31.9110   41.6314      4719.979      9253.883     0.000  TY  -1.34117E-01   6.70431E-02  2.00000E-01
3.33333E-03  BH_18_imp        -31.9110   41.6314      4719.979      9253.883     0.000  TX   5.64300E-04  -3.26056E-01  2.00000E-01
3.33333E-03  BH_18_imp        -31.9110   41.6314      4719.979      9253.883     0.000  TY  -1.30945E-01   3.92255E-02  2.00000E-01
2.02063E+02  BH_19            -31.9003   41.4650      6278.933     -6457.571     0.000  TX  -4.46334E-02   1.08675E-01  1.00000E-01
2.02063E+02  BH_19            -31.9003   41.4650      6278.933     -6457.571     0.000  TY   2.26939E-01  -5.57235E-02  1.00000E-01
1.22489E+02  BH_19            -31.9003   41.4650      6278.933     -6457.571     0.000  TX   3.29289E-03   5.04384E-02  1.00000E-01
1.22489E+02  BH_19            -31.9003   41.4650      6278.933     -6457.571     0.000  TY   1.15316E-01  -1.57284E-01  1.00000E-01
7.42512E+01  BH_19            -31.9003   41.4650      6278.933     -6457.571     0.000  TX   6.97621E-02   2.94735E-02  1.00000E-01
7.42512E+01  BH_19            -31.9003   41.4650      6278.933     -6457.571     0.000  TY  -3.49592E-02  -8.53804E-02  1.00000E-01
4.50104E+01  BH_19            -31.9003   41.4650      6278.933     -6457.571     0.000  TX   1.39363E-01   7.46054E-02  1.00000E-01
4.50104E+01  BH_19            -31.9003   41.4650      6278.933     -6457.571     0.000  TY  -9.20997E-02  -1.65966E-01  1.00000E-01
2.72849E+01  BH_19            -31.9003   41.4650      6278.933     -6457.571     0.000  TX   1.91278E-02  -5.42680E-02  1.00000E+01
2.72849E+01  BH_19            -31.9003   41.4650      6278.933     -6457.571     0.000  TY   2.21249E-01   3.84163E-02  1.00000E+01
1.65398E+01  BH_19            -31.9003   41.4650      6278.933     -6457.571     0.000  TX   1.09269E-01  -3.08848E-01  1.00000E+01
1.65398E+01  BH_19            -31.9003   41.4650      6278.933     -6457.571     0.000  TY  -2.92207E-01   3.19029E-01  1.00000E+01
1.00263E+01  BH_19            -31.9003   41.4650      6278.933     -6457.571     0.000  TX   8.91766E-01   4.19227E-01  1.00000E+01
1.00263E+01  BH_19            -31.9003   41.4650      6278.933     -6457.571     0.000  TY   2.34542E-01   1.32006E+00  1.00000E+01
6.07785E+00  BH_19            -31.9003   41.4650      6278.933     -6457.571     0.000  TX  -1.07747E+00  -1.54389E+00  1.00000E+01
6.07785E+00  BH_19            -31.9003   41.4650      6278.933     -6457.571     0.000  TY   2.99359E-01  -2.84005E-01  1.00000E+01
3.68431E+00  BH_19            -31.9003   41.4650      6278.933     -6457.571     0.000  TX   1.37169E-01   1.56426E-02  1.00000E+01
3.68431E+00  BH_19            -31.9003   41.4650      6278.933     -6457.571     0.000  TY   2.88517E-01   2.08216E-01  1.00000E+01
2.23339E+00  BH_19            -31.9003   41.4650      6278.933     -6457.571     0.000  TX   1.92350E-02   2.19546E-01  1.00000E+01
2.23339E+00  BH_19            -31.9003   41.4650      6278.933     -6457.571     0.000  TY   1.04711E-03  -2.06875E-02  1.00000E+01
1.35386E+00  BH_19            -31.9003   41.4650      6278.933     -6457.571     0.000  TX   1.88149E-01   1.68410E-01  1.00000E+01
1.35386E+00  BH_19            -31.9003   41.4650      6278.933     -6457.571     0.000  TY   6.43018E-02   1.71045E-01  1.00000E+01
8.20695E-01  BH_19            -31.9003   41.4650      6278.933     -6457.571     0.000  TX   3.07670E-01  -2.83978E-01  1.00000E-01
8.20695E-01  BH_19            -31.9003   41.4650      6278.933     -6457.571     0.000  TY   1.18866E-01   8.48800E-02  1.00000E-01
4.97498E-01  BH_19            -31.9003   41.4650      6278.933     -6457.571     0.000  TX   2.84305E-01  -2.32448E-02  1.00000E-01
4.97498E-01  BH_19            -31.9003   41.4650      6278.933     -6457.571     0.000  TY   2.46499E-01  -4.11363E-02  1.00000E-01
3.01578E-01  BH_19            -31.9003   41.4650      6278.933     -6457.571     0.000  TX   3.29263E-01  -5.50916E-03  1.00000E-01
3.01578E-01  BH_19            -31.9003   41.4650      6278.933     -6457.571     0.000  TY   7.51605E-02  -2.57787E-02  1.00000E-01
1.82814E-01  BH_19            -31.9003   41.4650      6278.933     -6457.571     0.000  TX   1.59461E-01  -7.12573E-02  1.00000E-01
1.82814E-01  BH_19            -31.9003   41.4650      6278.933     -6457.571     0.000  TY   1.80765E-01   3.61624E-02  1.00000E-01
1.10820E-01  BH_19            -31.9003   41.4650      6278.933     -6457.571     0.000  TX   1.19753E-01  -1.47975E-01  1.00000E-01
1.10820E-01  BH_19            -31.9003   41.4650      6278.933     -6457.571     0.000  TY   2.66891E-01   1.47858E-01  1.00000E-01
6.71781E-02  BH_19            -31.9003   41.4650      6278.933     -6457.571     0.000  TX   2.02256E-02  -2.03066E-01  1.00000E-01
6.71781E-02  BH_19            -31.9003   41.4650      6278.933     -6457.571     0.000  TY   2.49086E-01   6.06739E-02  1.00000E-01
4.07226E-02  BH_19            -31.9003   41.4650      6278.933     -6457.571     0.000  TX  -7.31413E-02  -2.25015E-01  1.00000E-01
4.07226E-02  BH_19            -31.9003   41.4650      6278.933     -6457.571     0.000  TY   2.68866E-01   5.58258E-02  1.00000E-01
2.46856E-02  BH_19            -31.9003   41.4650      6278.933     -6457.571     0.000  TX  -2.03641E-01  -2.01987E-01  1.00000E-01
2.46856E-02  BH_19            -31.9003   41.4650      6278.933     -6457.571     0.000  TY   2.90305E-01   1.45575E-02  1.00000E-01
1.49642E-02  BH_19            -31.9003   41.4650      6278.933     -6457.571     0.000  TX  -2.41797E-01  -2.01309E-01  1.00000E-01
1.49642E-02  BH_19            -31.9003   41.4650      6278.933     -6457.571     0.000  TY   2.99387E-01  -5.01101E-03  1.00000E-01
9.07112E-03  BH_19            -31.9003   41.4650      6278.933     -6457.571     0.000  TX  -4.50228E-01  -3.37001E-02  1.00000E-01
9.07112E-03  BH_19            -31.9003   41.4650      6278.933     -6457.571     0.000  TY   3.07557E-01  -9.57924E-02  1.00000E-01
5.49883E-03  BH_19            -31.9003   41.4650      6278.933     -6457.571     0.000  TX  -3.53426E-01  -8.93077E-02  1.00000E-01
5.49883E-03  BH_19            -31.9003   41.4650      6278.933     -6457.571     0.000  TY   2.54193E-01  -7.63111E-02  1.00000E-01
3.33333E-03  BH_19            -31.9003   41.4650      6278.933     -6457.571     0.000  TX  -4.60229E-01  -2.45615E-02  1.00000E-01
3.33333E-03  BH_19            -31.9003   41.4650      6278.933     -6457.571     0.000  TY   2.22445E-01  -8.57208E-02  1.00000E-01
3.33333E+02  BH_1             -31.9743   41.5101     -2021.284     -2388.076     0.000  TX   2.27369E-02  -1.33807E-02  1.00000E-01
3.33333E+02  BH_1             -31.9743   41.5101     -2021.284     -2388.076     0.000  TY   2.27803E-01  -1.32853E-01  1.00000E-01
2.02063E+02  BH_1             -31.9743   41.5101     -2021.284     -2388.076     0.000  TX   2.44464E-02   5.57539E-02  1.00000E-01
2.02063E+02  BH_1             -31.9743   41.5101     -2021.284     -2388.076     0.000  TY   1.60154E-01  -1.21573E-01  1.00000E-01
1.22489E+02  BH_1             -31.9743   41.5101     -2021.284     -2388.076     0.000  TX   7.56176E-02   3.45657E-02  1.00000E-01
1.22489E+02  BH_1             -31.9743   41.5101     -2021.284     -2388.076     0.000  TY   5.35272E-02  -1.82794E-01  1.00000E-01
7.42512E+01  BH_1             -31.9743   41.5101     -2021.284     -2388.076     0.000  TX   7.73676E-02   2.80128E-03  1.00000E-01
7.42512E+01  BH_1             -31.9743   41.5101     -2021.284     -2388.076     0.000  TY  -1.35272E-02  -1.63806E-01  1.00000E-01
4.50104E+01  BH_1             -31.9743   41.5101     -2021.284     -2388.076     0.000  TX   5.66048E-02  -2.68920E-03  1.00000E-01
4.50104E+01  BH_1             -31.9743   41.5101     -2021.284     -2388.076     0.000  TY  -5.69787E-02  -1.62349E-01  1.00000E-01
2.72849E+01  BH_1             -31.9743   41.5101     -2021.284     -2388.076     0.000  TX   5.45480E-02   5.02160E-02  1.00000E-01
2.72849E+01  BH_1             -31.9743   41.5101     -2021.284     -2388.076     0.000  TY  -1.44534E-01  -6.83932E-02  1.00000E-01
1.65398E+01  BH_1             -31.9743   41.5101     -2021.284     -2388.076     0.000  TX   9.03620E-02   2.03882E-02  1.00000E-01
1.65398E+01  BH_1             -31.9743   41.5101     -2021.284     -2388.076     0.000  TY  -1.65817E-01   9.15782E-03  1.00000E-01
1.00263E+01  BH_1             -31.9743   41.5101     -2021.284     -2388.076     0.000  TX   3.88298E-02   4.86367E-02  1.00000E-01
1.00263E+01  BH_1             -31.9743   41.5101     -2021.284     -2388.076     0.000  TY  -1.42021E-01   5.61404E-04  1.00000E-01
6.07785E+00  BH_1             -31.9743   41.5101     -2021.284     -2388.076     0.000  TX   4.68550E-02   2.35229E-02  1.00000E-01
6.07785E+00  BH_1             -31.9743   41.5101     -2021.284     -2388.076     0.000  TY  -1.34775E-01   1.39227E-01  1.00000E-01
3.68431E+00  BH_1             -31.9743   41.5101     -2021.284     -2388.076     0.000  TX   9.65675E-02  -4.27782E-02  1.00000E-01
3.68431E+00  BH_1             -31.9743   41.5101     -2021.284     -2388.076     0.000  TY  -5.71765E-02   5.66370E-02  1.00000E-01
2.23339E+00  BH_1             -31.9743   41.5101     -2021.284     -2388.076     0.000  TX   6.85603E-02  -6.10158E-02  1.00000E-01
2.23339E+00  BH_1             -31.9743   41.5101     -2021.284     -2388.076     0.000  TY  -2.41821E-02   1.10580E-01  1.00000E-01
1.35386E+00  BH_1             -31.9743   41.5101     -2021.284     -2388.076     0.000  TX   6.83722E-02  -6.60313E-02  1.00000E-01
1.35386E+00  BH_1             -31.9743   41.5101     -2021.284     -2388.076     0.000  TY  -1.96482E-02   5.59521E-02  1.00000E-01
8.20695E-01  BH_1             -31.9743   41.5101     -2021.284     -2388.076     0.000  TX   4.39399E-02  -7.43486E-02  1.00000E-01
8.20695E-01  BH_1             -31.9743   41.5101     -2021.284     -2388.076     0.000  TY  -5.54657E-03   9.27102E-02  1.00000E-01
4.97498E-01  BH_1             -31.9743   41.5101     -2021.284     -2388.076     0.000  TX   4.37380E-02  -5.56682E-02  1.00000E-01
4.97498E-01  BH_1             -31.9743   41.5101     -2021.284     -2388.076     0.000  TY  -1.61704E-01   4.56391E-02  1.00000E-01
3.01578E-01  BH_1             -31.9743   41.5101     -2021.284     -2388.076     0.000  TX  -3.38887E-02  -4.02320E-02  1.00000E-01
3.01578E-01  BH_1             -31.9743   41.5101     -2021.284     -2388.076     0.000  TY  -7.82544E-02   5.70269E-02  1.00000E-01
1.82814E-01  BH_1             -31.9743   41.5101     -2021.284     -2388.076     0.000  TX  -3.42996E-02  -2.83239E-02  1.00000E-01
1.82814E-01  BH_1             -31.9743   41.5101     -2021.284     -2388.076     0.000  TY  -1.01176E-02   7.07092E-03  1.00000E-01
1.10820E-01  BH_1             -31.9743   41.5101     -2021.284     -2388.076     0.000  TX  -3.53014E-02  -5.92629E-03  1.00000E-01
1.10820E-01  BH_1             -31.9743   41.5101     -2021.284     -2388.076     0.000  TY  -1.95691E-01   1.18521E-01  1.00000E-01
6.71781E-02  BH_1             -31.9743   41.5101     -2021.284     -2388.076     0.000  TX  -6.47960E-02   9.73530E-03  1.00000E-01
6.71781E-02  BH_1             -31.9743   41.5101     -2021.284     -2388.076     0.000  TY  -8.69036E-02  -7.29153E-02  1.00000E-01
4.07226E-02  BH_1             -31.9743   41.5101     -2021.284     -2388.076     0.000  TX  -3.87984E-02   3.23642E-03  1.00000E-01
4.07226E-02  BH_1             -31.9743   41.5101     -2021.284     -2388.076     0.000  TY  -2.12002E-01  -9.50387E-03  1.00000E-01
2.46856E-02  BH_1             -31.9743   41.5101     -2021.284     -2388.076     0.000  TX  -4.39283E-02   2.89290E-02  1.00000E-01
2.46856E-02  BH_1             -31.9743   41.5101     -2021.284     -2388.076     0.000  TY  -2.35238E-01   2.86664E-02  1.00000E-01
1.49642E-02  BH_1             -31.9743   41.5101     -2021.284     -2388.076     0.000  TX  -4.75115E-02   3.75081E-02  1.00000E-01
1.49642E-02  BH_1             -31.9743   41.5101     -2021.284     -2388.076     0.000  TY  -2.04050E-01   4.87454E-02  1.00000E-01
9.07112E-03  BH_1             -31.9743   41.5101     -2021.284     -2388.076     0.000  TX  -3.23032E-02   4.55353E-02  1.00000E-01
9.07112E-03  BH_1             -31.9743   41.5101     -2021.284     -2388.076     0.000  TY  -1.70153E-01   8.15004E-02  1.00000E-01
5.49883E-03  BH_1             -31.9743   41.5101     -2021.284     -2388.076     0.000  TX  -1.89760E-03   8.68241E-02  1.00000E-01
5.49883E-03  BH_1             -31.9743   41.5101     -2021.284     -2388.076     0.000  TY  -1.02779E-01   8.47280E-02  1.00000E-01
3.33333E-03  BH_1             -31.9743   41.5101     -2021.284     -2388.076     0.000  TX   4.68411E-02   9.86608E-02  1.00000E-01
3.33333E-03  BH_1             -31.9743   41.5101     -2021.284     -2388.076     0.000  TY  -4.34146E-02   9.76935E-02  1.00000E-01
3.33333E+02  BH_20_imp        -31.8867   41.4665      7779.387     -6284.294     0.000  TX   1.92896E-01  -9.13734E-02  1.00000E-01
3.33333E+02  BH_20_imp        -31.8867   41.4665      7779.387     -6284.294     0.000  TY   2.64268E-01  -2.27078E-03  1.00000E-01
2.02063E+02  BH_20_imp        -31.8867   41.4665      7779.387     -6284.294     0.000  TX  -1.02658E-01  -9.11423E-02  1.00000E-01
2.02063E+02  BH_20_imp        -31.8867   41.4665      7779.387     -6284.294     0.000  TY   2.43215E-01  -5.32525E-02  1.00000E-01
1.22489E+02  BH_20_imp        -31.8867   41.4665      7779.387     -6284.294     0.000  TX   8.86750E-02   8.24856E-02  1.00000E-01
1.22489E+02  BH_20_imp        -31.8867   41.4665      7779.387     -6284.294     0.000  TY   5.59132E-02  -1.27648E-01  1.00000E-01
7.42512E+01  BH_20_imp        -31.8867   41.4665      7779.387     -6284.294     0.000  TX   3.69538E-02   1.00026E-03  1.00000E-01
7.42512E+01  BH_20_imp        -31.8867   41.4665      7779.387     -6284.294     0.000  TY   3.89514E-02  -1.24304E-01  1.00000E-01
4.50104E+01  BH_20_imp        -31.8867   41.4665      7779.387     -6284.294     0.000  TX   3.77705E-02   3.72032E-02  1.00000E-01
4.50104E+01  BH_20_imp        -31.8867   41.4665      7779.387     -6284.294     0.000  TY  -2.27220E-02  -4.54388E-02  1.00000E-01
2.72849E+01  BH_20_imp        -31.8867   41.4665      7779.387     -6284.294     0.000  TX   2.86590E-02   8.44268E-02  1.00000E+01
2.72849E+01  BH_20_imp        -31.8867   41.4665      7779.387     -6284.294     0.000  TY  -3.81721E-02  -3.24602E-02  1.00000E+01
1.65398E+01  BH_20_imp        -31.8867   41.4665      7779.387     -6284.294     0.000  TX   1.52557E-01   2.91339E-01  1.00000E+01
1.65398E+01  BH_20_imp        -31.8867   41.4665      7779.387     -6284.294     0.000  TY  -1.41018E-01  -5.89909E-03  1.00000E+01
1.00263E+01  BH_20_imp        -31.8867   41.4665      7779.387     -6284.294     0.000  TX   5.71918E-01   1.25630E+00  1.00000E+01
1.00263E+01  BH_20_imp        -31.8867   41.4665      7779.387     -6284.294     0.000  TY  -2.07001E+00  -1.22872E-01  1.00000E+01
6.07785E+00  BH_20_imp        -31.8867   41.4665      7779.387     -6284.294     0.000  TX   6.80708E-01  -6.51052E-01  1.00000E+01
6.07785E+00  BH_20_imp        -31.8867   41.4665      7779.387     -6284.294     0.000  TY   6.66746E-02   3.47443E-01  1.00000E+01
3.68431E+00  BH_20_imp        -31.8867   41.4665      7779.387     -6284.294     0.000  TX  -1.96397E-01  -1.17642E+00  1.00000E+01
3.68431E+00  BH_20_imp        -31.8867   41.4665      7779.387     -6284.294     0.000  TY   1.96256E-01   1.28263E+00  1.00000E+01
2.23339E+00  BH_20_imp        -31.8867   41.4665      7779.387     -6284.294     0.000  TX  -1.22900E-02  -3.39243E-01  1.00000E+01
2.23339E+00  BH_20_imp        -31.8867   41.4665      7779.387     -6284.294     0.000  TY   5.34584E-01   6.61419E-01  1.00000E+01
1.35386E+00  BH_20_imp        -31.8867   41.4665      7779.387     -6284.294     0.000  TX  -3.71596E-02  -5.26944E-02  1.00000E+01
1.35386E+00  BH_20_imp        -31.8867   41.4665      7779.387     -6284.294     0.000  TY   1.81665E-01   4.61343E-02  1.00000E+01
8.20695E-01  BH_20_imp        -31.8867   41.4665      7779.387     -6284.294     0.000  TX  -8.74378E-02   4.46353E-03  1.00000E+01
8.20695E-01  BH_20_imp        -31.8867   41.4665      7779.387     -6284.294     0.000  TY   1.08150E-01  -2.34923E-02  1.00000E+01
4.97498E-01  BH_20_imp        -31.8867   41.4665      7779.387     -6284.294     0.000  TX  -6.54816E-02  -2.21597E-01  1.00000E+01
4.97498E-01  BH_20_imp        -31.8867   41.4665      7779.387     -6284.294     0.000  TY   2.88213E-01   1.38832E-01  1.00000E+01
3.01578E-01  BH_20_imp        -31.8867   41.4665      7779.387     -6284.294     0.000  TX   2.34750E-01  -6.84737E-03  1.00000E+01
3.01578E-01  BH_20_imp        -31.8867   41.4665      7779.387     -6284.294     0.000  TY   2.06384E-01   5.55381E-02  1.00000E+01
1.82814E-01  BH_20_imp        -31.8867   41.4665      7779.387     -6284.294     0.000  TX   1.07331E-01  -3.62346E-02  1.00000E+01
1.82814E-01  BH_20_imp        -31.8867   41.4665      7779.387     -6284.294     0.000  TY   2.58260E-01   7.90245E-02  1.00000E+01
1.10820E-01  BH_20_imp        -31.8867   41.4665      7779.387     -6284.294     0.000  TX   4.69987E-02  -7.57200E-02  1.00000E-01
1.10820E-01  BH_20_imp        -31.8867   41.4665      7779.387     -6284.294     0.000  TY   3.44604E-01   1.21856E-01  1.00000E-01
6.71781E-02  BH_20_imp        -31.8867   41.4665      7779.387     -6284.294     0.000  TX   1.43026E-02  -1.35290E-01  1.00000E-01
6.71781E-02  BH_20_imp        -31.8867   41.4665      7779.387     -6284.294     0.000  TY   3.84929E-01   1.44041E-01  1.00000E-01
4.07226E-02  BH_20_imp        -31.8867   41.4665      7779.387     -6284.294     0.000  TX  -4.96306E-02  -1.18791E-01  1.00000E-01
4.07226E-02  BH_20_imp        -31.8867   41.4665      7779.387     -6284.294     0.000  TY   4.37332E-01   1.20978E-01  1.00000E-01
2.46856E-02  BH_20_imp        -31.8867   41.4665      7779.387     -6284.294     0.000  TX  -9.60104E-02  -8.63417E-02  1.00000E-01
2.46856E-02  BH_20_imp        -31.8867   41.4665      7779.387     -6284.294     0.000  TY   4.88478E-01   1.25955E-01  1.00000E-01
1.49642E-02  BH_20_imp        -31.8867   41.4665      7779.387     -6284.294     0.000  TX  -1.14881E-01  -2.05293E-02  1.00000E-01
1.49642E-02  BH_20_imp        -31.8867   41.4665      7779.387     -6284.294     0.000  TY   5.22664E-01   7.43787E-02  1.00000E-01
9.07112E-03  BH_20_imp        -31.8867   41.4665      7779.387     -6284.294     0.000  TX  -9.97303E-02   1.45430E-02  1.00000E-01
9.07112E-03  BH_20_imp        -31.8867   41.4665      7779.387     -6284.294     0.000  TY   5.53604E-01   4.38596E-02  1.00000E-01
5.49883E-03  BH_20_imp        -31.8867   41.4665      7779.387     -6284.294     0.000  TX  -4.14896E-02   6.41178E-02  1.00000E-01
5.49883E-03  BH_20_imp        -31.8867   41.4665      7779.387     -6284.294     0.000  TY   5.13307E-01  -7.03747E-02  1.00000E-01
3.33333E-03  BH_20_imp        -31.8867   41.4665      7779.387     -6284.294     0.000  TX   2.91418E-01   2.77912E-01  1.00000E-01
3.33333E-03  BH_20_imp        -31.8867   41.4665      7779.387     -6284.294     0.000  TY   4.17997E-01  -1.41810E-01  1.00000E-01
3.33333E+02  BH_21_imp        -31.8882   41.4445      7663.535     -8369.389     0.000  TX   5.17231E-02  -3.57524E-01  1.00000E-01
3.33333E+02  BH_21_imp        -31.8882   41.4445      7663.535     -8369.389     0.000  TY   2.21935E-01  -7.40263E-02  1.00000E-01
2.02063E+02  BH_21_imp        -31.8882   41.4445      7663.535     -8369.389     0.000  TX   3.12743E-01   3.89939E-02  1.00000E-01
2.02063E+02  BH_21_imp        -31.8882   41.4445      7663.535     -8369.389     0.000  TY  -2.95357E-02  -3.53907E-02  1.00000E-01
1.22489E+02  BH_21_imp        -31.8882   41.4445      7663.535     -8369.389     0.000  TX  -7.18038E-02   1.18887E-02  1.00000E-01
1.22489E+02  BH_21_imp        -31.8882   41.4445      7663.535     -8369.389     0.000  TY   1.44847E-01  -1.13552E-01  1.00000E-01
7.42512E+01  BH_21_imp        -31.8882   41.4445      7663.535     -8369.389     0.000  TX  -6.03678E-02   1.68218E-02  1.00000E-01
7.42512E+01  BH_21_imp        -31.8882   41.4445      7663.535     -8369.389     0.000  TY   1.67968E-02  -1.22471E-01  1.00000E-01
4.50104E+01  BH_21_imp        -31.8882   41.4445      7663.535     -8369.389     0.000  TX  -7.90259E-03   1.30975E-02  1.00000E-01
4.50104E+01  BH_21_imp        -31.8882   41.4445      7663.535     -8369.389     0.000  TY  -1.50457E-02  -7.35366E-03  1.00000E-01
2.72849E+01  BH_21_imp        -31.8882   41.4445      7663.535     -8369.389     0.000  TX   6.12129E-03   7.45438E-02  1.00000E+01
2.72849E+01  BH_21_imp        -31.8882   41.4445      7663.535     -8369.389     0.000  TY  -1.69863E-02  -1.60637E-01  1.00000E+01
1.65398E+01  BH_21_imp        -31.8882   41.4445      7663.535     -8369.389     0.000  TX   3.00077E-01  -2.76617E-01  1.00000E+01
1.65398E+01  BH_21_imp        -31.8882   41.4445      7663.535     -8369.389     0.000  TY  -3.54152E-03   1.09812E-01  1.00000E+01
1.00263E+01  BH_21_imp        -31.8882   41.4445      7663.535     -8369.389     0.000  TX  -1.32075E+00   1.24159E+00  1.00000E+01
1.00263E+01  BH_21_imp        -31.8882   41.4445      7663.535     -8369.389     0.000  TY  -4.24847E-01  -1.59881E+00  1.00000E+01
6.07785E+00  BH_21_imp        -31.8882   41.4445      7663.535     -8369.389     0.000  TX   8.27122E-02  -1.29161E+00  1.00000E+01
6.07785E+00  BH_21_imp        -31.8882   41.4445      7663.535     -8369.389     0.000  TY  -3.25289E-01   2.16442E+00  1.00000E+01
3.68431E+00  BH_21_imp        -31.8882   41.4445      7663.535     -8369.389     0.000  TX   7.59904E-02   2.18119E-01  1.00000E+01
3.68431E+00  BH_21_imp        -31.8882   41.4445      7663.535     -8369.389     0.000  TY  -3.36436E-01   3.82970E-02  1.00000E+01
2.23339E+00  BH_21_imp        -31.8882   41.4445      7663.535     -8369.389     0.000  TX   1.41245E-01   7.63409E-02  1.00000E+01
2.23339E+00  BH_21_imp        -31.8882   41.4445      7663.535     -8369.389     0.000  TY   1.94396E-01  -1.72568E-01  1.00000E+01
1.35386E+00  BH_21_imp        -31.8882   41.4445      7663.535     -8369.389     0.000  TX   8.27764E-02   1.27829E-01  1.00000E-01
1.35386E+00  BH_21_imp        -31.8882   41.4445      7663.535     -8369.389     0.000  TY   1.61804E-01   1.36818E-01  1.00000E-01
8.20695E-01  BH_21_imp        -31.8882   41.4445      7663.535     -8369.389     0.000  TX  -6.19369E-02   2.54618E-01  1.00000E-01
8.20695E-01  BH_21_imp        -31.8882   41.4445      7663.535     -8369.389     0.000  TY   1.27845E-01  -4.25385E-02  1.00000E-01
4.97498E-01  BH_21_imp        -31.8882   41.4445      7663.535     -8369.389     0.000  TX  -1.19719E-02  -1.98449E-02  1.00000E-01
4.97498E-01  BH_21_imp        -31.8882   41.4445      7663.535     -8369.389     0.000  TY   2.02760E-01  -2.18705E-02  1.00000E-01
3.01578E-01  BH_21_imp        -31.8882   41.4445      7663.535     -8369.389     0.000  TX   3.29536E-01  -1.17703E-01  1.00000E-01
3.01578E-01  BH_21_imp        -31.8882   41.4445      7663.535     -8369.389     0.000  TY   1.09580E-01  -6.41139E-02  1.00000E-01
1.82814E-01  BH_21_imp        -31.8882   41.4445      7663.535     -8369.389     0.000  TX   1.69638E-01  -1.83804E-02  1.00000E-01
1.82814E-01  BH_21_imp        -31.8882   41.4445      7663.535     -8369.389     0.000  TY  -4.07565E-02  -9.87811E-02  1.00000E-01
1.10820E-01  BH_21_imp        -31.8882   41.4445      7663.535     -8369.389     0.000  TX   1.45581E-01  -8.23496E-03  1.00000E-01
1.10820E-01  BH_21_imp        -31.8882   41.4445      7663.535     -8369.389     0.000  TY  -1.18850E-02  -1.56427E-01  1.00000E-01
6.71781E-02  BH_21_imp        -31.8882   41.4445      7663.535     -8369.389     0.000  TX   1.19805E-01  -4.90029E-02  1.00000E-01
6.71781E-02  BH_21_imp        -31.8882   41.4445      7663.535     -8369.389     0.000  TY  -2.78153E-02  -1.33691E-01  1.00000E-01
4.07226E-02  BH_21_imp        -31.8882   41.4445      7663.535     -8369.389     0.000  TX   7.26863E-02  -4.34028E-02  1.00000E-01
4.07226E-02  BH_21_imp        -31.8882   41.4445      7663.535     -8369.389     0.000  TY  -6.69384E-02  -1.33252E-01  1.00000E-01
2.46856E-02  BH_21_imp        -31.8882   41.4445      7663.535     -8369.389     0.000  TX   3.60286E-02   1.49675E-03  1.00000E-01
2.46856E-02  BH_21_imp        -31.8882   41.4445      7663.535     -8369.389     0.000  TY  -1.67512E-01  -9.05786E-02  1.00000E-01
1.49642E-02  BH_21_imp        -31.8882   41.4445      7663.535     -8369.389     0.000  TX   2.87696E-02   6.05735E-02  1.00000E-01
1.49642E-02  BH_21_imp        -31.8882   41.4445      7663.535     -8369.389     0.000  TY  -1.90862E-01  -6.21297E-02  1.00000E-01
9.07112E-03  BH_21_imp        -31.8882   41.4445      7663.535     -8369.389     0.000  TX   5.02926E-02   8.43895E-02  1.00000E-01
9.07112E-03  BH_21_imp        -31.8882   41.4445      7663.535     -8369.389     0.000  TY  -2.18026E-01  -6.94285E-03  1.00000E-01
5.49883E-03  BH_21_imp        -31.8882   41.4445      7663.535     -8369.389     0.000  TX   1.09675E-01   4.45306E-02  1.00000E-01
5.49883E-03  BH_21_imp        -31.8882   41.4445      7663.535     -8369.389     0.000  TY  -2.69442E-01   3.55128E-02  1.00000E-01
3.33333E-03  BH_21_imp        -31.8882   41.4445      7663.535     -8369.389     0.000  TX   1.66517E-01   3.78512E-03  1.00000E-01
3.33333E-03  BH_21_imp        -31.8882   41.4445      7663.535     -8369.389     0.000  TY  -3.18823E-01   6.56146E-02  1.00000E-01
3.33333E+02  BH_2_imp         -31.8574   41.4698     11027.830     -5895.093     0.000  TX  -3.92152E-03   1.47229E-02  1.00000E-01
3.33333E+02  BH_2_imp         -31.8574   41.4698     11027.830     -5895.093     0.000  TY   2.03303E-01  -5.78060E-02  1.00000E-01
2.02063E+02  BH_2_imp         -31.8574   41.4698     11027.830     -5895.093     0.000  TX   1.59623E-02   1.66373E-02  1.00000E-01
2.02063E+02  BH_2_imp         -31.8574   41.4698     11027.830     -5895.093     0.000  TY   1.36614E-01  -1.32441E-01  1.00000E-01
1.22489E+02  BH_2_imp         -31.8574   41.4698     11027.830     -5895.093     0.000  TX   2.19849E-02   5.38571E-02  1.00000E-01
1.22489E+02  BH_2_imp         -31.8574   41.4698     11027.830     -5895.093     0.000  TY   4.93062E-02  -1.51487E-01  1.00000E-01
7.42512E+01  BH_2_imp         -31.8574   41.4698     11027.830     -5895.093     0.000  TX   3.22423E-02  -5.76104E-03  1.00000E-01
7.42512E+01  BH_2_imp         -31.8574   41.4698     11027.830     -5895.093     0.000  TY  -3.03734E-02  -1.16625E-01  1.00000E-01
4.50104E+01  BH_2_imp         -31.8574   41.4698     11027.830     -5895.093     0.000  TX  -1.49193E-02  -2.09167E-02  1.00000E-01
4.50104E+01  BH_2_imp         -31.8574   41.4698     11027.830     -5895.093     0.000  TY  -3.91904E-02  -7.24629E-02  1.00000E-01
2.72849E+01  BH_2_imp         -31.8574   41.4698     11027.830     -5895.093     0.000  TX  -4.26672E-02   5.97686E-02  1.00000E-01
2.72849E+01  BH_2_imp         -31.8574   41.4698     11027.830     -5895.093     0.000  TY  -7.82031E-02  -2.84274E-02  1.00000E-01
1.65398E+01  BH_2_imp         -31.8574   41.4698     11027.830     -5895.093     0.000  TX   4.07539E-02   2.10120E-02  1.00000E-01
1.65398E+01  BH_2_imp         -31.8574   41.4698     11027.830     -5895.093     0.000  TY  -1.29102E-01  -3.92385E-02  1.00000E-01
1.00263E+01  BH_2_imp         -31.8574   41.4698     11027.830     -5895.093     0.000  TX  -2.27467E-01  -1.09216E-02  1.00000E-01
1.00263E+01  BH_2_imp         -31.8574   41.4698     11027.830     -5895.093     0.000  TY   4.17797E-01  -1.95617E-01  1.00000E-01
6.07785E+00  BH_2_imp         -31.8574   41.4698     11027.830     -5895.093     0.000  TX  -1.49977E-01   9.65425E-02  1.00000E-01
6.07785E+00  BH_2_imp         -31.8574   41.4698     11027.830     -5895.093     0.000  TY   6.31071E-04   2.36526E-02  1.00000E-01
3.68431E+00  BH_2_imp         -31.8574   41.4698     11027.830     -5895.093     0.000  TX   2.86015E-02   1.51815E-02  1.00000E-01
3.68431E+00  BH_2_imp         -31.8574   41.4698     11027.830     -5895.093     0.000  TY  -5.94971E-04   9.40071E-02  1.00000E-01
2.23339E+00  BH_2_imp         -31.8574   41.4698     11027.830     -5895.093     0.000  TX  -6.06613E-02  -2.64822E-02  1.00000E-01
2.23339E+00  BH_2_imp         -31.8574   41.4698     11027.830     -5895.093     0.000  TY   2.93132E-02   4.22049E-03  1.00000E-01
1.35386E+00  BH_2_imp         -31.8574   41.4698     11027.830     -5895.093     0.000  TX  -7.50232E-02  -1.13235E-01  1.00000E-01
1.35386E+00  BH_2_imp         -31.8574   41.4698     11027.830     -5895.093     0.000  TY   6.31147E-02   5.30568E-02  1.00000E-01
8.20695E-01  BH_2_imp         -31.8574   41.4698     11027.830     -5895.093     0.000  TX  -1.01202E-02   5.24564E-03  1.00000E-01
8.20695E-01  BH_2_imp         -31.8574   41.4698     11027.830     -5895.093     0.000  TY  -1.22314E-02  -7.04100E-02  1.00000E-01
4.97498E-01  BH_2_imp         -31.8574   41.4698     11027.830     -5895.093     0.000  TX   1.50376E-02   2.00775E-02  1.00000E-01
4.97498E-01  BH_2_imp         -31.8574   41.4698     11027.830     -5895.093     0.000  TY   3.42757E-02  -1.06111E-01  1.00000E-01
3.01578E-01  BH_2_imp         -31.8574   41.4698     11027.830     -5895.093     0.000  TX  -7.30524E-03  -6.69995E-02  1.00000E-01
3.01578E-01  BH_2_imp         -31.8574   41.4698     11027.830     -5895.093     0.000  TY   4.82607E-03  -6.33353E-02  1.00000E-01
1.82814E-01  BH_2_imp         -31.8574   41.4698     11027.830     -5895.093     0.000  TX  -6.03998E-02  -9.28688E-02  1.00000E-01
1.82814E-01  BH_2_imp         -31.8574   41.4698     11027.830     -5895.093     0.000  TY  -1.39343E-02  -7.83321E-02  1.00000E-01
1.10820E-01  BH_2_imp         -31.8574   41.4698     11027.830     -5895.093     0.000  TX  -1.26047E-01  -9.92869E-02  1.00000E-01
1.10820E-01  BH_2_imp         -31.8574   41.4698     11027.830     -5895.093     0.000  TY  -2.10178E-02  -1.09149E-01  1.00000E-01
6.71781E-02  BH_2_imp         -31.8574   41.4698     11027.830     -5895.093     0.000  TX  -1.72746E-01  -1.03638E-01  1.00000E-01
6.71781E-02  BH_2_imp         -31.8574   41.4698     11027.830     -5895.093     0.000  TY  -7.58381E-02  -6.19261E-02  1.00000E-01
4.07226E-02  BH_2_imp         -31.8574   41.4698     11027.830     -5895.093     0.000  TX  -2.34490E-01  -3.32813E-02  1.00000E-01
4.07226E-02  BH_2_imp         -31.8574   41.4698     11027.830     -5895.093     0.000  TY  -1.00151E-01  -4.44234E-02  1.00000E-01
2.46856E-02  BH_2_imp         -31.8574   41.4698     11027.830     -5895.093     0.000  TX  -2.37219E-01   6.93554E-02  1.00000E-01
2.46856E-02  BH_2_imp         -31.8574   41.4698     11027.830     -5895.093     0.000  TY  -1.15531E-01  -1.60721E-02  1.00000E-01
1.49642E-02  BH_2_imp         -31.8574   41.4698     11027.830     -5895.093     0.000  TX  -1.46918E-01   1.45721E-01  1.00000E-01
1.49642E-02  BH_2_imp         -31.8574   41.4698     11027.830     -5895.093     0.000  TY  -1.02077E-01   1.58798E-02  1.00000E-01
9.07112E-03  BH_2_imp         -31.8574   41.4698     11027.830     -5895.093     0.000  TX  -4.29234E-02   1.35846E-01  1.00000E-01
9.07112E-03  BH_2_imp         -31.8574   41.4698     11027.830     -5895.093     0.000  TY  -7.63241E-02   2.01736E-02  1.00000E-01
5.49883E-03  BH_2_imp         -31.8574   41.4698     11027.830     -5895.093     0.000  TX   1.91208E-02   5.37257E-02  1.00000E-01
5.49883E-03  BH_2_imp         -31.8574   41.4698     11027.830     -5895.093     0.000  TY  -6.24185E-02  -2.11160E-03  1.00000E-01
3.33333E-03  BH_2_imp         -31.8574   41.4698     11027.830     -5895.093     0.000  TX   6.34782E-03  -1.48008E-02  1.00000E-01
3.33333E-03  BH_2_imp         -31.8574   41.4698     11027.830     -5895.093     0.000  TY  -7.80550E-02  -2.16500E-02  1.00000E-01
3.33333E+02  BH_3_imp         -31.8858   41.5348      7734.525       181.046     0.000  TX   3.00217E-02  -4.52280E-02  1.00000E-01
3.33333E+02  BH_3_imp         -31.8858   41.5348      7734.525       181.046     0.000  TY   9.93928E-02  -2.18261E-01  1.00000E-01
2.02063E+02  BH_3_imp         -31.8858   41.5348      7734.525       181.046     0.000  TX  -4.23688E-02   9.71125E-02  1.00000E-01
2.02063E+02  BH_3_imp         -31.8858   41.5348      7734.525       181.046     0.000  TY   2.21780E-01  -1.34539E-01  1.00000E-01
1.22489E+02  BH_3_imp         -31.8858   41.5348      7734.525       181.046     0.000  TX   4.96586E-02   4.20701E-02  1.00000E-01
1.22489E+02  BH_3_imp         -31.8858   41.5348      7734.525       181.046     0.000  TY   1.25974E-01  -2.05271E-01  1.00000E-01
7.42512E+01  BH_3_imp         -31.8858   41.5348      7734.525       181.046     0.000  TX   9.08147E-02   1.47735E-02  1.00000E-01
7.42512E+01  BH_3_imp         -31.8858   41.5348      7734.525       181.046     0.000  TY   4.42323E-03  -1.52685E-01  1.00000E-01
4.50104E+01  BH_3_imp         -31.8858   41.5348      7734.525       181.046     0.000  TX   5.93484E-02  -1.93322E-02  1.00000E-01
4.50104E+01  BH_3_imp         -31.8858   41.5348      7734.525       181.046     0.000  TY  -6.18371E-02  -1.15905E-01  1.00000E-01
2.72849E+01  BH_3_imp         -31.8858   41.5348      7734.525       181.046     0.000  TX   3.03285E-02   4.45931E-02  1.00000E-01
2.72849E+01  BH_3_imp         -31.8858   41.5348      7734.525       181.046     0.000  TY  -8.75401E-02  -8.92601E-02  1.00000E-01
1.65398E+01  BH_3_imp         -31.8858   41.5348      7734.525       181.046     0.000  TX   8.65356E-02   1.14051E-02  1.00000E-01
1.65398E+01  BH_3_imp         -31.8858   41.5348      7734.525       181.046     0.000  TY  -5.00710E-02  -5.77999E-02  1.00000E-01
1.00263E+01  BH_3_imp         -31.8858   41.5348      7734.525       181.046     0.000  TX   9.80615E-02   1.16654E-01  1.00000E-01
1.00263E+01  BH_3_imp         -31.8858   41.5348      7734.525       181.046     0.000  TY  -7.68876E-02  -1.01993E-01  1.00000E-01
6.07785E+00  BH_3_imp         -31.8858   41.5348      7734.525       181.046     0.000  TX   1.75311E-02  -6.19468E-02  1.00000E-01
6.07785E+00  BH_3_imp         -31.8858   41.5348      7734.525       181.046     0.000  TY  -1.75354E-01   5.77002E-03  1.00000E-01
3.68431E+00  BH_3_imp         -31.8858   41.5348      7734.525       181.046     0.000  TX   1.20052E-02   7.12643E-02  1.00000E-01
3.68431E+00  BH_3_imp         -31.8858   41.5348      7734.525       181.046     0.000  TY  -2.80467E-02   4.04566E-02  1.00000E-01
2.23339E+00  BH_3_imp         -31.8858   41.5348      7734.525       181.046     0.000  TX   9.23445E-02   7.25133E-02  1.00000E-01
2.23339E+00  BH_3_imp         -31.8858   41.5348      7734.525       181.046     0.000  TY  -8.84168E-02  -1.29911E-01  1.00000E-01
1.35386E+00  BH_3_imp         -31.8858   41.5348      7734.525       181.046     0.000  TX   7.74052E-03   3.36333E-02  1.00000E-01
1.35386E+00  BH_3_imp         -31.8858   41.5348      7734.525       181.046     0.000  TY   8.72104E-02  -3.13476E-02  1.00000E-01
8.20695E-01  BH_3_imp         -31.8858   41.5348      7734.525       181.046     0.000  TX   2.55232E-01   3.74587E-02  1.00000E-01
8.20695E-01  BH_3_imp         -31.8858   41.5348      7734.525       181.046     0.000  TY  -6.23994E-02  -1.48840E-01  1.00000E-01
4.97498E-01  BH_3_imp         -31.8858   41.5348      7734.525       181.046     0.000  TX  -3.80926E-02  -1.34898E-01  1.00000E-01
4.97498E-01  BH_3_imp         -31.8858   41.5348      7734.525       181.046     0.000  TY  -6.37828E-02  -6.95567E-02  1.00000E-01
3.01578E-01  BH_3_imp         -31.8858   41.5348      7734.525       181.046     0.000  TX  -6.09149E-03  -8.46242E-02  1.00000E-01
3.01578E-01  BH_3_imp         -31.8858   41.5348      7734.525       181.046     0.000  TY  -6.74751E-02   3.25805E-02  1.00000E-01
1.82814E-01  BH_3_imp         -31.8858   41.5348      7734.525       181.046     0.000  TX  -5.36234E-02  -9.63598E-02  1.00000E-01
1.82814E-01  BH_3_imp         -31.8858   41.5348      7734.525       181.046     0.000  TY  -2.54394E-02   4.72099E-02  1.00000E-01
1.10820E-01  BH_3_imp         -31.8858   41.5348      7734.525       181.046     0.000  TX  -1.17742E-01  -1.26205E-01  1.00000E-01
1.10820E-01  BH_3_imp         -31.8858   41.5348      7734.525       181.046     0.000  TY  -4.23678E-02   1.15654E-01  1.00000E-01
6.71781E-02  BH_3_imp         -31.8858   41.5348      7734.525       181.046     0.000  TX  -1.58874E-01  -1.33439E-01  1.00000E-01
6.71781E-02  BH_3_imp         -31.8858   41.5348      7734.525       181.046     0.000  TY  -4.66618E-03   1.74118E-01  1.00000E-01
4.07226E-02  BH_3_imp         -31.8858   41.5348      7734.525       181.046     0.000  TX  -2.20757E-01  -8.80565E-02  1.00000E-01
4.07226E-02  BH_3_imp         -31.8858   41.5348      7734.525       181.046     0.000  TY   8.10461E-02   2.25163E-01  1.00000E-01
2.46856E-02  BH_3_imp         -31.8858   41.5348      7734.525       181.046     0.000  TX  -2.49873E-01  -1.47347E-02  1.00000E-01
2.46856E-02  BH_3_imp         -31.8858   41.5348      7734.525       181.046     0.000  TY   1.96621E-01   2.42392E-01  1.00000E-01
1.49642E-02  BH_3_imp         -31.8858   41.5348      7734.525       181.046     0.000  TX  -2.24268E-01   5.22018E-02  1.00000E-01
1.49642E-02  BH_3_imp         -31.8858   41.5348      7734.525       181.046     0.000  TY   3.19570E-01   1.96951E-01  1.00000E-01
9.07112E-03  BH_3_imp         -31.8858   41.5348      7734.525       181.046     0.000  TX  -1.81367E-01   7.81336E-02  1.00000E-01
9.07112E-03  BH_3_imp         -31.8858   41.5348      7734.525       181.046     0.000  TY   3.90045E-01   1.20863E-01  1.00000E-01
5.49883E-03  BH_3_imp         -31.8858   41.5348      7734.525       181.046     0.000  TX  -1.49996E-01   8.46371E-02  1.00000E-01
5.49883E-03  BH_3_imp         -31.8858   41.5348      7734.525       181.046     0.000  TY   4.18700E-01   2.01877E-02  1.00000E-01
3.33333E-03  BH_3_imp         -31.8858   41.5348      7734.525       181.046     0.000  TX  -1.23221E-01   9.89204E-02  1.00000E-01
3.33333E-03  BH_3_imp         -31.8858   41.5348      7734.525       181.046     0.000  TY   3.94854E-01  -5.75903E-02  1.00000E-01
3.33333E+02  BH_4             -31.8781   41.5007      8666.666     -3027.373     0.000  TX   2.68952E-02   3.57669E-02  1.00000E+01
3.33333E+02  BH_4             -31.8781   41.5007      8666.666     -3027.373     0.000  TY  -3.40791E-02  -3.09569E-01  1.00000E+01
2.02063E+02  BH_4             -31.8781   41.5007      8666.666     -3027.373     0.000  TX   8.65909E-02  -3.07262E-01  1.00000E+01
2.02063E+02  BH_4             -31.8781   41.5007      8666.666     -3027.373     0.000  TY   7.06068E-02   3.01022E-01  1.00000E+01
1.22489E+02  BH_4             -31.8781   41.5007      8666.666     -3027.373     0.000  TX   1.01563E-01   2.26161E-01  1.00000E+01
1.22489E+02  BH_4             -31.8781   41.5007      8666.666     -3027.373     0.000  TY   1.68649E-01  -3.42286E-01  1.00000E+01
7.42512E+01  BH_4             -31.8781   41.5007      8666.666     -3027.373     0.000  TX  -1.33483E-02   2.52771E-03  1.00000E+01
7.42512E+01  BH_4             -31.8781   41.5007      8666.666     -3027.373     0.000  TY  -2.56885E-02  -3.35051E-01  1.00000E+01
4.50104E+01  BH_4             -31.8781   41.5007      8666.666     -3027.373     0.000  TX   1.72087E-02  -1.02133E-02  1.00000E+01
4.50104E+01  BH_4             -31.8781   41.5007      8666.666     -3027.373     0.000  TY  -1.02741E-01  -2.13793E-02  1.00000E+01
2.72849E+01  BH_4             -31.8781   41.5007      8666.666     -3027.373     0.000  TX  -3.98154E-02   7.19537E-03  1.00000E+01
2.72849E+01  BH_4             -31.8781   41.5007      8666.666     -3027.373     0.000  TY  -1.34748E-01  -1.20865E-01  1.00000E+01
1.65398E+01  BH_4             -31.8781   41.5007      8666.666     -3027.373     0.000  TX   1.72435E-01   4.81338E-01  1.00000E+01
1.65398E+01  BH_4             -31.8781   41.5007      8666.666     -3027.373     0.000  TY  -1.19868E+00   1.02505E+00  1.00000E+01
1.00263E+01  BH_4             -31.8781   41.5007      8666.666     -3027.373     0.000  TX   1.94599E+00  -9.89974E-01  1.00000E+01
1.00263E+01  BH_4             -31.8781   41.5007      8666.666     -3027.373     0.000  TY   2.95039E+00  -1.14865E+01  1.00000E+01
6.07785E+00  BH_4             -31.8781   41.5007      8666.666     -3027.373     0.000  TX  -9.89231E-01   1.33987E-01  1.00000E+01
6.07785E+00  BH_4             -31.8781   41.5007      8666.666     -3027.373     0.000  TY   1.00366E+00   4.83379E-01  1.00000E+01
3.68431E+00  BH_4             -31.8781   41.5007      8666.666     -3027.373     0.000  TX   3.96291E-02  -1.92522E-01  1.00000E+01
3.68431E+00  BH_4             -31.8781   41.5007      8666.666     -3027.373     0.000  TY  -6.02202E-02   6.88920E-01  1.00000E+01
2.23339E+00  BH_4             -31.8781   41.5007      8666.666     -3027.373     0.000  TX  -5.23451E-02  -1.49070E-01  1.00000E+01
2.23339E+00  BH_4             -31.8781   41.5007      8666.666     -3027.373     0.000  TY  -6.33838E-02   2.48831E-01  1.00000E+01
1.35386E+00  BH_4             -31.8781   41.5007      8666.666     -3027.373     0.000  TX   4.61919E-02   2.06117E-01  1.00000E+01
1.35386E+00  BH_4             -31.8781   41.5007      8666.666     -3027.373     0.000  TY   1.48454E-01  -8.06270E-03  1.00000E+01
8.20695E-01  BH_4             -31.8781   41.5007      8666.666     -3027.373     0.000  TX   9.19822E-02   1.55114E-02  1.00000E-01
8.20695E-01  BH_4             -31.8781   41.5007      8666.666     -3027.373     0.000  TY   2.16156E-02  -1.76307E-01  1.00000E-01
4.97498E-01  BH_4             -31.8781   41.5007      8666.666     -3027.373     0.000  TX   9.46252E-02   2.85393E-02  1.00000E-01
4.97498E-01  BH_4             -31.8781   41.5007      8666.666     -3027.373     0.000  TY  -3.85725E-02  -1.44887E-01  1.00000E-01
3.01578E-01  BH_4             -31.8781   41.5007      8666.666     -3027.373     0.000  TX   6.36476E-02  -5.46703E-02  1.00000E-01
3.01578E-01  BH_4             -31.8781   41.5007      8666.666     -3027.373     0.000  TY  -1.04713E-01  -1.71010E-01  1.00000E-01
1.82814E-01  BH_4             -31.8781   41.5007      8666.666     -3027.373     0.000  TX   4.40938E-02  -1.01923E-01  1.00000E-01
1.82814E-01  BH_4             -31.8781   41.5007      8666.666     -3027.373     0.000  TY  -2.28463E-01  -1.68649E-01  1.00000E-01
1.10820E-01  BH_4             -31.8781   41.5007      8666.666     -3027.373     0.000  TX   1.41689E-02  -1.58970E-01  1.00000E-01
1.10820E-01  BH_4             -31.8781   41.5007      8666.666     -3027.373     0.000  TY  -1.77208E-01  -1.15614E-01  1.00000E-01
6.71781E-02  BH_4             -31.8781   41.5007      8666.666     -3027.373     0.000  TX  -9.01545E-02  -1.57014E-01  1.00000E-01
6.71781E-02  BH_4             -31.8781   41.5007      8666.666     -3027.373     0.000  TY  -3.34952E-01  -1.04487E-01  1.00000E-01
4.07226E-02  BH_4             -31.8781   41.5007      8666.666     -3027.373     0.000  TX  -1.70206E-01  -1.15131E-01  1.00000E-01
4.07226E-02  BH_4             -31.8781   41.5007      8666.666     -3027.373     0.000  TY  -3.89076E-01  -5.30399E-02  1.00000E-01
2.46856E-02  BH_4             -31.8781   41.5007      8666.666     -3027.373     0.000  TX  -2.09059E-01  -4.60590E-02  1.00000E-01
2.46856E-02  BH_4             -31.8781   41.5007      8666.666     -3027.373     0.000  TY  -4.18256E-01   4.49094E-03  1.00000E-01
1.49642E-02  BH_4             -31.8781   41.5007      8666.666     -3027.373     0.000  TX  -2.01187E-01   2.31872E-02  1.00000E-01
1.49642E-02  BH_4             -31.8781   41.5007      8666.666     -3027.373     0.000  TY  -3.93582E-01   8.58073E-02  1.00000E-01
9.07112E-03  BH_4             -31.8781   41.5007      8666.666     -3027.373     0.000  TX  -1.66842E-01   6.15424E-02  1.00000E-01
9.07112E-03  BH_4             -31.8781   41.5007      8666.666     -3027.373     0.000  TY  -3.50232E-01   1.44134E-01  1.00000E-01
5.49883E-03  BH_4             -31.8781   41.5007      8666.666     -3027.373     0.000  TX  -1.26671E-01   8.25971E-02  1.00000E-01
5.49883E-03  BH_4             -31.8781   41.5007      8666.666     -3027.373     0.000  TY  -2.67645E-01   1.98516E-01  1.00000E-01
3.33333E-03  BH_4             -31.8781   41.5007      8666.666     -3027.373     0.000  TX  -8.70067E-02   9.07153E-02  1.00000E-01
3.33333E-03  BH_4             -31.8781   41.5007      8666.666     -3027.373     0.000  TY  -1.74011E-01   2.16435E-01  1.00000E-01
3.33333E+02  BH_5             -31.9621   41.5605      -780.271      2414.513     0.000  TX   5.32893E-02   3.24583E-02  1.00000E-01
3.33333E+02  BH_5             -31.9621   41.5605      -780.271      2414.513     0.000  TY   1.12769E-01  -1.26059E-01  1.00000E-01
2.02063E+02  BH_5             -31.9621   41.5605      -780.271      2414.513     0.000  TX  -1.21642E-01   1.82204E-01  1.00000E-01
2.02063E+02  BH_5             -31.9621   41.5605      -780.271      2414.513     0.000  TY   2.77806E-01  -1.68044E-01  1.00000E-01
1.22489E+02  BH_5             -31.9621   41.5605      -780.271      2414.513     0.000  TX   1.52429E-02   4.23812E-02  1.00000E+01
1.22489E+02  BH_5             -31.9621   41.5605      -780.271      2414.513     0.000  TY   1.05192E-01  -1.33495E-01  1.00000E+01
7.42512E+01  BH_5             -31.9621   41.5605      -780.271      2414.513     0.000  TX   6.97667E-02   1.07072E-01  1.00000E+01
7.42512E+01  BH_5             -31.9621   41.5605      -780.271      2414.513     0.000  TY   1.70945E-02  -2.43047E-01  1.00000E+01
4.50104E+01  BH_5             -31.9621   41.5605      -780.271      2414.513     0.000  TX   1.02674E-01   4.11120E-02  1.00000E+01
4.50104E+01  BH_5             -31.9621   41.5605      -780.271      2414.513     0.000  TY  -9.00667E-02  -1.74863E-01  1.00000E+01
2.72849E+01  BH_5             -31.9621   41.5605      -780.271      2414.513     0.000  TX   8.30260E-02  -2.40157E-03  1.00000E+01
2.72849E+01  BH_5             -31.9621   41.5605      -780.271      2414.513     0.000  TY  -9.33871E-02  -5.82401E-02  1.00000E+01
1.65398E+01  BH_5             -31.9621   41.5605      -780.271      2414.513     0.000  TX   4.66108E-01   4.38146E-01  1.00000E+01
1.65398E+01  BH_5             -31.9621   41.5605      -780.271      2414.513     0.000  TY  -1.82917E-01   2.51187E-01  1.00000E+01
1.00263E+01  BH_5             -31.9621   41.5605      -780.271      2414.513     0.000  TX  -3.95050E+00  -1.47158E+00  1.00000E+01
1.00263E+01  BH_5             -31.9621   41.5605      -780.271      2414.513     0.000  TY   1.75324E+00  -1.70814E+00  1.00000E+01
6.07785E+00  BH_5             -31.9621   41.5605      -780.271      2414.513     0.000  TX  -4.65169E+00  -6.30477E-01  1.00000E+01
6.07785E+00  BH_5             -31.9621   41.5605      -780.271      2414.513     0.000  TY  -1.04531E+00   1.61501E-01  1.00000E+01
3.68431E+00  BH_5             -31.9621   41.5605      -780.271      2414.513     0.000  TX   3.46822E-03  -4.14753E-01  1.00000E+01
3.68431E+00  BH_5             -31.9621   41.5605      -780.271      2414.513     0.000  TY  -3.48631E-01  -1.35902E-01  1.00000E+01
2.23339E+00  BH_5             -31.9621   41.5605      -780.271      2414.513     0.000  TX   1.06483E-02   2.68785E-02  1.00000E+01
2.23339E+00  BH_5             -31.9621   41.5605      -780.271      2414.513     0.000  TY  -1.05662E-01  -2.72766E-01  1.00000E+01
1.35386E+00  BH_5             -31.9621   41.5605      -780.271      2414.513     0.000  TX  -4.06378E-02  -1.77512E-01  1.00000E+01
1.35386E+00  BH_5             -31.9621   41.5605      -780.271      2414.513     0.000  TY   8.77396E-03   2.15300E-01  1.00000E+01
8.20695E-01  BH_5             -31.9621   41.5605      -780.271      2414.513     0.000  TX  -1.18766E+00  -2.63793E+00  1.00000E-01
8.20695E-01  BH_5             -31.9621   41.5605      -780.271      2414.513     0.000  TY  -1.04812E+00  -3.29051E-01  1.00000E-01
4.97498E-01  BH_5             -31.9621   41.5605      -780.271      2414.513     0.000  TX  -5.52715E-02  -2.19699E-01  1.00000E-01
4.97498E-01  BH_5             -31.9621   41.5605      -780.271      2414.513     0.000  TY  -4.95874E-02   9.29218E-02  1.00000E-01
3.01578E-01  BH_5             -31.9621   41.5605      -780.271      2414.513     0.000  TX  -1.03344E-01  -9.29877E-02  1.00000E-01
3.01578E-01  BH_5             -31.9621   41.5605      -780.271      2414.513     0.000  TY   1.09264E-01   1.53332E-01  1.00000E-01
1.82814E-01  BH_5             -31.9621   41.5605      -780.271      2414.513     0.000  TX  -1.77176E-01  -3.47971E-02  1.00000E-01
1.82814E-01  BH_5             -31.9621   41.5605      -780.271      2414.513     0.000  TY   1.82080E-01   9.33055E-02  1.00000E-01
1.10820E-01  BH_5             -31.9621   41.5605      -780.271      2414.513     0.000  TX  -1.49233E-01   2.52778E-02  1.00000E-01
1.10820E-01  BH_5             -31.9621   41.5605      -780.271      2414.513     0.000  TY   2.23744E-01   9.25997E-02  1.00000E-01
6.71781E-02  BH_5             -31.9621   41.5605      -780.271      2414.513     0.000  TX  -1.17195E-01   5.46730E-02  1.00000E-01
6.71781E-02  BH_5             -31.9621   41.5605      -780.271      2414.513     0.000  TY   2.17615E-01   4.50258E-02  1.00000E-01
4.07226E-02  BH_5             -31.9621   41.5605      -780.271      2414.513     0.000  TX  -7.89493E-02   6.32254E-02  1.00000E-01
4.07226E-02  BH_5             -31.9621   41.5605      -780.271      2414.513     0.000  TY   2.24082E-01   2.74467E-02  1.00000E-01
2.46856E-02  BH_5             -31.9621   41.5605      -780.271      2414.513     0.000  TX  -5.01771E-02   4.67092E-02  1.00000E-01
2.46856E-02  BH_5             -31.9621   41.5605      -780.271      2414.513     0.000  TY   2.30953E-01   1.44360E-02  1.00000E-01
1.49642E-02  BH_5             -31.9621   41.5605      -780.271      2414.513     0.000  TX  -4.10470E-02   3.32283E-02  1.00000E-01
1.49642E-02  BH_5             -31.9621   41.5605      -780.271      2414.513     0.000  TY   2.38303E-01  -4.84240E-03  1.00000E-01
9.07112E-03  BH_5             -31.9621   41.5605      -780.271      2414.513     0.000  TX  -3.98353E-02   2.72885E-02  1.00000E-01
9.07112E-03  BH_5             -31.9621   41.5605      -780.271      2414.513     0.000  TY   2.43989E-01  -3.28801E-02  1.00000E-01
5.49883E-03  BH_5             -31.9621   41.5605      -780.271      2414.513     0.000  TX  -3.44272E-02   4.17994E-02  1.00000E-01
5.49883E-03  BH_5             -31.9621   41.5605      -780.271      2414.513     0.000  TY   2.18815E-01  -7.35127E-02  1.00000E-01
3.33333E-03  BH_5             -31.9621   41.5605      -780.271      2414.513     0.000  TX  -1.39674E-02   5.32005E-02  1.00000E-01
3.33333E-03  BH_5             -31.9621   41.5605      -780.271      2414.513     0.000  TY   1.69806E-01  -9.57060E-02  1.00000E-01
3.33333E+02  BH_6_imp         -31.9098   41.5154      5119.271     -1715.203     0.000  TX   1.19892E-01   3.28958E-01  1.00000E-01
3.33333E+02  BH_6_imp         -31.9098   41.5154      5119.271     -1715.203     0.000  TY  -1.45279E-01  -2.74876E-01  1.00000E-01
2.02063E+02  BH_6_imp         -31.9098   41.5154      5119.271     -1715.203     0.000  TX  -1.53331E-01   1.58247E-01  1.00000E-01
2.02063E+02  BH_6_imp         -31.9098   41.5154      5119.271     -1715.203     0.000  TY   2.61672E-01  -9.61851E-02  1.00000E-01
1.22489E+02  BH_6_imp         -31.9098   41.5154      5119.271     -1715.203     0.000  TX  -5.63942E-02   6.49008E-02  1.00000E-01
1.22489E+02  BH_6_imp         -31.9098   41.5154      5119.271     -1715.203     0.000  TY   1.49319E-01  -1.55715E-01  1.00000E-01
7.42512E+01  BH_6_imp         -31.9098   41.5154      5119.271     -1715.203     0.000  TX   7.12087E-02   1.68683E-01  1.00000E-01
7.42512E+01  BH_6_imp         -31.9098   41.5154      5119.271     -1715.203     0.000  TY   3.46935E-03  -1.73672E-01  1.00000E-01
4.50104E+01  BH_6_imp         -31.9098   41.5154      5119.271     -1715.203     0.000  TX   1.86391E-02   6.08736E-02  1.00000E-01
4.50104E+01  BH_6_imp         -31.9098   41.5154      5119.271     -1715.203     0.000  TY  -1.39889E-02  -1.41709E-01  1.00000E-01
2.72849E+01  BH_6_imp         -31.9098   41.5154      5119.271     -1715.203     0.000  TX   8.58435E-02   6.44466E-02  1.00000E-01
2.72849E+01  BH_6_imp         -31.9098   41.5154      5119.271     -1715.203     0.000  TY  -6.80948E-02  -1.14693E-01  1.00000E-01
1.65398E+01  BH_6_imp         -31.9098   41.5154      5119.271     -1715.203     0.000  TX   1.25237E-01   1.16747E-01  1.00000E+01
1.65398E+01  BH_6_imp         -31.9098   41.5154      5119.271     -1715.203     0.000  TY  -2.85613E-02  -1.84034E-02  1.00000E+01
1.00263E+01  BH_6_imp         -31.9098   41.5154      5119.271     -1715.203     0.000  TX  -8.73344E-01   1.46289E+00  1.00000E+01
1.00263E+01  BH_6_imp         -31.9098   41.5154      5119.271     -1715.203     0.000  TY  -1.18111E+00   1.58428E+00  1.00000E+01
6.07785E+00  BH_6_imp         -31.9098   41.5154      5119.271     -1715.203     0.000  TX  -2.36643E-01   4.39417E-01  1.00000E+01
6.07785E+00  BH_6_imp         -31.9098   41.5154      5119.271     -1715.203     0.000  TY  -4.98853E-01   1.08858E+00  1.00000E+01
3.68431E+00  BH_6_imp         -31.9098   41.5154      5119.271     -1715.203     0.000  TX   1.82353E-02   6.93728E-02  1.00000E+01
3.68431E+00  BH_6_imp         -31.9098   41.5154      5119.271     -1715.203     0.000  TY  -3.47422E-01  -1.33308E-01  1.00000E+01
2.23339E+00  BH_6_imp         -31.9098   41.5154      5119.271     -1715.203     0.000  TX   9.79960E-02   5.52852E-02  1.00000E-01
2.23339E+00  BH_6_imp         -31.9098   41.5154      5119.271     -1715.203     0.000  TY  -2.43610E-02   1.52973E-01  1.00000E-01
1.35386E+00  BH_6_imp         -31.9098   41.5154      5119.271     -1715.203     0.000  TX   1.24241E-01   1.32453E-01  1.00000E-01
1.35386E+00  BH_6_imp         -31.9098   41.5154      5119.271     -1715.203     0.000  TY  -3.16701E-02   1.84376E-01  1.00000E-01
8.20695E-01  BH_6_imp         -31.9098   41.5154      5119.271     -1715.203     0.000  TX   1.71478E-01   5.42575E-02  1.00000E-01
8.20695E-01  BH_6_imp         -31.9098   41.5154      5119.271     -1715.203     0.000  TY  -1.26544E-02  -2.21077E-02  1.00000E-01
4.97498E-01  BH_6_imp         -31.9098   41.5154      5119.271     -1715.203     0.000  TX   1.73950E-01   1.60924E-02  1.00000E-01
4.97498E-01  BH_6_imp         -31.9098   41.5154      5119.271     -1715.203     0.000  TY  -2.45891E-02   1.27124E-02  1.00000E-01
3.01578E-01  BH_6_imp         -31.9098   41.5154      5119.271     -1715.203     0.000  TX   2.44951E-01  -6.85955E-03  1.00000E-01
3.01578E-01  BH_6_imp         -31.9098   41.5154      5119.271     -1715.203     0.000  TY   1.38990E-02  -1.13583E-02  1.00000E-01
1.82814E-01  BH_6_imp         -31.9098   41.5154      5119.271     -1715.203     0.000  TX   1.85018E-01  -6.68415E-02  1.00000E-01
1.82814E-01  BH_6_imp         -31.9098   41.5154      5119.271     -1715.203     0.000  TY   8.44495E-03   1.59723E-02  1.00000E-01
1.10820E-01  BH_6_imp         -31.9098   41.5154      5119.271     -1715.203     0.000  TX   1.94133E-01  -1.11743E-01  1.00000E-01
1.10820E-01  BH_6_imp         -31.9098   41.5154      5119.271     -1715.203     0.000  TY   3.29893E-02   1.41148E-02  1.00000E-01
6.71781E-02  BH_6_imp         -31.9098   41.5154      5119.271     -1715.203     0.000  TX   1.14191E-01  -1.41048E-01  1.00000E-01
6.71781E-02  BH_6_imp         -31.9098   41.5154      5119.271     -1715.203     0.000  TY   2.13393E-02   8.93831E-02  1.00000E-01
4.07226E-02  BH_6_imp         -31.9098   41.5154      5119.271     -1715.203     0.000  TX   5.09128E-02  -1.57447E-01  1.00000E-01
4.07226E-02  BH_6_imp         -31.9098   41.5154      5119.271     -1715.203     0.000  TY   5.06842E-02   1.19430E-01  1.00000E-01
2.46856E-02  BH_6_imp         -31.9098   41.5154      5119.271     -1715.203     0.000  TX  -1.24418E-02  -1.56884E-01  1.00000E-01
2.46856E-02  BH_6_imp         -31.9098   41.5154      5119.271     -1715.203     0.000  TY   1.14075E-01   1.44782E-01  1.00000E-01
1.49642E-02  BH_6_imp         -31.9098   41.5154      5119.271     -1715.203     0.000  TX  -6.22826E-02  -1.49934E-01  1.00000E-01
1.49642E-02  BH_6_imp         -31.9098   41.5154      5119.271     -1715.203     0.000  TY   1.82887E-01   1.34485E-01  1.00000E-01
9.07112E-03  BH_6_imp         -31.9098   41.5154      5119.271     -1715.203     0.000  TX  -1.09495E-01  -1.38540E-01  1.00000E-01
9.07112E-03  BH_6_imp         -31.9098   41.5154      5119.271     -1715.203     0.000  TY   2.26205E-01   1.19755E-01  1.00000E-01
5.49883E-03  BH_6_imp         -31.9098   41.5154      5119.271     -1715.203     0.000  TX  -1.75051E-01  -1.14396E-01  1.00000E-01
5.49883E-03  BH_6_imp         -31.9098   41.5154      5119.271     -1715.203     0.000  TY   2.61560E-01   7.53415E-02  1.00000E-01
3.33333E-03  BH_6_imp         -31.9098   41.5154      5119.271     -1715.203     0.000  TX  -2.12983E-01  -8.59153E-02  1.00000E-01
3.33333E-03  BH_6_imp         -31.9098   41.5154      5119.271     -1715.203     0.000  TY   2.83256E-01   4.54341E-02  1.00000E-01
3.33333E+02  BH_7_imp         -31.9556   41.5323         5.602      -239.191     0.000  TX   1.55823E-03   1.96170E-01  1.00000E-01
3.33333E+02  BH_7_imp         -31.9556   41.5323         5.602      -239.191     0.000  TY   8.34538E-02  -1.74441E-01  1.00000E-01
2.02063E+02  BH_7_imp         -31.9556   41.5323         5.602      -239.191     0.000  TX   4.55160E-02   1.16592E-01  1.00000E-01
2.02063E+02  BH_7_imp         -31.9556   41.5323         5.602      -239.191     0.000  TY   7.08975E-02  -1.45545E-01  1.00000E-01
1.22489E+02  BH_7_imp         -31.9556   41.5323         5.602      -239.191     0.000  TX   1.74631E-01   1.52753E-01  1.00000E-01
1.22489E+02  BH_7_imp         -31.9556   41.5323         5.602      -239.191     0.000  TY  -5.94320E-02  -1.87362E-01  1.00000E-01
7.42512E+01  BH_7_imp         -31.9556   41.5323         5.602      -239.191     0.000  TX   2.63018E-02   1.81909E-02  1.00000E-01
7.42512E+01  BH_7_imp         -31.9556   41.5323         5.602      -239.191     0.000  TY   5.25175E-02  -1.56611E-01  1.00000E-01
4.50104E+01  BH_7_imp         -31.9556   41.5323         5.602      -239.191     0.000  TX   7.81961E-02   4.29800E-02  1.00000E-01
4.50104E+01  BH_7_imp         -31.9556   41.5323         5.602      -239.191     0.000  TY  -9.58184E-02  -1.31184E-01  1.00000E-01
2.72849E+01  BH_7_imp         -31.9556   41.5323         5.602      -239.191     0.000  TX   5.67022E-02   1.26325E-02  1.00000E-01
2.72849E+01  BH_7_imp         -31.9556   41.5323         5.602      -239.191     0.000  TY  -7.07894E-02  -7.10297E-02  1.00000E-01
1.65398E+01  BH_7_imp         -31.9556   41.5323         5.602      -239.191     0.000  TX   1.02151E-01   1.50566E-01  1.00000E+01
1.65398E+01  BH_7_imp         -31.9556   41.5323         5.602      -239.191     0.000  TY  -2.03514E-01  -1.49103E-01  1.00000E+01
1.00263E+01  BH_7_imp         -31.9556   41.5323         5.602      -239.191     0.000  TX  -8.34588E-01  -1.11620E+00  1.00000E+01
1.00263E+01  BH_7_imp         -31.9556   41.5323         5.602      -239.191     0.000  TY  -5.75090E-02   8.16672E-01  1.00000E+01
6.07785E+00  BH_7_imp         -31.9556   41.5323         5.602      -239.191     0.000  TX  -4.19806E-01  -1.92874E-01  1.00000E+01
6.07785E+00  BH_7_imp         -31.9556   41.5323         5.602      -239.191     0.000  TY  -9.78627E-02   5.94431E-01  1.00000E+01
3.68431E+00  BH_7_imp         -31.9556   41.5323         5.602      -239.191     0.000  TX   6.96222E-02  -7.49544E-02  1.00000E+01
3.68431E+00  BH_7_imp         -31.9556   41.5323         5.602      -239.191     0.000  TY  -2.04093E-01   1.08797E-01  1.00000E+01
2.23339E+00  BH_7_imp         -31.9556   41.5323         5.602      -239.191     0.000  TX   9.52018E-03  -1.20023E-01  1.00000E-01
2.23339E+00  BH_7_imp         -31.9556   41.5323         5.602      -239.191     0.000  TY  -4.89686E-02   1.54025E-01  1.00000E-01
1.35386E+00  BH_7_imp         -31.9556   41.5323         5.602      -239.191     0.000  TX  -3.52700E-02  -1.97457E-01  1.00000E-01
1.35386E+00  BH_7_imp         -31.9556   41.5323         5.602      -239.191     0.000  TY  -8.43920E-02   4.50824E-02  1.00000E-01
8.20695E-01  BH_7_imp         -31.9556   41.5323         5.602      -239.191     0.000  TX  -6.19198E-02  -6.78285E-02  1.00000E-01
8.20695E-01  BH_7_imp         -31.9556   41.5323         5.602      -239.191     0.000  TY   4.72416E-02   1.11299E-01  1.00000E-01
4.97498E-01  BH_7_imp         -31.9556   41.5323         5.602      -239.191     0.000  TX  -1.94011E-01  -6.93135E-02  1.00000E-01
4.97498E-01  BH_7_imp         -31.9556   41.5323         5.602      -239.191     0.000  TY   9.04740E-03   7.62606E-02  1.00000E-01
3.01578E-01  BH_7_imp         -31.9556   41.5323         5.602      -239.191     0.000  TX  -1.74356E-01  -1.93095E-02  1.00000E-01
3.01578E-01  BH_7_imp         -31.9556   41.5323         5.602      -239.191     0.000  TY   7.20398E-02   9.14584E-02  1.00000E-01
1.82814E-01  BH_7_imp         -31.9556   41.5323         5.602      -239.191     0.000  TX  -1.63258E-01   3.75261E-02  1.00000E-01
1.82814E-01  BH_7_imp         -31.9556   41.5323         5.602      -239.191     0.000  TY   9.80968E-02   4.60848E-02  1.00000E-01
1.10820E-01  BH_7_imp         -31.9556   41.5323         5.602      -239.191     0.000  TX  -1.20707E-01   7.96512E-02  1.00000E-01
1.10820E-01  BH_7_imp         -31.9556   41.5323         5.602      -239.191     0.000  TY   1.34176E-01   6.01216E-02  1.00000E-01
6.71781E-02  BH_7_imp         -31.9556   41.5323         5.602      -239.191     0.000  TX  -7.75537E-02   1.07293E-01  1.00000E-01
6.71781E-02  BH_7_imp         -31.9556   41.5323         5.602      -239.191     0.000  TY   1.28695E-01   3.61626E-03  1.00000E-01
4.07226E-02  BH_7_imp         -31.9556   41.5323         5.602      -239.191     0.000  TX  -2.66174E-02   1.17896E-01  1.00000E-01
4.07226E-02  BH_7_imp         -31.9556   41.5323         5.602      -239.191     0.000  TY   1.01061E-01   1.05805E-02  1.00000E-01
2.46856E-02  BH_7_imp         -31.9556   41.5323         5.602      -239.191     0.000  TX   3.20422E-02   1.07604E-01  1.00000E-01
2.46856E-02  BH_7_imp         -31.9556   41.5323         5.602      -239.191     0.000  TY   9.28216E-02   9.84701E-03  1.00000E-01
1.49642E-02  BH_7_imp         -31.9556   41.5323         5.602      -239.191     0.000  TX   8.14304E-02   7.38835E-02  1.00000E-01
1.49642E-02  BH_7_imp         -31.9556   41.5323         5.602      -239.191     0.000  TY   1.01170E-01   1.49535E-02  1.00000E-01
9.07112E-03  BH_7_imp         -31.9556   41.5323         5.602      -239.191     0.000  TX   1.10030E-01   2.15502E-02  1.00000E-01
9.07112E-03  BH_7_imp         -31.9556   41.5323         5.602      -239.191     0.000  TY   5.04199E-02   5.36696E-03  1.00000E-01
5.49883E-03  BH_7_imp         -31.9556   41.5323         5.602      -239.191     0.000  TX   1.06306E-01  -3.14074E-02  1.00000E-01
5.49883E-03  BH_7_imp         -31.9556   41.5323         5.602      -239.191     0.000  TY   1.08340E-01  -1.87514E-02  1.00000E-01
3.33333E-03  BH_7_imp         -31.9556   41.5323         5.602      -239.191     0.000  TX   8.38689E-02  -6.80973E-02  1.00000E-01
3.33333E-03  BH_7_imp         -31.9556   41.5323         5.602      -239.191     0.000  TY   1.07781E-01   4.03993E-03  1.00000E-01
3.33333E+02  BH_8_imp         -31.9019   41.5571      5898.535      2248.781     0.000  TX  -2.46370E-03   9.92264E-02  1.00000E-01
3.33333E+02  BH_8_imp         -31.9019   41.5571      5898.535      2248.781     0.000  TY   1.02584E-01  -1.35389E-02  1.00000E-01
2.02063E+02  BH_8_imp         -31.9019   41.5571      5898.535      2248.781     0.000  TX  -7.81651E-03   1.27255E-01  1.00000E-01
2.02063E+02  BH_8_imp         -31.9019   41.5571      5898.535      2248.781     0.000  TY   1.82961E-01  -1.60017E-01  1.00000E-01
1.22489E+02  BH_8_imp         -31.9019   41.5571      5898.535      2248.781     0.000  TX   6.78843E-02   1.18659E-01  1.00000E-01
1.22489E+02  BH_8_imp         -31.9019   41.5571      5898.535      2248.781     0.000  TY   8.06121E-02  -1.62660E-01  1.00000E-01
7.42512E+01  BH_8_imp         -31.9019   41.5571      5898.535      2248.781     0.000  TX   3.68228E-02   8.21776E-02  1.00000E-01
7.42512E+01  BH_8_imp         -31.9019   41.5571      5898.535      2248.781     0.000  TY  -2.00643E-02  -2.52190E-01  1.00000E-01
4.50104E+01  BH_8_imp         -31.9019   41.5571      5898.535      2248.781     0.000  TX   9.57039E-02   8.88523E-02  1.00000E-01
4.50104E+01  BH_8_imp         -31.9019   41.5571      5898.535      2248.781     0.000  TY  -1.04246E-01  -1.44795E-01  1.00000E-01
2.72849E+01  BH_8_imp         -31.9019   41.5571      5898.535      2248.781     0.000  TX   8.04252E-02   9.63658E-02  1.00000E-01
2.72849E+01  BH_8_imp         -31.9019   41.5571      5898.535      2248.781     0.000  TY  -1.63900E-01  -3.71874E-02  1.00000E-01
1.65398E+01  BH_8_imp         -31.9019   41.5571      5898.535      2248.781     0.000  TX   1.71791E-01   1.13073E-01  1.00000E-01
1.65398E+01  BH_8_imp         -31.9019   41.5571      5898.535      2248.781     0.000  TY  -1.63959E-01  -1.85953E-02  1.00000E-01
1.00263E+01  BH_8_imp         -31.9019   41.5571      5898.535      2248.781     0.000  TX   2.99531E-02   1.35271E-01  1.00000E-01
1.00263E+01  BH_8_imp         -31.9019   41.5571      5898.535      2248.781     0.000  TY  -1.26550E-01  -1.05352E-01  1.00000E-01
6.07785E+00  BH_8_imp         -31.9019   41.5571      5898.535      2248.781     0.000  TX   1.50332E-01   9.90376E-02  1.00000E-01
6.07785E+00  BH_8_imp         -31.9019   41.5571      5898.535      2248.781     0.000  TY  -1.88402E-01   7.38331E-02  1.00000E-01
3.68431E+00  BH_8_imp         -31.9019   41.5571      5898.535      2248.781     0.000  TX   1.95357E-01   1.96132E-01  1.00000E-01
3.68431E+00  BH_8_imp         -31.9019   41.5571      5898.535      2248.781     0.000  TY  -7.57792E-02  -7.66377E-03  1.00000E-01
2.23339E+00  BH_8_imp         -31.9019   41.5571      5898.535      2248.781     0.000  TX   2.60937E-01   2.18786E-01  1.00000E-01
2.23339E+00  BH_8_imp         -31.9019   41.5571      5898.535      2248.781     0.000  TY  -9.17791E-02  -7.67594E-02  1.00000E-01
1.35386E+00  BH_8_imp         -31.9019   41.5571      5898.535      2248.781     0.000  TX   3.46369E-01   1.94929E-01  1.00000E-01
1.35386E+00  BH_8_imp         -31.9019   41.5571      5898.535      2248.781     0.000  TY  -1.24119E-01  -9.78756E-02  1.00000E-01
8.20695E-01  BH_8_imp         -31.9019   41.5571      5898.535      2248.781     0.000  TX   4.48319E-01   1.83080E-01  1.00000E-01
8.20695E-01  BH_8_imp         -31.9019   41.5571      5898.535      2248.781     0.000  TY  -1.47870E-01  -1.38916E-01  1.00000E-01
4.97498E-01  BH_8_imp         -31.9019   41.5571      5898.535      2248.781     0.000  TX   5.53211E-01   1.09272E-01  1.00000E-01
4.97498E-01  BH_8_imp         -31.9019   41.5571      5898.535      2248.781     0.000  TY  -2.16453E-01  -2.05747E-01  1.00000E-01
3.01578E-01  BH_8_imp         -31.9019   41.5571      5898.535      2248.781     0.000  TX   5.83088E-01   2.43335E-03  1.00000E-01
3.01578E-01  BH_8_imp         -31.9019   41.5571      5898.535      2248.781     0.000  TY  -3.61492E-01  -2.42134E-01  1.00000E-01
1.82814E-01  BH_8_imp         -31.9019   41.5571      5898.535      2248.781     0.000  TX   5.59364E-01  -9.48012E-02  1.00000E-01
1.82814E-01  BH_8_imp         -31.9019   41.5571      5898.535      2248.781     0.000  TY  -4.72154E-01  -2.02975E-01  1.00000E-01
1.10820E-01  BH_8_imp         -31.9019   41.5571      5898.535      2248.781     0.000  TX   4.92063E-01  -1.71593E-01  1.00000E-01
1.10820E-01  BH_8_imp         -31.9019   41.5571      5898.535      2248.781     0.000  TY  -5.79233E-01  -1.50409E-01  1.00000E-01
6.71781E-02  BH_8_imp         -31.9019   41.5571      5898.535      2248.781     0.000  TX   3.74250E-01  -2.25736E-01  1.00000E-01
6.71781E-02  BH_8_imp         -31.9019   41.5571      5898.535      2248.781     0.000  TY  -5.97820E-01  -3.69816E-02  1.00000E-01
4.07226E-02  BH_8_imp         -31.9019   41.5571      5898.535      2248.781     0.000  TX   2.55833E-01  -2.06882E-01  1.00000E-01
4.07226E-02  BH_8_imp         -31.9019   41.5571      5898.535      2248.781     0.000  TY  -5.88718E-01   7.02812E-02  1.00000E-01
2.46856E-02  BH_8_imp         -31.9019   41.5571      5898.535      2248.781     0.000  TX   1.69579E-01  -1.40960E-01  1.00000E-01
2.46856E-02  BH_8_imp         -31.9019   41.5571      5898.535      2248.781     0.000  TY  -5.19945E-01   1.55100E-01  1.00000E-01
1.49642E-02  BH_8_imp         -31.9019   41.5571      5898.535      2248.781     0.000  TX   1.37212E-01  -4.96461E-02  1.00000E-01
1.49642E-02  BH_8_imp         -31.9019   41.5571      5898.535      2248.781     0.000  TY  -4.19348E-01   1.84480E-01  1.00000E-01
9.07112E-03  BH_8_imp         -31.9019   41.5571      5898.535      2248.781     0.000  TX   1.56881E-01   1.14593E-02  1.00000E-01
9.07112E-03  BH_8_imp         -31.9019   41.5571      5898.535      2248.781     0.000  TY  -3.48786E-01   1.81609E-01  1.00000E-01
5.49883E-03  BH_8_imp         -31.9019   41.5571      5898.535      2248.781     0.000  TX   2.07744E-01   3.70932E-02  1.00000E-01
5.49883E-03  BH_8_imp         -31.9019   41.5571      5898.535      2248.781     0.000  TY  -2.91411E-01   1.79475E-01  1.00000E-01
3.33333E-03  BH_8_imp         -31.9019   41.5571      5898.535      2248.781     0.000  TX   2.44268E-01   2.02195E-02  1.00000E-01
3.33333E-03  BH_8_imp         -31.9019   41.5571      5898.535      2248.781     0.000  TY  -2.44903E-01   1.91131E-01  1.00000E-01
3.33333E+02  BH_9_imp         -32.0026   41.5916     -5341.274      5240.312     0.000  TX  -2.55455E-02   8.71777E-02  1.00000E-01
3.33333E+02  BH_9_imp         -32.0026   41.5916     -5341.274      5240.312     0.000  TY   1.81115E-01  -7.80226E-02  1.00000E-01
2.02063E+02  BH_9_imp         -32.0026   41.5916     -5341.274      5240.312     0.000  TX  -4.33428E-02   7.05411E-02  1.00000E-01
2.02063E+02  BH_9_imp         -32.0026   41.5916     -5341.274      5240.312     0.000  TY   1.38095E-01  -1.58713E-01  1.00000E-01
1.22489E+02  BH_9_imp         -32.0026   41.5916     -5341.274      5240.312     0.000  TX   4.89177E-02   9.56698E-02  1.00000E-01
1.22489E+02  BH_9_imp         -32.0026   41.5916     -5341.274      5240.312     0.000  TY   2.10593E-03  -1.98447E-01  1.00000E-01
7.42512E+01  BH_9_imp         -32.0026   41.5916     -5341.274      5240.312     0.000  TX   1.33941E-01   4.78433E-02  1.00000E-01
7.42512E+01  BH_9_imp         -32.0026   41.5916     -5341.274      5240.312     0.000  TY  -5.74499E-02  -1.55151E-01  1.00000E-01
4.50104E+01  BH_9_imp         -32.0026   41.5916     -5341.274      5240.312     0.000  TX   1.19563E-01   7.88306E-02  1.00000E-01
4.50104E+01  BH_9_imp         -32.0026   41.5916     -5341.274      5240.312     0.000  TY  -1.59329E-01  -1.63037E-01  1.00000E-01
2.72849E+01  BH_9_imp         -32.0026   41.5916     -5341.274      5240.312     0.000  TX   1.42536E-01   5.85647E-02  1.00000E-01
2.72849E+01  BH_9_imp         -32.0026   41.5916     -5341.274      5240.312     0.000  TY  -2.38933E-01  -3.49259E-02  1.00000E-01
1.65398E+01  BH_9_imp         -32.0026   41.5916     -5341.274      5240.312     0.000  TX   1.32801E-01   6.57707E-02  1.00000E-01
1.65398E+01  BH_9_imp         -32.0026   41.5916     -5341.274      5240.312     0.000  TY  -3.86075E-01  -1.59779E-01  1.00000E-01
1.00263E+01  BH_9_imp         -32.0026   41.5916     -5341.274      5240.312     0.000  TX   8.34516E-02   6.28211E-02  1.00000E-01
1.00263E+01  BH_9_imp         -32.0026   41.5916     -5341.274      5240.312     0.000  TY  -1.35309E-01  -3.31294E-03  1.00000E-01
6.07785E+00  BH_9_imp         -32.0026   41.5916     -5341.274      5240.312     0.000  TX   1.97560E-01  -3.11201E-02  1.00000E-01
6.07785E+00  BH_9_imp         -32.0026   41.5916     -5341.274      5240.312     0.000  TY  -2.13823E-01   6.61313E-02  1.00000E-01
3.68431E+00  BH_9_imp         -32.0026   41.5916     -5341.274      5240.312     0.000  TX   2.66105E-01   4.96696E-02  1.00000E-01
3.68431E+00  BH_9_imp         -32.0026   41.5916     -5341.274      5240.312     0.000  TY  -4.51129E-01   9.24243E-02  1.00000E-01
2.23339E+00  BH_9_imp         -32.0026   41.5916     -5341.274      5240.312     0.000  TX   2.34129E-01   5.06493E-02  1.00000E-01
2.23339E+00  BH_9_imp         -32.0026   41.5916     -5341.274      5240.312     0.000  TY  -1.84975E-01  -1.53664E-01  1.00000E-01
1.35386E+00  BH_9_imp         -32.0026   41.5916     -5341.274      5240.312     0.000  TX   1.86066E-01  -7.17291E-02  1.00000E-01
1.35386E+00  BH_9_imp         -32.0026   41.5916     -5341.274      5240.312     0.000  TY  -2.51264E-01  -1.66958E-02  1.00000E-01
8.20695E-01  BH_9_imp         -32.0026   41.5916     -5341.274      5240.312     0.000  TX   1.65138E-01  -3.37097E-02  1.00000E-01
8.20695E-01  BH_9_imp         -32.0026   41.5916     -5341.274      5240.312     0.000  TY  -1.95320E-01   3.94219E-02  1.00000E-01
4.97498E-01  BH_9_imp         -32.0026   41.5916     -5341.274      5240.312     0.000  TX   1.05175E-01   7.62337E-03  1.00000E-01
4.97498E-01  BH_9_imp         -32.0026   41.5916     -5341.274      5240.312     0.000  TY  -1.58614E-01   7.35181E-02  1.00000E-01
3.01578E-01  BH_9_imp         -32.0026   41.5916     -5341.274      5240.312     0.000  TX   9.79990E-02  -5.57809E-02  1.00000E-01
3.01578E-01  BH_9_imp         -32.0026   41.5916     -5341.274      5240.312     0.000  TY  -1.65854E-01   4.82271E-02  1.00000E-01
1.82814E-01  BH_9_imp         -32.0026   41.5916     -5341.274      5240.312     0.000  TX   8.21004E-02  -3.20526E-02  1.00000E-01
1.82814E-01  BH_9_imp         -32.0026   41.5916     -5341.274      5240.312     0.000  TY  -1.29714E-01   3.85881E-02  1.00000E-01
1.10820E-01  BH_9_imp         -32.0026   41.5916     -5341.274      5240.312     0.000  TX   5.70896E-02   1.42674E-02  1.00000E-01
1.10820E-01  BH_9_imp         -32.0026   41.5916     -5341.274      5240.312     0.000  TY  -9.30495E-02  -3.14039E-02  1.00000E-01
6.71781E-02  BH_9_imp         -32.0026   41.5916     -5341.274      5240.312     0.000  TX   8.98931E-02   4.49658E-02  1.00000E-01
6.71781E-02  BH_9_imp         -32.0026   41.5916     -5341.274      5240.312     0.000  TY  -1.14004E-01  -2.81224E-02  1.00000E-01
4.07226E-02  BH_9_imp         -32.0026   41.5916     -5341.274      5240.312     0.000  TX   1.23955E-01   7.01732E-02  1.00000E-01
4.07226E-02  BH_9_imp         -32.0026   41.5916     -5341.274      5240.312     0.000  TY  -1.36895E-01  -5.22686E-02  1.00000E-01
2.46856E-02  BH_9_imp         -32.0026   41.5916     -5341.274      5240.312     0.000  TX   1.70237E-01   7.56167E-02  1.00000E-01
2.46856E-02  BH_9_imp         -32.0026   41.5916     -5341.274      5240.312     0.000  TY  -1.75378E-01  -6.39804E-02  1.00000E-01
1.49642E-02  BH_9_imp         -32.0026   41.5916     -5341.274      5240.312     0.000  TX   2.23626E-01   4.71472E-02  1.00000E-01
1.49642E-02  BH_9_imp         -32.0026   41.5916     -5341.274      5240.312     0.000  TY  -2.21899E-01  -4.67781E-02  1.00000E-01
9.07112E-03  BH_9_imp         -32.0026   41.5916     -5341.274      5240.312     0.000  TX   2.45212E-01  -6.27545E-03  1.00000E-01
9.07112E-03  BH_9_imp         -32.0026   41.5916     -5341.274      5240.312     0.000  TY  -2.52287E-01  -5.54764E-03  1.00000E-01
5.49883E-03  BH_9_imp         -32.0026   41.5916     -5341.274      5240.312     0.000  TX   2.26467E-01  -7.48249E-02  1.00000E-01
5.49883E-03  BH_9_imp         -32.0026   41.5916     -5341.274      5240.312     0.000  TY  -2.52046E-01   5.87670E-02  1.00000E-01
3.33333E-03  BH_9_imp         -32.0026   41.5916     -5341.274      5240.312     0.000  TX   1.77621E-01  -1.18839E-01  1.00000E-01
3.33333E-03  BH_9_imp         -32.0026   41.5916     -5341.274      5240.312     0.000  TY  -2.13446E-01   1.26408E-01  1.00000E-01

