# ModEM impedance responses for 
 ModEM impedance responses for Created with MTMESH
#  Period(s) Code GG_Lat GG_Lon X(m) Y(m) Z(m) Component Real Imag Error
>  Full_Impedance
>  exp(+i\omega t)
>  [mV/km]/[nT]
>     0.00
>  -31.956  41.535
>     24    21
3.333330E+02   BH_10_imp             -31.980   41.590      -2818.695       5171.237          0.000     ZXX   1.216273E+00   3.526416E-01   1.000000E+13
3.333330E+02   BH_10_imp             -31.980   41.590      -2818.695       5171.237          0.000     ZXY   4.049753E+00   3.572137E+00   1.000000E+13
3.333330E+02   BH_10_imp             -31.980   41.590      -2818.695       5171.237          0.000     ZYX  -1.488491E+00  -1.328720E+00   1.000000E+13
3.333330E+02   BH_10_imp             -31.980   41.590      -2818.695       5171.237          0.000     ZYY  -2.292497E+00  -1.852655E+00   1.000000E+13
2.020630E+02   BH_10_imp             -31.980   41.590      -2818.695       5171.237          0.000     ZXX   1.292175E+00   3.720173E-01   1.000000E+13
2.020630E+02   BH_10_imp             -31.980   41.590      -2818.695       5171.237          0.000     ZXY   5.130497E+00   4.308410E+00   1.000000E+13
2.020630E+02   BH_10_imp             -31.980   41.590      -2818.695       5171.237          0.000     ZYX  -1.751630E+00  -1.639783E+00   1.000000E+13
2.020630E+02   BH_10_imp             -31.980   41.590      -2818.695       5171.237          0.000     ZYY  -2.910187E+00  -2.160577E+00   1.000000E+13
1.224890E+02   BH_10_imp             -31.980   41.590      -2818.695       5171.237          0.000     ZXX   1.392786E+00   3.113998E-01   1.000000E+13
1.224890E+02   BH_10_imp             -31.980   41.590      -2818.695       5171.237          0.000     ZXY   6.312827E+00   5.158402E+00   1.000000E+13
1.224890E+02   BH_10_imp             -31.980   41.590      -2818.695       5171.237          0.000     ZYX  -1.994827E+00  -2.200622E+00   1.000000E+13
1.224890E+02   BH_10_imp             -31.980   41.590      -2818.695       5171.237          0.000     ZYY  -3.572753E+00  -2.458827E+00   1.000000E+13
7.425120E+01   BH_10_imp             -31.980   41.590      -2818.695       5171.237          0.000     ZXX   1.480567E+00   2.860194E-01   1.000000E+13
7.425120E+01   BH_10_imp             -31.980   41.590      -2818.695       5171.237          0.000     ZXY   7.714982E+00   6.232537E+00   1.000000E+13
7.425120E+01   BH_10_imp             -31.980   41.590      -2818.695       5171.237          0.000     ZYX  -2.350787E+00  -3.292180E+00   1.000000E+13
7.425120E+01   BH_10_imp             -31.980   41.590      -2818.695       5171.237          0.000     ZYY  -4.345088E+00  -2.714621E+00   1.000000E+13
4.501040E+01   BH_10_imp             -31.980   41.590      -2818.695       5171.237          0.000     ZXX   1.548967E+00   2.667815E-01   1.000000E+13
4.501040E+01   BH_10_imp             -31.980   41.590      -2818.695       5171.237          0.000     ZXY   9.208942E+00   7.800854E+00   1.000000E+13
4.501040E+01   BH_10_imp             -31.980   41.590      -2818.695       5171.237          0.000     ZYX  -3.039496E+00  -4.887767E+00   1.000000E+13
4.501040E+01   BH_10_imp             -31.980   41.590      -2818.695       5171.237          0.000     ZYY  -5.050986E+00  -3.043738E+00   1.000000E+13
2.728490E+01   BH_10_imp             -31.980   41.590      -2818.695       5171.237          0.000     ZXX   1.592467E+00   2.767994E-01   1.000000E+13
2.728490E+01   BH_10_imp             -31.980   41.590      -2818.695       5171.237          0.000     ZXY   1.104459E+01   1.026520E+01   1.000000E+13
2.728490E+01   BH_10_imp             -31.980   41.590      -2818.695       5171.237          0.000     ZYX  -4.111762E+00  -7.124580E+00   1.000000E+13
2.728490E+01   BH_10_imp             -31.980   41.590      -2818.695       5171.237          0.000     ZYY  -5.749435E+00  -3.693832E+00   1.000000E+13
1.653980E+01   BH_10_imp             -31.980   41.590      -2818.695       5171.237          0.000     ZXX   1.573661E+00   4.341045E-01   1.000000E+13
1.653980E+01   BH_10_imp             -31.980   41.590      -2818.695       5171.237          0.000     ZXY   1.362862E+01   1.383778E+01   1.000000E+13
1.653980E+01   BH_10_imp             -31.980   41.590      -2818.695       5171.237          0.000     ZYX  -5.774422E+00  -1.036578E+01   1.000000E+13
1.653980E+01   BH_10_imp             -31.980   41.590      -2818.695       5171.237          0.000     ZYY  -6.643004E+00  -4.774210E+00   1.000000E+13
1.002630E+01   BH_10_imp             -31.980   41.590      -2818.695       5171.237          0.000     ZXX   1.514955E+00   8.209691E-01   1.000000E+13
1.002630E+01   BH_10_imp             -31.980   41.590      -2818.695       5171.237          0.000     ZXY   1.737271E+01   1.864757E+01   1.000000E+13
1.002630E+01   BH_10_imp             -31.980   41.590      -2818.695       5171.237          0.000     ZYX  -8.434050E+00  -1.483429E+01   1.000000E+13
1.002630E+01   BH_10_imp             -31.980   41.590      -2818.695       5171.237          0.000     ZYY  -7.915966E+00  -6.316311E+00   1.000000E+13
6.077850E+00   BH_10_imp             -31.980   41.590      -2818.695       5171.237          0.000     ZXX   1.675599E+00   1.456166E+00   1.000000E+13
6.077850E+00   BH_10_imp             -31.980   41.590      -2818.695       5171.237          0.000     ZXY   2.256661E+01   2.480795E+01   1.000000E+13
6.077850E+00   BH_10_imp             -31.980   41.590      -2818.695       5171.237          0.000     ZYX  -1.268189E+01  -2.066747E+01   1.000000E+13
6.077850E+00   BH_10_imp             -31.980   41.590      -2818.695       5171.237          0.000     ZYY  -9.727726E+00  -8.312930E+00   1.000000E+13
3.684310E+00   BH_10_imp             -31.980   41.590      -2818.695       5171.237          0.000     ZXX   1.960639E+00   2.202412E+00   1.000000E+13
3.684310E+00   BH_10_imp             -31.980   41.590      -2818.695       5171.237          0.000     ZXY   2.942135E+01   3.272005E+01   1.000000E+13
3.684310E+00   BH_10_imp             -31.980   41.590      -2818.695       5171.237          0.000     ZYX  -1.890024E+01  -2.775044E+01   1.000000E+13
3.684310E+00   BH_10_imp             -31.980   41.590      -2818.695       5171.237          0.000     ZYY  -1.213741E+01  -1.084528E+01   1.000000E+13
2.233390E+00   BH_10_imp             -31.980   41.590      -2818.695       5171.237          0.000     ZXX   2.281222E+00   3.404866E+00   1.000000E+13
2.233390E+00   BH_10_imp             -31.980   41.590      -2818.695       5171.237          0.000     ZXY   3.847869E+01   4.320660E+01   1.000000E+13
2.233390E+00   BH_10_imp             -31.980   41.590      -2818.695       5171.237          0.000     ZYX  -2.729885E+01  -3.635745E+01   1.000000E+13
2.233390E+00   BH_10_imp             -31.980   41.590      -2818.695       5171.237          0.000     ZYY  -1.537609E+01  -1.413223E+01   1.000000E+13
1.353860E+00   BH_10_imp             -31.980   41.590      -2818.695       5171.237          0.000     ZXX   2.503031E+00   5.567152E+00   1.000000E+13
1.353860E+00   BH_10_imp             -31.980   41.590      -2818.695       5171.237          0.000     ZXY   5.088751E+01   5.705623E+01   1.000000E+13
1.353860E+00   BH_10_imp             -31.980   41.590      -2818.695       5171.237          0.000     ZYX  -3.795376E+01  -4.704160E+01   1.000000E+13
1.353860E+00   BH_10_imp             -31.980   41.590      -2818.695       5171.237          0.000     ZYY  -1.978336E+01  -1.827489E+01   1.000000E+13
8.206950E-01   BH_10_imp             -31.980   41.590      -2818.695       5171.237          0.000     ZXX   3.782071E+00   9.129392E+00   1.000000E+13
8.206950E-01   BH_10_imp             -31.980   41.590      -2818.695       5171.237          0.000     ZXY   6.862161E+01   7.456916E+01   1.000000E+13
8.206950E-01   BH_10_imp             -31.980   41.590      -2818.695       5171.237          0.000     ZYX  -5.224476E+01  -6.057837E+01   1.000000E+13
8.206950E-01   BH_10_imp             -31.980   41.590      -2818.695       5171.237          0.000     ZYY  -2.616089E+01  -2.312637E+01   1.000000E+13
4.974980E-01   BH_10_imp             -31.980   41.590      -2818.695       5171.237          0.000     ZXX   6.872557E+00   1.367610E+01   1.000000E+13
4.974980E-01   BH_10_imp             -31.980   41.590      -2818.695       5171.237          0.000     ZXY   9.355773E+01   9.481652E+01   1.000000E+13
4.974980E-01   BH_10_imp             -31.980   41.590      -2818.695       5171.237          0.000     ZYX  -7.143506E+01  -7.691263E+01   1.000000E+13
4.974980E-01   BH_10_imp             -31.980   41.590      -2818.695       5171.237          0.000     ZYY  -3.508520E+01  -2.785013E+01   1.000000E+13
3.015780E-01   BH_10_imp             -31.980   41.590      -2818.695       5171.237          0.000     ZXX   1.207331E+01   1.839915E+01   1.000000E+13
3.015780E-01   BH_10_imp             -31.980   41.590      -2818.695       5171.237          0.000     ZXY   1.260815E+02   1.163630E+02   1.000000E+13
3.015780E-01   BH_10_imp             -31.980   41.590      -2818.695       5171.237          0.000     ZYX  -9.640479E+01  -9.566442E+01   1.000000E+13
3.015780E-01   BH_10_imp             -31.980   41.590      -2818.695       5171.237          0.000     ZYY  -4.621560E+01  -3.145679E+01   1.000000E+13
1.828140E-01   BH_10_imp             -31.980   41.590      -2818.695       5171.237          0.000     ZXX   1.932364E+01   2.286632E+01   1.000000E+13
1.828140E-01   BH_10_imp             -31.980   41.590      -2818.695       5171.237          0.000     ZXY   1.660567E+02   1.382561E+02   1.000000E+13
1.828140E-01   BH_10_imp             -31.980   41.590      -2818.695       5171.237          0.000     ZYX  -1.280536E+02  -1.167796E+02   1.000000E+13
1.828140E-01   BH_10_imp             -31.980   41.590      -2818.695       5171.237          0.000     ZYY  -5.899931E+01  -3.290664E+01   1.000000E+13
1.108200E-01   BH_10_imp             -31.980   41.590      -2818.695       5171.237          0.000     ZXX   2.910735E+01   2.650848E+01   1.000000E+13
1.108200E-01   BH_10_imp             -31.980   41.590      -2818.695       5171.237          0.000     ZXY   2.129012E+02   1.602193E+02   1.000000E+13
1.108200E-01   BH_10_imp             -31.980   41.590      -2818.695       5171.237          0.000     ZYX  -1.676739E+02  -1.396193E+02   1.000000E+13
1.108200E-01   BH_10_imp             -31.980   41.590      -2818.695       5171.237          0.000     ZYY  -7.241457E+01  -3.138425E+01   1.000000E+13
6.717810E-02   BH_10_imp             -31.980   41.590      -2818.695       5171.237          0.000     ZXX   4.067910E+01   2.758652E+01   1.000000E+13
6.717810E-02   BH_10_imp             -31.980   41.590      -2818.695       5171.237          0.000     ZXY   2.657177E+02   1.827932E+02   1.000000E+13
6.717810E-02   BH_10_imp             -31.980   41.590      -2818.695       5171.237          0.000     ZYX  -2.145947E+02  -1.628273E+02   1.000000E+13
6.717810E-02   BH_10_imp             -31.980   41.590      -2818.695       5171.237          0.000     ZYY  -8.466497E+01  -2.638516E+01   1.000000E+13
4.072260E-02   BH_10_imp             -31.980   41.590      -2818.695       5171.237          0.000     ZXX   5.235449E+01   2.526778E+01   1.000000E+13
4.072260E-02   BH_10_imp             -31.980   41.590      -2818.695       5171.237          0.000     ZXY   3.242483E+02   2.078679E+02   1.000000E+13
4.072260E-02   BH_10_imp             -31.980   41.590      -2818.695       5171.237          0.000     ZYX  -2.671833E+02  -1.869591E+02   1.000000E+13
4.072260E-02   BH_10_imp             -31.980   41.590      -2818.695       5171.237          0.000     ZYY  -9.386836E+01  -1.875704E+01   1.000000E+13
2.468560E-02   BH_10_imp             -31.980   41.590      -2818.695       5171.237          0.000     ZXX   6.105958E+01   1.929593E+01   1.000000E+13
2.468560E-02   BH_10_imp             -31.980   41.590      -2818.695       5171.237          0.000     ZXY   3.890784E+02   2.383691E+02   1.000000E+13
2.468560E-02   BH_10_imp             -31.980   41.590      -2818.695       5171.237          0.000     ZYX  -3.244672E+02  -2.150620E+02   1.000000E+13
2.468560E-02   BH_10_imp             -31.980   41.590      -2818.695       5171.237          0.000     ZYY  -9.895576E+01  -1.037510E+01   1.000000E+13
1.496420E-02   BH_10_imp             -31.980   41.590      -2818.695       5171.237          0.000     ZXX   6.559052E+01   1.036344E+01   1.000000E+13
1.496420E-02   BH_10_imp             -31.980   41.590      -2818.695       5171.237          0.000     ZXY   4.635368E+02   2.726984E+02   1.000000E+13
1.496420E-02   BH_10_imp             -31.980   41.590      -2818.695       5171.237          0.000     ZYX  -3.881739E+02  -2.489165E+02   1.000000E+13
1.496420E-02   BH_10_imp             -31.980   41.590      -2818.695       5171.237          0.000     ZYY  -9.961757E+01  -1.436854E+00   1.000000E+13
9.071120E-03   BH_10_imp             -31.980   41.590      -2818.695       5171.237          0.000     ZXX   6.702011E+01   2.183631E+00   1.000000E+13
9.071120E-03   BH_10_imp             -31.980   41.590      -2818.695       5171.237          0.000     ZXY   5.469326E+02   3.143215E+02   1.000000E+13
9.071120E-03   BH_10_imp             -31.980   41.590      -2818.695       5171.237          0.000     ZYX  -4.600700E+02  -2.934581E+02   1.000000E+13
9.071120E-03   BH_10_imp             -31.980   41.590      -2818.695       5171.237          0.000     ZYY  -9.810433E+01   4.598362E+00   1.000000E+13
5.498830E-03   BH_10_imp             -31.980   41.590      -2818.695       5171.237          0.000     ZXX   6.711851E+01  -5.694828E+00   1.000000E+13
5.498830E-03   BH_10_imp             -31.980   41.590      -2818.695       5171.237          0.000     ZXY   6.406280E+02   3.611878E+02   1.000000E+13
5.498830E-03   BH_10_imp             -31.980   41.590      -2818.695       5171.237          0.000     ZYX  -5.414589E+02  -3.535924E+02   1.000000E+13
5.498830E-03   BH_10_imp             -31.980   41.590      -2818.695       5171.237          0.000     ZYY  -9.642273E+01   1.131793E+01   1.000000E+13
3.333330E-03   BH_10_imp             -31.980   41.590      -2818.695       5171.237          0.000     ZXX   6.399337E+01  -1.428238E+01   1.000000E+13
3.333330E-03   BH_10_imp             -31.980   41.590      -2818.695       5171.237          0.000     ZXY   7.400322E+02   4.268717E+02   1.000000E+13
3.333330E-03   BH_10_imp             -31.980   41.590      -2818.695       5171.237          0.000     ZYX  -6.402065E+02  -4.390413E+02   1.000000E+13
3.333330E-03   BH_10_imp             -31.980   41.590      -2818.695       5171.237          0.000     ZYY  -9.305840E+01   2.098584E+01   1.000000E+13
1.224890E+02   BH_11                 -32.015   41.576      -6706.907       3699.694          0.000     ZXX   2.759074E+00   2.497372E+00   1.000000E+13
1.224890E+02   BH_11                 -32.015   41.576      -6706.907       3699.694          0.000     ZXY   6.009902E+00   4.631279E+00   1.000000E+13
1.224890E+02   BH_11                 -32.015   41.576      -6706.907       3699.694          0.000     ZYX  -1.873858E+00  -2.095811E+00   1.000000E+13
1.224890E+02   BH_11                 -32.015   41.576      -6706.907       3699.694          0.000     ZYY  -2.882238E+00  -2.021793E+00   1.000000E+13
7.425120E+01   BH_11                 -32.015   41.576      -6706.907       3699.694          0.000     ZXX   3.173733E+00   3.569880E+00   1.000000E+13
7.425120E+01   BH_11                 -32.015   41.576      -6706.907       3699.694          0.000     ZXY   7.363078E+00   5.410639E+00   1.000000E+13
7.425120E+01   BH_11                 -32.015   41.576      -6706.907       3699.694          0.000     ZYX  -2.208570E+00  -3.086350E+00   1.000000E+13
7.425120E+01   BH_11                 -32.015   41.576      -6706.907       3699.694          0.000     ZYY  -3.529045E+00  -2.231472E+00   1.000000E+13
4.501040E+01   BH_11                 -32.015   41.576      -6706.907       3699.694          0.000     ZXX   3.902855E+00   5.188491E+00   1.000000E+13
4.501040E+01   BH_11                 -32.015   41.576      -6706.907       3699.694          0.000     ZXY   8.702170E+00   6.489657E+00   1.000000E+13
4.501040E+01   BH_11                 -32.015   41.576      -6706.907       3699.694          0.000     ZYX  -2.842061E+00  -4.560282E+00   1.000000E+13
4.501040E+01   BH_11                 -32.015   41.576      -6706.907       3699.694          0.000     ZYY  -4.112698E+00  -2.483211E+00   1.000000E+13
2.728490E+01   BH_11                 -32.015   41.576      -6706.907       3699.694          0.000     ZXX   5.060873E+00   7.517984E+00   1.000000E+13
2.728490E+01   BH_11                 -32.015   41.576      -6706.907       3699.694          0.000     ZXY   1.020316E+01   8.301948E+00   1.000000E+13
2.728490E+01   BH_11                 -32.015   41.576      -6706.907       3699.694          0.000     ZYX  -3.861530E+00  -6.653432E+00   1.000000E+13
2.728490E+01   BH_11                 -32.015   41.576      -6706.907       3699.694          0.000     ZYY  -4.670732E+00  -2.995476E+00   1.000000E+13
1.653980E+01   BH_11                 -32.015   41.576      -6706.907       3699.694          0.000     ZXX   6.863148E+00   1.090622E+01   1.000000E+13
1.653980E+01   BH_11                 -32.015   41.576      -6706.907       3699.694          0.000     ZXY   1.224529E+01   1.104660E+01   1.000000E+13
1.653980E+01   BH_11                 -32.015   41.576      -6706.907       3699.694          0.000     ZYX  -5.469386E+00  -9.640891E+00   1.000000E+13
1.653980E+01   BH_11                 -32.015   41.576      -6706.907       3699.694          0.000     ZYY  -5.362799E+00  -3.871271E+00   1.000000E+13
1.002630E+01   BH_11                 -32.015   41.576      -6706.907       3699.694          0.000     ZXX   9.715972E+00   1.556325E+01   1.000000E+13
1.002630E+01   BH_11                 -32.015   41.576      -6706.907       3699.694          0.000     ZXY   1.517096E+01   1.481336E+01   1.000000E+13
1.002630E+01   BH_11                 -32.015   41.576      -6706.907       3699.694          0.000     ZYX  -8.011856E+00  -1.370292E+01   1.000000E+13
1.002630E+01   BH_11                 -32.015   41.576      -6706.907       3699.694          0.000     ZYY  -6.338098E+00  -5.150872E+00   1.000000E+13
6.077850E+00   BH_11                 -32.015   41.576      -6706.907       3699.694          0.000     ZXX   1.430570E+01   2.153137E+01   1.000000E+13
6.077850E+00   BH_11                 -32.015   41.576      -6706.907       3699.694          0.000     ZXY   1.916634E+01   1.966042E+01   1.000000E+13
6.077850E+00   BH_11                 -32.015   41.576      -6706.907       3699.694          0.000     ZYX  -1.199684E+01  -1.890364E+01   1.000000E+13
6.077850E+00   BH_11                 -32.015   41.576      -6706.907       3699.694          0.000     ZYY  -7.682673E+00  -6.856023E+00   1.000000E+13
3.684310E+00   BH_11                 -32.015   41.576      -6706.907       3699.694          0.000     ZXX   2.086309E+01   2.867733E+01   1.000000E+13
3.684310E+00   BH_11                 -32.015   41.576      -6706.907       3699.694          0.000     ZXY   2.425060E+01   2.603836E+01   1.000000E+13
3.684310E+00   BH_11                 -32.015   41.576      -6706.907       3699.694          0.000     ZYX  -1.768244E+01  -2.521728E+01   1.000000E+13
3.684310E+00   BH_11                 -32.015   41.576      -6706.907       3699.694          0.000     ZYY  -9.408785E+00  -9.156689E+00   1.000000E+13
2.233390E+00   BH_11                 -32.015   41.576      -6706.907       3699.694          0.000     ZXX   2.965705E+01   3.737866E+01   1.000000E+13
2.233390E+00   BH_11                 -32.015   41.576      -6706.907       3699.694          0.000     ZXY   3.078435E+01   3.488855E+01   1.000000E+13
2.233390E+00   BH_11                 -32.015   41.576      -6706.907       3699.694          0.000     ZYX  -2.532522E+01  -3.292288E+01   1.000000E+13
2.233390E+00   BH_11                 -32.015   41.576      -6706.907       3699.694          0.000     ZYY  -1.170060E+01  -1.241314E+01   1.000000E+13
1.353860E+00   BH_11                 -32.015   41.576      -6706.907       3699.694          0.000     ZXX   4.083005E+01   4.834230E+01   1.000000E+13
1.353860E+00   BH_11                 -32.015   41.576      -6706.907       3699.694          0.000     ZXY   3.957640E+01   4.729685E+01   1.000000E+13
1.353860E+00   BH_11                 -32.015   41.576      -6706.907       3699.694          0.000     ZYX  -3.512082E+01  -4.255675E+01   1.000000E+13
1.353860E+00   BH_11                 -32.015   41.576      -6706.907       3699.694          0.000     ZYY  -1.487840E+01  -1.696643E+01   1.000000E+13
8.206950E-01   BH_11                 -32.015   41.576      -6706.907       3699.694          0.000     ZXX   5.655196E+01   6.205759E+01   1.000000E+13
8.206950E-01   BH_11                 -32.015   41.576      -6706.907       3699.694          0.000     ZXY   5.258272E+01   6.434933E+01   1.000000E+13
8.206950E-01   BH_11                 -32.015   41.576      -6706.907       3699.694          0.000     ZYX  -4.852608E+01  -5.459640E+01   1.000000E+13
8.206950E-01   BH_11                 -32.015   41.576      -6706.907       3699.694          0.000     ZYY  -1.978585E+01  -2.311070E+01   1.000000E+13
4.974980E-01   BH_11                 -32.015   41.576      -6706.907       3699.694          0.000     ZXX   7.847973E+01   7.734270E+01   1.000000E+13
4.974980E-01   BH_11                 -32.015   41.576      -6706.907       3699.694          0.000     ZXY   7.221837E+01   8.602831E+01   1.000000E+13
4.974980E-01   BH_11                 -32.015   41.576      -6706.907       3699.694          0.000     ZYX  -6.674690E+01  -6.851350E+01   1.000000E+13
4.974980E-01   BH_11                 -32.015   41.576      -6706.907       3699.694          0.000     ZYY  -2.731626E+01  -3.058009E+01   1.000000E+13
3.015780E-01   BH_11                 -32.015   41.576      -6706.907       3699.694          0.000     ZXX   1.071902E+02   9.204848E+01   1.000000E+13
3.015780E-01   BH_11                 -32.015   41.576      -6706.907       3699.694          0.000     ZXY   9.992243E+01   1.115740E+02   1.000000E+13
3.015780E-01   BH_11                 -32.015   41.576      -6706.907       3699.694          0.000     ZYX  -9.031800E+01  -8.330019E+01   1.000000E+13
3.015780E-01   BH_11                 -32.015   41.576      -6706.907       3699.694          0.000     ZYY  -3.781057E+01  -3.893455E+01   1.000000E+13
1.828140E-01   BH_11                 -32.015   41.576      -6706.907       3699.694          0.000     ZXX   1.424245E+02   1.043696E+02   1.000000E+13
1.828140E-01   BH_11                 -32.015   41.576      -6706.907       3699.694          0.000     ZXY   1.366437E+02   1.399136E+02   1.000000E+13
1.828140E-01   BH_11                 -32.015   41.576      -6706.907       3699.694          0.000     ZYX  -1.193854E+02  -9.824030E+01   1.000000E+13
1.828140E-01   BH_11                 -32.015   41.576      -6706.907       3699.694          0.000     ZYY  -5.162065E+01  -4.757971E+01   1.000000E+13
1.108200E-01   BH_11                 -32.015   41.576      -6706.907       3699.694          0.000     ZXX   1.838740E+02   1.117272E+02   1.000000E+13
1.108200E-01   BH_11                 -32.015   41.576      -6706.907       3699.694          0.000     ZXY   1.822093E+02   1.703819E+02   1.000000E+13
1.108200E-01   BH_11                 -32.015   41.576      -6706.907       3699.694          0.000     ZYX  -1.538235E+02  -1.120923E+02   1.000000E+13
1.108200E-01   BH_11                 -32.015   41.576      -6706.907       3699.694          0.000     ZYY  -6.896109E+01  -5.581184E+01   1.000000E+13
6.717810E-02   BH_11                 -32.015   41.576      -6706.907       3699.694          0.000     ZXX   2.279365E+02   1.103355E+02   1.000000E+13
6.717810E-02   BH_11                 -32.015   41.576      -6706.907       3699.694          0.000     ZXY   2.345978E+02   2.041939E+02   1.000000E+13
6.717810E-02   BH_11                 -32.015   41.576      -6706.907       3699.694          0.000     ZYX  -1.906983E+02  -1.236571E+02   1.000000E+13
6.717810E-02   BH_11                 -32.015   41.576      -6706.907       3699.694          0.000     ZYY  -8.931610E+01  -6.286930E+01   1.000000E+13
4.072260E-02   BH_11                 -32.015   41.576      -6706.907       3699.694          0.000     ZXX   2.690333E+02   9.946582E+01   1.000000E+13
4.072260E-02   BH_11                 -32.015   41.576      -6706.907       3699.694          0.000     ZXY   2.926248E+02   2.469920E+02   1.000000E+13
4.072260E-02   BH_11                 -32.015   41.576      -6706.907       3699.694          0.000     ZYX  -2.255078E+02  -1.357961E+02   1.000000E+13
4.072260E-02   BH_11                 -32.015   41.576      -6706.907       3699.694          0.000     ZYY  -1.121395E+02  -6.870613E+01   1.000000E+13
2.468560E-02   BH_11                 -32.015   41.576      -6706.907       3699.694          0.000     ZXX   2.994562E+02   8.048697E+01   1.000000E+13
2.468560E-02   BH_11                 -32.015   41.576      -6706.907       3699.694          0.000     ZXY   3.576544E+02   3.084886E+02   1.000000E+13
2.468560E-02   BH_11                 -32.015   41.576      -6706.907       3699.694          0.000     ZYX  -2.542645E+02  -1.564893E+02   1.000000E+13
2.468560E-02   BH_11                 -32.015   41.576      -6706.907       3699.694          0.000     ZYY  -1.363575E+02  -7.338704E+01   1.000000E+13
1.496420E-02   BH_11                 -32.015   41.576      -6706.907       3699.694          0.000     ZXX   3.189486E+02   6.174181E+01   1.000000E+13
1.496420E-02   BH_11                 -32.015   41.576      -6706.907       3699.694          0.000     ZXY   4.472242E+02   3.935573E+02   1.000000E+13
1.496420E-02   BH_11                 -32.015   41.576      -6706.907       3699.694          0.000     ZYX  -2.823672E+02  -1.992774E+02   1.000000E+13
1.496420E-02   BH_11                 -32.015   41.576      -6706.907       3699.694          0.000     ZYY  -1.651465E+02  -7.430826E+01   1.000000E+13
9.071120E-03   BH_11                 -32.015   41.576      -6706.907       3699.694          0.000     ZXX   3.382924E+02   4.259259E+01   1.000000E+13
9.071120E-03   BH_11                 -32.015   41.576      -6706.907       3699.694          0.000     ZXY   5.701112E+02   5.045135E+02   1.000000E+13
9.071120E-03   BH_11                 -32.015   41.576      -6706.907       3699.694          0.000     ZYX  -3.288318E+02  -2.713188E+02   1.000000E+13
9.071120E-03   BH_11                 -32.015   41.576      -6706.907       3699.694          0.000     ZYY  -1.935139E+02  -7.120757E+01   1.000000E+13
5.498830E-03   BH_11                 -32.015   41.576      -6706.907       3699.694          0.000     ZXX   3.558218E+02   2.780936E+01   1.000000E+13
5.498830E-03   BH_11                 -32.015   41.576      -6706.907       3699.694          0.000     ZXY   7.503261E+02   6.124810E+02   1.000000E+13
5.498830E-03   BH_11                 -32.015   41.576      -6706.907       3699.694          0.000     ZYX  -4.057310E+02  -3.741703E+02   1.000000E+13
5.498830E-03   BH_11                 -32.015   41.576      -6706.907       3699.694          0.000     ZYY  -2.266980E+02  -5.260881E+01   1.000000E+13
3.333330E-03   BH_11                 -32.015   41.576      -6706.907       3699.694          0.000     ZXX   3.705387E+02  -3.034832E+00   1.000000E+13
3.333330E-03   BH_11                 -32.015   41.576      -6706.907       3699.694          0.000     ZXY   9.613288E+02   7.255775E+02   1.000000E+13
3.333330E-03   BH_11                 -32.015   41.576      -6706.907       3699.694          0.000     ZYX  -5.222100E+02  -4.961030E+02   1.000000E+13
3.333330E-03   BH_11                 -32.015   41.576      -6706.907       3699.694          0.000     ZYY  -2.471943E+02  -2.666346E+01   1.000000E+13
3.333330E+02   BH_12_imp             -31.933   41.578       2441.000       4177.806          0.000     ZXX   1.071159E+00   2.159287E-01   1.000000E+13
3.333330E+02   BH_12_imp             -31.933   41.578       2441.000       4177.806          0.000     ZXY   3.005512E+00   2.659624E+00   1.000000E+13
3.333330E+02   BH_12_imp             -31.933   41.578       2441.000       4177.806          0.000     ZYX  -1.135948E+00  -1.120543E+00   1.000000E+13
3.333330E+02   BH_12_imp             -31.933   41.578       2441.000       4177.806          0.000     ZYY  -1.219713E+00  -8.777049E-01   1.000000E+13
2.020630E+02   BH_12_imp             -31.933   41.578       2441.000       4177.806          0.000     ZXX   9.656060E-01   2.320905E-01   1.000000E+13
2.020630E+02   BH_12_imp             -31.933   41.578       2441.000       4177.806          0.000     ZXY   3.802391E+00   3.202452E+00   1.000000E+13
2.020630E+02   BH_12_imp             -31.933   41.578       2441.000       4177.806          0.000     ZYX  -1.303848E+00  -1.436578E+00   1.000000E+13
2.020630E+02   BH_12_imp             -31.933   41.578       2441.000       4177.806          0.000     ZYY  -1.527709E+00  -9.805187E-01   1.000000E+13
1.224890E+02   BH_12_imp             -31.933   41.578       2441.000       4177.806          0.000     ZXX   1.038756E+00   2.444823E-01   1.000000E+13
1.224890E+02   BH_12_imp             -31.933   41.578       2441.000       4177.806          0.000     ZXY   4.686661E+00   3.835045E+00   1.000000E+13
1.224890E+02   BH_12_imp             -31.933   41.578       2441.000       4177.806          0.000     ZYX  -1.517321E+00  -2.010899E+00   1.000000E+13
1.224890E+02   BH_12_imp             -31.933   41.578       2441.000       4177.806          0.000     ZYY  -1.848383E+00  -1.061612E+00   1.000000E+13
7.425120E+01   BH_12_imp             -31.933   41.578       2441.000       4177.806          0.000     ZXX   1.116342E+00   2.783178E-01   1.000000E+13
7.425120E+01   BH_12_imp             -31.933   41.578       2441.000       4177.806          0.000     ZXY   5.717948E+00   4.653020E+00   1.000000E+13
7.425120E+01   BH_12_imp             -31.933   41.578       2441.000       4177.806          0.000     ZYX  -1.832957E+00  -3.071075E+00   1.000000E+13
7.425120E+01   BH_12_imp             -31.933   41.578       2441.000       4177.806          0.000     ZYY  -2.212176E+00  -1.077263E+00   1.000000E+13
4.501040E+01   BH_12_imp             -31.933   41.578       2441.000       4177.806          0.000     ZXX   1.224613E+00   2.998435E-01   1.000000E+13
4.501040E+01   BH_12_imp             -31.933   41.578       2441.000       4177.806          0.000     ZXY   6.802537E+00   5.842183E+00   1.000000E+13
4.501040E+01   BH_12_imp             -31.933   41.578       2441.000       4177.806          0.000     ZYX  -2.475059E+00  -4.601920E+00   1.000000E+13
4.501040E+01   BH_12_imp             -31.933   41.578       2441.000       4177.806          0.000     ZYY  -2.507111E+00  -1.071401E+00   1.000000E+13
2.728490E+01   BH_12_imp             -31.933   41.578       2441.000       4177.806          0.000     ZXX   1.319952E+00   3.119432E-01   1.000000E+13
2.728490E+01   BH_12_imp             -31.933   41.578       2441.000       4177.806          0.000     ZXY   8.106148E+00   7.734105E+00   1.000000E+13
2.728490E+01   BH_12_imp             -31.933   41.578       2441.000       4177.806          0.000     ZYX  -3.483489E+00  -6.743953E+00   1.000000E+13
2.728490E+01   BH_12_imp             -31.933   41.578       2441.000       4177.806          0.000     ZYY  -2.746420E+00  -1.177697E+00   1.000000E+13
1.653980E+01   BH_12_imp             -31.933   41.578       2441.000       4177.806          0.000     ZXX   1.362174E+00   4.156487E-01   1.000000E+13
1.653980E+01   BH_12_imp             -31.933   41.578       2441.000       4177.806          0.000     ZXY   9.928143E+00   1.055053E+01   1.000000E+13
1.653980E+01   BH_12_imp             -31.933   41.578       2441.000       4177.806          0.000     ZYX  -5.059144E+00  -9.808407E+00   1.000000E+13
1.653980E+01   BH_12_imp             -31.933   41.578       2441.000       4177.806          0.000     ZYY  -3.034987E+00  -1.429936E+00   1.000000E+13
1.002630E+01   BH_12_imp             -31.933   41.578       2441.000       4177.806          0.000     ZXX   1.399999E+00   6.546551E-01   1.000000E+13
1.002630E+01   BH_12_imp             -31.933   41.578       2441.000       4177.806          0.000     ZXY   1.259695E+01   1.448442E+01   1.000000E+13
1.002630E+01   BH_12_imp             -31.933   41.578       2441.000       4177.806          0.000     ZYX  -7.612737E+00  -1.405865E+01   1.000000E+13
1.002630E+01   BH_12_imp             -31.933   41.578       2441.000       4177.806          0.000     ZYY  -3.440248E+00  -1.811841E+00   1.000000E+13
6.077850E+00   BH_12_imp             -31.933   41.578       2441.000       4177.806          0.000     ZXX   1.616428E+00   1.004036E+00   1.000000E+13
6.077850E+00   BH_12_imp             -31.933   41.578       2441.000       4177.806          0.000     ZXY   1.643826E+01   1.971277E+01   1.000000E+13
6.077850E+00   BH_12_imp             -31.933   41.578       2441.000       4177.806          0.000     ZYX  -1.176183E+01  -1.958664E+01   1.000000E+13
6.077850E+00   BH_12_imp             -31.933   41.578       2441.000       4177.806          0.000     ZYY  -4.019211E+00  -2.235011E+00   1.000000E+13
3.684310E+00   BH_12_imp             -31.933   41.578       2441.000       4177.806          0.000     ZXX   1.855189E+00   1.272223E+00   1.000000E+13
3.684310E+00   BH_12_imp             -31.933   41.578       2441.000       4177.806          0.000     ZXY   2.174139E+01   2.660362E+01   1.000000E+13
3.684310E+00   BH_12_imp             -31.933   41.578       2441.000       4177.806          0.000     ZYX  -1.805905E+01  -2.625747E+01   1.000000E+13
3.684310E+00   BH_12_imp             -31.933   41.578       2441.000       4177.806          0.000     ZYY  -4.653597E+00  -2.683063E+00   1.000000E+13
2.233390E+00   BH_12_imp             -31.933   41.578       2441.000       4177.806          0.000     ZXX   1.860981E+00   1.720956E+00   1.000000E+13
2.233390E+00   BH_12_imp             -31.933   41.578       2441.000       4177.806          0.000     ZXY   2.912771E+01   3.581046E+01   1.000000E+13
2.233390E+00   BH_12_imp             -31.933   41.578       2441.000       4177.806          0.000     ZYX  -2.694321E+01  -3.379235E+01   1.000000E+13
2.233390E+00   BH_12_imp             -31.933   41.578       2441.000       4177.806          0.000     ZYY  -5.229020E+00  -3.299694E+00   1.000000E+13
1.353860E+00   BH_12_imp             -31.933   41.578       2441.000       4177.806          0.000     ZXX   1.148264E+00   2.937791E+00   1.000000E+13
1.353860E+00   BH_12_imp             -31.933   41.578       2441.000       4177.806          0.000     ZXY   3.977567E+01   4.786979E+01   1.000000E+13
1.353860E+00   BH_12_imp             -31.933   41.578       2441.000       4177.806          0.000     ZYX  -3.845815E+01  -4.188608E+01   1.000000E+13
1.353860E+00   BH_12_imp             -31.933   41.578       2441.000       4177.806          0.000     ZYY  -5.526563E+00  -4.347290E+00   1.000000E+13
8.206950E-01   BH_12_imp             -31.933   41.578       2441.000       4177.806          0.000     ZXX   4.601499E-01   6.037540E+00   1.000000E+13
8.206950E-01   BH_12_imp             -31.933   41.578       2441.000       4177.806          0.000     ZXY   5.565132E+01   6.269365E+01   1.000000E+13
8.206950E-01   BH_12_imp             -31.933   41.578       2441.000       4177.806          0.000     ZYX  -5.296785E+01  -5.029845E+01   1.000000E+13
8.206950E-01   BH_12_imp             -31.933   41.578       2441.000       4177.806          0.000     ZYY  -5.695266E+00  -6.513679E+00   1.000000E+13
4.974980E-01   BH_12_imp             -31.933   41.578       2441.000       4177.806          0.000     ZXX   9.003073E-01   1.169748E+01   1.000000E+13
4.974980E-01   BH_12_imp             -31.933   41.578       2441.000       4177.806          0.000     ZXY   7.861943E+01   7.858952E+01   1.000000E+13
4.974980E-01   BH_12_imp             -31.933   41.578       2441.000       4177.806          0.000     ZYX  -7.022625E+01  -5.853631E+01   1.000000E+13
4.974980E-01   BH_12_imp             -31.933   41.578       2441.000       4177.806          0.000     ZYY  -6.410775E+00  -1.059422E+01   1.000000E+13
3.015780E-01   BH_12_imp             -31.933   41.578       2441.000       4177.806          0.000     ZXX   4.079324E+00   1.981787E+01   1.000000E+13
3.015780E-01   BH_12_imp             -31.933   41.578       2441.000       4177.806          0.000     ZXY   1.085359E+02   9.267328E+01   1.000000E+13
3.015780E-01   BH_12_imp             -31.933   41.578       2441.000       4177.806          0.000     ZYX  -8.941596E+01  -6.660914E+01   1.000000E+13
3.015780E-01   BH_12_imp             -31.933   41.578       2441.000       4177.806          0.000     ZYY  -8.858741E+00  -1.708510E+01   1.000000E+13
1.828140E-01   BH_12_imp             -31.933   41.578       2441.000       4177.806          0.000     ZXX   1.151802E+01   2.946478E+01   1.000000E+13
1.828140E-01   BH_12_imp             -31.933   41.578       2441.000       4177.806          0.000     ZXY   1.433348E+02   1.025170E+02   1.000000E+13
1.828140E-01   BH_12_imp             -31.933   41.578       2441.000       4177.806          0.000     ZYX  -1.098820E+02  -7.575340E+01   1.000000E+13
1.828140E-01   BH_12_imp             -31.933   41.578       2441.000       4177.806          0.000     ZYY  -1.465841E+01  -2.534179E+01   1.000000E+13
1.108200E-01   BH_12_imp             -31.933   41.578       2441.000       4177.806          0.000     ZXX   2.421110E+01   3.866938E+01   1.000000E+13
1.108200E-01   BH_12_imp             -31.933   41.578       2441.000       4177.806          0.000     ZXY   1.790046E+02   1.076359E+02   1.000000E+13
1.108200E-01   BH_12_imp             -31.933   41.578       2441.000       4177.806          0.000     ZYX  -1.324308E+02  -8.814660E+01   1.000000E+13
1.108200E-01   BH_12_imp             -31.933   41.578       2441.000       4177.806          0.000     ZYY  -2.463862E+01  -3.385992E+01   1.000000E+13
6.717810E-02   BH_12_imp             -31.933   41.578       2441.000       4177.806          0.000     ZXX   4.075884E+01   4.487831E+01   1.000000E+13
6.717810E-02   BH_12_imp             -31.933   41.578       2441.000       4177.806          0.000     ZXY   2.109398E+02   1.115132E+02   1.000000E+13
6.717810E-02   BH_12_imp             -31.933   41.578       2441.000       4177.806          0.000     ZYX  -1.593492E+02  -1.051516E+02   1.000000E+13
6.717810E-02   BH_12_imp             -31.933   41.578       2441.000       4177.806          0.000     ZYY  -3.820897E+01  -4.113883E+01   1.000000E+13
4.072260E-02   BH_12_imp             -31.933   41.578       2441.000       4177.806          0.000     ZXX   5.891327E+01   4.747490E+01   1.000000E+13
4.072260E-02   BH_12_imp             -31.933   41.578       2441.000       4177.806          0.000     ZXY   2.389693E+02   1.223438E+02   1.000000E+13
4.072260E-02   BH_12_imp             -31.933   41.578       2441.000       4177.806          0.000     ZYX  -1.936440E+02  -1.249668E+02   1.000000E+13
4.072260E-02   BH_12_imp             -31.933   41.578       2441.000       4177.806          0.000     ZYY  -5.468606E+01  -4.692000E+01   1.000000E+13
2.468560E-02   BH_12_imp             -31.933   41.578       2441.000       4177.806          0.000     ZXX   7.762200E+01   4.802642E+01   1.000000E+13
2.468560E-02   BH_12_imp             -31.933   41.578       2441.000       4177.806          0.000     ZXY   2.714153E+02   1.471346E+02   1.000000E+13
2.468560E-02   BH_12_imp             -31.933   41.578       2441.000       4177.806          0.000     ZYX  -2.337102E+02  -1.461935E+02   1.000000E+13
2.468560E-02   BH_12_imp             -31.933   41.578       2441.000       4177.806          0.000     ZYY  -7.485895E+01  -5.067029E+01   1.000000E+13
1.496420E-02   BH_12_imp             -31.933   41.578       2441.000       4177.806          0.000     ZXX   9.972927E+01   4.297694E+01   1.000000E+13
1.496420E-02   BH_12_imp             -31.933   41.578       2441.000       4177.806          0.000     ZXY   3.181979E+02   1.803465E+02   1.000000E+13
1.496420E-02   BH_12_imp             -31.933   41.578       2441.000       4177.806          0.000     ZYX  -2.786340E+02  -1.686590E+02   1.000000E+13
1.496420E-02   BH_12_imp             -31.933   41.578       2441.000       4177.806          0.000     ZYY  -9.973238E+01  -4.769168E+01   1.000000E+13
9.071120E-03   BH_12_imp             -31.933   41.578       2441.000       4177.806          0.000     ZXX   1.206623E+02   2.854510E+01   1.000000E+13
9.071120E-03   BH_12_imp             -31.933   41.578       2441.000       4177.806          0.000     ZXY   3.818644E+02   2.118535E+02   1.000000E+13
9.071120E-03   BH_12_imp             -31.933   41.578       2441.000       4177.806          0.000     ZYX  -3.271998E+02  -1.967587E+02   1.000000E+13
9.071120E-03   BH_12_imp             -31.933   41.578       2441.000       4177.806          0.000     ZYY  -1.246552E+02  -3.157405E+01   1.000000E+13
5.498830E-03   BH_12_imp             -31.933   41.578       2441.000       4177.806          0.000     ZXX   1.328070E+02   4.871123E-01   1.000000E+13
5.498830E-03   BH_12_imp             -31.933   41.578       2441.000       4177.806          0.000     ZXY   4.500818E+02   2.395698E+02   1.000000E+13
5.498830E-03   BH_12_imp             -31.933   41.578       2441.000       4177.806          0.000     ZYX  -3.829294E+02  -2.330606E+02   1.000000E+13
5.498830E-03   BH_12_imp             -31.933   41.578       2441.000       4177.806          0.000     ZYY  -1.384070E+02  -2.612924E+00   1.000000E+13
3.333330E-03   BH_12_imp             -31.933   41.578       2441.000       4177.806          0.000     ZXX   1.259712E+02  -2.829647E+01   1.000000E+13
3.333330E-03   BH_12_imp             -31.933   41.578       2441.000       4177.806          0.000     ZXY   5.161901E+02   2.715539E+02   1.000000E+13
3.333330E-03   BH_12_imp             -31.933   41.578       2441.000       4177.806          0.000     ZYX  -4.479997E+02  -2.870200E+02   1.000000E+13
3.333330E-03   BH_12_imp             -31.933   41.578       2441.000       4177.806          0.000     ZYY  -1.316630E+02   3.233674E+01   1.000000E+13
3.333330E+02   BH_13_imp             -31.928   41.546       3035.346       1098.690          0.000     ZXX  -4.959041E-01  -1.476057E+00   1.000000E+13
3.333330E+02   BH_13_imp             -31.928   41.546       3035.346       1098.690          0.000     ZXY   2.177681E+00   2.270257E+00   1.000000E+13
3.333330E+02   BH_13_imp             -31.928   41.546       3035.346       1098.690          0.000     ZYX  -2.600740E+00  -2.886034E+00   1.000000E+13
3.333330E+02   BH_13_imp             -31.928   41.546       3035.346       1098.690          0.000     ZYY  -2.038298E+00  -1.271123E+00   1.000000E+13
2.020630E+02   BH_13_imp             -31.928   41.546       3035.346       1098.690          0.000     ZXX  -7.897658E-01  -1.950174E+00   1.000000E+13
2.020630E+02   BH_13_imp             -31.928   41.546       3035.346       1098.690          0.000     ZXY   2.755495E+00   2.878612E+00   1.000000E+13
2.020630E+02   BH_13_imp             -31.928   41.546       3035.346       1098.690          0.000     ZYX  -3.136375E+00  -3.598065E+00   1.000000E+13
2.020630E+02   BH_13_imp             -31.928   41.546       3035.346       1098.690          0.000     ZYY  -2.530909E+00  -1.335240E+00   1.000000E+13
1.224890E+02   BH_13_imp             -31.928   41.546       3035.346       1098.690          0.000     ZXX  -1.018750E+00  -2.911346E+00   1.000000E+13
1.224890E+02   BH_13_imp             -31.928   41.546       3035.346       1098.690          0.000     ZXY   3.433254E+00   3.693885E+00   1.000000E+13
1.224890E+02   BH_13_imp             -31.928   41.546       3035.346       1098.690          0.000     ZYX  -3.568833E+00  -5.159377E+00   1.000000E+13
1.224890E+02   BH_13_imp             -31.928   41.546       3035.346       1098.690          0.000     ZYY  -3.060730E+00  -1.282750E+00   1.000000E+13
7.425120E+01   BH_13_imp             -31.928   41.546       3035.346       1098.690          0.000     ZXX  -1.416787E+00  -4.560910E+00   1.000000E+13
7.425120E+01   BH_13_imp             -31.928   41.546       3035.346       1098.690          0.000     ZXY   4.259634E+00   4.903520E+00   1.000000E+13
7.425120E+01   BH_13_imp             -31.928   41.546       3035.346       1098.690          0.000     ZYX  -4.359162E+00  -7.893628E+00   1.000000E+13
7.425120E+01   BH_13_imp             -31.928   41.546       3035.346       1098.690          0.000     ZYY  -3.628376E+00  -9.841193E-01   1.000000E+13
4.501040E+01   BH_13_imp             -31.928   41.546       3035.346       1098.690          0.000     ZXX  -2.278184E+00  -6.995553E+00   1.000000E+13
4.501040E+01   BH_13_imp             -31.928   41.546       3035.346       1098.690          0.000     ZXY   5.273772E+00   6.720608E+00   1.000000E+13
4.501040E+01   BH_13_imp             -31.928   41.546       3035.346       1098.690          0.000     ZYX  -5.954172E+00  -1.187383E+01   1.000000E+13
4.501040E+01   BH_13_imp             -31.928   41.546       3035.346       1098.690          0.000     ZYY  -4.026988E+00  -4.727017E-01   1.000000E+13
2.728490E+01   BH_13_imp             -31.928   41.546       3035.346       1098.690          0.000     ZXX  -3.746271E+00  -1.047569E+01   1.000000E+13
2.728490E+01   BH_13_imp             -31.928   41.546       3035.346       1098.690          0.000     ZXY   6.670739E+00   9.428358E+00   1.000000E+13
2.728490E+01   BH_13_imp             -31.928   41.546       3035.346       1098.690          0.000     ZYX  -8.517226E+00  -1.750307E+01   1.000000E+13
2.728490E+01   BH_13_imp             -31.928   41.546       3035.346       1098.690          0.000     ZYY  -4.244059E+00   7.643649E-02   1.000000E+13
1.653980E+01   BH_13_imp             -31.928   41.546       3035.346       1098.690          0.000     ZXX  -6.234144E+00  -1.533320E+01   1.000000E+13
1.653980E+01   BH_13_imp             -31.928   41.546       3035.346       1098.690          0.000     ZXY   8.694717E+00   1.335332E+01   1.000000E+13
1.653980E+01   BH_13_imp             -31.928   41.546       3035.346       1098.690          0.000     ZYX  -1.263106E+01  -2.554361E+01   1.000000E+13
1.653980E+01   BH_13_imp             -31.928   41.546       3035.346       1098.690          0.000     ZYY  -4.461051E+00   7.337739E-01   1.000000E+13
1.002630E+01   BH_13_imp             -31.928   41.546       3035.346       1098.690          0.000     ZXX  -1.036050E+01  -2.192979E+01   1.000000E+13
1.002630E+01   BH_13_imp             -31.928   41.546       3035.346       1098.690          0.000     ZXY   1.170237E+01   1.893003E+01   1.000000E+13
1.002630E+01   BH_13_imp             -31.928   41.546       3035.346       1098.690          0.000     ZYX  -1.939136E+01  -3.664052E+01   1.000000E+13
1.002630E+01   BH_13_imp             -31.928   41.546       3035.346       1098.690          0.000     ZYY  -4.751219E+00   1.779730E+00   1.000000E+13
6.077850E+00   BH_13_imp             -31.928   41.546       3035.346       1098.690          0.000     ZXX  -1.695973E+01  -3.046384E+01   1.000000E+13
6.077850E+00   BH_13_imp             -31.928   41.546       3035.346       1098.690          0.000     ZXY   1.609943E+01   2.671383E+01   1.000000E+13
6.077850E+00   BH_13_imp             -31.928   41.546       3035.346       1098.690          0.000     ZYX  -3.040961E+01  -5.100492E+01   1.000000E+13
6.077850E+00   BH_13_imp             -31.928   41.546       3035.346       1098.690          0.000     ZYY  -5.045998E+00   3.729040E+00   1.000000E+13
3.684310E+00   BH_13_imp             -31.928   41.546       3035.346       1098.690          0.000     ZXX  -2.724049E+01  -4.082470E+01   1.000000E+13
3.684310E+00   BH_13_imp             -31.928   41.546       3035.346       1098.690          0.000     ZXY   2.249903E+01   3.751813E+01   1.000000E+13
3.684310E+00   BH_13_imp             -31.928   41.546       3035.346       1098.690          0.000     ZYX  -4.730545E+01  -6.816872E+01   1.000000E+13
3.684310E+00   BH_13_imp             -31.928   41.546       3035.346       1098.690          0.000     ZYY  -4.824804E+00   7.015655E+00   1.000000E+13
2.233390E+00   BH_13_imp             -31.928   41.546       3035.346       1098.690          0.000     ZXX  -4.253983E+01  -5.199428E+01   1.000000E+13
2.233390E+00   BH_13_imp             -31.928   41.546       3035.346       1098.690          0.000     ZXY   3.188603E+01   5.243830E+01   1.000000E+13
2.233390E+00   BH_13_imp             -31.928   41.546       3035.346       1098.690          0.000     ZYX  -7.149057E+01  -8.705291E+01   1.000000E+13
2.233390E+00   BH_13_imp             -31.928   41.546       3035.346       1098.690          0.000     ZYY  -3.420528E+00   1.185248E+01   1.000000E+13
1.353860E+00   BH_13_imp             -31.928   41.546       3035.346       1098.690          0.000     ZXX  -6.396078E+01  -6.205292E+01   1.000000E+13
1.353860E+00   BH_13_imp             -31.928   41.546       3035.346       1098.690          0.000     ZXY   4.620655E+01   7.278709E+01   1.000000E+13
1.353860E+00   BH_13_imp             -31.928   41.546       3035.346       1098.690          0.000     ZYX  -1.034776E+02  -1.059755E+02   1.000000E+13
1.353860E+00   BH_13_imp             -31.928   41.546       3035.346       1098.690          0.000     ZYY   4.049619E-01   1.838903E+01   1.000000E+13
8.206950E-01   BH_13_imp             -31.928   41.546       3035.346       1098.690          0.000     ZXX  -9.123460E+01  -6.737834E+01   1.000000E+13
8.206950E-01   BH_13_imp             -31.928   41.546       3035.346       1098.690          0.000     ZXY   6.842754E+01   9.921003E+01   1.000000E+13
8.206950E-01   BH_13_imp             -31.928   41.546       3035.346       1098.690          0.000     ZYX  -1.438052E+02  -1.223910E+02   1.000000E+13
8.206950E-01   BH_13_imp             -31.928   41.546       3035.346       1098.690          0.000     ZYY   7.569978E+00   2.581470E+01   1.000000E+13
4.974980E-01   BH_13_imp             -31.928   41.546       3035.346       1098.690          0.000     ZXX  -1.212212E+02  -6.378178E+01   1.000000E+13
4.974980E-01   BH_13_imp             -31.928   41.546       3035.346       1098.690          0.000     ZXY   1.022331E+02   1.304062E+02   1.000000E+13
4.974980E-01   BH_13_imp             -31.928   41.546       3035.346       1098.690          0.000     ZYX  -1.900707E+02  -1.328445E+02   1.000000E+13
4.974980E-01   BH_13_imp             -31.928   41.546       3035.346       1098.690          0.000     ZYY   1.852845E+01   3.245241E+01   1.000000E+13
3.015780E-01   BH_13_imp             -31.928   41.546       3035.346       1098.690          0.000     ZXX  -1.470349E+02  -4.957137E+01   1.000000E+13
3.015780E-01   BH_13_imp             -31.928   41.546       3035.346       1098.690          0.000     ZXY   1.494467E+02   1.623255E+02   1.000000E+13
3.015780E-01   BH_13_imp             -31.928   41.546       3035.346       1098.690          0.000     ZYX  -2.363735E+02  -1.360946E+02   1.000000E+13
3.015780E-01   BH_13_imp             -31.928   41.546       3035.346       1098.690          0.000     ZYY   3.234595E+01   3.590974E+01   1.000000E+13
1.828140E-01   BH_13_imp             -31.928   41.546       3035.346       1098.690          0.000     ZXX  -1.610611E+02  -2.848457E+01   1.000000E+13
1.828140E-01   BH_13_imp             -31.928   41.546       3035.346       1098.690          0.000     ZXY   2.084272E+02   1.910031E+02   1.000000E+13
1.828140E-01   BH_13_imp             -31.928   41.546       3035.346       1098.690          0.000     ZYX  -2.760465E+02  -1.366501E+02   1.000000E+13
1.828140E-01   BH_13_imp             -31.928   41.546       3035.346       1098.690          0.000     ZYY   4.593065E+01   3.581483E+01   1.000000E+13
1.108200E-01   BH_13_imp             -31.928   41.546       3035.346       1098.690          0.000     ZXX  -1.596385E+02  -9.861522E+00   1.000000E+13
1.108200E-01   BH_13_imp             -31.928   41.546       3035.346       1098.690          0.000     ZXY   2.737870E+02   2.150670E+02   1.000000E+13
1.108200E-01   BH_13_imp             -31.928   41.546       3035.346       1098.690          0.000     ZYX  -3.067391E+02  -1.450390E+02   1.000000E+13
1.108200E-01   BH_13_imp             -31.928   41.546       3035.346       1098.690          0.000     ZYY   5.621758E+01   3.427203E+01   1.000000E+13
6.717810E-02   BH_13_imp             -31.928   41.546       3035.346       1098.690          0.000     ZXX  -1.479691E+02  -4.854154E+00   1.000000E+13
6.717810E-02   BH_13_imp             -31.928   41.546       3035.346       1098.690          0.000     ZXY   3.396661E+02   2.398830E+02   1.000000E+13
6.717810E-02   BH_13_imp             -31.928   41.546       3035.346       1098.690          0.000     ZYX  -3.334999E+02  -1.736854E+02   1.000000E+13
6.717810E-02   BH_13_imp             -31.928   41.546       3035.346       1098.690          0.000     ZYY   6.335662E+01   3.615991E+01   1.000000E+13
4.072260E-02   BH_13_imp             -31.928   41.546       3035.346       1098.690          0.000     ZXX  -1.378322E+02  -1.739430E+01   1.000000E+13
4.072260E-02   BH_13_imp             -31.928   41.546       3035.346       1098.690          0.000     ZXY   4.074425E+02   2.764247E+02   1.000000E+13
4.072260E-02   BH_13_imp             -31.928   41.546       3035.346       1098.690          0.000     ZYX  -3.692157E+02  -2.304690E+02   1.000000E+13
4.072260E-02   BH_13_imp             -31.928   41.546       3035.346       1098.690          0.000     ZYY   7.264033E+01   4.442378E+01   1.000000E+13
2.468560E-02   BH_13_imp             -31.928   41.546       3035.346       1098.690          0.000     ZXX  -1.442707E+02  -4.423488E+01   1.000000E+13
2.468560E-02   BH_13_imp             -31.928   41.546       3035.346       1098.690          0.000     ZXY   4.854022E+02   3.316529E+02   1.000000E+13
2.468560E-02   BH_13_imp             -31.928   41.546       3035.346       1098.690          0.000     ZYX  -4.303648E+02  -3.190822E+02   1.000000E+13
2.468560E-02   BH_13_imp             -31.928   41.546       3035.346       1098.690          0.000     ZYY   9.052543E+01   5.601409E+01   1.000000E+13
1.496420E-02   BH_13_imp             -31.928   41.546       3035.346       1098.690          0.000     ZXX  -1.726775E+02  -6.876118E+01   1.000000E+13
1.496420E-02   BH_13_imp             -31.928   41.546       3035.346       1098.690          0.000     ZXY   5.859460E+02   3.991843E+02   1.000000E+13
1.496420E-02   BH_13_imp             -31.928   41.546       3035.346       1098.690          0.000     ZYX  -5.369329E+02  -4.259029E+02   1.000000E+13
1.496420E-02   BH_13_imp             -31.928   41.546       3035.346       1098.690          0.000     ZYY   1.170426E+02   6.285272E+01   1.000000E+13
9.071120E-03   BH_13_imp             -31.928   41.546       3035.346       1098.690          0.000     ZXX  -2.203799E+02  -7.713799E+01   1.000000E+13
9.071120E-03   BH_13_imp             -31.928   41.546       3035.346       1098.690          0.000     ZXY   7.044216E+02   4.811313E+02   1.000000E+13
9.071120E-03   BH_13_imp             -31.928   41.546       3035.346       1098.690          0.000     ZYX  -6.896908E+02  -5.307265E+02   1.000000E+13
9.071120E-03   BH_13_imp             -31.928   41.546       3035.346       1098.690          0.000     ZYY   1.491894E+02   5.769720E+01   1.000000E+13
5.498830E-03   BH_13_imp             -31.928   41.546       3035.346       1098.690          0.000     ZXX  -2.648096E+02  -5.395217E+01   1.000000E+13
5.498830E-03   BH_13_imp             -31.928   41.546       3035.346       1098.690          0.000     ZXY   8.442401E+02   5.769094E+02   1.000000E+13
5.498830E-03   BH_13_imp             -31.928   41.546       3035.346       1098.690          0.000     ZYX  -8.685123E+02  -6.238801E+02   1.000000E+13
5.498830E-03   BH_13_imp             -31.928   41.546       3035.346       1098.690          0.000     ZYY   1.773606E+02   4.076416E+01   1.000000E+13
3.333330E-03   BH_13_imp             -31.928   41.546       3035.346       1098.690          0.000     ZXX  -2.840901E+02  -7.543198E+00   1.000000E+13
3.333330E-03   BH_13_imp             -31.928   41.546       3035.346       1098.690          0.000     ZXY   1.003861E+03   7.171121E+02   1.000000E+13
3.333330E-03   BH_13_imp             -31.928   41.546       3035.346       1098.690          0.000     ZYX  -1.041953E+03  -7.258539E+02   1.000000E+13
3.333330E-03   BH_13_imp             -31.928   41.546       3035.346       1098.690          0.000     ZYY   1.975751E+02   7.089189E+00   1.000000E+13
3.333330E+02   BH_14_imp             -31.933   41.516       2495.735      -1684.368          0.000     ZXX   3.415792E-01  -1.051123E+00   1.000000E+13
3.333330E+02   BH_14_imp             -31.933   41.516       2495.735      -1684.368          0.000     ZXY   3.749798E+00   3.577645E+00   1.000000E+13
3.333330E+02   BH_14_imp             -31.933   41.516       2495.735      -1684.368          0.000     ZYX  -3.415071E+00  -3.082484E+00   1.000000E+13
3.333330E+02   BH_14_imp             -31.933   41.516       2495.735      -1684.368          0.000     ZYY  -4.147393E+00  -3.105753E+00   1.000000E+13
2.020630E+02   BH_14_imp             -31.933   41.516       2495.735      -1684.368          0.000     ZXX   1.139928E-02  -1.322657E+00   1.000000E+13
2.020630E+02   BH_14_imp             -31.933   41.516       2495.735      -1684.368          0.000     ZXY   4.715327E+00   4.460682E+00   1.000000E+13
2.020630E+02   BH_14_imp             -31.933   41.516       2495.735      -1684.368          0.000     ZYX  -3.823301E+00  -3.891825E+00   1.000000E+13
2.020630E+02   BH_14_imp             -31.933   41.516       2495.735      -1684.368          0.000     ZYY  -5.188273E+00  -3.578081E+00   1.000000E+13
1.224890E+02   BH_14_imp             -31.933   41.516       2495.735      -1684.368          0.000     ZXX  -8.634151E-02  -2.063927E+00   1.000000E+13
1.224890E+02   BH_14_imp             -31.933   41.516       2495.735      -1684.368          0.000     ZXY   5.805447E+00   5.598631E+00   1.000000E+13
1.224890E+02   BH_14_imp             -31.933   41.516       2495.735      -1684.368          0.000     ZYX  -4.354521E+00  -5.540745E+00   1.000000E+13
1.224890E+02   BH_14_imp             -31.933   41.516       2495.735      -1684.368          0.000     ZYY  -6.295810E+00  -4.004765E+00   1.000000E+13
7.425120E+01   BH_14_imp             -31.933   41.516       2495.735      -1684.368          0.000     ZXX  -3.462357E-01  -3.304441E+00   1.000000E+13
7.425120E+01   BH_14_imp             -31.933   41.516       2495.735      -1684.368          0.000     ZXY   7.140066E+00   7.234708E+00   1.000000E+13
7.425120E+01   BH_14_imp             -31.933   41.516       2495.735      -1684.368          0.000     ZYX  -5.232120E+00  -8.386978E+00   1.000000E+13
7.425120E+01   BH_14_imp             -31.933   41.516       2495.735      -1684.368          0.000     ZYY  -7.570056E+00  -4.357899E+00   1.000000E+13
4.501040E+01   BH_14_imp             -31.933   41.516       2495.735      -1684.368          0.000     ZXX  -9.350514E-01  -5.152550E+00   1.000000E+13
4.501040E+01   BH_14_imp             -31.933   41.516       2495.735      -1684.368          0.000     ZXY   8.704378E+00   9.666810E+00   1.000000E+13
4.501040E+01   BH_14_imp             -31.933   41.516       2495.735      -1684.368          0.000     ZYX  -6.950490E+00  -1.253221E+01   1.000000E+13
4.501040E+01   BH_14_imp             -31.933   41.516       2495.735      -1684.368          0.000     ZYY  -8.766178E+00  -4.799868E+00   1.000000E+13
2.728490E+01   BH_14_imp             -31.933   41.516       2495.735      -1684.368          0.000     ZXX  -1.993872E+00  -7.819618E+00   1.000000E+13
2.728490E+01   BH_14_imp             -31.933   41.516       2495.735      -1684.368          0.000     ZXY   1.078183E+01   1.335861E+01   1.000000E+13
2.728490E+01   BH_14_imp             -31.933   41.516       2495.735      -1684.368          0.000     ZYX  -9.688210E+00  -1.839187E+01   1.000000E+13
2.728490E+01   BH_14_imp             -31.933   41.516       2495.735      -1684.368          0.000     ZYY  -1.000963E+01  -5.730421E+00   1.000000E+13
1.653980E+01   BH_14_imp             -31.933   41.516       2495.735      -1684.368          0.000     ZXX  -3.867047E+00  -1.144574E+01   1.000000E+13
1.653980E+01   BH_14_imp             -31.933   41.516       2495.735      -1684.368          0.000     ZXY   1.380518E+01   1.871600E+01   1.000000E+13
1.653980E+01   BH_14_imp             -31.933   41.516       2495.735      -1684.368          0.000     ZYX  -1.408780E+01  -2.685065E+01   1.000000E+13
1.653980E+01   BH_14_imp             -31.933   41.516       2495.735      -1684.368          0.000     ZYY  -1.175491E+01  -7.184438E+00   1.000000E+13
1.002630E+01   BH_14_imp             -31.933   41.516       2495.735      -1684.368          0.000     ZXX  -6.942567E+00  -1.632181E+01   1.000000E+13
1.002630E+01   BH_14_imp             -31.933   41.516       2495.735      -1684.368          0.000     ZXY   1.834133E+01   2.619171E+01   1.000000E+13
1.002630E+01   BH_14_imp             -31.933   41.516       2495.735      -1684.368          0.000     ZYX  -2.139461E+01  -3.849362E+01   1.000000E+13
1.002630E+01   BH_14_imp             -31.933   41.516       2495.735      -1684.368          0.000     ZYY  -1.431516E+01  -8.881590E+00   1.000000E+13
6.077850E+00   BH_14_imp             -31.933   41.516       2495.735      -1684.368          0.000     ZXX  -1.175315E+01  -2.267351E+01   1.000000E+13
6.077850E+00   BH_14_imp             -31.933   41.516       2495.735      -1684.368          0.000     ZXY   2.493781E+01   3.630053E+01   1.000000E+13
6.077850E+00   BH_14_imp             -31.933   41.516       2495.735      -1684.368          0.000     ZYX  -3.344588E+01  -5.329181E+01   1.000000E+13
6.077850E+00   BH_14_imp             -31.933   41.516       2495.735      -1684.368          0.000     ZYY  -1.777821E+01  -1.025410E+01   1.000000E+13
3.684310E+00   BH_14_imp             -31.933   41.516       2495.735      -1684.368          0.000     ZXX  -1.936211E+01  -3.060168E+01   1.000000E+13
3.684310E+00   BH_14_imp             -31.933   41.516       2495.735      -1684.368          0.000     ZXY   3.425277E+01   4.984008E+01   1.000000E+13
3.684310E+00   BH_14_imp             -31.933   41.516       2495.735      -1684.368          0.000     ZYX  -5.179876E+01  -7.034064E+01   1.000000E+13
3.684310E+00   BH_14_imp             -31.933   41.516       2495.735      -1684.368          0.000     ZYY  -2.160760E+01  -1.101468E+01   1.000000E+13
2.233390E+00   BH_14_imp             -31.933   41.516       2495.735      -1684.368          0.000     ZXX  -3.099300E+01  -3.919904E+01   1.000000E+13
2.233390E+00   BH_14_imp             -31.933   41.516       2495.735      -1684.368          0.000     ZXY   4.724951E+01   6.807075E+01   1.000000E+13
2.233390E+00   BH_14_imp             -31.933   41.516       2495.735      -1684.368          0.000     ZYX  -7.753007E+01  -8.833598E+01   1.000000E+13
2.233390E+00   BH_14_imp             -31.933   41.516       2495.735      -1684.368          0.000     ZYY  -2.528011E+01  -1.138579E+01   1.000000E+13
1.353860E+00   BH_14_imp             -31.933   41.516       2495.735      -1684.368          0.000     ZXX  -4.805248E+01  -4.668676E+01   1.000000E+13
1.353860E+00   BH_14_imp             -31.933   41.516       2495.735      -1684.368          0.000     ZXY   6.585457E+01   9.260438E+01   1.000000E+13
1.353860E+00   BH_14_imp             -31.933   41.516       2495.735      -1684.368          0.000     ZYX  -1.106088E+02  -1.054129E+02   1.000000E+13
1.353860E+00   BH_14_imp             -31.933   41.516       2495.735      -1684.368          0.000     ZYY  -2.797738E+01  -1.180442E+01   1.000000E+13
8.206950E-01   BH_14_imp             -31.933   41.516       2495.735      -1684.368          0.000     ZXX  -7.004626E+01  -4.934368E+01   1.000000E+13
8.206950E-01   BH_14_imp             -31.933   41.516       2495.735      -1684.368          0.000     ZXY   9.328594E+01   1.247750E+02   1.000000E+13
8.206950E-01   BH_14_imp             -31.933   41.516       2495.735      -1684.368          0.000     ZYX  -1.515014E+02  -1.190709E+02   1.000000E+13
8.206950E-01   BH_14_imp             -31.933   41.516       2495.735      -1684.368          0.000     ZYY  -2.990035E+01  -1.357071E+01   1.000000E+13
4.974980E-01   BH_14_imp             -31.933   41.516       2495.735      -1684.368          0.000     ZXX  -9.385719E+01  -4.332450E+01   1.000000E+13
4.974980E-01   BH_14_imp             -31.933   41.516       2495.735      -1684.368          0.000     ZXY   1.341529E+02   1.641129E+02   1.000000E+13
4.974980E-01   BH_14_imp             -31.933   41.516       2495.735      -1684.368          0.000     ZYX  -1.976661E+02  -1.257459E+02   1.000000E+13
4.974980E-01   BH_14_imp             -31.933   41.516       2495.735      -1684.368          0.000     ZYY  -3.209372E+01  -1.799794E+01   1.000000E+13
3.015780E-01   BH_14_imp             -31.933   41.516       2495.735      -1684.368          0.000     ZXX  -1.136935E+02  -2.753149E+01   1.000000E+13
3.015780E-01   BH_14_imp             -31.933   41.516       2495.735      -1684.368          0.000     ZXY   1.917220E+02   2.066887E+02   1.000000E+13
3.015780E-01   BH_14_imp             -31.933   41.516       2495.735      -1684.368          0.000     ZYX  -2.432451E+02  -1.236305E+02   1.000000E+13
3.015780E-01   BH_14_imp             -31.933   41.516       2495.735      -1684.368          0.000     ZYY  -3.613364E+01  -2.603315E+01   1.000000E+13
1.828140E-01   BH_14_imp             -31.933   41.516       2495.735      -1684.368          0.000     ZXX  -1.247592E+02  -4.136645E+00   1.000000E+13
1.828140E-01   BH_14_imp             -31.933   41.516       2495.735      -1684.368          0.000     ZXY   2.653948E+02   2.477415E+02   1.000000E+13
1.828140E-01   BH_14_imp             -31.933   41.516       2495.735      -1684.368          0.000     ZYX  -2.813344E+02  -1.162371E+02   1.000000E+13
1.828140E-01   BH_14_imp             -31.933   41.516       2495.735      -1684.368          0.000     ZYY  -4.429675E+01  -3.676606E+01   1.000000E+13
1.108200E-01   BH_14_imp             -31.933   41.516       2495.735      -1684.368          0.000     ZXX  -1.244414E+02   2.358542E+01   1.000000E+13
1.108200E-01   BH_14_imp             -31.933   41.516       2495.735      -1684.368          0.000     ZXY   3.504620E+02   2.856729E+02   1.000000E+13
1.108200E-01   BH_14_imp             -31.933   41.516       2495.735      -1684.368          0.000     ZYX  -3.089369E+02  -1.124130E+02   1.000000E+13
1.108200E-01   BH_14_imp             -31.933   41.516       2495.735      -1684.368          0.000     ZYY  -5.790553E+01  -4.844871E+01   1.000000E+13
6.717810E-02   BH_14_imp             -31.933   41.516       2495.735      -1684.368          0.000     ZXX  -1.129528E+02   5.200822E+01   1.000000E+13
6.717810E-02   BH_14_imp             -31.933   41.516       2495.735      -1684.368          0.000     ZXY   4.432126E+02   3.251489E+02   1.000000E+13
6.717810E-02   BH_14_imp             -31.933   41.516       2495.735      -1684.368          0.000     ZYX  -3.288200E+02  -1.222313E+02   1.000000E+13
6.717810E-02   BH_14_imp             -31.933   41.516       2495.735      -1684.368          0.000     ZYY  -7.630110E+01  -5.931307E+01   1.000000E+13
4.072260E-02   BH_14_imp             -31.933   41.516       2495.735      -1684.368          0.000     ZXX  -9.094205E+01   8.098759E+01   1.000000E+13
4.072260E-02   BH_14_imp             -31.933   41.516       2495.735      -1684.368          0.000     ZXY   5.469169E+02   3.721472E+02   1.000000E+13
4.072260E-02   BH_14_imp             -31.933   41.516       2495.735      -1684.368          0.000     ZYX  -3.493219E+02  -1.526341E+02   1.000000E+13
4.072260E-02   BH_14_imp             -31.933   41.516       2495.735      -1684.368          0.000     ZYY  -9.952868E+01  -6.965614E+01   1.000000E+13
2.468560E-02   BH_14_imp             -31.933   41.516       2495.735      -1684.368          0.000     ZXX  -5.659148E+01   1.078798E+02   1.000000E+13
2.468560E-02   BH_14_imp             -31.933   41.516       2495.735      -1684.368          0.000     ZXY   6.637307E+02   4.269472E+02   1.000000E+13
2.468560E-02   BH_14_imp             -31.933   41.516       2495.735      -1684.368          0.000     ZYX  -3.800862E+02  -2.097728E+02   1.000000E+13
2.468560E-02   BH_14_imp             -31.933   41.516       2495.735      -1684.368          0.000     ZYY  -1.297657E+02  -7.706655E+01   1.000000E+13
1.496420E-02   BH_14_imp             -31.933   41.516       2495.735      -1684.368          0.000     ZXX  -4.381118E+00   1.268044E+02   1.000000E+13
1.496420E-02   BH_14_imp             -31.933   41.516       2495.735      -1684.368          0.000     ZXY   7.969351E+02   4.829530E+02   1.000000E+13
1.496420E-02   BH_14_imp             -31.933   41.516       2495.735      -1684.368          0.000     ZYX  -4.355482E+02  -2.901954E+02   1.000000E+13
1.496420E-02   BH_14_imp             -31.933   41.516       2495.735      -1684.368          0.000     ZYY  -1.674041E+02  -7.129480E+01   1.000000E+13
9.071120E-03   BH_14_imp             -31.933   41.516       2495.735      -1684.368          0.000     ZXX   6.069714E+01   1.194749E+02   1.000000E+13
9.071120E-03   BH_14_imp             -31.933   41.516       2495.735      -1684.368          0.000     ZXY   9.320620E+02   5.560197E+02   1.000000E+13
9.071120E-03   BH_14_imp             -31.933   41.516       2495.735      -1684.368          0.000     ZYX  -5.218460E+02  -3.878934E+02   1.000000E+13
9.071120E-03   BH_14_imp             -31.933   41.516       2495.735      -1684.368          0.000     ZYY  -1.978522E+02  -4.989931E+01   1.000000E+13
5.498830E-03   BH_14_imp             -31.933   41.516       2495.735      -1684.368          0.000     ZXX   1.142480E+02   8.338478E+01   1.000000E+13
5.498830E-03   BH_14_imp             -31.933   41.516       2495.735      -1684.368          0.000     ZXY   1.094795E+03   6.535834E+02   1.000000E+13
5.498830E-03   BH_14_imp             -31.933   41.516       2495.735      -1684.368          0.000     ZYX  -6.367679E+02  -5.030915E+02   1.000000E+13
5.498830E-03   BH_14_imp             -31.933   41.516       2495.735      -1684.368          0.000     ZYY  -2.157122E+02  -1.568101E+01   1.000000E+13
3.333330E-03   BH_14_imp             -31.933   41.516       2495.735      -1684.368          0.000     ZXX   1.333660E+02   2.999466E+01   1.000000E+13
3.333330E-03   BH_14_imp             -31.933   41.516       2495.735      -1684.368          0.000     ZXY   1.275849E+03   7.999703E+02   1.000000E+13
3.333330E-03   BH_14_imp             -31.933   41.516       2495.735      -1684.368          0.000     ZYX  -7.779969E+02  -6.495577E+02   1.000000E+13
3.333330E-03   BH_14_imp             -31.933   41.516       2495.735      -1684.368          0.000     ZYY  -2.150186E+02   1.684642E+01   1.000000E+13
3.333330E+02   BH_15_imp             -31.917   41.584       4146.148       4791.907          0.000     ZXX   2.905291E-01  -4.161143E-01   1.000000E+13
3.333330E+02   BH_15_imp             -31.917   41.584       4146.148       4791.907          0.000     ZXY   1.868110E+00   1.778585E+00   1.000000E+13
3.333330E+02   BH_15_imp             -31.917   41.584       4146.148       4791.907          0.000     ZYX  -2.636761E+00  -3.149791E+00   1.000000E+13
3.333330E+02   BH_15_imp             -31.917   41.584       4146.148       4791.907          0.000     ZYY  -1.277510E+00  -4.996532E-01   1.000000E+13
2.020630E+02   BH_15_imp             -31.917   41.584       4146.148       4791.907          0.000     ZXX   1.332441E-01  -5.871319E-01   1.000000E+13
2.020630E+02   BH_15_imp             -31.917   41.584       4146.148       4791.907          0.000     ZXY   2.374363E+00   2.189520E+00   1.000000E+13
2.020630E+02   BH_15_imp             -31.917   41.584       4146.148       4791.907          0.000     ZYX  -3.128404E+00  -4.123101E+00   1.000000E+13
2.020630E+02   BH_15_imp             -31.917   41.584       4146.148       4791.907          0.000     ZYY  -1.571409E+00  -3.685794E-01   1.000000E+13
1.224890E+02   BH_15_imp             -31.917   41.584       4146.148       4791.907          0.000     ZXX   6.433533E-02  -8.791330E-01   1.000000E+13
1.224890E+02   BH_15_imp             -31.917   41.584       4146.148       4791.907          0.000     ZXY   2.957659E+00   2.684165E+00   1.000000E+13
1.224890E+02   BH_15_imp             -31.917   41.584       4146.148       4791.907          0.000     ZYX  -3.749932E+00  -5.830957E+00   1.000000E+13
1.224890E+02   BH_15_imp             -31.917   41.584       4146.148       4791.907          0.000     ZYY  -1.838128E+00  -8.864620E-02   1.000000E+13
7.425120E+01   BH_15_imp             -31.917   41.584       4146.148       4791.907          0.000     ZXX  -3.469705E-02  -1.416391E+00   1.000000E+13
7.425120E+01   BH_15_imp             -31.917   41.584       4146.148       4791.907          0.000     ZXY   3.629367E+00   3.369871E+00   1.000000E+13
7.425120E+01   BH_15_imp             -31.917   41.584       4146.148       4791.907          0.000     ZYX  -4.662007E+00  -8.991039E+00   1.000000E+13
7.425120E+01   BH_15_imp             -31.917   41.584       4146.148       4791.907          0.000     ZYY  -2.123221E+00   5.621590E-01   1.000000E+13
4.501040E+01   BH_15_imp             -31.917   41.584       4146.148       4791.907          0.000     ZXX  -2.768758E-01  -2.221875E+00   1.000000E+13
4.501040E+01   BH_15_imp             -31.917   41.584       4146.148       4791.907          0.000     ZXY   4.376276E+00   4.389462E+00   1.000000E+13
4.501040E+01   BH_15_imp             -31.917   41.584       4146.148       4791.907          0.000     ZYX  -6.576641E+00  -1.353639E+01   1.000000E+13
4.501040E+01   BH_15_imp             -31.917   41.584       4146.148       4791.907          0.000     ZYY  -2.154396E+00   1.610250E+00   1.000000E+13
2.728490E+01   BH_15_imp             -31.917   41.584       4146.148       4791.907          0.000     ZXX  -7.283406E-01  -3.374436E+00   1.000000E+13
2.728490E+01   BH_15_imp             -31.917   41.584       4146.148       4791.907          0.000     ZXY   5.321545E+00   5.957036E+00   1.000000E+13
2.728490E+01   BH_15_imp             -31.917   41.584       4146.148       4791.907          0.000     ZYX  -9.651600E+00  -1.984567E+01   1.000000E+13
2.728490E+01   BH_15_imp             -31.917   41.584       4146.148       4791.907          0.000     ZYY  -1.853687E+00   2.927738E+00   1.000000E+13
1.653980E+01   BH_15_imp             -31.917   41.584       4146.148       4791.907          0.000     ZXX  -1.527141E+00  -4.960016E+00   1.000000E+13
1.653980E+01   BH_15_imp             -31.917   41.584       4146.148       4791.907          0.000     ZXY   6.652432E+00   8.270936E+00   1.000000E+13
1.653980E+01   BH_15_imp             -31.917   41.584       4146.148       4791.907          0.000     ZYX  -1.456763E+01  -2.869159E+01   1.000000E+13
1.653980E+01   BH_15_imp             -31.917   41.584       4146.148       4791.907          0.000     ZYY  -1.278338E+00   4.645452E+00   1.000000E+13
1.002630E+01   BH_15_imp             -31.917   41.584       4146.148       4791.907          0.000     ZXX  -2.867041E+00  -7.087019E+00   1.000000E+13
1.002630E+01   BH_15_imp             -31.917   41.584       4146.148       4791.907          0.000     ZXY   8.607645E+00   1.155455E+01   1.000000E+13
1.002630E+01   BH_15_imp             -31.917   41.584       4146.148       4791.907          0.000     ZYX  -2.258344E+01  -4.064932E+01   1.000000E+13
1.002630E+01   BH_15_imp             -31.917   41.584       4146.148       4791.907          0.000     ZYY  -3.752810E-01   7.035736E+00   1.000000E+13
6.077850E+00   BH_15_imp             -31.917   41.584       4146.148       4791.907          0.000     ZXX  -4.917404E+00  -9.824945E+00   1.000000E+13
6.077850E+00   BH_15_imp             -31.917   41.584       4146.148       4791.907          0.000     ZXY   1.145219E+01   1.606839E+01   1.000000E+13
6.077850E+00   BH_15_imp             -31.917   41.584       4146.148       4791.907          0.000     ZYX  -3.543029E+01  -5.573863E+01   1.000000E+13
6.077850E+00   BH_15_imp             -31.917   41.584       4146.148       4791.907          0.000     ZYY   9.886070E-01   1.054083E+01   1.000000E+13
3.684310E+00   BH_15_imp             -31.917   41.584       4146.148       4791.907          0.000     ZXX  -8.083250E+00  -1.325939E+01   1.000000E+13
3.684310E+00   BH_15_imp             -31.917   41.584       4146.148       4791.907          0.000     ZXY   1.555703E+01   2.223052E+01   1.000000E+13
3.684310E+00   BH_15_imp             -31.917   41.584       4146.148       4791.907          0.000     ZYX  -5.482078E+01  -7.307682E+01   1.000000E+13
3.684310E+00   BH_15_imp             -31.917   41.584       4146.148       4791.907          0.000     ZYY   3.450949E+00   1.568781E+01   1.000000E+13
2.233390E+00   BH_15_imp             -31.917   41.584       4146.148       4791.907          0.000     ZXX  -1.279571E+01  -1.708853E+01   1.000000E+13
2.233390E+00   BH_15_imp             -31.917   41.584       4146.148       4791.907          0.000     ZXY   2.159582E+01   3.061797E+01   1.000000E+13
2.233390E+00   BH_15_imp             -31.917   41.584       4146.148       4791.907          0.000     ZYX  -8.202130E+01  -9.080728E+01   1.000000E+13
2.233390E+00   BH_15_imp             -31.917   41.584       4146.148       4791.907          0.000     ZYY   7.928089E+00   2.271903E+01   1.000000E+13
1.353860E+00   BH_15_imp             -31.917   41.584       4146.148       4791.907          0.000     ZXX  -1.944773E+01  -2.080271E+01   1.000000E+13
1.353860E+00   BH_15_imp             -31.917   41.584       4146.148       4791.907          0.000     ZXY   3.086209E+01   4.165926E+01   1.000000E+13
1.353860E+00   BH_15_imp             -31.917   41.584       4146.148       4791.907          0.000     ZYX  -1.167677E+02  -1.065862E+02   1.000000E+13
1.353860E+00   BH_15_imp             -31.917   41.584       4146.148       4791.907          0.000     ZYY   1.611858E+01   3.147998E+01   1.000000E+13
8.206950E-01   BH_15_imp             -31.917   41.584       4146.148       4791.907          0.000     ZXX  -2.780291E+01  -2.358663E+01   1.000000E+13
8.206950E-01   BH_15_imp             -31.917   41.584       4146.148       4791.907          0.000     ZXY   4.521096E+01   5.491510E+01   1.000000E+13
8.206950E-01   BH_15_imp             -31.917   41.584       4146.148       4791.907          0.000     ZYX  -1.581947E+02  -1.177358E+02   1.000000E+13
8.206950E-01   BH_15_imp             -31.917   41.584       4146.148       4791.907          0.000     ZYY   2.936132E+01   4.029008E+01   1.000000E+13
4.974980E-01   BH_15_imp             -31.917   41.584       4146.148       4791.907          0.000     ZXX  -3.736321E+01  -2.473832E+01   1.000000E+13
4.974980E-01   BH_15_imp             -31.917   41.584       4146.148       4791.907          0.000     ZXY   6.607421E+01   6.836127E+01   1.000000E+13
4.974980E-01   BH_15_imp             -31.917   41.584       4146.148       4791.907          0.000     ZYX  -2.029916E+02  -1.217419E+02   1.000000E+13
4.974980E-01   BH_15_imp             -31.917   41.584       4146.148       4791.907          0.000     ZYY   4.762911E+01   4.602238E+01   1.000000E+13
3.015780E-01   BH_15_imp             -31.917   41.584       4146.148       4791.907          0.000     ZXX  -4.718864E+01  -2.382052E+01   1.000000E+13
3.015780E-01   BH_15_imp             -31.917   41.584       4146.148       4791.907          0.000     ZXY   9.268308E+01   7.904901E+01   1.000000E+13
3.015780E-01   BH_15_imp             -31.917   41.584       4146.148       4791.907          0.000     ZYX  -2.459382E+02  -1.184557E+02   1.000000E+13
3.015780E-01   BH_15_imp             -31.917   41.584       4146.148       4791.907          0.000     ZYY   6.845323E+01   4.554668E+01   1.000000E+13
1.828140E-01   BH_15_imp             -31.917   41.584       4146.148       4791.907          0.000     ZXX  -5.620679E+01  -2.083170E+01   1.000000E+13
1.828140E-01   BH_15_imp             -31.917   41.584       4146.148       4791.907          0.000     ZXY   1.221776E+02   8.527474E+01   1.000000E+13
1.828140E-01   BH_15_imp             -31.917   41.584       4146.148       4791.907          0.000     ZYX  -2.821914E+02  -1.116242E+02   1.000000E+13
1.828140E-01   BH_15_imp             -31.917   41.584       4146.148       4791.907          0.000     ZYY   8.802558E+01   3.855821E+01   1.000000E+13
1.108200E-01   BH_15_imp             -31.917   41.584       4146.148       4791.907          0.000     ZXX  -6.353387E+01  -1.632012E+01   1.000000E+13
1.108200E-01   BH_15_imp             -31.917   41.584       4146.148       4791.907          0.000     ZXY   1.505478E+02   8.783408E+01   1.000000E+13
1.108200E-01   BH_15_imp             -31.917   41.584       4146.148       4791.907          0.000     ZYX  -3.104754E+02  -1.086401E+02   1.000000E+13
1.108200E-01   BH_15_imp             -31.917   41.584       4146.148       4791.907          0.000     ZYY   1.035794E+02   2.553839E+01   1.000000E+13
6.717810E-02   BH_15_imp             -31.917   41.584       4146.148       4791.907          0.000     ZXX  -6.939824E+01  -1.089228E+01   1.000000E+13
6.717810E-02   BH_15_imp             -31.917   41.584       4146.148       4791.907          0.000     ZXY   1.746704E+02   9.095220E+01   1.000000E+13
6.717810E-02   BH_15_imp             -31.917   41.584       4146.148       4791.907          0.000     ZYX  -3.358858E+02  -1.169423E+02   1.000000E+13
6.717810E-02   BH_15_imp             -31.917   41.584       4146.148       4791.907          0.000     ZYY   1.118771E+02   7.142574E+00   1.000000E+13
4.072260E-02   BH_15_imp             -31.917   41.584       4146.148       4791.907          0.000     ZXX  -7.378669E+01  -3.289426E+00   1.000000E+13
4.072260E-02   BH_15_imp             -31.917   41.584       4146.148       4791.907          0.000     ZXY   1.953844E+02   1.014855E+02   1.000000E+13
4.072260E-02   BH_15_imp             -31.917   41.584       4146.148       4791.907          0.000     ZYX  -3.671869E+02  -1.350545E+02   1.000000E+13
4.072260E-02   BH_15_imp             -31.917   41.584       4146.148       4791.907          0.000     ZYY   1.088467E+02  -1.251642E+01   1.000000E+13
2.468560E-02   BH_15_imp             -31.917   41.584       4146.148       4791.907          0.000     ZXX  -7.369476E+01   6.633702E+00   1.000000E+13
2.468560E-02   BH_15_imp             -31.917   41.584       4146.148       4791.907          0.000     ZXY   2.185581E+02   1.247422E+02   1.000000E+13
2.468560E-02   BH_15_imp             -31.917   41.584       4146.148       4791.907          0.000     ZYX  -4.037299E+02  -1.602503E+02   1.000000E+13
2.468560E-02   BH_15_imp             -31.917   41.584       4146.148       4791.907          0.000     ZYY   9.688821E+01  -2.580121E+01   1.000000E+13
1.496420E-02   BH_15_imp             -31.917   41.584       4146.148       4791.907          0.000     ZXX  -6.668561E+01   1.548483E+01   1.000000E+13
1.496420E-02   BH_15_imp             -31.917   41.584       4146.148       4791.907          0.000     ZXY   2.487008E+02   1.596029E+02   1.000000E+13
1.496420E-02   BH_15_imp             -31.917   41.584       4146.148       4791.907          0.000     ZYX  -4.423312E+02  -1.954634E+02   1.000000E+13
1.496420E-02   BH_15_imp             -31.917   41.584       4146.148       4791.907          0.000     ZYY   8.248179E+01  -3.144168E+01   1.000000E+13
9.071120E-03   BH_15_imp             -31.917   41.584       4146.148       4791.907          0.000     ZXX  -6.053927E+01   2.068679E+01   1.000000E+13
9.071120E-03   BH_15_imp             -31.917   41.584       4146.148       4791.907          0.000     ZXY   2.877988E+02   2.084081E+02   1.000000E+13
9.071120E-03   BH_15_imp             -31.917   41.584       4146.148       4791.907          0.000     ZYX  -4.902810E+02  -2.450350E+02   1.000000E+13
9.071120E-03   BH_15_imp             -31.917   41.584       4146.148       4791.907          0.000     ZYY   6.924581E+01  -3.445531E+01   1.000000E+13
5.498830E-03   BH_15_imp             -31.917   41.584       4146.148       4791.907          0.000     ZXX  -5.241598E+01   2.491507E+01   1.000000E+13
5.498830E-03   BH_15_imp             -31.917   41.584       4146.148       4791.907          0.000     ZXY   3.381386E+02   2.781540E+02   1.000000E+13
5.498830E-03   BH_15_imp             -31.917   41.584       4146.148       4791.907          0.000     ZYX  -5.549286E+02  -3.162653E+02   1.000000E+13
5.498830E-03   BH_15_imp             -31.917   41.584       4146.148       4791.907          0.000     ZYY   5.657789E+01  -3.406701E+01   1.000000E+13
3.333330E-03   BH_15_imp             -31.917   41.584       4146.148       4791.907          0.000     ZXX  -4.458879E+01   3.138383E+01   1.000000E+13
3.333330E-03   BH_15_imp             -31.917   41.584       4146.148       4791.907          0.000     ZXY   4.096247E+02   3.772886E+02   1.000000E+13
3.333330E-03   BH_15_imp             -31.917   41.584       4146.148       4791.907          0.000     ZYX  -6.388663E+02  -4.142590E+02   1.000000E+13
3.333330E-03   BH_15_imp             -31.917   41.584       4146.148       4791.907          0.000     ZYY   4.367748E+01  -3.592433E+01   1.000000E+13
3.333330E+02   BH_16_imp             -32.035   41.594      -8943.158       5434.588          0.000     ZXX   4.911368E+00   2.780547E+00   1.000000E+13
3.333330E+02   BH_16_imp             -32.035   41.594      -8943.158       5434.588          0.000     ZXY   1.118775E+01   9.834821E+00   1.000000E+13
3.333330E+02   BH_16_imp             -32.035   41.594      -8943.158       5434.588          0.000     ZYX  -1.368068E+00  -9.216734E-01   1.000000E+13
3.333330E+02   BH_16_imp             -32.035   41.594      -8943.158       5434.588          0.000     ZYY  -2.786773E+00  -2.426471E+00   1.000000E+13
2.020630E+02   BH_16_imp             -32.035   41.594      -8943.158       5434.588          0.000     ZXX   5.205152E+00   3.342549E+00   1.000000E+13
2.020630E+02   BH_16_imp             -32.035   41.594      -8943.158       5434.588          0.000     ZXY   1.415059E+01   1.178523E+01   1.000000E+13
2.020630E+02   BH_16_imp             -32.035   41.594      -8943.158       5434.588          0.000     ZYX  -1.494277E+00  -1.120514E+00   1.000000E+13
2.020630E+02   BH_16_imp             -32.035   41.594      -8943.158       5434.588          0.000     ZYY  -3.532123E+00  -2.892809E+00   1.000000E+13
1.224890E+02   BH_16_imp             -32.035   41.594      -8943.158       5434.588          0.000     ZXX   5.942306E+00   3.815619E+00   1.000000E+13
1.224890E+02   BH_16_imp             -32.035   41.594      -8943.158       5434.588          0.000     ZXY   1.750164E+01   1.401310E+01   1.000000E+13
1.224890E+02   BH_16_imp             -32.035   41.594      -8943.158       5434.588          0.000     ZYX  -1.722003E+00  -1.344196E+00   1.000000E+13
1.224890E+02   BH_16_imp             -32.035   41.594      -8943.158       5434.588          0.000     ZYY  -4.370785E+00  -3.411631E+00   1.000000E+13
7.425120E+01   BH_16_imp             -32.035   41.594      -8943.158       5434.588          0.000     ZXX   6.548217E+00   5.049622E+00   1.000000E+13
7.425120E+01   BH_16_imp             -32.035   41.594      -8943.158       5434.588          0.000     ZXY   2.144310E+01   1.673378E+01   1.000000E+13
7.425120E+01   BH_16_imp             -32.035   41.594      -8943.158       5434.588          0.000     ZYX  -1.935826E+00  -1.853430E+00   1.000000E+13
7.425120E+01   BH_16_imp             -32.035   41.594      -8943.158       5434.588          0.000     ZYY  -5.352016E+00  -4.018173E+00   1.000000E+13
4.501040E+01   BH_16_imp             -32.035   41.594      -8943.158       5434.588          0.000     ZXX   7.447205E+00   7.127276E+00   1.000000E+13
4.501040E+01   BH_16_imp             -32.035   41.594      -8943.158       5434.588          0.000     ZXY   2.560193E+01   2.061799E+01   1.000000E+13
4.501040E+01   BH_16_imp             -32.035   41.594      -8943.158       5434.588          0.000     ZYX  -2.287726E+00  -2.668106E+00   1.000000E+13
4.501040E+01   BH_16_imp             -32.035   41.594      -8943.158       5434.588          0.000     ZYY  -6.359639E+00  -4.871610E+00   1.000000E+13
2.728490E+01   BH_16_imp             -32.035   41.594      -8943.158       5434.588          0.000     ZXX   8.902796E+00   1.024353E+01   1.000000E+13
2.728490E+01   BH_16_imp             -32.035   41.594      -8943.158       5434.588          0.000     ZXY   3.067365E+01   2.676568E+01   1.000000E+13
2.728490E+01   BH_16_imp             -32.035   41.594      -8943.158       5434.588          0.000     ZYX  -2.858924E+00  -3.856160E+00   1.000000E+13
2.728490E+01   BH_16_imp             -32.035   41.594      -8943.158       5434.588          0.000     ZYY  -7.541307E+00  -6.254803E+00   1.000000E+13
1.653980E+01   BH_16_imp             -32.035   41.594      -8943.158       5434.588          0.000     ZXX   1.107938E+01   1.511879E+01   1.000000E+13
1.653980E+01   BH_16_imp             -32.035   41.594      -8943.158       5434.588          0.000     ZXY   3.781278E+01   3.553917E+01   1.000000E+13
1.653980E+01   BH_16_imp             -32.035   41.594      -8943.158       5434.588          0.000     ZYX  -3.729981E+00  -5.635139E+00   1.000000E+13
1.653980E+01   BH_16_imp             -32.035   41.594      -8943.158       5434.588          0.000     ZYY  -9.175347E+00  -8.274198E+00   1.000000E+13
1.002630E+01   BH_16_imp             -32.035   41.594      -8943.158       5434.588          0.000     ZXX   1.458011E+01   2.216536E+01   1.000000E+13
1.002630E+01   BH_16_imp             -32.035   41.594      -8943.158       5434.588          0.000     ZXY   4.797539E+01   4.692066E+01   1.000000E+13
1.002630E+01   BH_16_imp             -32.035   41.594      -8943.158       5434.588          0.000     ZYX  -5.105021E+00  -8.129738E+00   1.000000E+13
1.002630E+01   BH_16_imp             -32.035   41.594      -8943.158       5434.588          0.000     ZYY  -1.150351E+01  -1.094304E+01   1.000000E+13
6.077850E+00   BH_16_imp             -32.035   41.594      -8943.158       5434.588          0.000     ZXX   2.064612E+01   3.162076E+01   1.000000E+13
6.077850E+00   BH_16_imp             -32.035   41.594      -8943.158       5434.588          0.000     ZXY   6.152474E+01   6.092985E+01   1.000000E+13
6.077850E+00   BH_16_imp             -32.035   41.594      -8943.158       5434.588          0.000     ZYX  -7.346282E+00  -1.142335E+01   1.000000E+13
6.077850E+00   BH_16_imp             -32.035   41.594      -8943.158       5434.588          0.000     ZYY  -1.462953E+01  -1.427538E+01   1.000000E+13
3.684310E+00   BH_16_imp             -32.035   41.594      -8943.158       5434.588          0.000     ZXX   2.958448E+01   4.338932E+01   1.000000E+13
3.684310E+00   BH_16_imp             -32.035   41.594      -8943.158       5434.588          0.000     ZXY   7.844145E+01   7.861482E+01   1.000000E+13
3.684310E+00   BH_16_imp             -32.035   41.594      -8943.158       5434.588          0.000     ZYX  -1.055123E+01  -1.553323E+01   1.000000E+13
3.684310E+00   BH_16_imp             -32.035   41.594      -8943.158       5434.588          0.000     ZYY  -1.858858E+01  -1.851828E+01   1.000000E+13
2.233390E+00   BH_16_imp             -32.035   41.594      -8943.158       5434.588          0.000     ZXX   4.213565E+01   5.877967E+01   1.000000E+13
2.233390E+00   BH_16_imp             -32.035   41.594      -8943.158       5434.588          0.000     ZXY   9.971988E+01   1.024496E+02   1.000000E+13
2.233390E+00   BH_16_imp             -32.035   41.594      -8943.158       5434.588          0.000     ZYX  -1.493660E+01  -2.089003E+01   1.000000E+13
2.233390E+00   BH_16_imp             -32.035   41.594      -8943.158       5434.588          0.000     ZYY  -2.366565E+01  -2.423274E+01   1.000000E+13
1.353860E+00   BH_16_imp             -32.035   41.594      -8943.158       5434.588          0.000     ZXX   5.927180E+01   7.930308E+01   1.000000E+13
1.353860E+00   BH_16_imp             -32.035   41.594      -8943.158       5434.588          0.000     ZXY   1.279521E+02   1.349573E+02   1.000000E+13
1.353860E+00   BH_16_imp             -32.035   41.594      -8943.158       5434.588          0.000     ZYX  -2.078538E+01  -2.804519E+01   1.000000E+13
1.353860E+00   BH_16_imp             -32.035   41.594      -8943.158       5434.588          0.000     ZYY  -3.051623E+01  -3.194661E+01   1.000000E+13
8.206950E-01   BH_16_imp             -32.035   41.594      -8943.158       5434.588          0.000     ZXX   8.628638E+01   1.047424E+02   1.000000E+13
8.206950E-01   BH_16_imp             -32.035   41.594      -8943.158       5434.588          0.000     ZXY   1.684614E+02   1.776443E+02   1.000000E+13
8.206950E-01   BH_16_imp             -32.035   41.594      -8943.158       5434.588          0.000     ZYX  -2.957750E+01  -3.718939E+01   1.000000E+13
8.206950E-01   BH_16_imp             -32.035   41.594      -8943.158       5434.588          0.000     ZYY  -4.048760E+01  -4.188993E+01   1.000000E+13
4.974980E-01   BH_16_imp             -32.035   41.594      -8943.158       5434.588          0.000     ZXX   1.257876E+02   1.310581E+02   1.000000E+13
4.974980E-01   BH_16_imp             -32.035   41.594      -8943.158       5434.588          0.000     ZXY   2.266201E+02   2.290265E+02   1.000000E+13
4.974980E-01   BH_16_imp             -32.035   41.594      -8943.158       5434.588          0.000     ZYX  -4.213335E+01  -4.758479E+01   1.000000E+13
4.974980E-01   BH_16_imp             -32.035   41.594      -8943.158       5434.588          0.000     ZYY  -5.491724E+01  -5.343945E+01   1.000000E+13
3.015780E-01   BH_16_imp             -32.035   41.594      -8943.158       5434.588          0.000     ZXX   1.769002E+02   1.529347E+02   1.000000E+13
3.015780E-01   BH_16_imp             -32.035   41.594      -8943.158       5434.588          0.000     ZXY   3.060192E+02   2.865633E+02   1.000000E+13
3.015780E-01   BH_16_imp             -32.035   41.594      -8943.158       5434.588          0.000     ZYX  -5.838958E+01  -5.832815E+01   1.000000E+13
3.015780E-01   BH_16_imp             -32.035   41.594      -8943.158       5434.588          0.000     ZYY  -7.462521E+01  -6.555841E+01   1.000000E+13
1.828140E-01   BH_16_imp             -32.035   41.594      -8943.158       5434.588          0.000     ZXX   2.361403E+02   1.674500E+02   1.000000E+13
1.828140E-01   BH_16_imp             -32.035   41.594      -8943.158       5434.588          0.000     ZXY   4.113695E+02   3.452221E+02   1.000000E+13
1.828140E-01   BH_16_imp             -32.035   41.594      -8943.158       5434.588          0.000     ZYX  -7.778886E+01  -6.944506E+01   1.000000E+13
1.828140E-01   BH_16_imp             -32.035   41.594      -8943.158       5434.588          0.000     ZYY  -1.005409E+02  -7.637420E+01   1.000000E+13
1.108200E-01   BH_16_imp             -32.035   41.594      -8943.158       5434.588          0.000     ZXX   3.005416E+02   1.733793E+02   1.000000E+13
1.108200E-01   BH_16_imp             -32.035   41.594      -8943.158       5434.588          0.000     ZXY   5.452382E+02   3.950148E+02   1.000000E+13
1.108200E-01   BH_16_imp             -32.035   41.594      -8943.158       5434.588          0.000     ZYX  -1.002750E+02  -8.153719E+01   1.000000E+13
1.108200E-01   BH_16_imp             -32.035   41.594      -8943.158       5434.588          0.000     ZYY  -1.327799E+02  -8.268257E+01   1.000000E+13
6.717810E-02   BH_16_imp             -32.035   41.594      -8943.158       5434.588          0.000     ZXX   3.654341E+02   1.694648E+02   1.000000E+13
6.717810E-02   BH_16_imp             -32.035   41.594      -8943.158       5434.588          0.000     ZXY   7.014292E+02   4.222150E+02   1.000000E+13
6.717810E-02   BH_16_imp             -32.035   41.594      -8943.158       5434.588          0.000     ZYX  -1.253502E+02  -9.522106E+01   1.000000E+13
6.717810E-02   BH_16_imp             -32.035   41.594      -8943.158       5434.588          0.000     ZYY  -1.690616E+02  -8.033354E+01   1.000000E+13
4.072260E-02   BH_16_imp             -32.035   41.594      -8943.158       5434.588          0.000     ZXX   4.294325E+02   1.563948E+02   1.000000E+13
4.072260E-02   BH_16_imp             -32.035   41.594      -8943.158       5434.588          0.000     ZXY   8.623037E+02   4.171842E+02   1.000000E+13
4.072260E-02   BH_16_imp             -32.035   41.594      -8943.158       5434.588          0.000     ZYX  -1.531914E+02  -1.123817E+02   1.000000E+13
4.072260E-02   BH_16_imp             -32.035   41.594      -8943.158       5434.588          0.000     ZYY  -2.041600E+02  -6.598009E+01   1.000000E+13
2.468560E-02   BH_16_imp             -32.035   41.594      -8943.158       5434.588          0.000     ZXX   4.749567E+02   1.255161E+02   1.000000E+13
2.468560E-02   BH_16_imp             -32.035   41.594      -8943.158       5434.588          0.000     ZXY   1.000476E+03   3.891678E+02   1.000000E+13
2.468560E-02   BH_16_imp             -32.035   41.594      -8943.158       5434.588          0.000     ZYX  -1.805628E+02  -1.343604E+02   1.000000E+13
2.468560E-02   BH_16_imp             -32.035   41.594      -8943.158       5434.588          0.000     ZYY  -2.298772E+02  -4.039476E+01   1.000000E+13
1.496420E-02   BH_16_imp             -32.035   41.594      -8943.158       5434.588          0.000     ZXX   5.182666E+02   8.498856E+01   1.000000E+13
1.496420E-02   BH_16_imp             -32.035   41.594      -8943.158       5434.588          0.000     ZXY   1.104547E+03   3.529166E+02   1.000000E+13
1.496420E-02   BH_16_imp             -32.035   41.594      -8943.158       5434.588          0.000     ZYX  -2.148238E+02  -1.661598E+02   1.000000E+13
1.496420E-02   BH_16_imp             -32.035   41.594      -8943.158       5434.588          0.000     ZYY  -2.407087E+02  -5.948321E+00   1.000000E+13
9.071120E-03   BH_16_imp             -32.035   41.594      -8943.158       5434.588          0.000     ZXX   5.602186E+02   7.421901E+00   1.000000E+13
9.071120E-03   BH_16_imp             -32.035   41.594      -8943.158       5434.588          0.000     ZXY   1.169891E+03   3.563253E+02   1.000000E+13
9.071120E-03   BH_16_imp             -32.035   41.594      -8943.158       5434.588          0.000     ZYX  -2.630073E+02  -2.058353E+02   1.000000E+13
9.071120E-03   BH_16_imp             -32.035   41.594      -8943.158       5434.588          0.000     ZYY  -2.309413E+02   2.603079E+01   1.000000E+13
5.498830E-03   BH_16_imp             -32.035   41.594      -8943.158       5434.588          0.000     ZXX   5.486373E+02  -7.907473E+01   1.000000E+13
5.498830E-03   BH_16_imp             -32.035   41.594      -8943.158       5434.588          0.000     ZXY   1.253866E+03   3.796692E+02   1.000000E+13
5.498830E-03   BH_16_imp             -32.035   41.594      -8943.158       5434.588          0.000     ZYX  -3.174539E+02  -2.592421E+02   1.000000E+13
5.498830E-03   BH_16_imp             -32.035   41.594      -8943.158       5434.588          0.000     ZYY  -2.128640E+02   5.637474E+01   1.000000E+13
3.333330E-03   BH_16_imp             -32.035   41.594      -8943.158       5434.588          0.000     ZXX   4.879651E+02  -1.470736E+02   1.000000E+13
3.333330E-03   BH_16_imp             -32.035   41.594      -8943.158       5434.588          0.000     ZXY   1.327754E+03   4.515251E+02   1.000000E+13
3.333330E-03   BH_16_imp             -32.035   41.594      -8943.158       5434.588          0.000     ZYX  -3.799368E+02  -3.378535E+02   1.000000E+13
3.333330E-03   BH_16_imp             -32.035   41.594      -8943.158       5434.588          0.000     ZYY  -1.800050E+02   7.772506E+01   1.000000E+13
3.333330E+02   BH_17_imp             -31.987   41.545      -3466.186        900.306          0.000     ZXX   7.295537E-01  -2.800799E-01   1.000000E+13
3.333330E+02   BH_17_imp             -31.987   41.545      -3466.186        900.306          0.000     ZXY   3.882294E+00   3.491471E+00   1.000000E+13
3.333330E+02   BH_17_imp             -31.987   41.545      -3466.186        900.306          0.000     ZYX  -7.606223E-01  -1.318485E+00   1.000000E+13
3.333330E+02   BH_17_imp             -31.987   41.545      -3466.186        900.306          0.000     ZYY   9.594106E-01   1.050811E+00   1.000000E+13
2.020630E+02   BH_17_imp             -31.987   41.545      -3466.186        900.306          0.000     ZXX   6.456922E-01  -4.130793E-01   1.000000E+13
2.020630E+02   BH_17_imp             -31.987   41.545      -3466.186        900.306          0.000     ZXY   4.840488E+00   4.260762E+00   1.000000E+13
2.020630E+02   BH_17_imp             -31.987   41.545      -3466.186        900.306          0.000     ZYX  -1.043276E+00  -1.718339E+00   1.000000E+13
2.020630E+02   BH_17_imp             -31.987   41.545      -3466.186        900.306          0.000     ZYY   1.188057E+00   1.363902E+00   1.000000E+13
1.224890E+02   BH_17_imp             -31.987   41.545      -3466.186        900.306          0.000     ZXX   6.360270E-01  -8.608907E-01   1.000000E+13
1.224890E+02   BH_17_imp             -31.987   41.545      -3466.186        900.306          0.000     ZXY   5.954655E+00   5.245963E+00   1.000000E+13
1.224890E+02   BH_17_imp             -31.987   41.545      -3466.186        900.306          0.000     ZYX  -1.228499E+00  -2.521482E+00   1.000000E+13
1.224890E+02   BH_17_imp             -31.987   41.545      -3466.186        900.306          0.000     ZYY   1.469300E+00   1.823690E+00   1.000000E+13
7.425120E+01   BH_17_imp             -31.987   41.545      -3466.186        900.306          0.000     ZXX   5.439404E-01  -1.534405E+00   1.000000E+13
7.425120E+01   BH_17_imp             -31.987   41.545      -3466.186        900.306          0.000     ZXY   7.291403E+00   6.601980E+00   1.000000E+13
7.425120E+01   BH_17_imp             -31.987   41.545      -3466.186        900.306          0.000     ZYX  -1.592220E+00  -3.925595E+00   1.000000E+13
7.425120E+01   BH_17_imp             -31.987   41.545      -3466.186        900.306          0.000     ZYY   1.837453E+00   2.555724E+00   1.000000E+13
4.501040E+01   BH_17_imp             -31.987   41.545      -3466.186        900.306          0.000     ZXX   2.407870E-01  -2.491229E+00   1.000000E+13
4.501040E+01   BH_17_imp             -31.987   41.545      -3466.186        900.306          0.000     ZXY   8.835259E+00   8.600521E+00   1.000000E+13
4.501040E+01   BH_17_imp             -31.987   41.545      -3466.186        900.306          0.000     ZYX  -2.375828E+00  -5.979059E+00   1.000000E+13
4.501040E+01   BH_17_imp             -31.987   41.545      -3466.186        900.306          0.000     ZYY   2.385142E+00   3.665461E+00   1.000000E+13
2.728490E+01   BH_17_imp             -31.987   41.545      -3466.186        900.306          0.000     ZXX  -3.115503E-01  -3.822765E+00   1.000000E+13
2.728490E+01   BH_17_imp             -31.987   41.545      -3466.186        900.306          0.000     ZXY   1.090588E+01   1.162587E+01   1.000000E+13
2.728490E+01   BH_17_imp             -31.987   41.545      -3466.186        900.306          0.000     ZYX  -3.674616E+00  -8.877846E+00   1.000000E+13
2.728490E+01   BH_17_imp             -31.987   41.545      -3466.186        900.306          0.000     ZYY   3.283898E+00   5.235648E+00   1.000000E+13
1.653980E+01   BH_17_imp             -31.987   41.545      -3466.186        900.306          0.000     ZXX  -1.305406E+00  -5.527530E+00   1.000000E+13
1.653980E+01   BH_17_imp             -31.987   41.545      -3466.186        900.306          0.000     ZXY   1.396889E+01   1.585940E+01   1.000000E+13
1.653980E+01   BH_17_imp             -31.987   41.545      -3466.186        900.306          0.000     ZYX  -5.814470E+00  -1.294289E+01   1.000000E+13
1.653980E+01   BH_17_imp             -31.987   41.545      -3466.186        900.306          0.000     ZYY   4.686031E+00   7.322171E+00   1.000000E+13
1.002630E+01   BH_17_imp             -31.987   41.545      -3466.186        900.306          0.000     ZXX  -2.895122E+00  -7.666873E+00   1.000000E+13
1.002630E+01   BH_17_imp             -31.987   41.545      -3466.186        900.306          0.000     ZXY   1.851492E+01   2.136921E+01   1.000000E+13
1.002630E+01   BH_17_imp             -31.987   41.545      -3466.186        900.306          0.000     ZYX  -9.316649E+00  -1.841374E+01   1.000000E+13
1.002630E+01   BH_17_imp             -31.987   41.545      -3466.186        900.306          0.000     ZYY   6.797844E+00   1.000796E+01   1.000000E+13
6.077850E+00   BH_17_imp             -31.987   41.545      -3466.186        900.306          0.000     ZXX  -5.183815E+00  -1.039773E+01   1.000000E+13
6.077850E+00   BH_17_imp             -31.987   41.545      -3466.186        900.306          0.000     ZXY   2.490600E+01   2.817380E+01   1.000000E+13
6.077850E+00   BH_17_imp             -31.987   41.545      -3466.186        900.306          0.000     ZYX  -1.482801E+01  -2.543795E+01   1.000000E+13
6.077850E+00   BH_17_imp             -31.987   41.545      -3466.186        900.306          0.000     ZYY   9.809573E+00   1.334735E+01   1.000000E+13
3.684310E+00   BH_17_imp             -31.987   41.545      -3466.186        900.306          0.000     ZXX  -8.674064E+00  -1.383655E+01   1.000000E+13
3.684310E+00   BH_17_imp             -31.987   41.545      -3466.186        900.306          0.000     ZXY   3.340633E+01   3.648314E+01   1.000000E+13
3.684310E+00   BH_17_imp             -31.987   41.545      -3466.186        900.306          0.000     ZYX  -2.313688E+01  -3.387087E+01   1.000000E+13
3.684310E+00   BH_17_imp             -31.987   41.545      -3466.186        900.306          0.000     ZYY   1.397536E+01   1.741189E+01   1.000000E+13
2.233390E+00   BH_17_imp             -31.987   41.545      -3466.186        900.306          0.000     ZXX  -1.396764E+01  -1.748865E+01   1.000000E+13
2.233390E+00   BH_17_imp             -31.987   41.545      -3466.186        900.306          0.000     ZXY   4.458980E+01   4.680652E+01   1.000000E+13
2.233390E+00   BH_17_imp             -31.987   41.545      -3466.186        900.306          0.000     ZYX  -3.487408E+01  -4.329280E+01   1.000000E+13
2.233390E+00   BH_17_imp             -31.987   41.545      -3466.186        900.306          0.000     ZYY   1.966590E+01   2.227554E+01   1.000000E+13
1.353860E+00   BH_17_imp             -31.987   41.545      -3466.186        900.306          0.000     ZXX  -2.171505E+01  -2.034995E+01   1.000000E+13
1.353860E+00   BH_17_imp             -31.987   41.545      -3466.186        900.306          0.000     ZXY   5.962330E+01   5.953563E+01   1.000000E+13
1.353860E+00   BH_17_imp             -31.987   41.545      -3466.186        900.306          0.000     ZYX  -5.051193E+01  -5.301757E+01   1.000000E+13
1.353860E+00   BH_17_imp             -31.987   41.545      -3466.186        900.306          0.000     ZYY   2.763264E+01   2.784617E+01   1.000000E+13
8.206950E-01   BH_17_imp             -31.987   41.545      -3466.186        900.306          0.000     ZXX  -3.109350E+01  -2.078462E+01   1.000000E+13
8.206950E-01   BH_17_imp             -31.987   41.545      -3466.186        900.306          0.000     ZXY   8.059162E+01   7.434518E+01   1.000000E+13
8.206950E-01   BH_17_imp             -31.987   41.545      -3466.186        900.306          0.000     ZYX  -7.029514E+01  -6.196355E+01   1.000000E+13
8.206950E-01   BH_17_imp             -31.987   41.545      -3466.186        900.306          0.000     ZYY   3.869295E+01   3.335407E+01   1.000000E+13
4.974980E-01   BH_17_imp             -31.987   41.545      -3466.186        900.306          0.000     ZXX  -4.032389E+01  -1.763925E+01   1.000000E+13
4.974980E-01   BH_17_imp             -31.987   41.545      -3466.186        900.306          0.000     ZXY   1.096916E+02   8.870650E+01   1.000000E+13
4.974980E-01   BH_17_imp             -31.987   41.545      -3466.186        900.306          0.000     ZYX  -9.352765E+01  -6.867105E+01   1.000000E+13
4.974980E-01   BH_17_imp             -31.987   41.545      -3466.186        900.306          0.000     ZYY   5.333791E+01   3.685933E+01   1.000000E+13
3.015780E-01   BH_17_imp             -31.987   41.545      -3466.186        900.306          0.000     ZXX  -4.698991E+01  -1.151869E+01   1.000000E+13
3.015780E-01   BH_17_imp             -31.987   41.545      -3466.186        900.306          0.000     ZXY   1.463417E+02   9.777965E+01   1.000000E+13
3.015780E-01   BH_17_imp             -31.987   41.545      -3466.186        900.306          0.000     ZYX  -1.182883E+02  -7.250090E+01   1.000000E+13
3.015780E-01   BH_17_imp             -31.987   41.545      -3466.186        900.306          0.000     ZYY   7.017743E+01   3.547644E+01   1.000000E+13
1.828140E-01   BH_17_imp             -31.987   41.545      -3466.186        900.306          0.000     ZXX  -4.991509E+01  -4.079083E+00   1.000000E+13
1.828140E-01   BH_17_imp             -31.987   41.545      -3466.186        900.306          0.000     ZXY   1.861253E+02   9.770545E+01   1.000000E+13
1.828140E-01   BH_17_imp             -31.987   41.545      -3466.186        900.306          0.000     ZYX  -1.428984E+02  -7.437387E+01   1.000000E+13
1.828140E-01   BH_17_imp             -31.987   41.545      -3466.186        900.306          0.000     ZYY   8.558604E+01   2.782010E+01   1.000000E+13
1.108200E-01   BH_17_imp             -31.987   41.545      -3466.186        900.306          0.000     ZXX  -4.860825E+01   2.981165E+00   1.000000E+13
1.108200E-01   BH_17_imp             -31.987   41.545      -3466.186        900.306          0.000     ZXY   2.228475E+02   8.840869E+01   1.000000E+13
1.108200E-01   BH_17_imp             -31.987   41.545      -3466.186        900.306          0.000     ZYX  -1.669946E+02  -7.585002E+01   1.000000E+13
1.108200E-01   BH_17_imp             -31.987   41.545      -3466.186        900.306          0.000     ZYY   9.554381E+01   1.520597E+01   1.000000E+13
6.717810E-02   BH_17_imp             -31.987   41.545      -3466.186        900.306          0.000     ZXX  -4.395101E+01   7.306812E+00   1.000000E+13
6.717810E-02   BH_17_imp             -31.987   41.545      -3466.186        900.306          0.000     ZXY   2.515149E+02   7.328823E+01   1.000000E+13
6.717810E-02   BH_17_imp             -31.987   41.545      -3466.186        900.306          0.000     ZYX  -1.910890E+02  -7.775483E+01   1.000000E+13
6.717810E-02   BH_17_imp             -31.987   41.545      -3466.186        900.306          0.000     ZYY   9.816317E+01   1.144356E+00   1.000000E+13
4.072260E-02   BH_17_imp             -31.987   41.545      -3466.186        900.306          0.000     ZXX  -3.824402E+01   7.575505E+00   1.000000E+13
4.072260E-02   BH_17_imp             -31.987   41.545      -3466.186        900.306          0.000     ZXY   2.701763E+02   5.774247E+01   1.000000E+13
4.072260E-02   BH_17_imp             -31.987   41.545      -3466.186        900.306          0.000     ZYX  -2.153022E+02  -7.973447E+01   1.000000E+13
4.072260E-02   BH_17_imp             -31.987   41.545      -3466.186        900.306          0.000     ZYY   9.444791E+01  -1.109183E+01   1.000000E+13
2.468560E-02   BH_17_imp             -31.987   41.545      -3466.186        900.306          0.000     ZXX  -3.570818E+01   4.081598E+00   1.000000E+13
2.468560E-02   BH_17_imp             -31.987   41.545      -3466.186        900.306          0.000     ZXY   2.796031E+02   4.767610E+01   1.000000E+13
2.468560E-02   BH_17_imp             -31.987   41.545      -3466.186        900.306          0.000     ZYX  -2.387067E+02  -8.320869E+01   1.000000E+13
2.468560E-02   BH_17_imp             -31.987   41.545      -3466.186        900.306          0.000     ZYY   8.708570E+01  -2.013447E+01   1.000000E+13
1.496420E-02   BH_17_imp             -31.987   41.545      -3466.186        900.306          0.000     ZXX  -3.852679E+01   1.558018E+00   1.000000E+13
1.496420E-02   BH_17_imp             -31.987   41.545      -3466.186        900.306          0.000     ZXY   2.836477E+02   4.558479E+01   1.000000E+13
1.496420E-02   BH_17_imp             -31.987   41.545      -3466.186        900.306          0.000     ZYX  -2.616603E+02  -8.855920E+01   1.000000E+13
1.496420E-02   BH_17_imp             -31.987   41.545      -3466.186        900.306          0.000     ZYY   7.781004E+01  -2.641474E+01   1.000000E+13
9.071120E-03   BH_17_imp             -31.987   41.545      -3466.186        900.306          0.000     ZXX  -4.189048E+01   4.404819E+00   1.000000E+13
9.071120E-03   BH_17_imp             -31.987   41.545      -3466.186        900.306          0.000     ZXY   2.857441E+02   5.477384E+01   1.000000E+13
9.071120E-03   BH_17_imp             -31.987   41.545      -3466.186        900.306          0.000     ZYX  -2.830239E+02  -9.909719E+01   1.000000E+13
9.071120E-03   BH_17_imp             -31.987   41.545      -3466.186        900.306          0.000     ZYY   6.704588E+01  -3.241049E+01   1.000000E+13
5.498830E-03   BH_17_imp             -31.987   41.545      -3466.186        900.306          0.000     ZXX  -4.229469E+01   1.392832E+01   1.000000E+13
5.498830E-03   BH_17_imp             -31.987   41.545      -3466.186        900.306          0.000     ZXY   2.892994E+02   7.599460E+01   1.000000E+13
5.498830E-03   BH_17_imp             -31.987   41.545      -3466.186        900.306          0.000     ZYX  -3.030282E+02  -1.183257E+02   1.000000E+13
5.498830E-03   BH_17_imp             -31.987   41.545      -3466.186        900.306          0.000     ZYY   5.379972E+01  -3.704177E+01   1.000000E+13
3.333330E-03   BH_17_imp             -31.987   41.545      -3466.186        900.306          0.000     ZXX  -3.310952E+01   2.425941E+01   1.000000E+13
3.333330E-03   BH_17_imp             -31.987   41.545      -3466.186        900.306          0.000     ZXY   2.962535E+02   1.169919E+02   1.000000E+13
3.333330E-03   BH_17_imp             -31.987   41.545      -3466.186        900.306          0.000     ZYX  -3.256891E+02  -1.548099E+02   1.000000E+13
3.333330E-03   BH_17_imp             -31.987   41.545      -3466.186        900.306          0.000     ZYY   3.691831E+01  -3.944197E+01   1.000000E+13
3.333330E+02   BH_18_imp             -31.911   41.631       4719.979       9253.883          0.000     ZXX   3.553627E-01  -1.597474E-01   1.000000E+13
3.333330E+02   BH_18_imp             -31.911   41.631       4719.979       9253.883          0.000     ZXY   1.540959E+00   1.451052E+00   1.000000E+13
3.333330E+02   BH_18_imp             -31.911   41.631       4719.979       9253.883          0.000     ZYX  -4.855581E-01  -5.791115E-01   1.000000E+13
3.333330E+02   BH_18_imp             -31.911   41.631       4719.979       9253.883          0.000     ZYY  -3.374352E-01  -1.926380E-01   1.000000E+13
2.020630E+02   BH_18_imp             -31.911   41.631       4719.979       9253.883          0.000     ZXX   3.104787E-01  -2.425106E-01   1.000000E+13
2.020630E+02   BH_18_imp             -31.911   41.631       4719.979       9253.883          0.000     ZXY   1.978320E+00   1.766405E+00   1.000000E+13
2.020630E+02   BH_18_imp             -31.911   41.631       4719.979       9253.883          0.000     ZYX  -5.621058E-01  -7.420146E-01   1.000000E+13
2.020630E+02   BH_18_imp             -31.911   41.631       4719.979       9253.883          0.000     ZYY  -4.222690E-01  -1.923867E-01   1.000000E+13
1.224890E+02   BH_18_imp             -31.911   41.631       4719.979       9253.883          0.000     ZXX   2.533300E-01  -3.635626E-01   1.000000E+13
1.224890E+02   BH_18_imp             -31.911   41.631       4719.979       9253.883          0.000     ZXY   2.476315E+00   2.118603E+00   1.000000E+13
1.224890E+02   BH_18_imp             -31.911   41.631       4719.979       9253.883          0.000     ZYX  -7.008255E-01  -1.029004E+00   1.000000E+13
1.224890E+02   BH_18_imp             -31.911   41.631       4719.979       9253.883          0.000     ZYY  -4.987323E-01  -1.717107E-01   1.000000E+13
7.425120E+01   BH_18_imp             -31.911   41.631       4719.979       9253.883          0.000     ZXX   2.121566E-01  -5.880448E-01   1.000000E+13
7.425120E+01   BH_18_imp             -31.911   41.631       4719.979       9253.883          0.000     ZXY   3.041770E+00   2.575203E+00   1.000000E+13
7.425120E+01   BH_18_imp             -31.911   41.631       4719.979       9253.883          0.000     ZYX  -8.682225E-01  -1.574967E+00   1.000000E+13
7.425120E+01   BH_18_imp             -31.911   41.631       4719.979       9253.883          0.000     ZYY  -5.891631E-01  -9.503933E-02   1.000000E+13
4.501040E+01   BH_18_imp             -31.911   41.631       4719.979       9253.883          0.000     ZXX   1.065282E-01  -9.365134E-01   1.000000E+13
4.501040E+01   BH_18_imp             -31.911   41.631       4719.979       9253.883          0.000     ZXY   3.632721E+00   3.247113E+00   1.000000E+13
4.501040E+01   BH_18_imp             -31.911   41.631       4719.979       9253.883          0.000     ZYX  -1.221410E+00  -2.359874E+00   1.000000E+13
4.501040E+01   BH_18_imp             -31.911   41.631       4719.979       9253.883          0.000     ZYY  -6.385018E-01   3.602451E-02   1.000000E+13
2.728490E+01   BH_18_imp             -31.911   41.631       4719.979       9253.883          0.000     ZXX  -1.041499E-01  -1.434211E+00   1.000000E+13
2.728490E+01   BH_18_imp             -31.911   41.631       4719.979       9253.883          0.000     ZXY   4.333430E+00   4.305188E+00   1.000000E+13
2.728490E+01   BH_18_imp             -31.911   41.631       4719.979       9253.883          0.000     ZYX  -1.785318E+00  -3.431089E+00   1.000000E+13
2.728490E+01   BH_18_imp             -31.911   41.631       4719.979       9253.883          0.000     ZYY  -6.358419E-01   1.862243E-01   1.000000E+13
1.653980E+01   BH_18_imp             -31.911   41.631       4719.979       9253.883          0.000     ZXX  -5.016985E-01  -2.102572E+00   1.000000E+13
1.653980E+01   BH_18_imp             -31.911   41.631       4719.979       9253.883          0.000     ZXY   5.277151E+00   5.906689E+00   1.000000E+13
1.653980E+01   BH_18_imp             -31.911   41.631       4719.979       9253.883          0.000     ZYX  -2.673052E+00  -4.909631E+00   1.000000E+13
1.653980E+01   BH_18_imp             -31.911   41.631       4719.979       9253.883          0.000     ZYY  -5.950445E-01   3.642753E-01   1.000000E+13
1.002630E+01   BH_18_imp             -31.911   41.631       4719.979       9253.883          0.000     ZXX  -1.206334E+00  -2.903434E+00   1.000000E+13
1.002630E+01   BH_18_imp             -31.911   41.631       4719.979       9253.883          0.000     ZXY   6.643693E+00   8.219047E+00   1.000000E+13
1.002630E+01   BH_18_imp             -31.911   41.631       4719.979       9253.883          0.000     ZYX  -4.100459E+00  -6.871977E+00   1.000000E+13
1.002630E+01   BH_18_imp             -31.911   41.631       4719.979       9253.883          0.000     ZYY  -5.203996E-01   5.901262E-01   1.000000E+13
6.077850E+00   BH_18_imp             -31.911   41.631       4719.979       9253.883          0.000     ZXX  -2.256168E+00  -3.792054E+00   1.000000E+13
6.077850E+00   BH_18_imp             -31.911   41.631       4719.979       9253.883          0.000     ZXY   8.635070E+00   1.143874E+01   1.000000E+13
6.077850E+00   BH_18_imp             -31.911   41.631       4719.979       9253.883          0.000     ZYX  -6.357450E+00  -9.299427E+00   1.000000E+13
6.077850E+00   BH_18_imp             -31.911   41.631       4719.979       9253.883          0.000     ZYY  -4.146469E-01   9.051479E-01   1.000000E+13
3.684310E+00   BH_18_imp             -31.911   41.631       4719.979       9253.883          0.000     ZXX  -3.783594E+00  -4.705954E+00   1.000000E+13
3.684310E+00   BH_18_imp             -31.911   41.631       4719.979       9253.883          0.000     ZXY   1.154219E+01   1.588826E+01   1.000000E+13
3.684310E+00   BH_18_imp             -31.911   41.631       4719.979       9253.883          0.000     ZYX  -9.716154E+00  -1.197279E+01   1.000000E+13
3.684310E+00   BH_18_imp             -31.911   41.631       4719.979       9253.883          0.000     ZYY  -2.172599E-01   1.391631E+00   1.000000E+13
2.233390E+00   BH_18_imp             -31.911   41.631       4719.979       9253.883          0.000     ZXX  -5.910180E+00  -5.348764E+00   1.000000E+13
2.233390E+00   BH_18_imp             -31.911   41.631       4719.979       9253.883          0.000     ZXY   1.591260E+01   2.192977E+01   1.000000E+13
2.233390E+00   BH_18_imp             -31.911   41.631       4719.979       9253.883          0.000     ZYX  -1.429535E+01  -1.449680E+01   1.000000E+13
2.233390E+00   BH_18_imp             -31.911   41.631       4719.979       9253.883          0.000     ZYY   2.065371E-01   2.086947E+00   1.000000E+13
1.353860E+00   BH_18_imp             -31.911   41.631       4719.979       9253.883          0.000     ZXX  -8.628543E+00  -5.225815E+00   1.000000E+13
1.353860E+00   BH_18_imp             -31.911   41.631       4719.979       9253.883          0.000     ZXY   2.262956E+01   2.968447E+01   1.000000E+13
1.353860E+00   BH_18_imp             -31.911   41.631       4719.979       9253.883          0.000     ZYX  -1.987047E+01  -1.647410E+01   1.000000E+13
1.353860E+00   BH_18_imp             -31.911   41.631       4719.979       9253.883          0.000     ZYY   1.093840E+00   2.905915E+00   1.000000E+13
8.206950E-01   BH_18_imp             -31.911   41.631       4719.979       9253.883          0.000     ZXX  -1.135375E+01  -3.859892E+00   1.000000E+13
8.206950E-01   BH_18_imp             -31.911   41.631       4719.979       9253.883          0.000     ZXY   3.257513E+01   3.870480E+01   1.000000E+13
8.206950E-01   BH_18_imp             -31.911   41.631       4719.979       9253.883          0.000     ZYX  -2.604867E+01  -1.761871E+01   1.000000E+13
8.206950E-01   BH_18_imp             -31.911   41.631       4719.979       9253.883          0.000     ZYY   2.577324E+00   3.538827E+00   1.000000E+13
4.974980E-01   BH_18_imp             -31.911   41.631       4719.979       9253.883          0.000     ZXX  -1.340228E+01  -1.088530E+00   1.000000E+13
4.974980E-01   BH_18_imp             -31.911   41.631       4719.979       9253.883          0.000     ZXY   4.594238E+01   4.819855E+01   1.000000E+13
4.974980E-01   BH_18_imp             -31.911   41.631       4719.979       9253.883          0.000     ZYX  -3.220051E+01  -1.796232E+01   1.000000E+13
4.974980E-01   BH_18_imp             -31.911   41.631       4719.979       9253.883          0.000     ZYY   4.528149E+00   3.487848E+00   1.000000E+13
3.015780E-01   BH_18_imp             -31.911   41.631       4719.979       9253.883          0.000     ZXX  -1.402103E+01   2.973765E+00   1.000000E+13
3.015780E-01   BH_18_imp             -31.911   41.631       4719.979       9253.883          0.000     ZXY   6.226776E+01   5.816562E+01   1.000000E+13
3.015780E-01   BH_18_imp             -31.911   41.631       4719.979       9253.883          0.000     ZYX  -3.782387E+01  -1.801238E+01   1.000000E+13
3.015780E-01   BH_18_imp             -31.911   41.631       4719.979       9253.883          0.000     ZYY   6.379930E+00   2.319870E+00   1.000000E+13
1.828140E-01   BH_18_imp             -31.911   41.631       4719.979       9253.883          0.000     ZXX  -1.228752E+01   7.951310E+00   1.000000E+13
1.828140E-01   BH_18_imp             -31.911   41.631       4719.979       9253.883          0.000     ZXY   8.237622E+01   6.947972E+01   1.000000E+13
1.828140E-01   BH_18_imp             -31.911   41.631       4719.979       9253.883          0.000     ZYX  -4.292767E+01  -1.850065E+01   1.000000E+13
1.828140E-01   BH_18_imp             -31.911   41.631       4719.979       9253.883          0.000     ZYY   7.220636E+00   1.675762E-01   1.000000E+13
1.108200E-01   BH_18_imp             -31.911   41.631       4719.979       9253.883          0.000     ZXX  -7.046899E+00   1.252345E+01   1.000000E+13
1.108200E-01   BH_18_imp             -31.911   41.631       4719.979       9253.883          0.000     ZXY   1.092335E+02   8.115563E+01   1.000000E+13
1.108200E-01   BH_18_imp             -31.911   41.631       4719.979       9253.883          0.000     ZYX  -4.795544E+01  -1.990277E+01   1.000000E+13
1.108200E-01   BH_18_imp             -31.911   41.631       4719.979       9253.883          0.000     ZYY   6.375157E+00  -2.005309E+00   1.000000E+13
6.717810E-02   BH_18_imp             -31.911   41.631       4719.979       9253.883          0.000     ZXX   1.496758E+00   1.359565E+01   1.000000E+13
6.717810E-02   BH_18_imp             -31.911   41.631       4719.979       9253.883          0.000     ZXY   1.438887E+02   8.722784E+01   1.000000E+13
6.717810E-02   BH_18_imp             -31.911   41.631       4719.979       9253.883          0.000     ZYX  -5.316450E+01  -2.240599E+01   1.000000E+13
6.717810E-02   BH_18_imp             -31.911   41.631       4719.979       9253.883          0.000     ZYY   4.421334E+00  -2.905454E+00   1.000000E+13
4.072260E-02   BH_18_imp             -31.911   41.631       4719.979       9253.883          0.000     ZXX   9.565051E+00   8.617245E+00   1.000000E+13
4.072260E-02   BH_18_imp             -31.911   41.631       4719.979       9253.883          0.000     ZXY   1.797593E+02   8.223667E+01   1.000000E+13
4.072260E-02   BH_18_imp             -31.911   41.631       4719.979       9253.883          0.000     ZYX  -5.852361E+01  -2.667378E+01   1.000000E+13
4.072260E-02   BH_18_imp             -31.911   41.631       4719.979       9253.883          0.000     ZYY   2.734028E+00  -2.449725E+00   1.000000E+13
2.468560E-02   BH_18_imp             -31.911   41.631       4719.979       9253.883          0.000     ZXX   1.184094E+01  -6.429545E-01   1.000000E+13
2.468560E-02   BH_18_imp             -31.911   41.631       4719.979       9253.883          0.000     ZXY   2.082282E+02   6.866355E+01   1.000000E+13
2.468560E-02   BH_18_imp             -31.911   41.631       4719.979       9253.883          0.000     ZYX  -6.504114E+01  -3.402198E+01   1.000000E+13
2.468560E-02   BH_18_imp             -31.911   41.631       4719.979       9253.883          0.000     ZYY   1.972087E+00  -1.475971E+00   1.000000E+13
1.496420E-02   BH_18_imp             -31.911   41.631       4719.979       9253.883          0.000     ZXX   7.442840E+00  -8.365449E+00   1.000000E+13
1.496420E-02   BH_18_imp             -31.911   41.631       4719.979       9253.883          0.000     ZXY   2.252856E+02   5.337473E+01   1.000000E+13
1.496420E-02   BH_18_imp             -31.911   41.631       4719.979       9253.883          0.000     ZYX  -7.481319E+01  -4.443369E+01   1.000000E+13
1.496420E-02   BH_18_imp             -31.911   41.631       4719.979       9253.883          0.000     ZYY   2.016364E+00  -8.241447E-01   1.000000E+13
9.071120E-03   BH_18_imp             -31.911   41.631       4719.979       9253.883          0.000     ZXX  -5.924250E-01  -9.841491E+00   1.000000E+13
9.071120E-03   BH_18_imp             -31.911   41.631       4719.979       9253.883          0.000     ZXY   2.319222E+02   4.415410E+01   1.000000E+13
9.071120E-03   BH_18_imp             -31.911   41.631       4719.979       9253.883          0.000     ZYX  -8.857385E+01  -5.646450E+01   1.000000E+13
9.071120E-03   BH_18_imp             -31.911   41.631       4719.979       9253.883          0.000     ZYY   2.239941E+00  -8.849839E-01   1.000000E+13
5.498830E-03   BH_18_imp             -31.911   41.631       4719.979       9253.883          0.000     ZXX  -6.318010E+00  -6.029688E+00   1.000000E+13
5.498830E-03   BH_18_imp             -31.911   41.631       4719.979       9253.883          0.000     ZXY   2.324620E+02   4.608951E+01   1.000000E+13
5.498830E-03   BH_18_imp             -31.911   41.631       4719.979       9253.883          0.000     ZYX  -1.055348E+02  -6.995236E+01   1.000000E+13
5.498830E-03   BH_18_imp             -31.911   41.631       4719.979       9253.883          0.000     ZYY   1.908499E+00  -1.371309E+00   1.000000E+13
3.333330E-03   BH_18_imp             -31.911   41.631       4719.979       9253.883          0.000     ZXX  -7.324963E+00  -8.014297E-01   1.000000E+13
3.333330E-03   BH_18_imp             -31.911   41.631       4719.979       9253.883          0.000     ZXY   2.335418E+02   6.361934E+01   1.000000E+13
3.333330E-03   BH_18_imp             -31.911   41.631       4719.979       9253.883          0.000     ZYX  -1.244047E+02  -8.732152E+01   1.000000E+13
3.333330E-03   BH_18_imp             -31.911   41.631       4719.979       9253.883          0.000     ZYY   1.084535E+00  -1.595327E+00   1.000000E+13
2.020630E+02   BH_19                 -31.900   41.465       6278.933      -6457.571          0.000     ZXX   1.937580E+00   2.766243E-02   1.000000E+13
2.020630E+02   BH_19                 -31.900   41.465       6278.933      -6457.571          0.000     ZXY   9.537606E+00   8.399653E+00   1.000000E+13
2.020630E+02   BH_19                 -31.900   41.465       6278.933      -6457.571          0.000     ZYX  -4.954979E-01  -1.128144E+00   1.000000E+13
2.020630E+02   BH_19                 -31.900   41.465       6278.933      -6457.571          0.000     ZYY   1.051484E+00   1.208926E+00   1.000000E+13
1.224890E+02   BH_19                 -31.900   41.465       6278.933      -6457.571          0.000     ZXX   2.092198E+00   1.555896E-01   1.000000E+13
1.224890E+02   BH_19                 -31.900   41.465       6278.933      -6457.571          0.000     ZXY   1.169424E+01   1.042019E+01   1.000000E+13
1.224890E+02   BH_19                 -31.900   41.465       6278.933      -6457.571          0.000     ZYX  -6.091519E-01  -1.637545E+00   1.000000E+13
1.224890E+02   BH_19                 -31.900   41.465       6278.933      -6457.571          0.000     ZYY   1.318540E+00   1.601532E+00   1.000000E+13
7.425120E+01   BH_19                 -31.900   41.465       6278.933      -6457.571          0.000     ZXX   2.280581E+00   1.071273E-01   1.000000E+13
7.425120E+01   BH_19                 -31.900   41.465       6278.933      -6457.571          0.000     ZXY   1.433069E+01   1.313613E+01   1.000000E+13
7.425120E+01   BH_19                 -31.900   41.465       6278.933      -6457.571          0.000     ZYX  -8.190792E-01  -2.525204E+00   1.000000E+13
7.425120E+01   BH_19                 -31.900   41.465       6278.933      -6457.571          0.000     ZYY   1.664229E+00   2.183360E+00   1.000000E+13
4.501040E+01   BH_19                 -31.900   41.465       6278.933      -6457.571          0.000     ZXX   2.535281E+00  -1.495404E-01   1.000000E+13
4.501040E+01   BH_19                 -31.900   41.465       6278.933      -6457.571          0.000     ZXY   1.733844E+01   1.713172E+01   1.000000E+13
4.501040E+01   BH_19                 -31.900   41.465       6278.933      -6457.571          0.000     ZYX  -1.246198E+00  -3.873556E+00   1.000000E+13
4.501040E+01   BH_19                 -31.900   41.465       6278.933      -6457.571          0.000     ZYY   2.115041E+00   3.048502E+00   1.000000E+13
2.728490E+01   BH_19                 -31.900   41.465       6278.933      -6457.571          0.000     ZXX   2.677508E+00  -6.087574E-01   1.000000E+13
2.728490E+01   BH_19                 -31.900   41.465       6278.933      -6457.571          0.000     ZXY   2.125243E+01   2.324772E+01   1.000000E+13
2.728490E+01   BH_19                 -31.900   41.465       6278.933      -6457.571          0.000     ZYX  -1.978326E+00  -5.840726E+00   1.000000E+13
2.728490E+01   BH_19                 -31.900   41.465       6278.933      -6457.571          0.000     ZYY   2.743421E+00   4.310198E+00   1.000000E+13
1.653980E+01   BH_19                 -31.900   41.465       6278.933      -6457.571          0.000     ZXX   2.618436E+00  -1.062587E+00   1.000000E+13
1.653980E+01   BH_19                 -31.900   41.465       6278.933      -6457.571          0.000     ZXY   2.706440E+01   3.207914E+01   1.000000E+13
1.653980E+01   BH_19                 -31.900   41.465       6278.933      -6457.571          0.000     ZYX  -3.228743E+00  -8.673808E+00   1.000000E+13
1.653980E+01   BH_19                 -31.900   41.465       6278.933      -6457.571          0.000     ZYY   3.662693E+00   6.145106E+00   1.000000E+13
1.002630E+01   BH_19                 -31.900   41.465       6278.933      -6457.571          0.000     ZXX   2.599788E+00  -1.562949E+00   1.000000E+13
1.002630E+01   BH_19                 -31.900   41.465       6278.933      -6457.571          0.000     ZXY   3.591119E+01   4.395577E+01   1.000000E+13
1.002630E+01   BH_19                 -31.900   41.465       6278.933      -6457.571          0.000     ZYX  -5.306982E+00  -1.263142E+01   1.000000E+13
1.002630E+01   BH_19                 -31.900   41.465       6278.933      -6457.571          0.000     ZYY   5.047987E+00   8.772315E+00   1.000000E+13
6.077850E+00   BH_19                 -31.900   41.465       6278.933      -6457.571          0.000     ZXX   2.970838E+00  -2.561175E+00   1.000000E+13
6.077850E+00   BH_19                 -31.900   41.465       6278.933      -6457.571          0.000     ZXY   4.878117E+01   5.879122E+01   1.000000E+13
6.077850E+00   BH_19                 -31.900   41.465       6278.933      -6457.571          0.000     ZYX  -8.658619E+00  -1.796847E+01   1.000000E+13
6.077850E+00   BH_19                 -31.900   41.465       6278.933      -6457.571          0.000     ZYY   7.156436E+00   1.241072E+01   1.000000E+13
3.684310E+00   BH_19                 -31.900   41.465       6278.933      -6457.571          0.000     ZXX   3.363083E+00  -4.861170E+00   1.000000E+13
3.684310E+00   BH_19                 -31.900   41.465       6278.933      -6457.571          0.000     ZXY   6.621659E+01   7.686086E+01   1.000000E+13
3.684310E+00   BH_19                 -31.900   41.465       6278.933      -6457.571          0.000     ZYX  -1.385508E+01  -2.484027E+01   1.000000E+13
3.684310E+00   BH_19                 -31.900   41.465       6278.933      -6457.571          0.000     ZYY   1.031352E+01   1.734272E+01   1.000000E+13
2.233390E+00   BH_19                 -31.900   41.465       6278.933      -6457.571          0.000     ZXX   3.320912E+00  -8.841087E+00   1.000000E+13
2.233390E+00   BH_19                 -31.900   41.465       6278.933      -6457.571          0.000     ZXY   8.870589E+01   9.919623E+01   1.000000E+13
2.233390E+00   BH_19                 -31.900   41.465       6278.933      -6457.571          0.000     ZYX  -2.148812E+01  -3.330778E+01   1.000000E+13
2.233390E+00   BH_19                 -31.900   41.465       6278.933      -6457.571          0.000     ZYY   1.490715E+01   2.392403E+01   1.000000E+13
1.353860E+00   BH_19                 -31.900   41.465       6278.933      -6457.571          0.000     ZXX   6.917867E-01  -1.526232E+01   1.000000E+13
1.353860E+00   BH_19                 -31.900   41.465       6278.933      -6457.571          0.000     ZXY   1.174621E+02   1.277960E+02   1.000000E+13
1.353860E+00   BH_19                 -31.900   41.465       6278.933      -6457.571          0.000     ZYX  -3.236669E+01  -4.344145E+01   1.000000E+13
1.353860E+00   BH_19                 -31.900   41.465       6278.933      -6457.571          0.000     ZYY   2.167869E+01   3.268465E+01   1.000000E+13
8.206950E-01   BH_19                 -31.900   41.465       6278.933      -6457.571          0.000     ZXX  -6.053844E+00  -2.260604E+01   1.000000E+13
8.206950E-01   BH_19                 -31.900   41.465       6278.933      -6457.571          0.000     ZXY   1.562139E+02   1.649202E+02   1.000000E+13
8.206950E-01   BH_19                 -31.900   41.465       6278.933      -6457.571          0.000     ZYX  -4.742211E+01  -5.458291E+01   1.000000E+13
8.206950E-01   BH_19                 -31.900   41.465       6278.933      -6457.571          0.000     ZYY   3.183638E+01   4.393373E+01   1.000000E+13
4.974980E-01   BH_19                 -31.900   41.465       6278.933      -6457.571          0.000     ZXX  -1.742959E+01  -2.748642E+01   1.000000E+13
4.974980E-01   BH_19                 -31.900   41.465       6278.933      -6457.571          0.000     ZXY   2.108861E+02   2.101400E+02   1.000000E+13
4.974980E-01   BH_19                 -31.900   41.465       6278.933      -6457.571          0.000     ZYX  -6.658731E+01  -6.535583E+01   1.000000E+13
4.974980E-01   BH_19                 -31.900   41.465       6278.933      -6457.571          0.000     ZYY   4.702745E+01   5.716663E+01   1.000000E+13
3.015780E-01   BH_19                 -31.900   41.465       6278.933      -6457.571          0.000     ZXX  -3.026028E+01  -2.768460E+01   1.000000E+13
3.015780E-01   BH_19                 -31.900   41.465       6278.933      -6457.571          0.000     ZXY   2.858257E+02   2.587115E+02   1.000000E+13
3.015780E-01   BH_19                 -31.900   41.465       6278.933      -6457.571          0.000     ZYX  -8.797883E+01  -7.541285E+01   1.000000E+13
3.015780E-01   BH_19                 -31.900   41.465       6278.933      -6457.571          0.000     ZYY   6.841902E+01   7.060215E+01   1.000000E+13
1.828140E-01   BH_19                 -31.900   41.465       6278.933      -6457.571          0.000     ZXX  -4.147968E+01  -2.416663E+01   1.000000E+13
1.828140E-01   BH_19                 -31.900   41.465       6278.933      -6457.571          0.000     ZXY   3.820324E+02   3.041185E+02   1.000000E+13
1.828140E-01   BH_19                 -31.900   41.465       6278.933      -6457.571          0.000     ZYX  -1.099534E+02  -8.723861E+01   1.000000E+13
1.828140E-01   BH_19                 -31.900   41.465       6278.933      -6457.571          0.000     ZYY   9.594896E+01   8.201313E+01   1.000000E+13
1.108200E-01   BH_19                 -31.900   41.465       6278.933      -6457.571          0.000     ZXX  -4.985789E+01  -1.834844E+01   1.000000E+13
1.108200E-01   BH_19                 -31.900   41.465       6278.933      -6457.571          0.000     ZXY   4.970760E+02   3.394793E+02   1.000000E+13
1.108200E-01   BH_19                 -31.900   41.465       6278.933      -6457.571          0.000     ZYX  -1.338229E+02  -1.048530E+02   1.000000E+13
1.108200E-01   BH_19                 -31.900   41.465       6278.933      -6457.571          0.000     ZYY   1.282118E+02   8.904963E+01   1.000000E+13
6.717810E-02   BH_19                 -31.900   41.465       6278.933      -6457.571          0.000     ZXX  -5.564140E+01  -1.166138E+01   1.000000E+13
6.717810E-02   BH_19                 -31.900   41.465       6278.933      -6457.571          0.000     ZXY   6.232366E+02   3.585629E+02   1.000000E+13
6.717810E-02   BH_19                 -31.900   41.465       6278.933      -6457.571          0.000     ZYX  -1.641359E+02  -1.307190E+02   1.000000E+13
6.717810E-02   BH_19                 -31.900   41.465       6278.933      -6457.571          0.000     ZYY   1.621665E+02   9.020436E+01   1.000000E+13
4.072260E-02   BH_19                 -31.900   41.465       6278.933      -6457.571          0.000     ZXX  -5.970584E+01  -3.544670E+00   1.000000E+13
4.072260E-02   BH_19                 -31.900   41.465       6278.933      -6457.571          0.000     ZXY   7.478370E+02   3.623400E+02   1.000000E+13
4.072260E-02   BH_19                 -31.900   41.465       6278.933      -6457.571          0.000     ZYX  -2.062900E+02  -1.624633E+02   1.000000E+13
4.072260E-02   BH_19                 -31.900   41.465       6278.933      -6457.571          0.000     ZYY   1.941391E+02   8.664945E+01   1.000000E+13
2.468560E-02   BH_19                 -31.900   41.465       6278.933      -6457.571          0.000     ZXX  -5.926603E+01   4.862850E+00   1.000000E+13
2.468560E-02   BH_19                 -31.900   41.465       6278.933      -6457.571          0.000     ZXY   8.580913E+02   3.609158E+02   1.000000E+13
2.468560E-02   BH_19                 -31.900   41.465       6278.933      -6457.571          0.000     ZYX  -2.598899E+02  -1.964073E+02   1.000000E+13
2.468560E-02   BH_19                 -31.900   41.465       6278.933      -6457.571          0.000     ZYY   2.226136E+02   8.156223E+01   1.000000E+13
1.496420E-02   BH_19                 -31.900   41.465       6278.933      -6457.571          0.000     ZXX  -4.970687E+01   8.146994E+00   1.000000E+13
1.496420E-02   BH_19                 -31.900   41.465       6278.933      -6457.571          0.000     ZXY   9.629739E+02   3.608977E+02   1.000000E+13
1.496420E-02   BH_19                 -31.900   41.465       6278.933      -6457.571          0.000     ZYX  -3.199587E+02  -2.332700E+02   1.000000E+13
1.496420E-02   BH_19                 -31.900   41.465       6278.933      -6457.571          0.000     ZYY   2.527622E+02   7.300208E+01   1.000000E+13
9.071120E-03   BH_19                 -31.900   41.465       6278.933      -6457.571          0.000     ZXX  -3.882292E+01  -8.148024E+00   1.000000E+13
9.071120E-03   BH_19                 -31.900   41.465       6278.933      -6457.571          0.000     ZXY   1.050318E+03   3.793823E+02   1.000000E+13
9.071120E-03   BH_19                 -31.900   41.465       6278.933      -6457.571          0.000     ZYX  -3.883366E+02  -2.799302E+02   1.000000E+13
9.071120E-03   BH_19                 -31.900   41.465       6278.933      -6457.571          0.000     ZYY   2.823462E+02   5.793035E+01   1.000000E+13
5.498830E-03   BH_19                 -31.900   41.465       6278.933      -6457.571          0.000     ZXX  -3.745488E+01  -3.303330E+01   1.000000E+13
5.498830E-03   BH_19                 -31.900   41.465       6278.933      -6457.571          0.000     ZXY   1.169653E+03   4.069026E+02   1.000000E+13
5.498830E-03   BH_19                 -31.900   41.465       6278.933      -6457.571          0.000     ZYX  -4.678151E+02  -3.407962E+02   1.000000E+13
5.498830E-03   BH_19                 -31.900   41.465       6278.933      -6457.571          0.000     ZYY   3.071329E+02   2.943958E+01   1.000000E+13
3.333330E-03   BH_19                 -31.900   41.465       6278.933      -6457.571          0.000     ZXX  -5.929498E+01  -5.929021E+01   1.000000E+13
3.333330E-03   BH_19                 -31.900   41.465       6278.933      -6457.571          0.000     ZXY   1.272897E+03   4.614521E+02   1.000000E+13
3.333330E-03   BH_19                 -31.900   41.465       6278.933      -6457.571          0.000     ZYX  -5.630815E+02  -4.228833E+02   1.000000E+13
3.333330E-03   BH_19                 -31.900   41.465       6278.933      -6457.571          0.000     ZYY   3.207986E+02  -6.160688E+00   1.000000E+13
3.333330E+02   BH_1                  -31.974   41.510      -2021.284      -2388.076          0.000     ZXX   1.733234E+00   9.052976E-01   1.000000E+13
3.333330E+02   BH_1                  -31.974   41.510      -2021.284      -2388.076          0.000     ZXY   4.417272E+00   3.748823E+00   1.000000E+13
3.333330E+02   BH_1                  -31.974   41.510      -2021.284      -2388.076          0.000     ZYX  -1.942054E+00  -1.849587E+00   1.000000E+13
3.333330E+02   BH_1                  -31.974   41.510      -2021.284      -2388.076          0.000     ZYY  -2.531773E+00  -1.951628E+00   1.000000E+13
2.020630E+02   BH_1                  -31.974   41.510      -2021.284      -2388.076          0.000     ZXX   1.844778E+00   9.500233E-01   1.000000E+13
2.020630E+02   BH_1                  -31.974   41.510      -2021.284      -2388.076          0.000     ZXY   5.485693E+00   4.539464E+00   1.000000E+13
2.020630E+02   BH_1                  -31.974   41.510      -2021.284      -2388.076          0.000     ZYX  -2.273558E+00  -2.220023E+00   1.000000E+13
2.020630E+02   BH_1                  -31.974   41.510      -2021.284      -2388.076          0.000     ZYY  -3.155094E+00  -2.273284E+00   1.000000E+13
1.224890E+02   BH_1                  -31.974   41.510      -2021.284      -2388.076          0.000     ZXX   1.989569E+00   1.139448E+00   1.000000E+13
1.224890E+02   BH_1                  -31.974   41.510      -2021.284      -2388.076          0.000     ZXY   6.704465E+00   5.502419E+00   1.000000E+13
1.224890E+02   BH_1                  -31.974   41.510      -2021.284      -2388.076          0.000     ZYX  -2.542696E+00  -3.073258E+00   1.000000E+13
1.224890E+02   BH_1                  -31.974   41.510      -2021.284      -2388.076          0.000     ZYY  -3.861895E+00  -2.594319E+00   1.000000E+13
7.425120E+01   BH_1                  -31.974   41.510      -2021.284      -2388.076          0.000     ZXX   2.221424E+00   1.518205E+00   1.000000E+13
7.425120E+01   BH_1                  -31.974   41.510      -2021.284      -2388.076          0.000     ZXY   8.162605E+00   6.754510E+00   1.000000E+13
7.425120E+01   BH_1                  -31.974   41.510      -2021.284      -2388.076          0.000     ZYX  -3.025744E+00  -4.586554E+00   1.000000E+13
7.425120E+01   BH_1                  -31.974   41.510      -2021.284      -2388.076          0.000     ZYY  -4.674552E+00  -2.876828E+00   1.000000E+13
4.501040E+01   BH_1                  -31.974   41.510      -2021.284      -2388.076          0.000     ZXX   2.580119E+00   2.081638E+00   1.000000E+13
4.501040E+01   BH_1                  -31.974   41.510      -2021.284      -2388.076          0.000     ZXY   9.763424E+00   8.588747E+00   1.000000E+13
4.501040E+01   BH_1                  -31.974   41.510      -2021.284      -2388.076          0.000     ZYX  -3.937900E+00  -6.825967E+00   1.000000E+13
4.501040E+01   BH_1                  -31.974   41.510      -2021.284      -2388.076          0.000     ZYY  -5.451582E+00  -3.246147E+00   1.000000E+13
2.728490E+01   BH_1                  -31.974   41.510      -2021.284      -2388.076          0.000     ZXX   3.088655E+00   2.870557E+00   1.000000E+13
2.728490E+01   BH_1                  -31.974   41.510      -2021.284      -2388.076          0.000     ZXY   1.180181E+01   1.145180E+01   1.000000E+13
2.728490E+01   BH_1                  -31.974   41.510      -2021.284      -2388.076          0.000     ZYX  -5.398530E+00  -1.001959E+01   1.000000E+13
2.728490E+01   BH_1                  -31.974   41.510      -2021.284      -2388.076          0.000     ZYY  -6.276955E+00  -3.946288E+00   1.000000E+13
1.653980E+01   BH_1                  -31.974   41.510      -2021.284      -2388.076          0.000     ZXX   3.833821E+00   4.143153E+00   1.000000E+13
1.653980E+01   BH_1                  -31.974   41.510      -2021.284      -2388.076          0.000     ZXY   1.480716E+01   1.555945E+01   1.000000E+13
1.653980E+01   BH_1                  -31.974   41.510      -2021.284      -2388.076          0.000     ZYX  -7.737353E+00  -1.467806E+01   1.000000E+13
1.653980E+01   BH_1                  -31.974   41.510      -2021.284      -2388.076          0.000     ZYY  -7.435458E+00  -5.021716E+00   1.000000E+13
1.002630E+01   BH_1                  -31.974   41.510      -2021.284      -2388.076          0.000     ZXX   5.098339E+00   5.914529E+00   1.000000E+13
1.002630E+01   BH_1                  -31.974   41.510      -2021.284      -2388.076          0.000     ZXY   1.930522E+01   2.092552E+01   1.000000E+13
1.002630E+01   BH_1                  -31.974   41.510      -2021.284      -2388.076          0.000     ZYX  -1.160856E+01  -2.110091E+01   1.000000E+13
1.002630E+01   BH_1                  -31.974   41.510      -2021.284      -2388.076          0.000     ZYY  -9.121709E+00  -6.320866E+00   1.000000E+13
6.077850E+00   BH_1                  -31.974   41.510      -2021.284      -2388.076          0.000     ZXX   7.358411E+00   7.940840E+00   1.000000E+13
6.077850E+00   BH_1                  -31.974   41.510      -2021.284      -2388.076          0.000     ZXY   2.567967E+01   2.743646E+01   1.000000E+13
6.077850E+00   BH_1                  -31.974   41.510      -2021.284      -2388.076          0.000     ZYX  -1.795675E+01  -2.936570E+01   1.000000E+13
6.077850E+00   BH_1                  -31.974   41.510      -2021.284      -2388.076          0.000     ZYY  -1.138256E+01  -7.568527E+00   1.000000E+13
3.684310E+00   BH_1                  -31.974   41.510      -2021.284      -2388.076          0.000     ZXX   1.056546E+01   9.655842E+00   1.000000E+13
3.684310E+00   BH_1                  -31.974   41.510      -2021.284      -2388.076          0.000     ZXY   3.402323E+01   3.520860E+01   1.000000E+13
3.684310E+00   BH_1                  -31.974   41.510      -2021.284      -2388.076          0.000     ZYX  -2.750387E+01  -3.912921E+01   1.000000E+13
3.684310E+00   BH_1                  -31.974   41.510      -2021.284      -2388.076          0.000     ZYY  -1.394191E+01  -8.697281E+00   1.000000E+13
2.233390E+00   BH_1                  -31.974   41.510      -2021.284      -2388.076          0.000     ZXX   1.444155E+01   1.092320E+01   1.000000E+13
2.233390E+00   BH_1                  -31.974   41.510      -2021.284      -2388.076          0.000     ZXY   4.463899E+01   4.473685E+01   1.000000E+13
2.233390E+00   BH_1                  -31.974   41.510      -2021.284      -2388.076          0.000     ZYX  -4.076668E+01  -5.016420E+01   1.000000E+13
2.233390E+00   BH_1                  -31.974   41.510      -2021.284      -2388.076          0.000     ZYY  -1.661623E+01  -9.914923E+00   1.000000E+13
1.353860E+00   BH_1                  -31.974   41.510      -2021.284      -2388.076          0.000     ZXX   1.808543E+01   1.176076E+01   1.000000E+13
1.353860E+00   BH_1                  -31.974   41.510      -2021.284      -2388.076          0.000     ZXY   5.811540E+01   5.664724E+01   1.000000E+13
1.353860E+00   BH_1                  -31.974   41.510      -2021.284      -2388.076          0.000     ZYX  -5.782325E+01  -6.218509E+01   1.000000E+13
1.353860E+00   BH_1                  -31.974   41.510      -2021.284      -2388.076          0.000     ZYY  -1.913193E+01  -1.156066E+01   1.000000E+13
8.206950E-01   BH_1                  -31.974   41.510      -2021.284      -2388.076          0.000     ZXX   2.188346E+01   1.281573E+01   1.000000E+13
8.206950E-01   BH_1                  -31.974   41.510      -2021.284      -2388.076          0.000     ZXY   7.601106E+01   7.160567E+01   1.000000E+13
8.206950E-01   BH_1                  -31.974   41.510      -2021.284      -2388.076          0.000     ZYX  -7.971616E+01  -7.482006E+01   1.000000E+13
8.206950E-01   BH_1                  -31.974   41.510      -2021.284      -2388.076          0.000     ZYY  -2.187520E+01  -1.434840E+01   1.000000E+13
4.974980E-01   BH_1                  -31.974   41.510      -2021.284      -2388.076          0.000     ZXX   2.627794E+01   1.418714E+01   1.000000E+13
4.974980E-01   BH_1                  -31.974   41.510      -2021.284      -2388.076          0.000     ZXY   1.007737E+02   8.908128E+01   1.000000E+13
4.974980E-01   BH_1                  -31.974   41.510      -2021.284      -2388.076          0.000     ZYX  -1.065749E+02  -8.673829E+01   1.000000E+13
4.974980E-01   BH_1                  -31.974   41.510      -2021.284      -2388.076          0.000     ZYY  -2.575192E+01  -1.877842E+01   1.000000E+13
3.015780E-01   BH_1                  -31.974   41.510      -2021.284      -2388.076          0.000     ZXX   3.139627E+01   1.492575E+01   1.000000E+13
3.015780E-01   BH_1                  -31.974   41.510      -2021.284      -2388.076          0.000     ZXY   1.338889E+02   1.062808E+02   1.000000E+13
3.015780E-01   BH_1                  -31.974   41.510      -2021.284      -2388.076          0.000     ZYX  -1.369743E+02  -9.660124E+01   1.000000E+13
3.015780E-01   BH_1                  -31.974   41.510      -2021.284      -2388.076          0.000     ZYY  -3.182726E+01  -2.488379E+01   1.000000E+13
1.828140E-01   BH_1                  -31.974   41.510      -2021.284      -2388.076          0.000     ZXX   3.578703E+01   1.501666E+01   1.000000E+13
1.828140E-01   BH_1                  -31.974   41.510      -2021.284      -2388.076          0.000     ZXY   1.740839E+02   1.194488E+02   1.000000E+13
1.828140E-01   BH_1                  -31.974   41.510      -2021.284      -2388.076          0.000     ZYX  -1.686052E+02  -1.054208E+02   1.000000E+13
1.828140E-01   BH_1                  -31.974   41.510      -2021.284      -2388.076          0.000     ZYY  -4.129128E+01  -3.157133E+01   1.000000E+13
1.108200E-01   BH_1                  -31.974   41.510      -2021.284      -2388.076          0.000     ZXX   3.957835E+01   1.666468E+01   1.000000E+13
1.108200E-01   BH_1                  -31.974   41.510      -2021.284      -2388.076          0.000     ZXY   2.173441E+02   1.271264E+02   1.000000E+13
1.108200E-01   BH_1                  -31.974   41.510      -2021.284      -2388.076          0.000     ZYX  -2.016331E+02  -1.163264E+02   1.000000E+13
1.108200E-01   BH_1                  -31.974   41.510      -2021.284      -2388.076          0.000     ZYY  -5.487441E+01  -3.703773E+01   1.000000E+13
6.717810E-02   BH_1                  -31.974   41.510      -2021.284      -2388.076          0.000     ZXX   4.533753E+01   2.008353E+01   1.000000E+13
6.717810E-02   BH_1                  -31.974   41.510      -2021.284      -2388.076          0.000     ZXY   2.597532E+02   1.316053E+02   1.000000E+13
6.717810E-02   BH_1                  -31.974   41.510      -2021.284      -2388.076          0.000     ZYX  -2.387195E+02  -1.304897E+02   1.000000E+13
6.717810E-02   BH_1                  -31.974   41.510      -2021.284      -2388.076          0.000     ZYY  -7.145512E+01  -3.855059E+01   1.000000E+13
4.072260E-02   BH_1                  -31.974   41.510      -2021.284      -2388.076          0.000     ZXX   5.449150E+01   2.272806E+01   1.000000E+13
4.072260E-02   BH_1                  -31.974   41.510      -2021.284      -2388.076          0.000     ZXY   3.012859E+02   1.369178E+02   1.000000E+13
4.072260E-02   BH_1                  -31.974   41.510      -2021.284      -2388.076          0.000     ZYX  -2.814966E+02  -1.454996E+02   1.000000E+13
4.072260E-02   BH_1                  -31.974   41.510      -2021.284      -2388.076          0.000     ZYY  -8.808076E+01  -3.515076E+01   1.000000E+13
2.468560E-02   BH_1                  -31.974   41.510      -2021.284      -2388.076          0.000     ZXX   6.563426E+01   2.161292E+01   1.000000E+13
2.468560E-02   BH_1                  -31.974   41.510      -2021.284      -2388.076          0.000     ZXY   3.431627E+02   1.443338E+02   1.000000E+13
2.468560E-02   BH_1                  -31.974   41.510      -2021.284      -2388.076          0.000     ZYX  -3.269462E+02  -1.610461E+02   1.000000E+13
2.468560E-02   BH_1                  -31.974   41.510      -2021.284      -2388.076          0.000     ZYY  -1.030902E+02  -2.775712E+01   1.000000E+13
1.496420E-02   BH_1                  -31.974   41.510      -2021.284      -2388.076          0.000     ZXX   7.683975E+01   1.578007E+01   1.000000E+13
1.496420E-02   BH_1                  -31.974   41.510      -2021.284      -2388.076          0.000     ZXY   3.836710E+02   1.522225E+02   1.000000E+13
1.496420E-02   BH_1                  -31.974   41.510      -2021.284      -2388.076          0.000     ZYX  -3.730282E+02  -1.805497E+02   1.000000E+13
1.496420E-02   BH_1                  -31.974   41.510      -2021.284      -2388.076          0.000     ZYY  -1.160440E+02  -1.353549E+01   1.000000E+13
9.071120E-03   BH_1                  -31.974   41.510      -2021.284      -2388.076          0.000     ZXX   8.640398E+01   3.277265E+00   1.000000E+13
9.071120E-03   BH_1                  -31.974   41.510      -2021.284      -2388.076          0.000     ZXY   4.209235E+02   1.690026E+02   1.000000E+13
9.071120E-03   BH_1                  -31.974   41.510      -2021.284      -2388.076          0.000     ZYX  -4.248885E+02  -2.093963E+02   1.000000E+13
9.071120E-03   BH_1                  -31.974   41.510      -2021.284      -2388.076          0.000     ZYY  -1.219248E+02   9.025953E+00   1.000000E+13
5.498830E-03   BH_1                  -31.974   41.510      -2021.284      -2388.076          0.000     ZXX   8.621997E+01  -1.667173E+01   1.000000E+13
5.498830E-03   BH_1                  -31.974   41.510      -2021.284      -2388.076          0.000     ZXY   4.599950E+02   2.010801E+02   1.000000E+13
5.498830E-03   BH_1                  -31.974   41.510      -2021.284      -2388.076          0.000     ZYX  -4.857824E+02  -2.465539E+02   1.000000E+13
5.498830E-03   BH_1                  -31.974   41.510      -2021.284      -2388.076          0.000     ZYY  -1.118690E+02   3.450076E+01   1.000000E+13
3.333330E-03   BH_1                  -31.974   41.510      -2021.284      -2388.076          0.000     ZXX   7.257516E+01  -3.272208E+01   1.000000E+13
3.333330E-03   BH_1                  -31.974   41.510      -2021.284      -2388.076          0.000     ZXY   5.076937E+02   2.546279E+02   1.000000E+13
3.333330E-03   BH_1                  -31.974   41.510      -2021.284      -2388.076          0.000     ZYX  -5.550735E+02  -2.964638E+02   1.000000E+13
3.333330E-03   BH_1                  -31.974   41.510      -2021.284      -2388.076          0.000     ZYY  -8.734264E+01   5.148199E+01   1.000000E+13
3.333330E+02   BH_20_imp             -31.887   41.467       7779.387      -6284.294          0.000     ZXX   4.222360E+00   2.042046E+00   1.000000E+13
3.333330E+02   BH_20_imp             -31.887   41.467       7779.387      -6284.294          0.000     ZXY   1.195884E+01   1.037045E+01   1.000000E+13
3.333330E+02   BH_20_imp             -31.887   41.467       7779.387      -6284.294          0.000     ZYX  -1.380373E+00  -1.478541E+00   1.000000E+13
3.333330E+02   BH_20_imp             -31.887   41.467       7779.387      -6284.294          0.000     ZYY  -1.782550E+00  -1.293331E+00   1.000000E+13
2.020630E+02   BH_20_imp             -31.887   41.467       7779.387      -6284.294          0.000     ZXX   4.296474E+00   1.726084E+00   1.000000E+13
2.020630E+02   BH_20_imp             -31.887   41.467       7779.387      -6284.294          0.000     ZXY   1.487470E+01   1.271513E+01   1.000000E+13
2.020630E+02   BH_20_imp             -31.887   41.467       7779.387      -6284.294          0.000     ZYX  -1.592962E+00  -1.784411E+00   1.000000E+13
2.020630E+02   BH_20_imp             -31.887   41.467       7779.387      -6284.294          0.000     ZYY  -2.197366E+00  -1.499031E+00   1.000000E+13
1.224890E+02   BH_20_imp             -31.887   41.467       7779.387      -6284.294          0.000     ZXX   4.588424E+00   2.805942E+00   1.000000E+13
1.224890E+02   BH_20_imp             -31.887   41.467       7779.387      -6284.294          0.000     ZXY   1.821604E+01   1.561626E+01   1.000000E+13
1.224890E+02   BH_20_imp             -31.887   41.467       7779.387      -6284.294          0.000     ZYX  -1.816383E+00  -2.664321E+00   1.000000E+13
1.224890E+02   BH_20_imp             -31.887   41.467       7779.387      -6284.294          0.000     ZYY  -2.648908E+00  -1.704380E+00   1.000000E+13
7.425120E+01   BH_20_imp             -31.887   41.467       7779.387      -6284.294          0.000     ZXX   5.274374E+00   4.185423E+00   1.000000E+13
7.425120E+01   BH_20_imp             -31.887   41.467       7779.387      -6284.294          0.000     ZXY   2.225782E+01   1.943803E+01   1.000000E+13
7.425120E+01   BH_20_imp             -31.887   41.467       7779.387      -6284.294          0.000     ZYX  -2.235064E+00  -4.062003E+00   1.000000E+13
7.425120E+01   BH_20_imp             -31.887   41.467       7779.387      -6284.294          0.000     ZYY  -3.168988E+00  -1.897561E+00   1.000000E+13
4.501040E+01   BH_20_imp             -31.887   41.467       7779.387      -6284.294          0.000     ZXX   6.460984E+00   5.869298E+00   1.000000E+13
4.501040E+01   BH_20_imp             -31.887   41.467       7779.387      -6284.294          0.000     ZXY   2.673417E+01   2.504768E+01   1.000000E+13
4.501040E+01   BH_20_imp             -31.887   41.467       7779.387      -6284.294          0.000     ZYX  -3.024118E+00  -6.096366E+00   1.000000E+13
4.501040E+01   BH_20_imp             -31.887   41.467       7779.387      -6284.294          0.000     ZYY  -3.667784E+00  -2.167899E+00   1.000000E+13
2.728490E+01   BH_20_imp             -31.887   41.467       7779.387      -6284.294          0.000     ZXX   7.914872E+00   8.095275E+00   1.000000E+13
2.728490E+01   BH_20_imp             -31.887   41.467       7779.387      -6284.294          0.000     ZXY   3.247051E+01   3.378052E+01   1.000000E+13
2.728490E+01   BH_20_imp             -31.887   41.467       7779.387      -6284.294          0.000     ZYX  -4.241611E+00  -9.030194E+00   1.000000E+13
2.728490E+01   BH_20_imp             -31.887   41.467       7779.387      -6284.294          0.000     ZYY  -4.243509E+00  -2.687734E+00   1.000000E+13
1.653980E+01   BH_20_imp             -31.887   41.467       7779.387      -6284.294          0.000     ZXX   9.816309E+00   1.163497E+01   1.000000E+13
1.653980E+01   BH_20_imp             -31.887   41.467       7779.387      -6284.294          0.000     ZXY   4.094542E+01   4.645311E+01   1.000000E+13
1.653980E+01   BH_20_imp             -31.887   41.467       7779.387      -6284.294          0.000     ZYX  -6.182306E+00  -1.332896E+01   1.000000E+13
1.653980E+01   BH_20_imp             -31.887   41.467       7779.387      -6284.294          0.000     ZYY  -5.108529E+00  -3.444171E+00   1.000000E+13
1.002630E+01   BH_20_imp             -31.887   41.467       7779.387      -6284.294          0.000     ZXX   1.301569E+01   1.684472E+01   1.000000E+13
1.002630E+01   BH_20_imp             -31.887   41.467       7779.387      -6284.294          0.000     ZXY   5.385539E+01   6.341983E+01   1.000000E+13
1.002630E+01   BH_20_imp             -31.887   41.467       7779.387      -6284.294          0.000     ZYX  -9.390061E+00  -1.943040E+01   1.000000E+13
1.002630E+01   BH_20_imp             -31.887   41.467       7779.387      -6284.294          0.000     ZYY  -6.448298E+00  -4.254721E+00   1.000000E+13
6.077850E+00   BH_20_imp             -31.887   41.467       7779.387      -6284.294          0.000     ZXX   1.882930E+01   2.337986E+01   1.000000E+13
6.077850E+00   BH_20_imp             -31.887   41.467       7779.387      -6284.294          0.000     ZXY   7.261128E+01   8.450157E+01   1.000000E+13
6.077850E+00   BH_20_imp             -31.887   41.467       7779.387      -6284.294          0.000     ZYX  -1.470681E+01  -2.761700E+01   1.000000E+13
6.077850E+00   BH_20_imp             -31.887   41.467       7779.387      -6284.294          0.000     ZYY  -8.295719E+00  -4.822549E+00   1.000000E+13
3.684310E+00   BH_20_imp             -31.887   41.467       7779.387      -6284.294          0.000     ZXX   2.772840E+01   3.019858E+01   1.000000E+13
3.684310E+00   BH_20_imp             -31.887   41.467       7779.387      -6284.294          0.000     ZXY   9.767009E+01   1.099133E+02   1.000000E+13
3.684310E+00   BH_20_imp             -31.887   41.467       7779.387      -6284.294          0.000     ZYX  -2.292991E+01  -3.794770E+01   1.000000E+13
3.684310E+00   BH_20_imp             -31.887   41.467       7779.387      -6284.294          0.000     ZYY  -1.037930E+01  -4.855390E+00   1.000000E+13
2.233390E+00   BH_20_imp             -31.887   41.467       7779.387      -6284.294          0.000     ZXX   4.017168E+01   3.651351E+01   1.000000E+13
2.233390E+00   BH_20_imp             -31.887   41.467       7779.387      -6284.294          0.000     ZXY   1.294536E+02   1.413686E+02   1.000000E+13
2.233390E+00   BH_20_imp             -31.887   41.467       7779.387      -6284.294          0.000     ZYX  -3.491605E+01  -5.048441E+01   1.000000E+13
2.233390E+00   BH_20_imp             -31.887   41.467       7779.387      -6284.294          0.000     ZYY  -1.236796E+01  -4.298909E+00   1.000000E+13
1.353860E+00   BH_20_imp             -31.887   41.467       7779.387      -6284.294          0.000     ZXX   5.417771E+01   4.048112E+01   1.000000E+13
1.353860E+00   BH_20_imp             -31.887   41.467       7779.387      -6284.294          0.000     ZXY   1.690454E+02   1.821115E+02   1.000000E+13
1.353860E+00   BH_20_imp             -31.887   41.467       7779.387      -6284.294          0.000     ZYX  -5.130651E+01  -6.513874E+01   1.000000E+13
1.353860E+00   BH_20_imp             -31.887   41.467       7779.387      -6284.294          0.000     ZYY  -1.366300E+01  -3.205341E+00   1.000000E+13
8.206950E-01   BH_20_imp             -31.887   41.467       7779.387      -6284.294          0.000     ZXX   6.863100E+01   4.229605E+01   1.000000E+13
8.206950E-01   BH_20_imp             -31.887   41.467       7779.387      -6284.294          0.000     ZXY   2.216481E+02   2.367460E+02   1.000000E+13
8.206950E-01   BH_20_imp             -31.887   41.467       7779.387      -6284.294          0.000     ZYX  -7.336623E+01  -8.148233E+01   1.000000E+13
8.206950E-01   BH_20_imp             -31.887   41.467       7779.387      -6284.294          0.000     ZYY  -1.403108E+01  -2.123660E+00   1.000000E+13
4.974980E-01   BH_20_imp             -31.887   41.467       7779.387      -6284.294          0.000     ZXX   8.174136E+01   4.411380E+01   1.000000E+13
4.974980E-01   BH_20_imp             -31.887   41.467       7779.387      -6284.294          0.000     ZXY   2.965230E+02   3.066505E+02   1.000000E+13
4.974980E-01   BH_20_imp             -31.887   41.467       7779.387      -6284.294          0.000     ZYX  -1.012849E+02  -9.835457E+01   1.000000E+13
4.974980E-01   BH_20_imp             -31.887   41.467       7779.387      -6284.294          0.000     ZYY  -1.353285E+01  -1.770358E+00   1.000000E+13
3.015780E-01   BH_20_imp             -31.887   41.467       7779.387      -6284.294          0.000     ZXX   9.551251E+01   4.786395E+01   1.000000E+13
3.015780E-01   BH_20_imp             -31.887   41.467       7779.387      -6284.294          0.000     ZXY   4.020864E+02   3.871266E+02   1.000000E+13
3.015780E-01   BH_20_imp             -31.887   41.467       7779.387      -6284.294          0.000     ZYX  -1.338052E+02  -1.152444E+02   1.000000E+13
3.015780E-01   BH_20_imp             -31.887   41.467       7779.387      -6284.294          0.000     ZYY  -1.239880E+01  -3.060324E+00   1.000000E+13
1.828140E-01   BH_20_imp             -31.887   41.467       7779.387      -6284.294          0.000     ZXX   1.127892E+02   5.255931E+01   1.000000E+13
1.828140E-01   BH_20_imp             -31.887   41.467       7779.387      -6284.294          0.000     ZXY   5.444631E+02   4.692820E+02   1.000000E+13
1.828140E-01   BH_20_imp             -31.887   41.467       7779.387      -6284.294          0.000     ZYX  -1.696352E+02  -1.342774E+02   1.000000E+13
1.828140E-01   BH_20_imp             -31.887   41.467       7779.387      -6284.294          0.000     ZYY  -1.179353E+01  -6.781225E+00   1.000000E+13
1.108200E-01   BH_20_imp             -31.887   41.467       7779.387      -6284.294          0.000     ZXX   1.356261E+02   5.549229E+01   1.000000E+13
1.108200E-01   BH_20_imp             -31.887   41.467       7779.387      -6284.294          0.000     ZXY   7.259381E+02   5.396391E+02   1.000000E+13
1.108200E-01   BH_20_imp             -31.887   41.467       7779.387      -6284.294          0.000     ZYX  -2.108180E+02  -1.592170E+02   1.000000E+13
1.108200E-01   BH_20_imp             -31.887   41.467       7779.387      -6284.294          0.000     ZYY  -1.404086E+01  -1.305736E+01   1.000000E+13
6.717810E-02   BH_20_imp             -31.887   41.467       7779.387      -6284.294          0.000     ZXX   1.625542E+02   5.062904E+01   1.000000E+13
6.717810E-02   BH_20_imp             -31.887   41.467       7779.387      -6284.294          0.000     ZXY   9.371333E+02   5.795043E+02   1.000000E+13
6.717810E-02   BH_20_imp             -31.887   41.467       7779.387      -6284.294          0.000     ZYX  -2.622295E+02  -1.905002E+02   1.000000E+13
6.717810E-02   BH_20_imp             -31.887   41.467       7779.387      -6284.294          0.000     ZYY  -2.142191E+01  -1.931847E+01   1.000000E+13
4.072260E-02   BH_20_imp             -31.887   41.467       7779.387      -6284.294          0.000     ZXX   1.881989E+02   3.291756E+01   1.000000E+13
4.072260E-02   BH_20_imp             -31.887   41.467       7779.387      -6284.294          0.000     ZXY   1.152206E+03   5.801655E+02   1.000000E+13
4.072260E-02   BH_20_imp             -31.887   41.467       7779.387      -6284.294          0.000     ZYX  -3.273050E+02  -2.228795E+02   1.000000E+13
4.072260E-02   BH_20_imp             -31.887   41.467       7779.387      -6284.294          0.000     ZYY  -3.304379E+01  -2.093355E+01   1.000000E+13
2.468560E-02   BH_20_imp             -31.887   41.467       7779.387      -6284.294          0.000     ZXX   2.006010E+02   1.500155E+00   1.000000E+13
2.468560E-02   BH_20_imp             -31.887   41.467       7779.387      -6284.294          0.000     ZXY   1.336952E+03   5.531006E+02   1.000000E+13
2.468560E-02   BH_20_imp             -31.887   41.467       7779.387      -6284.294          0.000     ZYX  -4.002387E+02  -2.524522E+02   1.000000E+13
2.468560E-02   BH_20_imp             -31.887   41.467       7779.387      -6284.294          0.000     ZYY  -4.246353E+01  -1.484819E+01   1.000000E+13
1.496420E-02   BH_20_imp             -31.887   41.467       7779.387      -6284.294          0.000     ZXX   1.996566E+02  -4.756287E+01   1.000000E+13
1.496420E-02   BH_20_imp             -31.887   41.467       7779.387      -6284.294          0.000     ZXY   1.488934E+03   5.171705E+02   1.000000E+13
1.496420E-02   BH_20_imp             -31.887   41.467       7779.387      -6284.294          0.000     ZYX  -4.758040E+02  -2.792243E+02   1.000000E+13
1.496420E-02   BH_20_imp             -31.887   41.467       7779.387      -6284.294          0.000     ZYY  -4.514917E+01  -6.257989E+00   1.000000E+13
9.071120E-03   BH_20_imp             -31.887   41.467       7779.387      -6284.294          0.000     ZXX   1.706127E+02  -1.057498E+02   1.000000E+13
9.071120E-03   BH_20_imp             -31.887   41.467       7779.387      -6284.294          0.000     ZXY   1.582892E+03   5.161320E+02   1.000000E+13
9.071120E-03   BH_20_imp             -31.887   41.467       7779.387      -6284.294          0.000     ZYX  -5.485881E+02  -3.165739E+02   1.000000E+13
9.071120E-03   BH_20_imp             -31.887   41.467       7779.387      -6284.294          0.000     ZYY  -3.878562E+01  -2.793543E+00   1.000000E+13
5.498830E-03   BH_20_imp             -31.887   41.467       7779.387      -6284.294          0.000     ZXX   1.127486E+02  -1.471360E+02   1.000000E+13
5.498830E-03   BH_20_imp             -31.887   41.467       7779.387      -6284.294          0.000     ZXY   1.681363E+03   5.853386E+02   1.000000E+13
5.498830E-03   BH_20_imp             -31.887   41.467       7779.387      -6284.294          0.000     ZYX  -6.208515E+02  -3.830800E+02   1.000000E+13
5.498830E-03   BH_20_imp             -31.887   41.467       7779.387      -6284.294          0.000     ZYY  -4.294659E+01  -4.553751E+00   1.000000E+13
3.333330E-03   BH_20_imp             -31.887   41.467       7779.387      -6284.294          0.000     ZXX   3.123808E+01  -1.612986E+02   1.000000E+13
3.333330E-03   BH_20_imp             -31.887   41.467       7779.387      -6284.294          0.000     ZXY   1.781823E+03   7.588134E+02   1.000000E+13
3.333330E-03   BH_20_imp             -31.887   41.467       7779.387      -6284.294          0.000     ZYX  -7.006016E+02  -4.971570E+02   1.000000E+13
3.333330E-03   BH_20_imp             -31.887   41.467       7779.387      -6284.294          0.000     ZYY  -4.593163E+01  -3.124834E+00   1.000000E+13
3.333330E+02   BH_21_imp             -31.888   41.444       7663.535      -8369.389          0.000     ZXX   9.610168E-01   4.106847E-01   1.000000E+13
3.333330E+02   BH_21_imp             -31.888   41.444       7663.535      -8369.389          0.000     ZXY   2.919997E+00   2.548373E+00   1.000000E+13
3.333330E+02   BH_21_imp             -31.888   41.444       7663.535      -8369.389          0.000     ZYX  -3.431789E+00  -5.236679E+00   1.000000E+13
3.333330E+02   BH_21_imp             -31.888   41.444       7663.535      -8369.389          0.000     ZYY  -7.426065E-01   5.900992E-01   1.000000E+13
2.020630E+02   BH_21_imp             -31.888   41.444       7663.535      -8369.389          0.000     ZXX   1.011468E+00   3.709960E-01   1.000000E+13
2.020630E+02   BH_21_imp             -31.888   41.444       7663.535      -8369.389          0.000     ZXY   3.627180E+00   3.137827E+00   1.000000E+13
2.020630E+02   BH_21_imp             -31.888   41.444       7663.535      -8369.389          0.000     ZYX  -4.279405E+00  -6.774752E+00   1.000000E+13
2.020630E+02   BH_21_imp             -31.888   41.444       7663.535      -8369.389          0.000     ZYY  -8.088679E-01   1.122469E+00   1.000000E+13
1.224890E+02   BH_21_imp             -31.888   41.444       7663.535      -8369.389          0.000     ZXX   1.061835E+00   5.603291E-01   1.000000E+13
1.224890E+02   BH_21_imp             -31.888   41.444       7663.535      -8369.389          0.000     ZXY   4.442635E+00   3.866383E+00   1.000000E+13
1.224890E+02   BH_21_imp             -31.888   41.444       7663.535      -8369.389          0.000     ZYX  -4.993483E+00  -1.007504E+01   1.000000E+13
1.224890E+02   BH_21_imp             -31.888   41.444       7663.535      -8369.389          0.000     ZYY  -7.733256E-01   2.020820E+00   1.000000E+13
7.425120E+01   BH_21_imp             -31.888   41.444       7663.535      -8369.389          0.000     ZXX   1.205720E+00   8.412498E-01   1.000000E+13
7.425120E+01   BH_21_imp             -31.888   41.444       7663.535      -8369.389          0.000     ZXY   5.443966E+00   4.846463E+00   1.000000E+13
7.425120E+01   BH_21_imp             -31.888   41.444       7663.535      -8369.389          0.000     ZYX  -6.437339E+00  -1.547082E+01   1.000000E+13
7.425120E+01   BH_21_imp             -31.888   41.444       7663.535      -8369.389          0.000     ZYY  -5.660936E-01   3.527626E+00   1.000000E+13
4.501040E+01   BH_21_imp             -31.888   41.444       7663.535      -8369.389          0.000     ZXX   1.455449E+00   1.164565E+00   1.000000E+13
4.501040E+01   BH_21_imp             -31.888   41.444       7663.535      -8369.389          0.000     ZXY   6.572746E+00   6.274050E+00   1.000000E+13
4.501040E+01   BH_21_imp             -31.888   41.444       7663.535      -8369.389          0.000     ZYX  -9.187712E+00  -2.351765E+01   1.000000E+13
4.501040E+01   BH_21_imp             -31.888   41.444       7663.535      -8369.389          0.000     ZYY   9.041502E-03   5.733178E+00   1.000000E+13
2.728490E+01   BH_21_imp             -31.888   41.444       7663.535      -8369.389          0.000     ZXX   1.766914E+00   1.573533E+00   1.000000E+13
2.728490E+01   BH_21_imp             -31.888   41.444       7663.535      -8369.389          0.000     ZXY   8.047746E+00   8.471782E+00   1.000000E+13
2.728490E+01   BH_21_imp             -31.888   41.444       7663.535      -8369.389          0.000     ZYX  -1.373893E+01  -3.530410E+01   1.000000E+13
2.728490E+01   BH_21_imp             -31.888   41.444       7663.535      -8369.389          0.000     ZYY   9.718623E-01   8.694791E+00   1.000000E+13
1.653980E+01   BH_21_imp             -31.888   41.444       7663.535      -8369.389          0.000     ZXX   2.153410E+00   2.233032E+00   1.000000E+13
1.653980E+01   BH_21_imp             -31.888   41.444       7663.535      -8369.389          0.000     ZXY   1.023996E+01   1.161534E+01   1.000000E+13
1.653980E+01   BH_21_imp             -31.888   41.444       7663.535      -8369.389          0.000     ZYX  -2.146579E+01  -5.243385E+01   1.000000E+13
1.653980E+01   BH_21_imp             -31.888   41.444       7663.535      -8369.389          0.000     ZYY   2.275378E+00   1.303384E+01   1.000000E+13
1.002630E+01   BH_21_imp             -31.888   41.444       7663.535      -8369.389          0.000     ZXX   2.834765E+00   3.210038E+00   1.000000E+13
1.002630E+01   BH_21_imp             -31.888   41.444       7663.535      -8369.389          0.000     ZXY   1.359807E+01   1.573880E+01   1.000000E+13
1.002630E+01   BH_21_imp             -31.888   41.444       7663.535      -8369.389          0.000     ZYX  -3.461006E+01  -7.642313E+01   1.000000E+13
1.002630E+01   BH_21_imp             -31.888   41.444       7663.535      -8369.389          0.000     ZYY   4.208078E+00   1.984606E+01   1.000000E+13
6.077850E+00   BH_21_imp             -31.888   41.444       7663.535      -8369.389          0.000     ZXX   4.079589E+00   4.350035E+00   1.000000E+13
6.077850E+00   BH_21_imp             -31.888   41.444       7663.535      -8369.389          0.000     ZXY   1.843571E+01   2.073268E+01   1.000000E+13
6.077850E+00   BH_21_imp             -31.888   41.444       7663.535      -8369.389          0.000     ZYX  -5.644231E+01  -1.079939E+02   1.000000E+13
6.077850E+00   BH_21_imp             -31.888   41.444       7663.535      -8369.389          0.000     ZYY   7.648284E+00   3.023189E+01   1.000000E+13
3.684310E+00   BH_21_imp             -31.888   41.444       7663.535      -8369.389          0.000     ZXX   5.919748E+00   5.365810E+00   1.000000E+13
3.684310E+00   BH_21_imp             -31.888   41.444       7663.535      -8369.389          0.000     ZXY   2.480750E+01   2.655667E+01   1.000000E+13
3.684310E+00   BH_21_imp             -31.888   41.444       7663.535      -8369.389          0.000     ZYX  -9.008697E+01  -1.467230E+02   1.000000E+13
3.684310E+00   BH_21_imp             -31.888   41.444       7663.535      -8369.389          0.000     ZYY   1.415474E+01   4.540904E+01   1.000000E+13
2.233390E+00   BH_21_imp             -31.888   41.444       7663.535      -8369.389          0.000     ZXX   8.391681E+00   5.973181E+00   1.000000E+13
2.233390E+00   BH_21_imp             -31.888   41.444       7663.535      -8369.389          0.000     ZXY   3.271902E+01   3.354807E+01   1.000000E+13
2.233390E+00   BH_21_imp             -31.888   41.444       7663.535      -8369.389          0.000     ZYX  -1.381329E+02  -1.919622E+02   1.000000E+13
2.233390E+00   BH_21_imp             -31.888   41.444       7663.535      -8369.389          0.000     ZYY   2.534727E+01   6.637576E+01   1.000000E+13
1.353860E+00   BH_21_imp             -31.888   41.444       7663.535      -8369.389          0.000     ZXX   1.083415E+01   5.790116E+00   1.000000E+13
1.353860E+00   BH_21_imp             -31.888   41.444       7663.535      -8369.389          0.000     ZXY   4.231719E+01   4.243007E+01   1.000000E+13
1.353860E+00   BH_21_imp             -31.888   41.444       7663.535      -8369.389          0.000     ZYX  -2.031436E+02  -2.434824E+02   1.000000E+13
1.353860E+00   BH_21_imp             -31.888   41.444       7663.535      -8369.389          0.000     ZYY   4.476747E+01   9.482804E+01   1.000000E+13
8.206950E-01   BH_21_imp             -31.888   41.444       7663.535      -8369.389          0.000     ZXX   1.274995E+01   4.970065E+00   1.000000E+13
8.206950E-01   BH_21_imp             -31.888   41.444       7663.535      -8369.389          0.000     ZXY   5.467339E+01   5.421019E+01   1.000000E+13
8.206950E-01   BH_21_imp             -31.888   41.444       7663.535      -8369.389          0.000     ZYX  -2.905291E+02  -2.982860E+02   1.000000E+13
8.206950E-01   BH_21_imp             -31.888   41.444       7663.535      -8369.389          0.000     ZYY   7.729902E+01   1.303632E+02   1.000000E+13
4.974980E-01   BH_21_imp             -31.888   41.444       7663.535      -8369.389          0.000     ZXX   1.368544E+01   4.353200E+00   1.000000E+13
4.974980E-01   BH_21_imp             -31.888   41.444       7663.535      -8369.389          0.000     ZXY   7.156788E+01   6.917953E+01   1.000000E+13
4.974980E-01   BH_21_imp             -31.888   41.444       7663.535      -8369.389          0.000     ZYX  -4.015099E+02  -3.478997E+02   1.000000E+13
4.974980E-01   BH_21_imp             -31.888   41.444       7663.535      -8369.389          0.000     ZYY   1.287463E+02   1.682383E+02   1.000000E+13
3.015780E-01   BH_21_imp             -31.888   41.444       7663.535      -8369.389          0.000     ZXX   1.417088E+01   4.605896E+00   1.000000E+13
3.015780E-01   BH_21_imp             -31.888   41.444       7663.535      -8369.389          0.000     ZXY   9.442762E+01   8.663575E+01   1.000000E+13
3.015780E-01   BH_21_imp             -31.888   41.444       7663.535      -8369.389          0.000     ZYX  -5.282311E+02  -3.852623E+02   1.000000E+13
3.015780E-01   BH_21_imp             -31.888   41.444       7663.535      -8369.389          0.000     ZYY   2.020177E+02   1.988624E+02   1.000000E+13
1.828140E-01   BH_21_imp             -31.888   41.444       7663.535      -8369.389          0.000     ZXX   1.467708E+01   5.799142E+00   1.000000E+13
1.828140E-01   BH_21_imp             -31.888   41.444       7663.535      -8369.389          0.000     ZXY   1.242029E+02   1.055280E+02   1.000000E+13
1.828140E-01   BH_21_imp             -31.888   41.444       7663.535      -8369.389          0.000     ZYX  -6.612913E+02  -4.141586E+02   1.000000E+13
1.828140E-01   BH_21_imp             -31.888   41.444       7663.535      -8369.389          0.000     ZYY   2.954191E+02   2.103222E+02   1.000000E+13
1.108200E-01   BH_21_imp             -31.888   41.444       7663.535      -8369.389          0.000     ZXX   1.549379E+01   8.327273E+00   1.000000E+13
1.108200E-01   BH_21_imp             -31.888   41.444       7663.535      -8369.389          0.000     ZXY   1.614713E+02   1.244252E+02   1.000000E+13
1.108200E-01   BH_21_imp             -31.888   41.444       7663.535      -8369.389          0.000     ZYX  -8.023800E+02  -4.424332E+02   1.000000E+13
1.108200E-01   BH_21_imp             -31.888   41.444       7663.535      -8369.389          0.000     ZYY   3.996451E+02   1.853827E+02   1.000000E+13
6.717810E-02   BH_21_imp             -31.888   41.444       7663.535      -8369.389          0.000     ZXX   1.737668E+01   1.259824E+01   1.000000E+13
6.717810E-02   BH_21_imp             -31.888   41.444       7663.535      -8369.389          0.000     ZXY   2.051571E+02   1.411970E+02   1.000000E+13
6.717810E-02   BH_21_imp             -31.888   41.444       7663.535      -8369.389          0.000     ZYX  -9.575119E+02  -4.662929E+02   1.000000E+13
6.717810E-02   BH_21_imp             -31.888   41.444       7663.535      -8369.389          0.000     ZYY   4.884278E+02   1.103727E+02   1.000000E+13
4.072260E-02   BH_21_imp             -31.888   41.444       7663.535      -8369.389          0.000     ZXX   2.142632E+01   1.852880E+01   1.000000E+13
4.072260E-02   BH_21_imp             -31.888   41.444       7663.535      -8369.389          0.000     ZXY   2.515672E+02   1.556681E+02   1.000000E+13
4.072260E-02   BH_21_imp             -31.888   41.444       7663.535      -8369.389          0.000     ZYX  -1.122520E+03  -4.729648E+02   1.000000E+13
4.072260E-02   BH_21_imp             -31.888   41.444       7663.535      -8369.389          0.000     ZYY   5.256113E+02  -4.360905E+00   1.000000E+13
2.468560E-02   BH_21_imp             -31.888   41.444       7663.535      -8369.389          0.000     ZXX   2.918906E+01   2.502821E+01   1.000000E+13
2.468560E-02   BH_21_imp             -31.888   41.444       7663.535      -8369.389          0.000     ZXY   2.958343E+02   1.723050E+02   1.000000E+13
2.468560E-02   BH_21_imp             -31.888   41.444       7663.535      -8369.389          0.000     ZYX  -1.260666E+03  -4.560577E+02   1.000000E+13
2.468560E-02   BH_21_imp             -31.888   41.444       7663.535      -8369.389          0.000     ZYY   4.962299E+02  -1.199254E+02   1.000000E+13
1.496420E-02   BH_21_imp             -31.888   41.444       7663.535      -8369.389          0.000     ZXX   4.149930E+01   2.900713E+01   1.000000E+13
1.496420E-02   BH_21_imp             -31.888   41.444       7663.535      -8369.389          0.000     ZXY   3.393680E+02   1.970632E+02   1.000000E+13
1.496420E-02   BH_21_imp             -31.888   41.444       7663.535      -8369.389          0.000     ZYX  -1.389822E+03  -4.366296E+02   1.000000E+13
1.496420E-02   BH_21_imp             -31.888   41.444       7663.535      -8369.389          0.000     ZYY   4.080477E+02  -2.057233E+02   1.000000E+13
9.071120E-03   BH_21_imp             -31.888   41.444       7663.535      -8369.389          0.000     ZXX   5.650819E+01   2.922634E+01   1.000000E+13
9.071120E-03   BH_21_imp             -31.888   41.444       7663.535      -8369.389          0.000     ZXY   3.859807E+02   2.431302E+02   1.000000E+13
9.071120E-03   BH_21_imp             -31.888   41.444       7663.535      -8369.389          0.000     ZYX  -1.499251E+03  -4.170992E+02   1.000000E+13
9.071120E-03   BH_21_imp             -31.888   41.444       7663.535      -8369.389          0.000     ZYY   3.119425E+02  -2.498164E+02   1.000000E+13
5.498830E-03   BH_21_imp             -31.888   41.444       7663.535      -8369.389          0.000     ZXX   7.022601E+01   2.066394E+01   1.000000E+13
5.498830E-03   BH_21_imp             -31.888   41.444       7663.535      -8369.389          0.000     ZXY   4.441443E+02   3.093257E+02   1.000000E+13
5.498830E-03   BH_21_imp             -31.888   41.444       7663.535      -8369.389          0.000     ZYX  -1.584399E+03  -4.479257E+02   1.000000E+13
5.498830E-03   BH_21_imp             -31.888   41.444       7663.535      -8369.389          0.000     ZYY   1.811272E+02  -2.549645E+02   1.000000E+13
3.333330E-03   BH_21_imp             -31.888   41.444       7663.535      -8369.389          0.000     ZXX   7.738416E+01   8.097517E+00   1.000000E+13
3.333330E-03   BH_21_imp             -31.888   41.444       7663.535      -8369.389          0.000     ZXY   5.228448E+02   4.081376E+02   1.000000E+13
3.333330E-03   BH_21_imp             -31.888   41.444       7663.535      -8369.389          0.000     ZYX  -1.663336E+03  -5.462958E+02   1.000000E+13
3.333330E-03   BH_21_imp             -31.888   41.444       7663.535      -8369.389          0.000     ZYY   8.411423E+01  -2.282761E+02   1.000000E+13
3.333330E+02   BH_2_imp              -31.857   41.470      11027.830      -5895.093          0.000     ZXX   5.671734E-01   5.396225E-02   1.000000E+13
3.333330E+02   BH_2_imp              -31.857   41.470      11027.830      -5895.093          0.000     ZXY   1.796886E+00   1.639813E+00   1.000000E+13
3.333330E+02   BH_2_imp              -31.857   41.470      11027.830      -5895.093          0.000     ZYX  -1.717242E-01  -2.952372E-01   1.000000E+13
3.333330E+02   BH_2_imp              -31.857   41.470      11027.830      -5895.093          0.000     ZYY   2.733739E-02   9.836930E-02   1.000000E+13
2.020630E+02   BH_2_imp              -31.857   41.470      11027.830      -5895.093          0.000     ZXX   5.185467E-01  -4.092126E-02   1.000000E+13
2.020630E+02   BH_2_imp              -31.857   41.470      11027.830      -5895.093          0.000     ZXY   2.252608E+00   2.037674E+00   1.000000E+13
2.020630E+02   BH_2_imp              -31.857   41.470      11027.830      -5895.093          0.000     ZYX  -2.241645E-01  -3.986040E-01   1.000000E+13
2.020630E+02   BH_2_imp              -31.857   41.470      11027.830      -5895.093          0.000     ZYY   4.263210E-02   1.456553E-01   1.000000E+13
1.224890E+02   BH_2_imp              -31.857   41.470      11027.830      -5895.093          0.000     ZXX   4.943681E-01   4.235721E-03   1.000000E+13
1.224890E+02   BH_2_imp              -31.857   41.470      11027.830      -5895.093          0.000     ZXY   2.790226E+00   2.519188E+00   1.000000E+13
1.224890E+02   BH_2_imp              -31.857   41.470      11027.830      -5895.093          0.000     ZYX  -2.730493E-01  -5.749277E-01   1.000000E+13
1.224890E+02   BH_2_imp              -31.857   41.470      11027.830      -5895.093          0.000     ZYY   7.100558E-02   2.132311E-01   1.000000E+13
7.425120E+01   BH_2_imp              -31.857   41.470      11027.830      -5895.093          0.000     ZXX   5.352586E-01   1.869138E-02   1.000000E+13
7.425120E+01   BH_2_imp              -31.857   41.470      11027.830      -5895.093          0.000     ZXY   3.429863E+00   3.176119E+00   1.000000E+13
7.425120E+01   BH_2_imp              -31.857   41.470      11027.830      -5895.093          0.000     ZYX  -3.502319E-01  -8.811492E-01   1.000000E+13
7.425120E+01   BH_2_imp              -31.857   41.470      11027.830      -5895.093          0.000     ZYY   1.088254E-01   3.193340E-01   1.000000E+13
4.501040E+01   BH_2_imp              -31.857   41.470      11027.830      -5895.093          0.000     ZXX   6.195477E-01  -4.526588E-02   1.000000E+13
4.501040E+01   BH_2_imp              -31.857   41.470      11027.830      -5895.093          0.000     ZXY   4.146599E+00   4.138217E+00   1.000000E+13
4.501040E+01   BH_2_imp              -31.857   41.470      11027.830      -5895.093          0.000     ZYX  -5.035866E-01  -1.340011E+00   1.000000E+13
4.501040E+01   BH_2_imp              -31.857   41.470      11027.830      -5895.093          0.000     ZYY   1.698252E-01   4.746336E-01   1.000000E+13
2.728490E+01   BH_2_imp              -31.857   41.470      11027.830      -5895.093          0.000     ZXX   6.703036E-01  -1.999462E-01   1.000000E+13
2.728490E+01   BH_2_imp              -31.857   41.470      11027.830      -5895.093          0.000     ZXY   5.072012E+00   5.621912E+00   1.000000E+13
2.728490E+01   BH_2_imp              -31.857   41.470      11027.830      -5895.093          0.000     ZYX  -7.510478E-01  -2.015652E+00   1.000000E+13
2.728490E+01   BH_2_imp              -31.857   41.470      11027.830      -5895.093          0.000     ZYY   2.589786E-01   6.937327E-01   1.000000E+13
1.653980E+01   BH_2_imp              -31.857   41.470      11027.830      -5895.093          0.000     ZXX   6.553966E-01  -3.684329E-01   1.000000E+13
1.653980E+01   BH_2_imp              -31.857   41.470      11027.830      -5895.093          0.000     ZXY   6.425321E+00   7.781823E+00   1.000000E+13
1.653980E+01   BH_2_imp              -31.857   41.470      11027.830      -5895.093          0.000     ZYX  -1.170829E+00  -2.999796E+00   1.000000E+13
1.653980E+01   BH_2_imp              -31.857   41.470      11027.830      -5895.093          0.000     ZYY   3.848679E-01   1.012155E+00   1.000000E+13
1.002630E+01   BH_2_imp              -31.857   41.470      11027.830      -5895.093          0.000     ZXX   6.011688E-01  -5.695140E-01   1.000000E+13
1.002630E+01   BH_2_imp              -31.857   41.470      11027.830      -5895.093          0.000     ZXY   8.485549E+00   1.073910E+01   1.000000E+13
1.002630E+01   BH_2_imp              -31.857   41.470      11027.830      -5895.093          0.000     ZYX  -1.871271E+00  -4.391597E+00   1.000000E+13
1.002630E+01   BH_2_imp              -31.857   41.470      11027.830      -5895.093          0.000     ZYY   5.695600E-01   1.490847E+00   1.000000E+13
6.077850E+00   BH_2_imp              -31.857   41.470      11027.830      -5895.093          0.000     ZXX   5.870249E-01  -8.697340E-01   1.000000E+13
6.077850E+00   BH_2_imp              -31.857   41.470      11027.830      -5895.093          0.000     ZXY   1.149835E+01   1.454038E+01   1.000000E+13
6.077850E+00   BH_2_imp              -31.857   41.470      11027.830      -5895.093          0.000     ZYX  -3.023094E+00  -6.278065E+00   1.000000E+13
6.077850E+00   BH_2_imp              -31.857   41.470      11027.830      -5895.093          0.000     ZYY   8.681742E-01   2.205954E+00   1.000000E+13
3.684310E+00   BH_2_imp              -31.857   41.470      11027.830      -5895.093          0.000     ZXX   5.568380E-01  -1.408335E+00   1.000000E+13
3.684310E+00   BH_2_imp              -31.857   41.470      11027.830      -5895.093          0.000     ZXY   1.563828E+01   1.931501E+01   1.000000E+13
3.684310E+00   BH_2_imp              -31.857   41.470      11027.830      -5895.093          0.000     ZYX  -4.814413E+00  -8.715219E+00   1.000000E+13
3.684310E+00   BH_2_imp              -31.857   41.470      11027.830      -5895.093          0.000     ZYY   1.374596E+00   3.229065E+00   1.000000E+13
2.233390E+00   BH_2_imp              -31.857   41.470      11027.830      -5895.093          0.000     ZXX   5.052077E-01  -2.301950E+00   1.000000E+13
2.233390E+00   BH_2_imp              -31.857   41.470      11027.830      -5895.093          0.000     ZXY   2.112102E+01   2.543393E+01   1.000000E+13
2.233390E+00   BH_2_imp              -31.857   41.470      11027.830      -5895.093          0.000     ZYX  -7.439219E+00  -1.174430E+01   1.000000E+13
2.233390E+00   BH_2_imp              -31.857   41.470      11027.830      -5895.093          0.000     ZYY   2.214361E+00   4.641850E+00   1.000000E+13
1.353860E+00   BH_2_imp              -31.857   41.470      11027.830      -5895.093          0.000     ZXX  -7.836313E-03  -3.845551E+00   1.000000E+13
1.353860E+00   BH_2_imp              -31.857   41.470      11027.830      -5895.093          0.000     ZXY   2.849713E+01   3.347160E+01   1.000000E+13
1.353860E+00   BH_2_imp              -31.857   41.470      11027.830      -5895.093          0.000     ZYX  -1.116405E+01  -1.544732E+01   1.000000E+13
1.353860E+00   BH_2_imp              -31.857   41.470      11027.830      -5895.093          0.000     ZYY   3.631829E+00   6.528800E+00   1.000000E+13
8.206950E-01   BH_2_imp              -31.857   41.470      11027.830      -5895.093          0.000     ZXX  -1.423734E+00  -5.889142E+00   1.000000E+13
8.206950E-01   BH_2_imp              -31.857   41.470      11027.830      -5895.093          0.000     ZXY   3.914599E+01   4.384362E+01   1.000000E+13
8.206950E-01   BH_2_imp              -31.857   41.470      11027.830      -5895.093          0.000     ZYX  -1.639726E+01  -1.970078E+01   1.000000E+13
8.206950E-01   BH_2_imp              -31.857   41.470      11027.830      -5895.093          0.000     ZYY   5.985788E+00   8.810846E+00   1.000000E+13
4.974980E-01   BH_2_imp              -31.857   41.470      11027.830      -5895.093          0.000     ZXX  -4.132792E+00  -7.675191E+00   1.000000E+13
4.974980E-01   BH_2_imp              -31.857   41.470      11027.830      -5895.093          0.000     ZXY   5.493971E+01   5.572877E+01   1.000000E+13
4.974980E-01   BH_2_imp              -31.857   41.470      11027.830      -5895.093          0.000     ZYX  -2.331897E+01  -2.407156E+01   1.000000E+13
4.974980E-01   BH_2_imp              -31.857   41.470      11027.830      -5895.093          0.000     ZYY   9.638299E+00   1.105215E+01   1.000000E+13
3.015780E-01   BH_2_imp              -31.857   41.470      11027.830      -5895.093          0.000     ZXX  -7.435863E+00  -8.497957E+00   1.000000E+13
3.015780E-01   BH_2_imp              -31.857   41.470      11027.830      -5895.093          0.000     ZXY   7.677472E+01   6.685345E+01   1.000000E+13
3.015780E-01   BH_2_imp              -31.857   41.470      11027.830      -5895.093          0.000     ZYX  -3.158105E+01  -2.826633E+01   1.000000E+13
3.015780E-01   BH_2_imp              -31.857   41.470      11027.830      -5895.093          0.000     ZYY   1.459191E+01   1.248321E+01   1.000000E+13
1.828140E-01   BH_2_imp              -31.857   41.470      11027.830      -5895.093          0.000     ZXX  -1.042669E+01  -8.747999E+00   1.000000E+13
1.828140E-01   BH_2_imp              -31.857   41.470      11027.830      -5895.093          0.000     ZXY   1.041091E+02   7.443271E+01   1.000000E+13
1.828140E-01   BH_2_imp              -31.857   41.470      11027.830      -5895.093          0.000     ZYX  -4.084560E+01  -3.266232E+01   1.000000E+13
1.828140E-01   BH_2_imp              -31.857   41.470      11027.830      -5895.093          0.000     ZYY   2.032177E+01   1.235300E+01   1.000000E+13
1.108200E-01   BH_2_imp              -31.857   41.470      11027.830      -5895.093          0.000     ZXX  -1.322980E+01  -9.228945E+00   1.000000E+13
1.108200E-01   BH_2_imp              -31.857   41.470      11027.830      -5895.093          0.000     ZXY   1.346909E+02   7.579021E+01   1.000000E+13
1.108200E-01   BH_2_imp              -31.857   41.470      11027.830      -5895.093          0.000     ZYX  -5.150693E+01  -3.776463E+01   1.000000E+13
1.108200E-01   BH_2_imp              -31.857   41.470      11027.830      -5895.093          0.000     ZYY   2.583636E+01   1.018762E+01   1.000000E+13
6.717810E-02   BH_2_imp              -31.857   41.470      11027.830      -5895.093          0.000     ZXX  -1.678692E+01  -9.953756E+00   1.000000E+13
6.717810E-02   BH_2_imp              -31.857   41.470      11027.830      -5895.093          0.000     ZXY   1.642760E+02   6.949016E+01   1.000000E+13
6.717810E-02   BH_2_imp              -31.857   41.470      11027.830      -5895.093          0.000     ZYX  -6.405138E+01  -4.335004E+01   1.000000E+13
6.717810E-02   BH_2_imp              -31.857   41.470      11027.830      -5895.093          0.000     ZYY   2.999572E+01   6.129500E+00   1.000000E+13
4.072260E-02   BH_2_imp              -31.857   41.470      11027.830      -5895.093          0.000     ZXX  -2.155823E+01  -9.774118E+00   1.000000E+13
4.072260E-02   BH_2_imp              -31.857   41.470      11027.830      -5895.093          0.000     ZXY   1.880769E+02   5.716544E+01   1.000000E+13
4.072260E-02   BH_2_imp              -31.857   41.470      11027.830      -5895.093          0.000     ZYX  -7.841437E+01  -4.894892E+01   1.000000E+13
4.072260E-02   BH_2_imp              -31.857   41.470      11027.830      -5895.093          0.000     ZYY   3.204046E+01   8.269195E-01   1.000000E+13
2.468560E-02   BH_2_imp              -31.857   41.470      11027.830      -5895.093          0.000     ZXX  -2.666277E+01  -7.263199E+00   1.000000E+13
2.468560E-02   BH_2_imp              -31.857   41.470      11027.830      -5895.093          0.000     ZXY   2.026113E+02   4.318399E+01   1.000000E+13
2.468560E-02   BH_2_imp              -31.857   41.470      11027.830      -5895.093          0.000     ZYX  -9.384688E+01  -5.485379E+01   1.000000E+13
2.468560E-02   BH_2_imp              -31.857   41.470      11027.830      -5895.093          0.000     ZYY   3.178505E+01  -4.970541E+00   1.000000E+13
1.496420E-02   BH_2_imp              -31.857   41.470      11027.830      -5895.093          0.000     ZXX  -3.103999E+01  -1.538973E+00   1.000000E+13
1.496420E-02   BH_2_imp              -31.857   41.470      11027.830      -5895.093          0.000     ZXY   2.082353E+02   3.205101E+01   1.000000E+13
1.496420E-02   BH_2_imp              -31.857   41.470      11027.830      -5895.093          0.000     ZYX  -1.112261E+02  -6.241745E+01   1.000000E+13
1.496420E-02   BH_2_imp              -31.857   41.470      11027.830      -5895.093          0.000     ZYY   2.879019E+01  -1.101655E+01   1.000000E+13
9.071120E-03   BH_2_imp              -31.857   41.470      11027.830      -5895.093          0.000     ZXX  -3.175357E+01   9.041461E+00   1.000000E+13
9.071120E-03   BH_2_imp              -31.857   41.470      11027.830      -5895.093          0.000     ZXY   2.064516E+02   3.081201E+01   1.000000E+13
9.071120E-03   BH_2_imp              -31.857   41.470      11027.830      -5895.093          0.000     ZYX  -1.311612E+02  -6.799602E+01   1.000000E+13
9.071120E-03   BH_2_imp              -31.857   41.470      11027.830      -5895.093          0.000     ZYY   2.257615E+01  -1.667697E+01   1.000000E+13
5.498830E-03   BH_2_imp              -31.857   41.470      11027.830      -5895.093          0.000     ZXX  -2.336665E+01   1.940445E+01   1.000000E+13
5.498830E-03   BH_2_imp              -31.857   41.470      11027.830      -5895.093          0.000     ZXY   2.061965E+02   3.884679E+01   1.000000E+13
5.498830E-03   BH_2_imp              -31.857   41.470      11027.830      -5895.093          0.000     ZYX  -1.496407E+02  -7.436189E+01   1.000000E+13
5.498830E-03   BH_2_imp              -31.857   41.470      11027.830      -5895.093          0.000     ZYY   1.324836E+01  -1.913981E+01   1.000000E+13
3.333330E-03   BH_2_imp              -31.857   41.470      11027.830      -5895.093          0.000     ZXX  -9.850527E+00   2.066880E+01   1.000000E+13
3.333330E-03   BH_2_imp              -31.857   41.470      11027.830      -5895.093          0.000     ZXY   2.068115E+02   6.026539E+01   1.000000E+13
3.333330E-03   BH_2_imp              -31.857   41.470      11027.830      -5895.093          0.000     ZYX  -1.646609E+02  -8.774047E+01   1.000000E+13
3.333330E-03   BH_2_imp              -31.857   41.470      11027.830      -5895.093          0.000     ZYY   2.816065E+00  -1.706255E+01   1.000000E+13
3.333330E+02   BH_3_imp              -31.886   41.535       7734.525        181.046          0.000     ZXX   1.616041E+00   7.356051E-01   1.000000E+13
3.333330E+02   BH_3_imp              -31.886   41.535       7734.525        181.046          0.000     ZXY   3.698128E+00   3.223786E+00   1.000000E+13
3.333330E+02   BH_3_imp              -31.886   41.535       7734.525        181.046          0.000     ZYX  -1.409228E+00  -1.260565E+00   1.000000E+13
3.333330E+02   BH_3_imp              -31.886   41.535       7734.525        181.046          0.000     ZYY  -1.951987E+00  -1.483516E+00   1.000000E+13
2.020630E+02   BH_3_imp              -31.886   41.535       7734.525        181.046          0.000     ZXX   1.686583E+00   8.609760E-01   1.000000E+13
2.020630E+02   BH_3_imp              -31.886   41.535       7734.525        181.046          0.000     ZXY   4.660599E+00   3.885558E+00   1.000000E+13
2.020630E+02   BH_3_imp              -31.886   41.535       7734.525        181.046          0.000     ZYX  -1.611996E+00  -1.573971E+00   1.000000E+13
2.020630E+02   BH_3_imp              -31.886   41.535       7734.525        181.046          0.000     ZYY  -2.430440E+00  -1.710880E+00   1.000000E+13
1.224890E+02   BH_3_imp              -31.886   41.535       7734.525        181.046          0.000     ZXX   1.774756E+00   1.168183E+00   1.000000E+13
1.224890E+02   BH_3_imp              -31.886   41.535       7734.525        181.046          0.000     ZXY   5.763172E+00   4.651875E+00   1.000000E+13
1.224890E+02   BH_3_imp              -31.886   41.535       7734.525        181.046          0.000     ZYX  -1.804390E+00  -2.246205E+00   1.000000E+13
1.224890E+02   BH_3_imp              -31.886   41.535       7734.525        181.046          0.000     ZYY  -2.962638E+00  -1.936293E+00   1.000000E+13
7.425120E+01   BH_3_imp              -31.886   41.535       7734.525        181.046          0.000     ZXX   2.025626E+00   1.762595E+00   1.000000E+13
7.425120E+01   BH_3_imp              -31.886   41.535       7734.525        181.046          0.000     ZXY   7.034602E+00   5.593952E+00   1.000000E+13
7.425120E+01   BH_3_imp              -31.886   41.535       7734.525        181.046          0.000     ZYX  -2.171492E+00  -3.426243E+00   1.000000E+13
7.425120E+01   BH_3_imp              -31.886   41.535       7734.525        181.046          0.000     ZYY  -3.558147E+00  -2.142461E+00   1.000000E+13
4.501040E+01   BH_3_imp              -31.886   41.535       7734.525        181.046          0.000     ZXX   2.500075E+00   2.523607E+00   1.000000E+13
4.501040E+01   BH_3_imp              -31.886   41.535       7734.525        181.046          0.000     ZXY   8.359670E+00   6.951183E+00   1.000000E+13
4.501040E+01   BH_3_imp              -31.886   41.535       7734.525        181.046          0.000     ZYX  -2.889569E+00  -5.116727E+00   1.000000E+13
4.501040E+01   BH_3_imp              -31.886   41.535       7734.525        181.046          0.000     ZYY  -4.124468E+00  -2.419784E+00   1.000000E+13
2.728490E+01   BH_3_imp              -31.886   41.535       7734.525        181.046          0.000     ZXX   3.181399E+00   3.484534E+00   1.000000E+13
2.728490E+01   BH_3_imp              -31.886   41.535       7734.525        181.046          0.000     ZXY   9.897572E+00   9.131468E+00   1.000000E+13
2.728490E+01   BH_3_imp              -31.886   41.535       7734.525        181.046          0.000     ZYX  -4.014384E+00  -7.480583E+00   1.000000E+13
2.728490E+01   BH_3_imp              -31.886   41.535       7734.525        181.046          0.000     ZYY  -4.724608E+00  -2.953545E+00   1.000000E+13
1.653980E+01   BH_3_imp              -31.886   41.535       7734.525        181.046          0.000     ZXX   4.089143E+00   4.896789E+00   1.000000E+13
1.653980E+01   BH_3_imp              -31.886   41.535       7734.525        181.046          0.000     ZXY   1.201408E+01   1.241600E+01   1.000000E+13
1.653980E+01   BH_3_imp              -31.886   41.535       7734.525        181.046          0.000     ZYX  -5.748978E+00  -1.087995E+01   1.000000E+13
1.653980E+01   BH_3_imp              -31.886   41.535       7734.525        181.046          0.000     ZYY  -5.552978E+00  -3.779500E+00   1.000000E+13
1.002630E+01   BH_3_imp              -31.886   41.535       7734.525        181.046          0.000     ZXX   5.503676E+00   6.882386E+00   1.000000E+13
1.002630E+01   BH_3_imp              -31.886   41.535       7734.525        181.046          0.000     ZXY   1.512760E+01   1.704156E+01   1.000000E+13
1.002630E+01   BH_3_imp              -31.886   41.535       7734.525        181.046          0.000     ZYX  -8.564324E+00  -1.563402E+01   1.000000E+13
1.002630E+01   BH_3_imp              -31.886   41.535       7734.525        181.046          0.000     ZYY  -6.793520E+00  -4.824791E+00   1.000000E+13
6.077850E+00   BH_3_imp              -31.886   41.535       7734.525        181.046          0.000     ZXX   7.900937E+00   9.356645E+00   1.000000E+13
6.077850E+00   BH_3_imp              -31.886   41.535       7734.525        181.046          0.000     ZXY   1.960466E+01   2.319545E+01   1.000000E+13
6.077850E+00   BH_3_imp              -31.886   41.535       7734.525        181.046          0.000     ZYX  -1.320136E+01  -2.186951E+01   1.000000E+13
6.077850E+00   BH_3_imp              -31.886   41.535       7734.525        181.046          0.000     ZYY  -8.519185E+00  -5.919010E+00   1.000000E+13
3.684310E+00   BH_3_imp              -31.886   41.535       7734.525        181.046          0.000     ZXX   1.152103E+01   1.187510E+01   1.000000E+13
3.684310E+00   BH_3_imp              -31.886   41.535       7734.525        181.046          0.000     ZXY   2.573548E+01   3.130289E+01   1.000000E+13
3.684310E+00   BH_3_imp              -31.886   41.535       7734.525        181.046          0.000     ZYX  -2.034572E+01  -2.936986E+01   1.000000E+13
3.684310E+00   BH_3_imp              -31.886   41.535       7734.525        181.046          0.000     ZYY  -1.061229E+01  -6.905049E+00   1.000000E+13
2.233390E+00   BH_3_imp              -31.886   41.535       7734.525        181.046          0.000     ZXX   1.643367E+01   1.406184E+01   1.000000E+13
2.233390E+00   BH_3_imp              -31.886   41.535       7734.525        181.046          0.000     ZXY   3.407834E+01   4.223874E+01   1.000000E+13
2.233390E+00   BH_3_imp              -31.886   41.535       7734.525        181.046          0.000     ZYX  -3.065856E+01  -3.777938E+01   1.000000E+13
2.233390E+00   BH_3_imp              -31.886   41.535       7734.525        181.046          0.000     ZYY  -1.291950E+01  -7.848451E+00   1.000000E+13
1.353860E+00   BH_3_imp              -31.886   41.535       7734.525        181.046          0.000     ZXX   2.197628E+01   1.534188E+01   1.000000E+13
1.353860E+00   BH_3_imp              -31.886   41.535       7734.525        181.046          0.000     ZXY   4.587501E+01   5.704313E+01   1.000000E+13
1.353860E+00   BH_3_imp              -31.886   41.535       7734.525        181.046          0.000     ZYX  -4.435100E+01  -4.639217E+01   1.000000E+13
1.353860E+00   BH_3_imp              -31.886   41.535       7734.525        181.046          0.000     ZYY  -1.523362E+01  -8.894449E+00   1.000000E+13
8.206950E-01   BH_3_imp              -31.886   41.535       7734.525        181.046          0.000     ZXX   2.799319E+01   1.556470E+01   1.000000E+13
8.206950E-01   BH_3_imp              -31.886   41.535       7734.525        181.046          0.000     ZXY   6.375838E+01   7.625918E+01   1.000000E+13
8.206950E-01   BH_3_imp              -31.886   41.535       7734.525        181.046          0.000     ZYX  -6.177386E+01  -5.420660E+01   1.000000E+13
8.206950E-01   BH_3_imp              -31.886   41.535       7734.525        181.046          0.000     ZYY  -1.773127E+01  -1.039271E+01   1.000000E+13
4.974980E-01   BH_3_imp              -31.886   41.535       7734.525        181.046          0.000     ZXX   3.357947E+01   1.462611E+01   1.000000E+13
4.974980E-01   BH_3_imp              -31.886   41.535       7734.525        181.046          0.000     ZXY   9.085617E+01   9.838205E+01   1.000000E+13
4.974980E-01   BH_3_imp              -31.886   41.535       7734.525        181.046          0.000     ZYX  -8.202088E+01  -5.990479E+01   1.000000E+13
4.974980E-01   BH_3_imp              -31.886   41.535       7734.525        181.046          0.000     ZYY  -2.082656E+01  -1.260477E+01   1.000000E+13
3.015780E-01   BH_3_imp              -31.886   41.535       7734.525        181.046          0.000     ZXX   3.789189E+01   1.303129E+01   1.000000E+13
3.015780E-01   BH_3_imp              -31.886   41.535       7734.525        181.046          0.000     ZXY   1.283340E+02   1.197425E+02   1.000000E+13
3.015780E-01   BH_3_imp              -31.886   41.535       7734.525        181.046          0.000     ZYX  -1.031133E+02  -6.309008E+01   1.000000E+13
3.015780E-01   BH_3_imp              -31.886   41.535       7734.525        181.046          0.000     ZYY  -2.502578E+01  -1.564561E+01   1.000000E+13
1.828140E-01   BH_3_imp              -31.886   41.535       7734.525        181.046          0.000     ZXX   4.065377E+01   1.211870E+01   1.000000E+13
1.828140E-01   BH_3_imp              -31.886   41.535       7734.525        181.046          0.000     ZXY   1.748777E+02   1.362488E+02   1.000000E+13
1.828140E-01   BH_3_imp              -31.886   41.535       7734.525        181.046          0.000     ZYX  -1.232682E+02  -6.533775E+01   1.000000E+13
1.828140E-01   BH_3_imp              -31.886   41.535       7734.525        181.046          0.000     ZYY  -3.122885E+01  -1.885844E+01   1.000000E+13
1.108200E-01   BH_3_imp              -31.886   41.535       7734.525        181.046          0.000     ZXX   4.316569E+01   1.342658E+01   1.000000E+13
1.108200E-01   BH_3_imp              -31.886   41.535       7734.525        181.046          0.000     ZXY   2.265135E+02   1.454438E+02   1.000000E+13
1.108200E-01   BH_3_imp              -31.886   41.535       7734.525        181.046          0.000     ZYX  -1.429546E+02  -6.937745E+01   1.000000E+13
1.108200E-01   BH_3_imp              -31.886   41.535       7734.525        181.046          0.000     ZYY  -3.984071E+01  -2.077139E+01   1.000000E+13
6.717810E-02   BH_3_imp              -31.886   41.535       7734.525        181.046          0.000     ZXX   4.737474E+01   1.650356E+01   1.000000E+13
6.717810E-02   BH_3_imp              -31.886   41.535       7734.525        181.046          0.000     ZXY   2.786360E+02   1.477549E+02   1.000000E+13
6.717810E-02   BH_3_imp              -31.886   41.535       7734.525        181.046          0.000     ZYX  -1.646837E+02  -7.613204E+01   1.000000E+13
6.717810E-02   BH_3_imp              -31.886   41.535       7734.525        181.046          0.000     ZYY  -4.991656E+01  -1.939594E+01   1.000000E+13
4.072260E-02   BH_3_imp              -31.886   41.535       7734.525        181.046          0.000     ZXX   5.407828E+01   1.948225E+01   1.000000E+13
4.072260E-02   BH_3_imp              -31.886   41.535       7734.525        181.046          0.000     ZXY   3.281813E+02   1.458920E+02   1.000000E+13
4.072260E-02   BH_3_imp              -31.886   41.535       7734.525        181.046          0.000     ZYX  -1.903789E+02  -8.326104E+01   1.000000E+13
4.072260E-02   BH_3_imp              -31.886   41.535       7734.525        181.046          0.000     ZYY  -5.896057E+01  -1.360863E+01   1.000000E+13
2.468560E-02   BH_3_imp              -31.886   41.535       7734.525        181.046          0.000     ZXX   6.293243E+01   2.095220E+01   1.000000E+13
2.468560E-02   BH_3_imp              -31.886   41.535       7734.525        181.046          0.000     ZXY   3.727536E+02   1.435550E+02   1.000000E+13
2.468560E-02   BH_3_imp              -31.886   41.535       7734.525        181.046          0.000     ZYX  -2.175630E+02  -8.918988E+01   1.000000E+13
2.468560E-02   BH_3_imp              -31.886   41.535       7734.525        181.046          0.000     ZYY  -6.376824E+01  -4.377197E+00   1.000000E+13
1.496420E-02   BH_3_imp              -31.886   41.535       7734.525        181.046          0.000     ZXX   7.418414E+01   1.837180E+01   1.000000E+13
1.496420E-02   BH_3_imp              -31.886   41.535       7734.525        181.046          0.000     ZXY   4.140561E+02   1.419480E+02   1.000000E+13
1.496420E-02   BH_3_imp              -31.886   41.535       7734.525        181.046          0.000     ZYX  -2.448911E+02  -9.419498E+01   1.000000E+13
1.496420E-02   BH_3_imp              -31.886   41.535       7734.525        181.046          0.000     ZYY  -6.268673E+01   5.970572E+00   1.000000E+13
9.071120E-03   BH_3_imp              -31.886   41.535       7734.525        181.046          0.000     ZXX   8.608159E+01   5.948162E+00   1.000000E+13
9.071120E-03   BH_3_imp              -31.886   41.535       7734.525        181.046          0.000     ZXY   4.531635E+02   1.471612E+02   1.000000E+13
9.071120E-03   BH_3_imp              -31.886   41.535       7734.525        181.046          0.000     ZYX  -2.694821E+02  -9.907721E+01   1.000000E+13
9.071120E-03   BH_3_imp              -31.886   41.535       7734.525        181.046          0.000     ZYY  -5.874709E+01   1.275498E+01   1.000000E+13
5.498830E-03   BH_3_imp              -31.886   41.535       7734.525        181.046          0.000     ZXX   8.679875E+01  -1.453567E+01   1.000000E+13
5.498830E-03   BH_3_imp              -31.886   41.535       7734.525        181.046          0.000     ZXY   4.948643E+02   1.522236E+02   1.000000E+13
5.498830E-03   BH_3_imp              -31.886   41.535       7734.525        181.046          0.000     ZYX  -2.883576E+02  -1.118796E+02   1.000000E+13
5.498830E-03   BH_3_imp              -31.886   41.535       7734.525        181.046          0.000     ZYY  -5.277507E+01   2.016847E+01   1.000000E+13
3.333330E-03   BH_3_imp              -31.886   41.535       7734.525        181.046          0.000     ZXX   7.434817E+01  -3.239912E+01   1.000000E+13
3.333330E-03   BH_3_imp              -31.886   41.535       7734.525        181.046          0.000     ZXY   5.291560E+02   1.690035E+02   1.000000E+13
3.333330E-03   BH_3_imp              -31.886   41.535       7734.525        181.046          0.000     ZYX  -3.066579E+02  -1.460041E+02   1.000000E+13
3.333330E-03   BH_3_imp              -31.886   41.535       7734.525        181.046          0.000     ZYY  -4.334588E+01   2.750783E+01   1.000000E+13
3.333330E+02   BH_4                  -31.878   41.501       8666.666      -3027.373          0.000     ZXX   7.480061E-02  -9.971253E-02   1.000000E+13
3.333330E+02   BH_4                  -31.878   41.501       8666.666      -3027.373          0.000     ZXY   4.728301E-01   4.605698E-01   1.000000E+13
3.333330E+02   BH_4                  -31.878   41.501       8666.666      -3027.373          0.000     ZYX  -1.418208E+00  -1.505511E+00   1.000000E+13
3.333330E+02   BH_4                  -31.878   41.501       8666.666      -3027.373          0.000     ZYY  -1.554401E+00  -1.066230E+00   1.000000E+13
2.020630E+02   BH_4                  -31.878   41.501       8666.666      -3027.373          0.000     ZXX   2.886089E-02  -1.699860E-01   1.000000E+13
2.020630E+02   BH_4                  -31.878   41.501       8666.666      -3027.373          0.000     ZXY   5.978245E-01   5.821810E-01   1.000000E+13
2.020630E+02   BH_4                  -31.878   41.501       8666.666      -3027.373          0.000     ZYX  -1.564210E+00  -1.797106E+00   1.000000E+13
2.020630E+02   BH_4                  -31.878   41.501       8666.666      -3027.373          0.000     ZYY  -1.914130E+00  -1.210005E+00   1.000000E+13
1.224890E+02   BH_4                  -31.878   41.501       8666.666      -3027.373          0.000     ZXX   1.071185E-02  -2.357951E-01   1.000000E+13
1.224890E+02   BH_4                  -31.878   41.501       8666.666      -3027.373          0.000     ZXY   7.439881E-01   7.299690E-01   1.000000E+13
1.224890E+02   BH_4                  -31.878   41.501       8666.666      -3027.373          0.000     ZYX  -1.817098E+00  -2.676213E+00   1.000000E+13
1.224890E+02   BH_4                  -31.878   41.501       8666.666      -3027.373          0.000     ZYY  -2.303676E+00  -1.324699E+00   1.000000E+13
7.425120E+01   BH_4                  -31.878   41.501       8666.666      -3027.373          0.000     ZXX  -1.421088E-02  -3.659064E-01   1.000000E+13
7.425120E+01   BH_4                  -31.878   41.501       8666.666      -3027.373          0.000     ZXY   9.197740E-01   9.391635E-01   1.000000E+13
7.425120E+01   BH_4                  -31.878   41.501       8666.666      -3027.373          0.000     ZYX  -2.242683E+00  -4.073593E+00   1.000000E+13
7.425120E+01   BH_4                  -31.878   41.501       8666.666      -3027.373          0.000     ZYY  -2.733314E+00  -1.389972E+00   1.000000E+13
4.501040E+01   BH_4                  -31.878   41.501       8666.666      -3027.373          0.000     ZXX  -6.511030E-02  -5.727573E-01   1.000000E+13
4.501040E+01   BH_4                  -31.878   41.501       8666.666      -3027.373          0.000     ZXY   1.119292E+00   1.249182E+00   1.000000E+13
4.501040E+01   BH_4                  -31.878   41.501       8666.666      -3027.373          0.000     ZYX  -3.054970E+00  -6.107934E+00   1.000000E+13
4.501040E+01   BH_4                  -31.878   41.501       8666.666      -3027.373          0.000     ZYY  -3.126515E+00  -1.469402E+00   1.000000E+13
2.728490E+01   BH_4                  -31.878   41.501       8666.666      -3027.373          0.000     ZXX  -1.673344E-01  -8.838026E-01   1.000000E+13
2.728490E+01   BH_4                  -31.878   41.501       8666.666      -3027.373          0.000     ZXY   1.376025E+00   1.724111E+00   1.000000E+13
2.728490E+01   BH_4                  -31.878   41.501       8666.666      -3027.373          0.000     ZYX  -4.334087E+00  -9.021010E+00   1.000000E+13
2.728490E+01   BH_4                  -31.878   41.501       8666.666      -3027.373          0.000     ZYY  -3.536923E+00  -1.698293E+00   1.000000E+13
1.653980E+01   BH_4                  -31.878   41.501       8666.666      -3027.373          0.000     ZXX  -3.604206E-01  -1.315457E+00   1.000000E+13
1.653980E+01   BH_4                  -31.878   41.501       8666.666      -3027.373          0.000     ZXY   1.742664E+00   2.428295E+00   1.000000E+13
1.653980E+01   BH_4                  -31.878   41.501       8666.666      -3027.373          0.000     ZYX  -6.384769E+00  -1.322063E+01   1.000000E+13
1.653980E+01   BH_4                  -31.878   41.501       8666.666      -3027.373          0.000     ZYY  -4.144198E+00  -2.047870E+00   1.000000E+13
1.002630E+01   BH_4                  -31.878   41.501       8666.666      -3027.373          0.000     ZXX  -6.839793E-01  -1.911126E+00   1.000000E+13
1.002630E+01   BH_4                  -31.878   41.501       8666.666      -3027.373          0.000     ZXY   2.287678E+00   3.441304E+00   1.000000E+13
1.002630E+01   BH_4                  -31.878   41.501       8666.666      -3027.373          0.000     ZYX  -9.759130E+00  -1.910899E+01   1.000000E+13
1.002630E+01   BH_4                  -31.878   41.501       8666.666      -3027.373          0.000     ZYY  -5.090318E+00  -2.338036E+00   1.000000E+13
6.077850E+00   BH_4                  -31.878   41.501       8666.666      -3027.373          0.000     ZXX  -1.192372E+00  -2.706139E+00   1.000000E+13
6.077850E+00   BH_4                  -31.878   41.501       8666.666      -3027.373          0.000     ZXY   3.098853E+00   4.838439E+00   1.000000E+13
6.077850E+00   BH_4                  -31.878   41.501       8666.666      -3027.373          0.000     ZYX  -1.534358E+01  -2.684864E+01   1.000000E+13
6.077850E+00   BH_4                  -31.878   41.501       8666.666      -3027.373          0.000     ZYY  -6.329078E+00  -2.284436E+00   1.000000E+13
3.684310E+00   BH_4                  -31.878   41.501       8666.666      -3027.373          0.000     ZXX  -1.988556E+00  -3.746126E+00   1.000000E+13
3.684310E+00   BH_4                  -31.878   41.501       8666.666      -3027.373          0.000     ZXY   4.262660E+00   6.751981E+00   1.000000E+13
3.684310E+00   BH_4                  -31.878   41.501       8666.666      -3027.373          0.000     ZYX  -2.397314E+01  -3.625826E+01   1.000000E+13
3.684310E+00   BH_4                  -31.878   41.501       8666.666      -3027.373          0.000     ZYY  -7.598753E+00  -1.573640E+00   1.000000E+13
2.233390E+00   BH_4                  -31.878   41.501       8666.666      -3027.373          0.000     ZXX  -3.205487E+00  -5.012551E+00   1.000000E+13
2.233390E+00   BH_4                  -31.878   41.501       8666.666      -3027.373          0.000     ZXY   5.900805E+00   9.379078E+00   1.000000E+13
2.233390E+00   BH_4                  -31.878   41.501       8666.666      -3027.373          0.000     ZYX  -3.651596E+01  -4.695481E+01   1.000000E+13
2.233390E+00   BH_4                  -31.878   41.501       8666.666      -3027.373          0.000     ZYY  -8.506654E+00  -1.634631E-01   1.000000E+13
1.353860E+00   BH_4                  -31.878   41.501       8666.666      -3027.373          0.000     ZXX  -5.042855E+00  -6.455626E+00   1.000000E+13
1.353860E+00   BH_4                  -31.878   41.501       8666.666      -3027.373          0.000     ZXY   8.251760E+00   1.302038E+01   1.000000E+13
1.353860E+00   BH_4                  -31.878   41.501       8666.666      -3027.373          0.000     ZYX  -5.340324E+01  -5.818085E+01   1.000000E+13
1.353860E+00   BH_4                  -31.878   41.501       8666.666      -3027.373          0.000     ZYY  -8.449772E+00   1.879342E+00   1.000000E+13
8.206950E-01   BH_4                  -31.878   41.501       8666.666      -3027.373          0.000     ZXX  -7.642526E+00  -7.802041E+00   1.000000E+13
8.206950E-01   BH_4                  -31.878   41.501       8666.666      -3027.373          0.000     ZXY   1.177753E+01   1.799005E+01   1.000000E+13
8.206950E-01   BH_4                  -31.878   41.501       8666.666      -3027.373          0.000     ZYX  -7.515627E+01  -6.863801E+01   1.000000E+13
8.206950E-01   BH_4                  -31.878   41.501       8666.666      -3027.373          0.000     ZYY  -7.113318E+00   4.029684E+00   1.000000E+13
4.974980E-01   BH_4                  -31.878   41.501       8666.666      -3027.373          0.000     ZXX  -1.094668E+01  -8.611406E+00   1.000000E+13
4.974980E-01   BH_4                  -31.878   41.501       8666.666      -3027.373          0.000     ZXY   1.714489E+01   2.438571E+01   1.000000E+13
4.974980E-01   BH_4                  -31.878   41.501       8666.666      -3027.373          0.000     ZYX  -1.008360E+02  -7.668693E+01   1.000000E+13
4.974980E-01   BH_4                  -31.878   41.501       8666.666      -3027.373          0.000     ZYY  -4.470238E+00   5.475077E+00   1.000000E+13
3.015780E-01   BH_4                  -31.878   41.501       8666.666      -3027.373          0.000     ZXX  -1.452265E+01  -8.597086E+00   1.000000E+13
3.015780E-01   BH_4                  -31.878   41.501       8666.666      -3027.373          0.000     ZXY   2.487417E+01   3.199679E+01   1.000000E+13
3.015780E-01   BH_4                  -31.878   41.501       8666.666      -3027.373          0.000     ZYX  -1.283340E+02  -8.181914E+01   1.000000E+13
3.015780E-01   BH_4                  -31.878   41.501       8666.666      -3027.373          0.000     ZYY  -9.495931E-01   5.177754E+00   1.000000E+13
1.828140E-01   BH_4                  -31.878   41.501       8666.666      -3027.373          0.000     ZXX  -1.797214E+01  -7.801029E+00   1.000000E+13
1.828140E-01   BH_4                  -31.878   41.501       8666.666      -3027.373          0.000     ZXY   3.522501E+01   4.062316E+01   1.000000E+13
1.828140E-01   BH_4                  -31.878   41.501       8666.666      -3027.373          0.000     ZYX  -1.562289E+02  -8.538003E+01   1.000000E+13
1.828140E-01   BH_4                  -31.878   41.501       8666.666      -3027.373          0.000     ZYY   2.024944E+00   2.623828E+00   1.000000E+13
1.108200E-01   BH_4                  -31.878   41.501       8666.666      -3027.373          0.000     ZXX  -2.116893E+01  -6.248230E+00   1.000000E+13
1.108200E-01   BH_4                  -31.878   41.501       8666.666      -3027.373          0.000     ZXY   4.823651E+01   5.029033E+01   1.000000E+13
1.108200E-01   BH_4                  -31.878   41.501       8666.666      -3027.373          0.000     ZYX  -1.853725E+02  -8.865096E+01   1.000000E+13
1.108200E-01   BH_4                  -31.878   41.501       8666.666      -3027.373          0.000     ZYY   2.537621E+00  -1.540482E+00   1.000000E+13
6.717810E-02   BH_4                  -31.878   41.501       8666.666      -3027.373          0.000     ZXX  -2.401465E+01  -3.666281E+00   1.000000E+13
6.717810E-02   BH_4                  -31.878   41.501       8666.666      -3027.373          0.000     ZXY   6.388832E+01   6.145336E+01   1.000000E+13
6.717810E-02   BH_4                  -31.878   41.501       8666.666      -3027.373          0.000     ZYX  -2.167001E+02  -9.021062E+01   1.000000E+13
6.717810E-02   BH_4                  -31.878   41.501       8666.666      -3027.373          0.000     ZYY  -2.042012E-01  -4.896869E+00   1.000000E+13
4.072260E-02   BH_4                  -31.878   41.501       8666.666      -3027.373          0.000     ZXX  -2.592948E+01   4.383864E-01   1.000000E+13
4.072260E-02   BH_4                  -31.878   41.501       8666.666      -3027.373          0.000     ZXY   8.261888E+01   7.527818E+01   1.000000E+13
4.072260E-02   BH_4                  -31.878   41.501       8666.666      -3027.373          0.000     ZYX  -2.484794E+02  -8.723586E+01   1.000000E+13
4.072260E-02   BH_4                  -31.878   41.501       8666.666      -3027.373          0.000     ZYY  -4.323825E+00  -5.173095E+00   1.000000E+13
2.468560E-02   BH_4                  -31.878   41.501       8666.666      -3027.373          0.000     ZXX  -2.577498E+01   5.984057E+00   1.000000E+13
2.468560E-02   BH_4                  -31.878   41.501       8666.666      -3027.373          0.000     ZXY   1.057550E+02   9.259981E+01   1.000000E+13
2.468560E-02   BH_4                  -31.878   41.501       8666.666      -3027.373          0.000     ZYX  -2.747896E+02  -8.010600E+01   1.000000E+13
2.468560E-02   BH_4                  -31.878   41.501       8666.666      -3027.373          0.000     ZYY  -6.497947E+00  -3.086615E+00   1.000000E+13
1.496420E-02   BH_4                  -31.878   41.501       8666.666      -3027.373          0.000     ZXX  -2.247924E+01   1.179766E+01   1.000000E+13
1.496420E-02   BH_4                  -31.878   41.501       8666.666      -3027.373          0.000     ZXY   1.363716E+02   1.113739E+02   1.000000E+13
1.496420E-02   BH_4                  -31.878   41.501       8666.666      -3027.373          0.000     ZYX  -2.935154E+02  -7.523057E+01   1.000000E+13
1.496420E-02   BH_4                  -31.878   41.501       8666.666      -3027.373          0.000     ZYY  -6.822941E+00  -6.569458E-01   1.000000E+13
9.071120E-03   BH_4                  -31.878   41.501       8666.666      -3027.373          0.000     ZXX  -1.532448E+01   1.634898E+01   1.000000E+13
9.071120E-03   BH_4                  -31.878   41.501       8666.666      -3027.373          0.000     ZXY   1.706305E+02   1.313977E+02   1.000000E+13
9.071120E-03   BH_4                  -31.878   41.501       8666.666      -3027.373          0.000     ZYX  -3.055785E+02  -7.302332E+01   1.000000E+13
9.071120E-03   BH_4                  -31.878   41.501       8666.666      -3027.373          0.000     ZYY  -7.086439E+00  -1.655845E+00   1.000000E+13
5.498830E-03   BH_4                  -31.878   41.501       8666.666      -3027.373          0.000     ZXX  -5.753378E+00   1.700140E+01   1.000000E+13
5.498830E-03   BH_4                  -31.878   41.501       8666.666      -3027.373          0.000     ZXY   2.085736E+02   1.527050E+02   1.000000E+13
5.498830E-03   BH_4                  -31.878   41.501       8666.666      -3027.373          0.000     ZYX  -3.116561E+02  -8.739352E+01   1.000000E+13
5.498830E-03   BH_4                  -31.878   41.501       8666.666      -3027.373          0.000     ZYY  -8.059142E+00   3.332614E-01   1.000000E+13
3.333330E-03   BH_4                  -31.878   41.501       8666.666      -3027.373          0.000     ZXX   2.562690E+00   1.216665E+01   1.000000E+13
3.333330E-03   BH_4                  -31.878   41.501       8666.666      -3027.373          0.000     ZXY   2.476363E+02   1.877401E+02   1.000000E+13
3.333330E-03   BH_4                  -31.878   41.501       8666.666      -3027.373          0.000     ZYX  -3.212440E+02  -1.257635E+02   1.000000E+13
3.333330E-03   BH_4                  -31.878   41.501       8666.666      -3027.373          0.000     ZYY  -1.040125E+01   2.020885E+00   1.000000E+13
3.333330E+02   BH_5                  -31.962   41.560       -780.271       2414.513          0.000     ZXX   1.168279E+00   2.807218E-01   1.000000E+13
3.333330E+02   BH_5                  -31.962   41.560       -780.271       2414.513          0.000     ZXY   3.551281E+00   3.149660E+00   1.000000E+13
3.333330E+02   BH_5                  -31.962   41.560       -780.271       2414.513          0.000     ZYX  -1.912367E+00  -2.059226E+00   1.000000E+13
3.333330E+02   BH_5                  -31.962   41.560       -780.271       2414.513          0.000     ZYY  -1.683510E+00  -1.168938E+00   1.000000E+13
2.020630E+02   BH_5                  -31.962   41.560       -780.271       2414.513          0.000     ZXX   1.095690E+00   2.755892E-01   1.000000E+13
2.020630E+02   BH_5                  -31.962   41.560       -780.271       2414.513          0.000     ZXY   4.472441E+00   3.817912E+00   1.000000E+13
2.020630E+02   BH_5                  -31.962   41.560       -780.271       2414.513          0.000     ZYX  -2.265503E+00  -2.545468E+00   1.000000E+13
2.020630E+02   BH_5                  -31.962   41.560       -780.271       2414.513          0.000     ZYY  -2.113654E+00  -1.287861E+00   1.000000E+13
1.224890E+02   BH_5                  -31.962   41.560       -780.271       2414.513          0.000     ZXX   1.194935E+00   2.307244E-01   1.000000E+13
1.224890E+02   BH_5                  -31.962   41.560       -780.271       2414.513          0.000     ZXY   5.508636E+00   4.611990E+00   1.000000E+13
1.224890E+02   BH_5                  -31.962   41.560       -780.271       2414.513          0.000     ZYX  -2.618432E+00  -3.598579E+00   1.000000E+13
1.224890E+02   BH_5                  -31.962   41.560       -780.271       2414.513          0.000     ZYY  -2.581442E+00  -1.322377E+00   1.000000E+13
7.425120E+01   BH_5                  -31.962   41.560       -780.271       2414.513          0.000     ZXX   1.272595E+00   1.960379E-01   1.000000E+13
7.425120E+01   BH_5                  -31.962   41.560       -780.271       2414.513          0.000     ZXY   6.737047E+00   5.646009E+00   1.000000E+13
7.425120E+01   BH_5                  -31.962   41.560       -780.271       2414.513          0.000     ZYX  -3.177213E+00  -5.473555E+00   1.000000E+13
7.425120E+01   BH_5                  -31.962   41.560       -780.271       2414.513          0.000     ZYY  -3.086264E+00  -1.202974E+00   1.000000E+13
4.501040E+01   BH_5                  -31.962   41.560       -780.271       2414.513          0.000     ZXX   1.348036E+00   1.411609E-01   1.000000E+13
4.501040E+01   BH_5                  -31.962   41.560       -780.271       2414.513          0.000     ZXY   8.059317E+00   7.151987E+00   1.000000E+13
4.501040E+01   BH_5                  -31.962   41.560       -780.271       2414.513          0.000     ZYX  -4.297214E+00  -8.212178E+00   1.000000E+13
4.501040E+01   BH_5                  -31.962   41.560       -780.271       2414.513          0.000     ZYY  -3.459691E+00  -9.685060E-01   1.000000E+13
2.728490E+01   BH_5                  -31.962   41.560       -780.271       2414.513          0.000     ZXX   1.404534E+00   6.557326E-02   1.000000E+13
2.728490E+01   BH_5                  -31.962   41.560       -780.271       2414.513          0.000     ZXY   9.691033E+00   9.516802E+00   1.000000E+13
2.728490E+01   BH_5                  -31.962   41.560       -780.271       2414.513          0.000     ZYX  -6.102301E+00  -1.206148E+01   1.000000E+13
2.728490E+01   BH_5                  -31.962   41.560       -780.271       2414.513          0.000     ZYY  -3.663922E+00  -8.114191E-01   1.000000E+13
1.653980E+01   BH_5                  -31.962   41.560       -780.271       2414.513          0.000     ZXX   1.385175E+00   7.153698E-02   1.000000E+13
1.653980E+01   BH_5                  -31.962   41.560       -780.271       2414.513          0.000     ZXY   1.201260E+01   1.297355E+01   1.000000E+13
1.653980E+01   BH_5                  -31.962   41.560       -780.271       2414.513          0.000     ZYX  -8.972196E+00  -1.756819E+01   1.000000E+13
1.653980E+01   BH_5                  -31.962   41.560       -780.271       2414.513          0.000     ZYY  -3.839838E+00  -7.809463E-01   1.000000E+13
1.002630E+01   BH_5                  -31.962   41.560       -780.271       2414.513          0.000     ZXX   1.330007E+00   2.030903E-01   1.000000E+13
1.002630E+01   BH_5                  -31.962   41.560       -780.271       2414.513          0.000     ZXY   1.542424E+01   1.769418E+01   1.000000E+13
1.002630E+01   BH_5                  -31.962   41.560       -780.271       2414.513          0.000     ZYX  -1.365132E+01  -2.512212E+01   1.000000E+13
1.002630E+01   BH_5                  -31.962   41.560       -780.271       2414.513          0.000     ZYY  -4.049169E+00  -8.263486E-01   1.000000E+13
6.077850E+00   BH_5                  -31.962   41.560       -780.271       2414.513          0.000     ZXX   1.405282E+00   3.721243E-01   1.000000E+13
6.077850E+00   BH_5                  -31.962   41.560       -780.271       2414.513          0.000     ZXY   2.027006E+01   2.383407E+01   1.000000E+13
6.077850E+00   BH_5                  -31.962   41.560       -780.271       2414.513          0.000     ZYX  -2.118670E+01  -3.481171E+01   1.000000E+13
6.077850E+00   BH_5                  -31.962   41.560       -780.271       2414.513          0.000     ZYY  -4.326339E+00  -8.059728E-01   1.000000E+13
3.684310E+00   BH_5                  -31.962   41.560       -780.271       2414.513          0.000     ZXX   1.382805E+00   4.128240E-01   1.000000E+13
3.684310E+00   BH_5                  -31.962   41.560       -780.271       2414.513          0.000     ZXY   2.681454E+01   3.179286E+01   1.000000E+13
3.684310E+00   BH_5                  -31.962   41.560       -780.271       2414.513          0.000     ZYX  -3.247071E+01  -4.630349E+01   1.000000E+13
3.684310E+00   BH_5                  -31.962   41.560       -780.271       2414.513          0.000     ZYY  -4.459017E+00  -7.621767E-01   1.000000E+13
2.233390E+00   BH_5                  -31.962   41.560       -780.271       2414.513          0.000     ZXX   8.749351E-01   7.038185E-01   1.000000E+13
2.233390E+00   BH_5                  -31.962   41.560       -780.271       2414.513          0.000     ZXY   3.569890E+01   4.234810E+01   1.000000E+13
2.233390E+00   BH_5                  -31.962   41.560       -780.271       2414.513          0.000     ZYX  -4.802772E+01  -5.928891E+01   1.000000E+13
2.233390E+00   BH_5                  -31.962   41.560       -780.271       2414.513          0.000     ZYY  -4.312926E+00  -8.835159E-01   1.000000E+13
1.353860E+00   BH_5                  -31.962   41.560       -780.271       2414.513          0.000     ZXX  -6.470620E-01   2.068084E+00   1.000000E+13
1.353860E+00   BH_5                  -31.962   41.560       -780.271       2414.513          0.000     ZXY   4.816539E+01   5.621103E+01   1.000000E+13
1.353860E+00   BH_5                  -31.962   41.560       -780.271       2414.513          0.000     ZYX  -6.796990E+01  -7.346740E+01   1.000000E+13
1.353860E+00   BH_5                  -31.962   41.560       -780.271       2414.513          0.000     ZYY  -3.571497E+00  -1.524605E+00   1.000000E+13
8.206950E-01   BH_5                  -31.962   41.560       -780.271       2414.513          0.000     ZXX  -2.241106E+00   5.949088E+00   1.000000E+13
8.206950E-01   BH_5                  -31.962   41.560       -780.271       2414.513          0.000     ZXY   6.654547E+01   7.357950E+01   1.000000E+13
8.206950E-01   BH_5                  -31.962   41.560       -780.271       2414.513          0.000     ZYX  -9.330187E+01  -8.867222E+01   1.000000E+13
8.206950E-01   BH_5                  -31.962   41.560       -780.271       2414.513          0.000     ZYY  -2.529794E+00  -3.529969E+00   1.000000E+13
4.974980E-01   BH_5                  -31.962   41.560       -780.271       2414.513          0.000     ZXX  -2.449917E+00   1.327162E+01   1.000000E+13
4.974980E-01   BH_5                  -31.962   41.560       -780.271       2414.513          0.000     ZXY   9.349962E+01   9.268151E+01   1.000000E+13
4.974980E-01   BH_5                  -31.962   41.560       -780.271       2414.513          0.000     ZYX  -1.242590E+02  -1.038232E+02   1.000000E+13
4.974980E-01   BH_5                  -31.962   41.560       -780.271       2414.513          0.000     ZYY  -2.083620E+00  -7.776026E+00   1.000000E+13
3.015780E-01   BH_5                  -31.962   41.560       -780.271       2414.513          0.000     ZXX   7.849402E-01   2.397391E+01   1.000000E+13
3.015780E-01   BH_5                  -31.962   41.560       -780.271       2414.513          0.000     ZXY   1.295692E+02   1.096165E+02   1.000000E+13
3.015780E-01   BH_5                  -31.962   41.560       -780.271       2414.513          0.000     ZYX  -1.598580E+02  -1.180503E+02   1.000000E+13
3.015780E-01   BH_5                  -31.962   41.560       -780.271       2414.513          0.000     ZYY  -3.662247E+00  -1.480934E+01   1.000000E+13
1.828140E-01   BH_5                  -31.962   41.560       -780.271       2414.513          0.000     ZXX   9.425006E+00   3.720425E+01   1.000000E+13
1.828140E-01   BH_5                  -31.962   41.560       -780.271       2414.513          0.000     ZXY   1.723186E+02   1.203677E+02   1.000000E+13
1.828140E-01   BH_5                  -31.962   41.560       -780.271       2414.513          0.000     ZYX  -1.989734E+02  -1.322526E+02   1.000000E+13
1.828140E-01   BH_5                  -31.962   41.560       -780.271       2414.513          0.000     ZYY  -9.301693E+00  -2.363792E+01   1.000000E+13
1.108200E-01   BH_5                  -31.962   41.560       -780.271       2414.513          0.000     ZXX   2.550374E+01   5.091834E+01   1.000000E+13
1.108200E-01   BH_5                  -31.962   41.560       -780.271       2414.513          0.000     ZXY   2.162655E+02   1.232466E+02   1.000000E+13
1.108200E-01   BH_5                  -31.962   41.560       -780.271       2414.513          0.000     ZYX  -2.424812E+02  -1.481832E+02   1.000000E+13
1.108200E-01   BH_5                  -31.962   41.560       -780.271       2414.513          0.000     ZYY  -2.035291E+01  -3.202641E+01   1.000000E+13
6.717810E-02   BH_5                  -31.962   41.560       -780.271       2414.513          0.000     ZXX   4.912795E+01   6.107317E+01   1.000000E+13
6.717810E-02   BH_5                  -31.962   41.560       -780.271       2414.513          0.000     ZXY   2.544411E+02   1.212347E+02   1.000000E+13
6.717810E-02   BH_5                  -31.962   41.560       -780.271       2414.513          0.000     ZYX  -2.920084E+02  -1.657111E+02   1.000000E+13
6.717810E-02   BH_5                  -31.962   41.560       -780.271       2414.513          0.000     ZYY  -3.580798E+01  -3.660274E+01   1.000000E+13
4.072260E-02   BH_5                  -31.962   41.560       -780.271       2414.513          0.000     ZXX   7.837248E+01   6.315402E+01   1.000000E+13
4.072260E-02   BH_5                  -31.962   41.560       -780.271       2414.513          0.000     ZXY   2.830478E+02   1.237535E+02   1.000000E+13
4.072260E-02   BH_5                  -31.962   41.560       -780.271       2414.513          0.000     ZYX  -3.481098E+02  -1.819043E+02   1.000000E+13
4.072260E-02   BH_5                  -31.962   41.560       -780.271       2414.513          0.000     ZYY  -5.245734E+01  -3.581132E+01   1.000000E+13
2.468560E-02   BH_5                  -31.962   41.560       -780.271       2414.513          0.000     ZXX   1.050451E+02   5.272031E+01   1.000000E+13
2.468560E-02   BH_5                  -31.962   41.560       -780.271       2414.513          0.000     ZXY   3.058663E+02   1.435202E+02   1.000000E+13
2.468560E-02   BH_5                  -31.962   41.560       -780.271       2414.513          0.000     ZYX  -4.046117E+02  -1.956025E+02   1.000000E+13
2.468560E-02   BH_5                  -31.962   41.560       -780.271       2414.513          0.000     ZYY  -6.644981E+01  -3.037141E+01   1.000000E+13
1.496420E-02   BH_5                  -31.962   41.560       -780.271       2414.513          0.000     ZXX   1.222195E+02   3.436978E+01   1.000000E+13
1.496420E-02   BH_5                  -31.962   41.560       -780.271       2414.513          0.000     ZXY   3.367659E+02   1.839234E+02   1.000000E+13
1.496420E-02   BH_5                  -31.962   41.560       -780.271       2414.513          0.000     ZYX  -4.574928E+02  -2.122815E+02   1.000000E+13
1.496420E-02   BH_5                  -31.962   41.560       -780.271       2414.513          0.000     ZYY  -7.739391E+01  -1.967021E+01   1.000000E+13
9.071120E-03   BH_5                  -31.962   41.560       -780.271       2414.513          0.000     ZXX   1.275300E+02   1.433977E+01   1.000000E+13
9.071120E-03   BH_5                  -31.962   41.560       -780.271       2414.513          0.000     ZXY   3.871275E+02   2.450571E+02   1.000000E+13
9.071120E-03   BH_5                  -31.962   41.560       -780.271       2414.513          0.000     ZYX  -5.092845E+02  -2.437160E+02   1.000000E+13
9.071120E-03   BH_5                  -31.962   41.560       -780.271       2414.513          0.000     ZYY  -8.155662E+01  -9.364960E+00   1.000000E+13
5.498830E-03   BH_5                  -31.962   41.560       -780.271       2414.513          0.000     ZXX   1.269495E+02   6.842322E-01   1.000000E+13
5.498830E-03   BH_5                  -31.962   41.560       -780.271       2414.513          0.000     ZXY   4.601397E+02   3.140526E+02   1.000000E+13
5.498830E-03   BH_5                  -31.962   41.560       -780.271       2414.513          0.000     ZYX  -5.716326E+02  -2.956916E+02   1.000000E+13
5.498830E-03   BH_5                  -31.962   41.560       -780.271       2414.513          0.000     ZYY  -8.275097E+01   4.318456E+00   1.000000E+13
3.333330E-03   BH_5                  -31.962   41.560       -780.271       2414.513          0.000     ZXX   1.227950E+02  -1.295639E+01   1.000000E+13
3.333330E-03   BH_5                  -31.962   41.560       -780.271       2414.513          0.000     ZXY   5.500287E+02   4.012369E+02   1.000000E+13
3.333330E-03   BH_5                  -31.962   41.560       -780.271       2414.513          0.000     ZYX  -6.443088E+02  -3.727526E+02   1.000000E+13
3.333330E-03   BH_5                  -31.962   41.560       -780.271       2414.513          0.000     ZYY  -7.838823E+01   1.335451E+01   1.000000E+13
3.333330E+02   BH_6_imp              -31.910   41.515       5119.271      -1715.203          0.000     ZXX   1.293616E+00  -2.972767E-01   1.000000E+13
3.333330E+02   BH_6_imp              -31.910   41.515       5119.271      -1715.203          0.000     ZXY   5.081692E+00   4.685161E+00   1.000000E+13
3.333330E+02   BH_6_imp              -31.910   41.515       5119.271      -1715.203          0.000     ZYX  -2.022352E+00  -2.067088E+00   1.000000E+13
3.333330E+02   BH_6_imp              -31.910   41.515       5119.271      -1715.203          0.000     ZYY  -1.977686E+00  -1.369892E+00   1.000000E+13
2.020630E+02   BH_6_imp              -31.910   41.515       5119.271      -1715.203          0.000     ZXX   1.050001E+00  -4.459350E-01   1.000000E+13
2.020630E+02   BH_6_imp              -31.910   41.515       5119.271      -1715.203          0.000     ZXY   6.412004E+00   5.766834E+00   1.000000E+13
2.020630E+02   BH_6_imp              -31.910   41.515       5119.271      -1715.203          0.000     ZYX  -2.329006E+00  -2.617107E+00   1.000000E+13
2.020630E+02   BH_6_imp              -31.910   41.515       5119.271      -1715.203          0.000     ZYY  -2.467334E+00  -1.530987E+00   1.000000E+13
1.224890E+02   BH_6_imp              -31.910   41.515       5119.271      -1715.203          0.000     ZXX   1.078979E+00  -7.909141E-01   1.000000E+13
1.224890E+02   BH_6_imp              -31.910   41.515       5119.271      -1715.203          0.000     ZXY   7.905750E+00   7.122030E+00   1.000000E+13
1.224890E+02   BH_6_imp              -31.910   41.515       5119.271      -1715.203          0.000     ZYX  -2.681085E+00  -3.759163E+00   1.000000E+13
1.224890E+02   BH_6_imp              -31.910   41.515       5119.271      -1715.203          0.000     ZYY  -2.986134E+00  -1.629506E+00   1.000000E+13
7.425120E+01   BH_6_imp              -31.910   41.515       5119.271      -1715.203          0.000     ZXX   1.047026E+00  -1.330883E+00   1.000000E+13
7.425120E+01   BH_6_imp              -31.910   41.515       5119.271      -1715.203          0.000     ZXY   9.705112E+00   8.954326E+00   1.000000E+13
7.425120E+01   BH_6_imp              -31.910   41.515       5119.271      -1715.203          0.000     ZYX  -3.254460E+00  -5.724760E+00   1.000000E+13
7.425120E+01   BH_6_imp              -31.910   41.515       5119.271      -1715.203          0.000     ZYY  -3.565671E+00  -1.611552E+00   1.000000E+13
4.501040E+01   BH_6_imp              -31.910   41.515       5119.271      -1715.203          0.000     ZXX   9.298970E-01  -2.226407E+00   1.000000E+13
4.501040E+01   BH_6_imp              -31.910   41.515       5119.271      -1715.203          0.000     ZXY   1.171772E+01   1.164028E+01   1.000000E+13
4.501040E+01   BH_6_imp              -31.910   41.515       5119.271      -1715.203          0.000     ZYX  -4.404354E+00  -8.596917E+00   1.000000E+13
4.501040E+01   BH_6_imp              -31.910   41.515       5119.271      -1715.203          0.000     ZYY  -4.059850E+00  -1.533588E+00   1.000000E+13
2.728490E+01   BH_6_imp              -31.910   41.515       5119.271      -1715.203          0.000     ZXX   6.061047E-01  -3.617084E+00   1.000000E+13
2.728490E+01   BH_6_imp              -31.910   41.515       5119.271      -1715.203          0.000     ZXY   1.423149E+01   1.578187E+01   1.000000E+13
2.728490E+01   BH_6_imp              -31.910   41.515       5119.271      -1715.203          0.000     ZYX  -6.230380E+00  -1.266617E+01   1.000000E+13
2.728490E+01   BH_6_imp              -31.910   41.515       5119.271      -1715.203          0.000     ZYY  -4.503688E+00  -1.579630E+00   1.000000E+13
1.653980E+01   BH_6_imp              -31.910   41.515       5119.271      -1715.203          0.000     ZXX  -1.745540E-01  -5.469733E+00   1.000000E+13
1.653980E+01   BH_6_imp              -31.910   41.515       5119.271      -1715.203          0.000     ZXY   1.779744E+01   2.189766E+01   1.000000E+13
1.653980E+01   BH_6_imp              -31.910   41.515       5119.271      -1715.203          0.000     ZYX  -9.142096E+00  -1.853652E+01   1.000000E+13
1.653980E+01   BH_6_imp              -31.910   41.515       5119.271      -1715.203          0.000     ZYY  -5.089525E+00  -1.715660E+00   1.000000E+13
1.002630E+01   BH_6_imp              -31.910   41.515       5119.271      -1715.203          0.000     ZXX  -1.549836E+00  -7.931177E+00   1.000000E+13
1.002630E+01   BH_6_imp              -31.910   41.515       5119.271      -1715.203          0.000     ZXY   2.309723E+01   3.051408E+01   1.000000E+13
1.002630E+01   BH_6_imp              -31.910   41.515       5119.271      -1715.203          0.000     ZYX  -1.393735E+01  -2.668088E+01   1.000000E+13
1.002630E+01   BH_6_imp              -31.910   41.515       5119.271      -1715.203          0.000     ZYY  -5.945611E+00  -1.738475E+00   1.000000E+13
6.077850E+00   BH_6_imp              -31.910   41.515       5119.271      -1715.203          0.000     ZXX  -3.629255E+00  -1.123167E+01   1.000000E+13
6.077850E+00   BH_6_imp              -31.910   41.515       5119.271      -1715.203          0.000     ZXY   3.081043E+01   4.212260E+01   1.000000E+13
6.077850E+00   BH_6_imp              -31.910   41.515       5119.271      -1715.203          0.000     ZYX  -2.177759E+01  -3.737987E+01   1.000000E+13
6.077850E+00   BH_6_imp              -31.910   41.515       5119.271      -1715.203          0.000     ZYY  -7.024665E+00  -1.314869E+00   1.000000E+13
3.684310E+00   BH_6_imp              -31.910   41.515       5119.271      -1715.203          0.000     ZXX  -6.995209E+00  -1.567785E+01   1.000000E+13
3.684310E+00   BH_6_imp              -31.910   41.515       5119.271      -1715.203          0.000     ZXY   4.161248E+01   5.764687E+01   1.000000E+13
3.684310E+00   BH_6_imp              -31.910   41.515       5119.271      -1715.203          0.000     ZYX  -3.388704E+01  -5.035350E+01   1.000000E+13
3.684310E+00   BH_6_imp              -31.910   41.515       5119.271      -1715.203          0.000     ZYY  -7.942418E+00  -1.494670E-01   1.000000E+13
2.233390E+00   BH_6_imp              -31.910   41.515       5119.271      -1715.203          0.000     ZXX  -1.242441E+01  -2.094991E+01   1.000000E+13
2.233390E+00   BH_6_imp              -31.910   41.515       5119.271      -1715.203          0.000     ZXY   5.651346E+01   7.863409E+01   1.000000E+13
2.233390E+00   BH_6_imp              -31.910   41.515       5119.271      -1715.203          0.000     ZYX  -5.146660E+01  -6.505217E+01   1.000000E+13
2.233390E+00   BH_6_imp              -31.910   41.515       5119.271      -1715.203          0.000     ZYY  -8.237452E+00   1.718218E+00   1.000000E+13
1.353860E+00   BH_6_imp              -31.910   41.515       5119.271      -1715.203          0.000     ZXX  -2.143250E+01  -2.649683E+01   1.000000E+13
1.353860E+00   BH_6_imp              -31.910   41.515       5119.271      -1715.203          0.000     ZXY   7.769159E+01   1.072252E+02   1.000000E+13
1.353860E+00   BH_6_imp              -31.910   41.515       5119.271      -1715.203          0.000     ZYX  -7.516030E+01  -8.030234E+01   1.000000E+13
1.353860E+00   BH_6_imp              -31.910   41.515       5119.271      -1715.203          0.000     ZYY  -7.140209E+00   4.123565E+00   1.000000E+13
8.206950E-01   BH_6_imp              -31.910   41.515       5119.271      -1715.203          0.000     ZXX  -3.431180E+01  -2.978951E+01   1.000000E+13
8.206950E-01   BH_6_imp              -31.910   41.515       5119.271      -1715.203          0.000     ZXY   1.094646E+02   1.451641E+02   1.000000E+13
8.206950E-01   BH_6_imp              -31.910   41.515       5119.271      -1715.203          0.000     ZYX  -1.058830E+02  -9.407008E+01   1.000000E+13
8.206950E-01   BH_6_imp              -31.910   41.515       5119.271      -1715.203          0.000     ZYY  -4.309296E+00   6.213208E+00   1.000000E+13
4.974980E-01   BH_6_imp              -31.910   41.515       5119.271      -1715.203          0.000     ZXX  -4.995517E+01  -2.751234E+01   1.000000E+13
4.974980E-01   BH_6_imp              -31.910   41.515       5119.271      -1715.203          0.000     ZXY   1.577951E+02   1.913635E+02   1.000000E+13
4.974980E-01   BH_6_imp              -31.910   41.515       5119.271      -1715.203          0.000     ZYX  -1.421809E+02  -1.031960E+02   1.000000E+13
4.974980E-01   BH_6_imp              -31.910   41.515       5119.271      -1715.203          0.000     ZYY   1.925832E-01   6.673978E+00   1.000000E+13
3.015780E-01   BH_6_imp              -31.910   41.515       5119.271      -1715.203          0.000     ZXX  -6.424375E+01  -1.744521E+01   1.000000E+13
3.015780E-01   BH_6_imp              -31.910   41.515       5119.271      -1715.203          0.000     ZXY   2.264393E+02   2.406513E+02   1.000000E+13
3.015780E-01   BH_6_imp              -31.910   41.515       5119.271      -1715.203          0.000     ZYX  -1.794971E+02  -1.058391E+02   1.000000E+13
3.015780E-01   BH_6_imp              -31.910   41.515       5119.271      -1715.203          0.000     ZYY   5.562542E+00   3.693319E+00   1.000000E+13
1.828140E-01   BH_6_imp              -31.910   41.515       5119.271      -1715.203          0.000     ZXX  -7.218525E+01  -2.184397E-01   1.000000E+13
1.828140E-01   BH_6_imp              -31.910   41.515       5119.271      -1715.203          0.000     ZXY   3.154433E+02   2.869428E+02   1.000000E+13
1.828140E-01   BH_6_imp              -31.910   41.515       5119.271      -1715.203          0.000     ZYX  -2.120531E+02  -1.047031E+02   1.000000E+13
1.828140E-01   BH_6_imp              -31.910   41.515       5119.271      -1715.203          0.000     ZYY   9.427036E+00  -3.529681E+00   1.000000E+13
1.108200E-01   BH_6_imp              -31.910   41.515       5119.271      -1715.203          0.000     ZXX  -6.969307E+01   2.113411E+01   1.000000E+13
1.108200E-01   BH_6_imp              -31.910   41.515       5119.271      -1715.203          0.000     ZXY   4.211005E+02   3.256230E+02   1.000000E+13
1.108200E-01   BH_6_imp              -31.910   41.515       5119.271      -1715.203          0.000     ZYX  -2.371577E+02  -1.074406E+02   1.000000E+13
1.108200E-01   BH_6_imp              -31.910   41.515       5119.271      -1715.203          0.000     ZYY   9.100025E+00  -1.448858E+01   1.000000E+13
6.717810E-02   BH_6_imp              -31.910   41.515       5119.271      -1715.203          0.000     ZXX  -5.582736E+01   4.054069E+01   1.000000E+13
6.717810E-02   BH_6_imp              -31.910   41.515       5119.271      -1715.203          0.000     ZXY   5.379869E+02   3.550299E+02   1.000000E+13
6.717810E-02   BH_6_imp              -31.910   41.515       5119.271      -1715.203          0.000     ZYX  -2.576123E+02  -1.230579E+02   1.000000E+13
6.717810E-02   BH_6_imp              -31.910   41.515       5119.271      -1715.203          0.000     ZYY   2.923822E+00  -2.726871E+01   1.000000E+13
4.072260E-02   BH_6_imp              -31.910   41.515       5119.271      -1715.203          0.000     ZXX  -3.380648E+01   5.222066E+01   1.000000E+13
4.072260E-02   BH_6_imp              -31.910   41.515       5119.271      -1715.203          0.000     ZXY   6.611062E+02   3.763371E+02   1.000000E+13
4.072260E-02   BH_6_imp              -31.910   41.515       5119.271      -1715.203          0.000     ZYX  -2.811304E+02  -1.569825E+02   1.000000E+13
4.072260E-02   BH_6_imp              -31.910   41.515       5119.271      -1715.203          0.000     ZYY  -1.004060E+01  -3.981180E+01   1.000000E+13
2.468560E-02   BH_6_imp              -31.910   41.515       5119.271      -1715.203          0.000     ZXX  -1.185335E+01   5.283267E+01   1.000000E+13
2.468560E-02   BH_6_imp              -31.910   41.515       5119.271      -1715.203          0.000     ZXY   7.824474E+02   3.924731E+02   1.000000E+13
2.468560E-02   BH_6_imp              -31.910   41.515       5119.271      -1715.203          0.000     ZYX  -3.143993E+02  -2.129516E+02   1.000000E+13
2.468560E-02   BH_6_imp              -31.910   41.515       5119.271      -1715.203          0.000     ZYY  -2.966351E+01  -4.790798E+01   1.000000E+13
1.496420E-02   BH_6_imp              -31.910   41.515       5119.271      -1715.203          0.000     ZXX   6.178191E+00   4.673720E+01   1.000000E+13
1.496420E-02   BH_6_imp              -31.910   41.515       5119.271      -1715.203          0.000     ZXY   9.012748E+02   4.021716E+02   1.000000E+13
1.496420E-02   BH_6_imp              -31.910   41.515       5119.271      -1715.203          0.000     ZYX  -3.664651E+02  -2.920504E+02   1.000000E+13
1.496420E-02   BH_6_imp              -31.910   41.515       5119.271      -1715.203          0.000     ZYY  -5.331072E+01  -4.696729E+01   1.000000E+13
9.071120E-03   BH_6_imp              -31.910   41.515       5119.271      -1715.203          0.000     ZXX   1.852208E+01   3.762829E+01   1.000000E+13
9.071120E-03   BH_6_imp              -31.910   41.515       5119.271      -1715.203          0.000     ZXY   1.008380E+03   4.269941E+02   1.000000E+13
9.071120E-03   BH_6_imp              -31.910   41.515       5119.271      -1715.203          0.000     ZYX  -4.434529E+02  -3.970363E+02   1.000000E+13
9.071120E-03   BH_6_imp              -31.910   41.515       5119.271      -1715.203          0.000     ZYY  -7.042541E+01  -3.719106E+01   1.000000E+13
5.498830E-03   BH_6_imp              -31.910   41.515       5119.271      -1715.203          0.000     ZXX   3.292194E+01   3.575849E+01   1.000000E+13
5.498830E-03   BH_6_imp              -31.910   41.515       5119.271      -1715.203          0.000     ZXY   1.107933E+03   4.748521E+02   1.000000E+13
5.498830E-03   BH_6_imp              -31.910   41.515       5119.271      -1715.203          0.000     ZYX  -5.562857E+02  -5.337712E+02   1.000000E+13
5.498830E-03   BH_6_imp              -31.910   41.515       5119.271      -1715.203          0.000     ZYY  -8.448093E+01  -2.353113E+01   1.000000E+13
3.333330E-03   BH_6_imp              -31.910   41.515       5119.271      -1715.203          0.000     ZXX   4.904403E+01   2.517562E+01   1.000000E+13
3.333330E-03   BH_6_imp              -31.910   41.515       5119.271      -1715.203          0.000     ZXY   1.213261E+03   5.891735E+02   1.000000E+13
3.333330E-03   BH_6_imp              -31.910   41.515       5119.271      -1715.203          0.000     ZYX  -7.081195E+02  -7.042697E+02   1.000000E+13
3.333330E-03   BH_6_imp              -31.910   41.515       5119.271      -1715.203          0.000     ZYY  -8.869205E+01  -1.201980E+01   1.000000E+13
3.333330E+02   BH_7_imp              -31.956   41.532          5.602       -239.191          0.000     ZXX  -8.810372E-01  -1.418996E+00   1.000000E+13
3.333330E+02   BH_7_imp              -31.956   41.532          5.602       -239.191          0.000     ZXY   5.405899E-01   7.283196E-01   1.000000E+13
3.333330E+02   BH_7_imp              -31.956   41.532          5.602       -239.191          0.000     ZYX  -5.193213E+00  -5.380843E+00   1.000000E+13
3.333330E+02   BH_7_imp              -31.956   41.532          5.602       -239.191          0.000     ZYY  -4.681799E+00  -3.256422E+00   1.000000E+13
2.020630E+02   BH_7_imp              -31.956   41.532          5.602       -239.191          0.000     ZXX  -1.143852E+00  -1.736385E+00   1.000000E+13
2.020630E+02   BH_7_imp              -31.956   41.532          5.602       -239.191          0.000     ZXY   6.765022E-01   9.845631E-01   1.000000E+13
2.020630E+02   BH_7_imp              -31.956   41.532          5.602       -239.191          0.000     ZYX  -6.006578E+00  -6.423277E+00   1.000000E+13
2.020630E+02   BH_7_imp              -31.956   41.532          5.602       -239.191          0.000     ZYY  -5.834781E+00  -3.627152E+00   1.000000E+13
1.224890E+02   BH_7_imp              -31.956   41.532          5.602       -239.191          0.000     ZXX  -1.343781E+00  -2.567305E+00   1.000000E+13
1.224890E+02   BH_7_imp              -31.956   41.532          5.602       -239.191          0.000     ZXY   8.355893E-01   1.382267E+00   1.000000E+13
1.224890E+02   BH_7_imp              -31.956   41.532          5.602       -239.191          0.000     ZYX  -6.780709E+00  -9.172223E+00   1.000000E+13
1.224890E+02   BH_7_imp              -31.956   41.532          5.602       -239.191          0.000     ZYY  -7.138261E+00  -3.788681E+00   1.000000E+13
7.425120E+01   BH_7_imp              -31.956   41.532          5.602       -239.191          0.000     ZXX  -1.722763E+00  -3.967505E+00   1.000000E+13
7.425120E+01   BH_7_imp              -31.956   41.532          5.602       -239.191          0.000     ZXY   1.069922E+00   2.034711E+00   1.000000E+13
7.425120E+01   BH_7_imp              -31.956   41.532          5.602       -239.191          0.000     ZYX  -8.212539E+00  -1.389093E+01   1.000000E+13
7.425120E+01   BH_7_imp              -31.956   41.532          5.602       -239.191          0.000     ZYY  -8.539078E+00  -3.614933E+00   1.000000E+13
4.501040E+01   BH_7_imp              -31.956   41.532          5.602       -239.191          0.000     ZXX  -2.501924E+00  -6.024938E+00   1.000000E+13
4.501040E+01   BH_7_imp              -31.956   41.532          5.602       -239.191          0.000     ZXY   1.439447E+00   3.036296E+00   1.000000E+13
4.501040E+01   BH_7_imp              -31.956   41.532          5.602       -239.191          0.000     ZYX  -1.102509E+01  -2.081282E+01   1.000000E+13
4.501040E+01   BH_7_imp              -31.956   41.532          5.602       -239.191          0.000     ZYY  -9.692529E+00  -3.214164E+00   1.000000E+13
2.728490E+01   BH_7_imp              -31.956   41.532          5.602       -239.191          0.000     ZXX  -3.809581E+00  -8.946134E+00   1.000000E+13
2.728490E+01   BH_7_imp              -31.956   41.532          5.602       -239.191          0.000     ZXY   2.070829E+00   4.469372E+00   1.000000E+13
2.728490E+01   BH_7_imp              -31.956   41.532          5.602       -239.191          0.000     ZYX  -1.561381E+01  -3.058959E+01   1.000000E+13
2.728490E+01   BH_7_imp              -31.956   41.532          5.602       -239.191          0.000     ZYY  -1.059223E+01  -3.038306E+00   1.000000E+13
1.653980E+01   BH_7_imp              -31.956   41.532          5.602       -239.191          0.000     ZXX  -5.963207E+00  -1.304768E+01   1.000000E+13
1.653980E+01   BH_7_imp              -31.956   41.532          5.602       -239.191          0.000     ZXY   3.047455E+00   6.468450E+00   1.000000E+13
1.653980E+01   BH_7_imp              -31.956   41.532          5.602       -239.191          0.000     ZYX  -2.297981E+01  -4.456464E+01   1.000000E+13
1.653980E+01   BH_7_imp              -31.956   41.532          5.602       -239.191          0.000     ZYY  -1.169285E+01  -3.072362E+00   1.000000E+13
1.002630E+01   BH_7_imp              -31.956   41.532          5.602       -239.191          0.000     ZXX  -9.495574E+00  -1.862729E+01   1.000000E+13
1.002630E+01   BH_7_imp              -31.956   41.532          5.602       -239.191          0.000     ZXY   4.541408E+00   9.256611E+00   1.000000E+13
1.002630E+01   BH_7_imp              -31.956   41.532          5.602       -239.191          0.000     ZYX  -3.509841E+01  -6.373588E+01   1.000000E+13
1.002630E+01   BH_7_imp              -31.956   41.532          5.602       -239.191          0.000     ZYY  -1.319909E+01  -2.881375E+00   1.000000E+13
6.077850E+00   BH_7_imp              -31.956   41.532          5.602       -239.191          0.000     ZXX  -1.514745E+01  -2.576670E+01   1.000000E+13
6.077850E+00   BH_7_imp              -31.956   41.532          5.602       -239.191          0.000     ZXY   6.739204E+00   1.313141E+01   1.000000E+13
6.077850E+00   BH_7_imp              -31.956   41.532          5.602       -239.191          0.000     ZYX  -5.484092E+01  -8.809512E+01   1.000000E+13
6.077850E+00   BH_7_imp              -31.956   41.532          5.602       -239.191          0.000     ZYY  -1.511097E+01  -1.703896E+00   1.000000E+13
3.684310E+00   BH_7_imp              -31.956   41.532          5.602       -239.191          0.000     ZXX  -2.376332E+01  -3.428428E+01   1.000000E+13
3.684310E+00   BH_7_imp              -31.956   41.532          5.602       -239.191          0.000     ZXY   1.002302E+01   1.842368E+01   1.000000E+13
3.684310E+00   BH_7_imp              -31.956   41.532          5.602       -239.191          0.000     ZYX  -8.474217E+01  -1.164325E+02   1.000000E+13
3.684310E+00   BH_7_imp              -31.956   41.532          5.602       -239.191          0.000     ZYY  -1.656075E+01   8.280083E-01   1.000000E+13
2.233390E+00   BH_7_imp              -31.956   41.532          5.602       -239.191          0.000     ZXX  -3.608939E+01  -4.356859E+01   1.000000E+13
2.233390E+00   BH_7_imp              -31.956   41.532          5.602       -239.191          0.000     ZXY   1.487899E+01   2.554555E+01   1.000000E+13
2.233390E+00   BH_7_imp              -31.956   41.532          5.602       -239.191          0.000     ZYX  -1.265871E+02  -1.468986E+02   1.000000E+13
2.233390E+00   BH_7_imp              -31.956   41.532          5.602       -239.191          0.000     ZYY  -1.668731E+01   4.649679E+00   1.000000E+13
1.353860E+00   BH_7_imp              -31.956   41.532          5.602       -239.191          0.000     ZXX  -5.260938E+01  -5.261228E+01   1.000000E+13
1.353860E+00   BH_7_imp              -31.956   41.532          5.602       -239.191          0.000     ZXY   2.222553E+01   3.495389E+01   1.000000E+13
1.353860E+00   BH_7_imp              -31.956   41.532          5.602       -239.191          0.000     ZYX  -1.807882E+02  -1.768540E+02   1.000000E+13
1.353860E+00   BH_7_imp              -31.956   41.532          5.602       -239.191          0.000     ZYY  -1.400759E+01   9.339399E+00   1.000000E+13
8.206950E-01   BH_7_imp              -31.956   41.532          5.602       -239.191          0.000     ZXX  -7.342698E+01  -5.975639E+01   1.000000E+13
8.206950E-01   BH_7_imp              -31.956   41.532          5.602       -239.191          0.000     ZXY   3.317085E+01   4.678988E+01   1.000000E+13
8.206950E-01   BH_7_imp              -31.956   41.532          5.602       -239.191          0.000     ZYX  -2.486264E+02  -2.025333E+02   1.000000E+13
8.206950E-01   BH_7_imp              -31.956   41.532          5.602       -239.191          0.000     ZYY  -8.213703E+00   1.321190E+01   1.000000E+13
4.974980E-01   BH_7_imp              -31.956   41.532          5.602       -239.191          0.000     ZXX  -9.719044E+01  -6.293718E+01   1.000000E+13
4.974980E-01   BH_7_imp              -31.956   41.532          5.602       -239.191          0.000     ZXY   4.909217E+01   6.048649E+01   1.000000E+13
4.974980E-01   BH_7_imp              -31.956   41.532          5.602       -239.191          0.000     ZYX  -3.271905E+02  -2.180122E+02   1.000000E+13
4.974980E-01   BH_7_imp              -31.956   41.532          5.602       -239.191          0.000     ZYY   4.628826E-02   1.395702E+01   1.000000E+13
3.015780E-01   BH_7_imp              -31.956   41.532          5.602       -239.191          0.000     ZXX  -1.209365E+02  -6.136492E+01   1.000000E+13
3.015780E-01   BH_7_imp              -31.956   41.532          5.602       -239.191          0.000     ZXY   7.056426E+01   7.421356E+01   1.000000E+13
3.015780E-01   BH_7_imp              -31.956   41.532          5.602       -239.191          0.000     ZYX  -4.084518E+02  -2.195126E+02   1.000000E+13
3.015780E-01   BH_7_imp              -31.956   41.532          5.602       -239.191          0.000     ZYY   8.657509E+00   8.733219E+00   1.000000E+13
1.828140E-01   BH_7_imp              -31.956   41.532          5.602       -239.191          0.000     ZXX  -1.421495E+02  -5.645744E+01   1.000000E+13
1.828140E-01   BH_7_imp              -31.956   41.532          5.602       -239.191          0.000     ZXY   9.597322E+01   8.655920E+01   1.000000E+13
1.828140E-01   BH_7_imp              -31.956   41.532          5.602       -239.191          0.000     ZYX  -4.834406E+02  -2.104204E+02   1.000000E+13
1.828140E-01   BH_7_imp              -31.956   41.532          5.602       -239.191          0.000     ZYY   1.229041E+01  -2.304735E+00   1.000000E+13
1.108200E-01   BH_7_imp              -31.956   41.532          5.602       -239.191          0.000     ZXX  -1.603235E+02  -5.040660E+01   1.000000E+13
1.108200E-01   BH_7_imp              -31.956   41.532          5.602       -239.191          0.000     ZXY   1.217284E+02   9.865975E+01   1.000000E+13
1.108200E-01   BH_7_imp              -31.956   41.532          5.602       -239.191          0.000     ZYX  -5.495327E+02  -1.990449E+02   1.000000E+13
1.108200E-01   BH_7_imp              -31.956   41.532          5.602       -239.191          0.000     ZYY   4.992598E+00  -1.441169E+01   1.000000E+13
6.717810E-02   BH_7_imp              -31.956   41.532          5.602       -239.191          0.000     ZXX  -1.765751E+02  -4.437427E+01   1.000000E+13
6.717810E-02   BH_7_imp              -31.956   41.532          5.602       -239.191          0.000     ZXY   1.456776E+02   1.166209E+02   1.000000E+13
6.717810E-02   BH_7_imp              -31.956   41.532          5.602       -239.191          0.000     ZYX  -6.093407E+02  -1.904338E+02   1.000000E+13
6.717810E-02   BH_7_imp              -31.956   41.532          5.602       -239.191          0.000     ZYY  -1.284414E+01  -1.647251E+01   1.000000E+13
4.072260E-02   BH_7_imp              -31.956   41.532          5.602       -239.191          0.000     ZXX  -1.920035E+02  -3.668077E+01   1.000000E+13
4.072260E-02   BH_7_imp              -31.956   41.532          5.602       -239.191          0.000     ZXY   1.720629E+02   1.486771E+02   1.000000E+13
4.072260E-02   BH_7_imp              -31.956   41.532          5.602       -239.191          0.000     ZYX  -6.648545E+02  -1.827526E+02   1.000000E+13
4.072260E-02   BH_7_imp              -31.956   41.532          5.602       -239.191          0.000     ZYY  -2.966774E+01  -7.507924E-01   1.000000E+13
2.468560E-02   BH_7_imp              -31.956   41.532          5.602       -239.191          0.000     ZXX  -2.039157E+02  -2.715237E+01   1.000000E+13
2.468560E-02   BH_7_imp              -31.956   41.532          5.602       -239.191          0.000     ZXY   2.094314E+02   1.985886E+02   1.000000E+13
2.468560E-02   BH_7_imp              -31.956   41.532          5.602       -239.191          0.000     ZYX  -7.071615E+02  -1.826720E+02   1.000000E+13
2.468560E-02   BH_7_imp              -31.956   41.532          5.602       -239.191          0.000     ZYY  -3.015291E+01   2.785250E+01   1.000000E+13
1.496420E-02   BH_7_imp              -31.956   41.532          5.602       -239.191          0.000     ZXX  -2.125823E+02  -1.294420E+01   1.000000E+13
1.496420E-02   BH_7_imp              -31.956   41.532          5.602       -239.191          0.000     ZXY   2.670973E+02   2.637029E+02   1.000000E+13
1.496420E-02   BH_7_imp              -31.956   41.532          5.602       -239.191          0.000     ZYX  -7.465364E+02  -1.930155E+02   1.000000E+13
1.496420E-02   BH_7_imp              -31.956   41.532          5.602       -239.191          0.000     ZYY  -1.131435E+01   5.947767E+01   1.000000E+13
9.071120E-03   BH_7_imp              -31.956   41.532          5.602       -239.191          0.000     ZXX  -2.165086E+02   1.782229E+00   1.000000E+13
9.071120E-03   BH_7_imp              -31.956   41.532          5.602       -239.191          0.000     ZXY   3.469129E+02   3.416808E+02   1.000000E+13
9.071120E-03   BH_7_imp              -31.956   41.532          5.602       -239.191          0.000     ZYX  -7.886503E+02  -2.257343E+02   1.000000E+13
9.071120E-03   BH_7_imp              -31.956   41.532          5.602       -239.191          0.000     ZYY   2.720668E+01   7.551315E+01   1.000000E+13
5.498830E-03   BH_7_imp              -31.956   41.532          5.602       -239.191          0.000     ZXX  -2.133268E+02   2.000439E+01   1.000000E+13
5.498830E-03   BH_7_imp              -31.956   41.532          5.602       -239.191          0.000     ZXY   4.515100E+02   4.302561E+02   1.000000E+13
5.498830E-03   BH_7_imp              -31.956   41.532          5.602       -239.191          0.000     ZYX  -8.415508E+02  -2.774801E+02   1.000000E+13
5.498830E-03   BH_7_imp              -31.956   41.532          5.602       -239.191          0.000     ZYY   7.371353E+01   7.668235E+01   1.000000E+13
3.333330E-03   BH_7_imp              -31.956   41.532          5.602       -239.191          0.000     ZXX  -2.013951E+02   3.591196E+01   1.000000E+13
3.333330E-03   BH_7_imp              -31.956   41.532          5.602       -239.191          0.000     ZXY   5.725528E+02   5.436668E+02   1.000000E+13
3.333330E-03   BH_7_imp              -31.956   41.532          5.602       -239.191          0.000     ZYX  -9.034461E+02  -3.619073E+02   1.000000E+13
3.333330E-03   BH_7_imp              -31.956   41.532          5.602       -239.191          0.000     ZYY   1.106367E+02   4.766907E+01   1.000000E+13
3.333330E+02   BH_8_imp              -31.902   41.557       5898.535       2248.781          0.000     ZXX   1.313747E+00   6.589309E-01   1.000000E+13
3.333330E+02   BH_8_imp              -31.902   41.557       5898.535       2248.781          0.000     ZXY   3.231489E+00   2.798527E+00   1.000000E+13
3.333330E+02   BH_8_imp              -31.902   41.557       5898.535       2248.781          0.000     ZYX  -1.395011E+00  -1.409729E+00   1.000000E+13
3.333330E+02   BH_8_imp              -31.902   41.557       5898.535       2248.781          0.000     ZYY  -1.667567E+00  -1.208233E+00   1.000000E+13
2.020630E+02   BH_8_imp              -31.902   41.557       5898.535       2248.781          0.000     ZXX   1.446039E+00   6.878042E-01   1.000000E+13
2.020630E+02   BH_8_imp              -31.902   41.557       5898.535       2248.781          0.000     ZXY   4.057621E+00   3.366090E+00   1.000000E+13
2.020630E+02   BH_8_imp              -31.902   41.557       5898.535       2248.781          0.000     ZYX  -1.695360E+00  -1.739336E+00   1.000000E+13
2.020630E+02   BH_8_imp              -31.902   41.557       5898.535       2248.781          0.000     ZYY  -2.074933E+00  -1.363218E+00   1.000000E+13
1.224890E+02   BH_8_imp              -31.902   41.557       5898.535       2248.781          0.000     ZXX   1.516144E+00   9.324222E-01   1.000000E+13
1.224890E+02   BH_8_imp              -31.902   41.557       5898.535       2248.781          0.000     ZXY   5.021177E+00   4.016521E+00   1.000000E+13
1.224890E+02   BH_8_imp              -31.902   41.557       5898.535       2248.781          0.000     ZYX  -1.909648E+00  -2.477694E+00   1.000000E+13
1.224890E+02   BH_8_imp              -31.902   41.557       5898.535       2248.781          0.000     ZYY  -2.540399E+00  -1.482791E+00   1.000000E+13
7.425120E+01   BH_8_imp              -31.902   41.557       5898.535       2248.781          0.000     ZXX   1.718137E+00   1.374011E+00   1.000000E+13
7.425120E+01   BH_8_imp              -31.902   41.557       5898.535       2248.781          0.000     ZXY   6.114962E+00   4.815562E+00   1.000000E+13
7.425120E+01   BH_8_imp              -31.902   41.557       5898.535       2248.781          0.000     ZYX  -2.314740E+00  -3.780061E+00   1.000000E+13
7.425120E+01   BH_8_imp              -31.902   41.557       5898.535       2248.781          0.000     ZYY  -3.049447E+00  -1.517991E+00   1.000000E+13
4.501040E+01   BH_8_imp              -31.902   41.557       5898.535       2248.781          0.000     ZXX   2.092697E+00   1.947665E+00   1.000000E+13
4.501040E+01   BH_8_imp              -31.902   41.557       5898.535       2248.781          0.000     ZXY   7.246178E+00   5.975890E+00   1.000000E+13
4.501040E+01   BH_8_imp              -31.902   41.557       5898.535       2248.781          0.000     ZYX  -3.124869E+00  -5.648968E+00   1.000000E+13
4.501040E+01   BH_8_imp              -31.902   41.557       5898.535       2248.781          0.000     ZYY  -3.494848E+00  -1.528554E+00   1.000000E+13
2.728490E+01   BH_8_imp              -31.902   41.557       5898.535       2248.781          0.000     ZXX   2.610611E+00   2.687585E+00   1.000000E+13
2.728490E+01   BH_8_imp              -31.902   41.557       5898.535       2248.781          0.000     ZXY   8.560657E+00   7.846633E+00   1.000000E+13
2.728490E+01   BH_8_imp              -31.902   41.557       5898.535       2248.781          0.000     ZYX  -4.398289E+00  -8.248747E+00   1.000000E+13
2.728490E+01   BH_8_imp              -31.902   41.557       5898.535       2248.781          0.000     ZYY  -3.910871E+00  -1.661966E+00   1.000000E+13
1.653980E+01   BH_8_imp              -31.902   41.557       5898.535       2248.781          0.000     ZXX   3.311018E+00   3.779739E+00   1.000000E+13
1.653980E+01   BH_8_imp              -31.902   41.557       5898.535       2248.781          0.000     ZXY   1.036272E+01   1.067881E+01   1.000000E+13
1.653980E+01   BH_8_imp              -31.902   41.557       5898.535       2248.781          0.000     ZYX  -6.399692E+00  -1.194044E+01   1.000000E+13
1.653980E+01   BH_8_imp              -31.902   41.557       5898.535       2248.781          0.000     ZYY  -4.437180E+00  -1.918746E+00   1.000000E+13
1.002630E+01   BH_8_imp              -31.902   41.557       5898.535       2248.781          0.000     ZXX   4.391143E+00   5.315346E+00   1.000000E+13
1.002630E+01   BH_8_imp              -31.902   41.557       5898.535       2248.781          0.000     ZXY   1.300468E+01   1.468588E+01   1.000000E+13
1.002630E+01   BH_8_imp              -31.902   41.557       5898.535       2248.781          0.000     ZYX  -9.639966E+00  -1.699683E+01   1.000000E+13
1.002630E+01   BH_8_imp              -31.902   41.557       5898.535       2248.781          0.000     ZYY  -5.194375E+00  -2.204043E+00   1.000000E+13
6.077850E+00   BH_8_imp              -31.902   41.557       5898.535       2248.781          0.000     ZXX   6.256281E+00   7.223293E+00   1.000000E+13
6.077850E+00   BH_8_imp              -31.902   41.557       5898.535       2248.781          0.000     ZXY   1.682539E+01   2.005879E+01   1.000000E+13
6.077850E+00   BH_8_imp              -31.902   41.557       5898.535       2248.781          0.000     ZYX  -1.492074E+01  -2.350696E+01   1.000000E+13
6.077850E+00   BH_8_imp              -31.902   41.557       5898.535       2248.781          0.000     ZYY  -6.208607E+00  -2.314576E+00   1.000000E+13
3.684310E+00   BH_8_imp              -31.902   41.557       5898.535       2248.781          0.000     ZXX   9.028207E+00   9.135608E+00   1.000000E+13
3.684310E+00   BH_8_imp              -31.902   41.557       5898.535       2248.781          0.000     ZXY   2.206926E+01   2.717353E+01   1.000000E+13
3.684310E+00   BH_8_imp              -31.902   41.557       5898.535       2248.781          0.000     ZYX  -2.301622E+01  -3.109738E+01   1.000000E+13
3.684310E+00   BH_8_imp              -31.902   41.557       5898.535       2248.781          0.000     ZYY  -7.318282E+00  -2.037951E+00   1.000000E+13
2.233390E+00   BH_8_imp              -31.902   41.557       5898.535       2248.781          0.000     ZXX   1.269630E+01   1.079324E+01   1.000000E+13
2.233390E+00   BH_8_imp              -31.902   41.557       5898.535       2248.781          0.000     ZXY   2.927412E+01   3.680886E+01   1.000000E+13
2.233390E+00   BH_8_imp              -31.902   41.557       5898.535       2248.781          0.000     ZYX  -3.461363E+01  -3.907364E+01   1.000000E+13
2.233390E+00   BH_8_imp              -31.902   41.557       5898.535       2248.781          0.000     ZYY  -8.310534E+00  -1.325860E+00   1.000000E+13
1.353860E+00   BH_8_imp              -31.902   41.557       5898.535       2248.781          0.000     ZXX   1.665792E+01   1.194520E+01   1.000000E+13
1.353860E+00   BH_8_imp              -31.902   41.557       5898.535       2248.781          0.000     ZXY   3.953804E+01   4.982213E+01   1.000000E+13
1.353860E+00   BH_8_imp              -31.902   41.557       5898.535       2248.781          0.000     ZYX  -4.980451E+01  -4.631552E+01   1.000000E+13
1.353860E+00   BH_8_imp              -31.902   41.557       5898.535       2248.781          0.000     ZYY  -8.822082E+00  -1.601966E-01   1.000000E+13
8.206950E-01   BH_8_imp              -31.902   41.557       5898.535       2248.781          0.000     ZXX   2.097914E+01   1.274475E+01   1.000000E+13
8.206950E-01   BH_8_imp              -31.902   41.557       5898.535       2248.781          0.000     ZXY   5.506194E+01   6.664940E+01   1.000000E+13
8.206950E-01   BH_8_imp              -31.902   41.557       5898.535       2248.781          0.000     ZYX  -6.850402E+01  -5.122161E+01   1.000000E+13
8.206950E-01   BH_8_imp              -31.902   41.557       5898.535       2248.781          0.000     ZYY  -8.717032E+00   1.277006E+00   1.000000E+13
4.974980E-01   BH_8_imp              -31.902   41.557       5898.535       2248.781          0.000     ZXX   2.536406E+01   1.322810E+01   1.000000E+13
4.974980E-01   BH_8_imp              -31.902   41.557       5898.535       2248.781          0.000     ZXY   7.834895E+01   8.606166E+01   1.000000E+13
4.974980E-01   BH_8_imp              -31.902   41.557       5898.535       2248.781          0.000     ZYX  -8.901577E+01  -5.201382E+01   1.000000E+13
4.974980E-01   BH_8_imp              -31.902   41.557       5898.535       2248.781          0.000     ZYY  -7.897137E+00   2.675526E+00   1.000000E+13
3.015780E-01   BH_8_imp              -31.902   41.557       5898.535       2248.781          0.000     ZXX   2.968809E+01   1.353525E+01   1.000000E+13
3.015780E-01   BH_8_imp              -31.902   41.557       5898.535       2248.781          0.000     ZXY   1.101370E+02   1.052153E+02   1.000000E+13
3.015780E-01   BH_8_imp              -31.902   41.557       5898.535       2248.781          0.000     ZYX  -1.082455E+02  -4.812104E+01   1.000000E+13
3.015780E-01   BH_8_imp              -31.902   41.557       5898.535       2248.781          0.000     ZYY  -6.487461E+00   3.510526E+00   1.000000E+13
1.828140E-01   BH_8_imp              -31.902   41.557       5898.535       2248.781          0.000     ZXX   3.404035E+01   1.391968E+01   1.000000E+13
1.828140E-01   BH_8_imp              -31.902   41.557       5898.535       2248.781          0.000     ZXY   1.490783E+02   1.213688E+02   1.000000E+13
1.828140E-01   BH_8_imp              -31.902   41.557       5898.535       2248.781          0.000     ZYX  -1.229022E+02  -4.132888E+01   1.000000E+13
1.828140E-01   BH_8_imp              -31.902   41.557       5898.535       2248.781          0.000     ZYY  -5.108965E+00   3.872532E+00   1.000000E+13
1.108200E-01   BH_8_imp              -31.902   41.557       5898.535       2248.781          0.000     ZXX   3.897066E+01   1.455544E+01   1.000000E+13
1.108200E-01   BH_8_imp              -31.902   41.557       5898.535       2248.781          0.000     ZXY   1.919105E+02   1.337447E+02   1.000000E+13
1.108200E-01   BH_8_imp              -31.902   41.557       5898.535       2248.781          0.000     ZYX  -1.313842E+02  -3.584086E+01   1.000000E+13
1.108200E-01   BH_8_imp              -31.902   41.557       5898.535       2248.781          0.000     ZYY  -4.139082E+00   4.183982E+00   1.000000E+13
6.717810E-02   BH_8_imp              -31.902   41.557       5898.535       2248.781          0.000     ZXX   4.468599E+01   1.452291E+01   1.000000E+13
6.717810E-02   BH_8_imp              -31.902   41.557       5898.535       2248.781          0.000     ZXY   2.356321E+02   1.445601E+02   1.000000E+13
6.717810E-02   BH_8_imp              -31.902   41.557       5898.535       2248.781          0.000     ZYX  -1.353285E+02  -3.671195E+01   1.000000E+13
6.717810E-02   BH_8_imp              -31.902   41.557       5898.535       2248.781          0.000     ZYY  -3.558452E+00   5.119536E+00   1.000000E+13
4.072260E-02   BH_8_imp              -31.902   41.557       5898.535       2248.781          0.000     ZXX   5.010237E+01   1.276813E+01   1.000000E+13
4.072260E-02   BH_8_imp              -31.902   41.557       5898.535       2248.781          0.000     ZXY   2.801209E+02   1.580193E+02   1.000000E+13
4.072260E-02   BH_8_imp              -31.902   41.557       5898.535       2248.781          0.000     ZYX  -1.391988E+02  -4.649689E+01   1.000000E+13
4.072260E-02   BH_8_imp              -31.902   41.557       5898.535       2248.781          0.000     ZYY  -2.919542E+00   7.398284E+00   1.000000E+13
2.468560E-02   BH_8_imp              -31.902   41.557       5898.535       2248.781          0.000     ZXX   5.244718E+01   1.043364E+01   1.000000E+13
2.468560E-02   BH_8_imp              -31.902   41.557       5898.535       2248.781          0.000     ZXY   3.277955E+02   1.777036E+02   1.000000E+13
2.468560E-02   BH_8_imp              -31.902   41.557       5898.535       2248.781          0.000     ZYX  -1.473775E+02  -6.596920E+01   1.000000E+13
2.468560E-02   BH_8_imp              -31.902   41.557       5898.535       2248.781          0.000     ZYY  -8.054316E-01   1.154714E+01   1.000000E+13
1.496420E-02   BH_8_imp              -31.902   41.557       5898.535       2248.781          0.000     ZXX   5.520361E+01   1.076420E+01   1.000000E+13
1.496420E-02   BH_8_imp              -31.902   41.557       5898.535       2248.781          0.000     ZXY   3.831990E+02   2.010107E+02   1.000000E+13
1.496420E-02   BH_8_imp              -31.902   41.557       5898.535       2248.781          0.000     ZYX  -1.627219E+02  -9.449788E+01   1.000000E+13
1.496420E-02   BH_8_imp              -31.902   41.557       5898.535       2248.781          0.000     ZYY   4.964077E+00   1.641599E+01   1.000000E+13
9.071120E-03   BH_8_imp              -31.902   41.557       5898.535       2248.781          0.000     ZXX   6.067600E+01   9.013896E+00   1.000000E+13
9.071120E-03   BH_8_imp              -31.902   41.557       5898.535       2248.781          0.000     ZXY   4.475721E+02   2.276100E+02   1.000000E+13
9.071120E-03   BH_8_imp              -31.902   41.557       5898.535       2248.781          0.000     ZYX  -1.869781E+02  -1.307769E+02   1.000000E+13
9.071120E-03   BH_8_imp              -31.902   41.557       5898.535       2248.781          0.000     ZYY   1.426152E+01   1.827635E+01   1.000000E+13
5.498830E-03   BH_8_imp              -31.902   41.557       5898.535       2248.781          0.000     ZXX   6.865534E+01   5.956028E-01   1.000000E+13
5.498830E-03   BH_8_imp              -31.902   41.557       5898.535       2248.781          0.000     ZXY   5.158631E+02   2.538120E+02   1.000000E+13
5.498830E-03   BH_8_imp              -31.902   41.557       5898.535       2248.781          0.000     ZYX  -2.246278E+02  -1.798086E+02   1.000000E+13
5.498830E-03   BH_8_imp              -31.902   41.557       5898.535       2248.781          0.000     ZYY   2.466435E+01   1.485157E+01   1.000000E+13
3.333330E-03   BH_8_imp              -31.902   41.557       5898.535       2248.781          0.000     ZXX   6.906803E+01  -1.441522E+01   1.000000E+13
3.333330E-03   BH_8_imp              -31.902   41.557       5898.535       2248.781          0.000     ZXY   5.824179E+02   2.898195E+02   1.000000E+13
3.333330E-03   BH_8_imp              -31.902   41.557       5898.535       2248.781          0.000     ZYX  -2.816935E+02  -2.396088E+02   1.000000E+13
3.333330E-03   BH_8_imp              -31.902   41.557       5898.535       2248.781          0.000     ZYY   3.227458E+01   6.242783E+00   1.000000E+13
3.333330E+02   BH_9_imp              -32.003   41.592      -5341.274       5240.312          0.000     ZXX   1.585276E+00   9.626199E-01   1.000000E+13
3.333330E+02   BH_9_imp              -32.003   41.592      -5341.274       5240.312          0.000     ZXY   3.778235E+00   3.289711E+00   1.000000E+13
3.333330E+02   BH_9_imp              -32.003   41.592      -5341.274       5240.312          0.000     ZYX  -2.026521E+00  -1.751504E+00   1.000000E+13
3.333330E+02   BH_9_imp              -32.003   41.592      -5341.274       5240.312          0.000     ZYY  -3.251523E+00  -2.717777E+00   1.000000E+13
2.020630E+02   BH_9_imp              -32.003   41.592      -5341.274       5240.312          0.000     ZXX   1.739275E+00   1.073016E+00   1.000000E+13
2.020630E+02   BH_9_imp              -32.003   41.592      -5341.274       5240.312          0.000     ZXY   4.790181E+00   3.946615E+00   1.000000E+13
2.020630E+02   BH_9_imp              -32.003   41.592      -5341.274       5240.312          0.000     ZYX  -2.351632E+00  -2.105059E+00   1.000000E+13
2.020630E+02   BH_9_imp              -32.003   41.592      -5341.274       5240.312          0.000     ZYY  -4.140366E+00  -3.198721E+00   1.000000E+13
1.224890E+02   BH_9_imp              -32.003   41.592      -5341.274       5240.312          0.000     ZXX   1.939773E+00   1.279035E+00   1.000000E+13
1.224890E+02   BH_9_imp              -32.003   41.592      -5341.274       5240.312          0.000     ZXY   5.896669E+00   4.679123E+00   1.000000E+13
1.224890E+02   BH_9_imp              -32.003   41.592      -5341.274       5240.312          0.000     ZYX  -2.688023E+00  -2.756488E+00   1.000000E+13
1.224890E+02   BH_9_imp              -32.003   41.592      -5341.274       5240.312          0.000     ZYY  -5.101408E+00  -3.681998E+00   1.000000E+13
7.425120E+01   BH_9_imp              -32.003   41.592      -5341.274       5240.312          0.000     ZXX   2.158370E+00   1.751304E+00   1.000000E+13
7.425120E+01   BH_9_imp              -32.003   41.592      -5341.274       5240.312          0.000     ZXY   7.220894E+00   5.567737E+00   1.000000E+13
7.425120E+01   BH_9_imp              -32.003   41.592      -5341.274       5240.312          0.000     ZYX  -3.128871E+00  -4.053886E+00   1.000000E+13
7.425120E+01   BH_9_imp              -32.003   41.592      -5341.274       5240.312          0.000     ZYY  -6.238538E+00  -4.155886E+00   1.000000E+13
4.501040E+01   BH_9_imp              -32.003   41.592      -5341.274       5240.312          0.000     ZXX   2.508286E+00   2.486130E+00   1.000000E+13
4.501040E+01   BH_9_imp              -32.003   41.592      -5341.274       5240.312          0.000     ZXY   8.581771E+00   6.830268E+00   1.000000E+13
4.501040E+01   BH_9_imp              -32.003   41.592      -5341.274       5240.312          0.000     ZYX  -3.965190E+00  -5.981975E+00   1.000000E+13
4.501040E+01   BH_9_imp              -32.003   41.592      -5341.274       5240.312          0.000     ZYY  -7.304114E+00  -4.773119E+00   1.000000E+13
2.728490E+01   BH_9_imp              -32.003   41.592      -5341.274       5240.312          0.000     ZXX   3.025725E+00   3.561895E+00   1.000000E+13
2.728490E+01   BH_9_imp              -32.003   41.592      -5341.274       5240.312          0.000     ZXY   1.019455E+01   8.865521E+00   1.000000E+13
2.728490E+01   BH_9_imp              -32.003   41.592      -5341.274       5240.312          0.000     ZYX  -5.280198E+00  -8.706525E+00   1.000000E+13
2.728490E+01   BH_9_imp              -32.003   41.592      -5341.274       5240.312          0.000     ZYY  -8.402251E+00  -5.902444E+00   1.000000E+13
1.653980E+01   BH_9_imp              -32.003   41.592      -5341.274       5240.312          0.000     ZXX   3.790006E+00   5.230444E+00   1.000000E+13
1.653980E+01   BH_9_imp              -32.003   41.592      -5341.274       5240.312          0.000     ZXY   1.242892E+01   1.185048E+01   1.000000E+13
1.653980E+01   BH_9_imp              -32.003   41.592      -5341.274       5240.312          0.000     ZYX  -7.322357E+00  -1.265578E+01   1.000000E+13
1.653980E+01   BH_9_imp              -32.003   41.592      -5341.274       5240.312          0.000     ZYY  -9.816835E+00  -7.707942E+00   1.000000E+13
1.002630E+01   BH_9_imp              -32.003   41.592      -5341.274       5240.312          0.000     ZXX   4.998559E+00   7.635925E+00   1.000000E+13
1.002630E+01   BH_9_imp              -32.003   41.592      -5341.274       5240.312          0.000     ZXY   1.564409E+01   1.587595E+01   1.000000E+13
1.002630E+01   BH_9_imp              -32.003   41.592      -5341.274       5240.312          0.000     ZYX  -1.055847E+01  -1.808845E+01   1.000000E+13
1.002630E+01   BH_9_imp              -32.003   41.592      -5341.274       5240.312          0.000     ZYY  -1.183895E+01  -1.026947E+01   1.000000E+13
6.077850E+00   BH_9_imp              -32.003   41.592      -5341.274       5240.312          0.000     ZXX   7.084972E+00   1.087416E+01   1.000000E+13
6.077850E+00   BH_9_imp              -32.003   41.592      -5341.274       5240.312          0.000     ZXY   2.004056E+01   2.101948E+01   1.000000E+13
6.077850E+00   BH_9_imp              -32.003   41.592      -5341.274       5240.312          0.000     ZYX  -1.568612E+01  -2.515418E+01   1.000000E+13
6.077850E+00   BH_9_imp              -32.003   41.592      -5341.274       5240.312          0.000     ZYY  -1.463924E+01  -1.363360E+01   1.000000E+13
3.684310E+00   BH_9_imp              -32.003   41.592      -5341.274       5240.312          0.000     ZXX   1.015509E+01   1.489336E+01   1.000000E+13
3.684310E+00   BH_9_imp              -32.003   41.592      -5341.274       5240.312          0.000     ZXY   2.571644E+01   2.766124E+01   1.000000E+13
3.684310E+00   BH_9_imp              -32.003   41.592      -5341.274       5240.312          0.000     ZYX  -2.307254E+01  -3.385992E+01   1.000000E+13
3.684310E+00   BH_9_imp              -32.003   41.592      -5341.274       5240.312          0.000     ZYY  -1.832550E+01  -1.803341E+01   1.000000E+13
2.233390E+00   BH_9_imp              -32.003   41.592      -5341.274       5240.312          0.000     ZXX   1.434389E+01   2.008782E+01   1.000000E+13
2.233390E+00   BH_9_imp              -32.003   41.592      -5341.274       5240.312          0.000     ZXY   3.306575E+01   3.663753E+01   1.000000E+13
2.233390E+00   BH_9_imp              -32.003   41.592      -5341.274       5240.312          0.000     ZYX  -3.302886E+01  -4.465936E+01   1.000000E+13
2.233390E+00   BH_9_imp              -32.003   41.592      -5341.274       5240.312          0.000     ZYY  -2.325785E+01  -2.400646E+01   1.000000E+13
1.353860E+00   BH_9_imp              -32.003   41.592      -5341.274       5240.312          0.000     ZXX   1.975746E+01   2.711967E+01   1.000000E+13
1.353860E+00   BH_9_imp              -32.003   41.592      -5341.274       5240.312          0.000     ZXY   4.299856E+01   4.883711E+01   1.000000E+13
1.353860E+00   BH_9_imp              -32.003   41.592      -5341.274       5240.312          0.000     ZYX  -4.579607E+01  -5.850956E+01   1.000000E+13
1.353860E+00   BH_9_imp              -32.003   41.592      -5341.274       5240.312          0.000     ZYY  -3.007926E+01  -3.195681E+01   1.000000E+13
8.206950E-01   BH_9_imp              -32.003   41.592      -5341.274       5240.312          0.000     ZXX   2.807849E+01   3.647113E+01   1.000000E+13
8.206950E-01   BH_9_imp              -32.003   41.592      -5341.274       5240.312          0.000     ZXY   5.730609E+01   6.490412E+01   1.000000E+13
8.206950E-01   BH_9_imp              -32.003   41.592      -5341.274       5240.312          0.000     ZYX  -6.359242E+01  -7.635465E+01   1.000000E+13
8.206950E-01   BH_9_imp              -32.003   41.592      -5341.274       5240.312          0.000     ZYY  -4.015513E+01  -4.202755E+01   1.000000E+13
4.974980E-01   BH_9_imp              -32.003   41.592      -5341.274       5240.312          0.000     ZXX   4.054080E+01   4.745228E+01   1.000000E+13
4.974980E-01   BH_9_imp              -32.003   41.592      -5341.274       5240.312          0.000     ZXY   7.786518E+01   8.450599E+01   1.000000E+13
4.974980E-01   BH_9_imp              -32.003   41.592      -5341.274       5240.312          0.000     ZYX  -8.835201E+01  -9.773568E+01   1.000000E+13
4.974980E-01   BH_9_imp              -32.003   41.592      -5341.274       5240.312          0.000     ZYY  -5.465082E+01  -5.339431E+01   1.000000E+13
3.015780E-01   BH_9_imp              -32.003   41.592      -5341.274       5240.312          0.000     ZXX   5.770364E+01   5.879465E+01   1.000000E+13
3.015780E-01   BH_9_imp              -32.003   41.592      -5341.274       5240.312          0.000     ZXY   1.055767E+02   1.070460E+02   1.000000E+13
3.015780E-01   BH_9_imp              -32.003   41.592      -5341.274       5240.312          0.000     ZYX  -1.213056E+02  -1.215046E+02   1.000000E+13
3.015780E-01   BH_9_imp              -32.003   41.592      -5341.274       5240.312          0.000     ZYY  -7.359526E+01  -6.521121E+01   1.000000E+13
1.828140E-01   BH_9_imp              -32.003   41.592      -5341.274       5240.312          0.000     ZXX   7.967554E+01   6.948192E+01   1.000000E+13
1.828140E-01   BH_9_imp              -32.003   41.592      -5341.274       5240.312          0.000     ZXY   1.415714E+02   1.319469E+02   1.000000E+13
1.828140E-01   BH_9_imp              -32.003   41.592      -5341.274       5240.312          0.000     ZYX  -1.634147E+02  -1.466575E+02   1.000000E+13
1.828140E-01   BH_9_imp              -32.003   41.592      -5341.274       5240.312          0.000     ZYY  -9.730393E+01  -7.669055E+01   1.000000E+13
1.108200E-01   BH_9_imp              -32.003   41.592      -5341.274       5240.312          0.000     ZXX   1.066395E+02   7.798400E+01   1.000000E+13
1.108200E-01   BH_9_imp              -32.003   41.592      -5341.274       5240.312          0.000     ZXY   1.868575E+02   1.581588E+02   1.000000E+13
1.108200E-01   BH_9_imp              -32.003   41.592      -5341.274       5240.312          0.000     ZYX  -2.153206E+02  -1.710154E+02   1.000000E+13
1.108200E-01   BH_9_imp              -32.003   41.592      -5341.274       5240.312          0.000     ZYY  -1.262744E+02  -8.667484E+01   1.000000E+13
6.717810E-02   BH_9_imp              -32.003   41.592      -5341.274       5240.312          0.000     ZXX   1.364218E+02   8.191033E+01   1.000000E+13
6.717810E-02   BH_9_imp              -32.003   41.592      -5341.274       5240.312          0.000     ZXY   2.409445E+02   1.840343E+02   1.000000E+13
6.717810E-02   BH_9_imp              -32.003   41.592      -5341.274       5240.312          0.000     ZYX  -2.733527E+02  -1.919548E+02   1.000000E+13
6.717810E-02   BH_9_imp              -32.003   41.592      -5341.274       5240.312          0.000     ZYY  -1.600446E+02  -9.294631E+01   1.000000E+13
4.072260E-02   BH_9_imp              -32.003   41.592      -5341.274       5240.312          0.000     ZXX   1.658160E+02   8.120163E+01   1.000000E+13
4.072260E-02   BH_9_imp              -32.003   41.592      -5341.274       5240.312          0.000     ZXY   3.012934E+02   2.092582E+02   1.000000E+13
4.072260E-02   BH_9_imp              -32.003   41.592      -5341.274       5240.312          0.000     ZYX  -3.315653E+02  -2.121801E+02   1.000000E+13
4.072260E-02   BH_9_imp              -32.003   41.592      -5341.274       5240.312          0.000     ZYY  -1.969149E+02  -9.345301E+01   1.000000E+13
2.468560E-02   BH_9_imp              -32.003   41.592      -5341.274       5240.312          0.000     ZXX   1.907201E+02   7.796898E+01   1.000000E+13
2.468560E-02   BH_9_imp              -32.003   41.592      -5341.274       5240.312          0.000     ZXY   3.626169E+02   2.375125E+02   1.000000E+13
2.468560E-02   BH_9_imp              -32.003   41.592      -5341.274       5240.312          0.000     ZYX  -3.844407E+02  -2.419967E+02   1.000000E+13
2.468560E-02   BH_9_imp              -32.003   41.592      -5341.274       5240.312          0.000     ZYY  -2.336034E+02  -8.674574E+01   1.000000E+13
1.496420E-02   BH_9_imp              -32.003   41.592      -5341.274       5240.312          0.000     ZXX   2.149003E+02   7.639471E+01   1.000000E+13
1.496420E-02   BH_9_imp              -32.003   41.592      -5341.274       5240.312          0.000     ZXY   4.243819E+02   2.744592E+02   1.000000E+13
1.496420E-02   BH_9_imp              -32.003   41.592      -5341.274       5240.312          0.000     ZYX  -4.392153E+02  -2.970676E+02   1.000000E+13
1.496420E-02   BH_9_imp              -32.003   41.592      -5341.274       5240.312          0.000     ZYY  -2.660596E+02  -6.836409E+01   1.000000E+13
9.071120E-03   BH_9_imp              -32.003   41.592      -5341.274       5240.312          0.000     ZXX   2.454827E+02   6.938152E+01   1.000000E+13
9.071120E-03   BH_9_imp              -32.003   41.592      -5341.274       5240.312          0.000     ZXY   4.866119E+02   3.399325E+02   1.000000E+13
9.071120E-03   BH_9_imp              -32.003   41.592      -5341.274       5240.312          0.000     ZYX  -5.167945E+02  -3.826232E+02   1.000000E+13
9.071120E-03   BH_9_imp              -32.003   41.592      -5341.274       5240.312          0.000     ZYY  -2.868203E+02  -4.594869E+01   1.000000E+13
5.498830E-03   BH_9_imp              -32.003   41.592      -5341.274       5240.312          0.000     ZXX   2.736682E+02   5.354553E+01   1.000000E+13
5.498830E-03   BH_9_imp              -32.003   41.592      -5341.274       5240.312          0.000     ZXY   5.696537E+02   4.363135E+02   1.000000E+13
5.498830E-03   BH_9_imp              -32.003   41.592      -5341.274       5240.312          0.000     ZYX  -6.277914E+02  -4.990398E+02   1.000000E+13
5.498830E-03   BH_9_imp              -32.003   41.592      -5341.274       5240.312          0.000     ZYY  -2.949958E+02  -1.749056E+01   1.000000E+13
3.333330E-03   BH_9_imp              -32.003   41.592      -5341.274       5240.312          0.000     ZXX   2.887059E+02   3.114883E+01   1.000000E+13
3.333330E-03   BH_9_imp              -32.003   41.592      -5341.274       5240.312          0.000     ZXY   6.851961E+02   5.829995E+02   1.000000E+13
3.333330E-03   BH_9_imp              -32.003   41.592      -5341.274       5240.312          0.000     ZYX  -7.754106E+02  -6.393477E+02   1.000000E+13
3.333330E-03   BH_9_imp              -32.003   41.592      -5341.274       5240.312          0.000     ZYY  -2.960316E+02  -5.188226E-02   1.000000E+13
# ModEM impedance responses for 
 ModEM impedance responses for Created with MT_MESH
#  Period(s) Code GG_Lat GG_Lon X(m) Y(m) Z(m) Component Real Imag Error
>  Full_Vertical_Components
>  exp(+i\omega t)
>  []
>     0.00
>  -31.956  41.535
>     24    21
3.333330E+02   BH_10_imp             -31.980   41.590      -2818.695       5171.237          0.000      TX   5.774441E-02   7.515573E-02   1.000000E+13
3.333330E+02   BH_10_imp             -31.980   41.590      -2818.695       5171.237          0.000      TY   1.587171E-01  -8.912565E-02   1.000000E+13
2.020630E+02   BH_10_imp             -31.980   41.590      -2818.695       5171.237          0.000      TX   7.593467E-02   2.197023E-02   1.000000E+13
2.020630E+02   BH_10_imp             -31.980   41.590      -2818.695       5171.237          0.000      TY   1.044251E-01  -1.335852E-01   1.000000E+13
1.224890E+02   BH_10_imp             -31.980   41.590      -2818.695       5171.237          0.000      TX   7.827651E-02   3.152353E-02   1.000000E+13
1.224890E+02   BH_10_imp             -31.980   41.590      -2818.695       5171.237          0.000      TY   3.921884E-02  -1.604318E-01   1.000000E+13
7.425120E+01   BH_10_imp             -31.980   41.590      -2818.695       5171.237          0.000      TX   9.640450E-02   4.018235E-02   1.000000E+13
7.425120E+01   BH_10_imp             -31.980   41.590      -2818.695       5171.237          0.000      TY  -3.576679E-02  -1.627153E-01   1.000000E+13
4.501040E+01   BH_10_imp             -31.980   41.590      -2818.695       5171.237          0.000      TX   1.179471E-01   4.203748E-02   1.000000E+13
4.501040E+01   BH_10_imp             -31.980   41.590      -2818.695       5171.237          0.000      TY  -1.031088E-01  -1.430302E-01   1.000000E+13
2.728490E+01   BH_10_imp             -31.980   41.590      -2818.695       5171.237          0.000      TX   1.323118E-01   3.398212E-02   1.000000E+13
2.728490E+01   BH_10_imp             -31.980   41.590      -2818.695       5171.237          0.000      TY  -1.529782E-01  -1.090940E-01   1.000000E+13
1.653980E+01   BH_10_imp             -31.980   41.590      -2818.695       5171.237          0.000      TX   1.401729E-01   2.717233E-02   1.000000E+13
1.653980E+01   BH_10_imp             -31.980   41.590      -2818.695       5171.237          0.000      TY  -1.844521E-01  -7.113366E-02   1.000000E+13
1.002630E+01   BH_10_imp             -31.980   41.590      -2818.695       5171.237          0.000      TX   1.492433E-01   2.332518E-02   1.000000E+13
1.002630E+01   BH_10_imp             -31.980   41.590      -2818.695       5171.237          0.000      TY  -1.994212E-01  -3.474256E-02   1.000000E+13
6.077850E+00   BH_10_imp             -31.980   41.590      -2818.695       5171.237          0.000      TX   1.633974E-01   1.449556E-02   1.000000E+13
6.077850E+00   BH_10_imp             -31.980   41.590      -2818.695       5171.237          0.000      TY  -1.985870E-01  -3.064107E-03   1.000000E+13
3.684310E+00   BH_10_imp             -31.980   41.590      -2818.695       5171.237          0.000      TX   1.753277E-01  -7.754075E-03   1.000000E+13
3.684310E+00   BH_10_imp             -31.980   41.590      -2818.695       5171.237          0.000      TY  -1.895947E-01   2.090768E-02   1.000000E+13
2.233390E+00   BH_10_imp             -31.980   41.590      -2818.695       5171.237          0.000      TX   1.705457E-01  -3.988370E-02   1.000000E+13
2.233390E+00   BH_10_imp             -31.980   41.590      -2818.695       5171.237          0.000      TY  -1.757859E-01   3.885350E-02   1.000000E+13
1.353860E+00   BH_10_imp             -31.980   41.590      -2818.695       5171.237          0.000      TX   1.468900E-01  -7.339432E-02   1.000000E+13
1.353860E+00   BH_10_imp             -31.980   41.590      -2818.695       5171.237          0.000      TY  -1.598078E-01   5.365779E-02   1.000000E+13
8.206950E-01   BH_10_imp             -31.980   41.590      -2818.695       5171.237          0.000      TX   1.039166E-01  -9.540824E-02   1.000000E+13
8.206950E-01   BH_10_imp             -31.980   41.590      -2818.695       5171.237          0.000      TY  -1.429339E-01   7.056855E-02   1.000000E+13
4.974980E-01   BH_10_imp             -31.980   41.590      -2818.695       5171.237          0.000      TX   5.106532E-02  -9.547066E-02   1.000000E+13
4.974980E-01   BH_10_imp             -31.980   41.590      -2818.695       5171.237          0.000      TY  -1.184011E-01   9.412439E-02   1.000000E+13
3.015780E-01   BH_10_imp             -31.980   41.590      -2818.695       5171.237          0.000      TX   4.405558E-03  -7.008651E-02   1.000000E+13
3.015780E-01   BH_10_imp             -31.980   41.590      -2818.695       5171.237          0.000      TY  -7.673645E-02   1.177273E-01   1.000000E+13
1.828140E-01   BH_10_imp             -31.980   41.590      -2818.695       5171.237          0.000      TX  -2.091162E-02  -2.652675E-02   1.000000E+13
1.828140E-01   BH_10_imp             -31.980   41.590      -2818.695       5171.237          0.000      TY  -1.984781E-02   1.270692E-01   1.000000E+13
1.108200E-01   BH_10_imp             -31.980   41.590      -2818.695       5171.237          0.000      TX  -1.672927E-02   2.014646E-02   1.000000E+13
1.108200E-01   BH_10_imp             -31.980   41.590      -2818.695       5171.237          0.000      TY   3.939550E-02   1.133404E-01   1.000000E+13
6.717810E-02   BH_10_imp             -31.980   41.590      -2818.695       5171.237          0.000      TX   1.272410E-02   5.178472E-02   1.000000E+13
6.717810E-02   BH_10_imp             -31.980   41.590      -2818.695       5171.237          0.000      TY   8.479473E-02   7.767423E-02   1.000000E+13
4.072260E-02   BH_10_imp             -31.980   41.590      -2818.695       5171.237          0.000      TX   5.046065E-02   5.979008E-02   1.000000E+13
4.072260E-02   BH_10_imp             -31.980   41.590      -2818.695       5171.237          0.000      TY   1.049140E-01   3.203532E-02   1.000000E+13
2.468560E-02   BH_10_imp             -31.980   41.590      -2818.695       5171.237          0.000      TX   8.136869E-02   4.813443E-02   1.000000E+13
2.468560E-02   BH_10_imp             -31.980   41.590      -2818.695       5171.237          0.000      TY   9.990607E-02  -9.250218E-03   1.000000E+13
1.496420E-02   BH_10_imp             -31.980   41.590      -2818.695       5171.237          0.000      TX   9.882292E-02   2.791208E-02   1.000000E+13
1.496420E-02   BH_10_imp             -31.980   41.590      -2818.695       5171.237          0.000      TY   7.829308E-02  -3.678297E-02   1.000000E+13
9.071120E-03   BH_10_imp             -31.980   41.590      -2818.695       5171.237          0.000      TX   1.043590E-01   7.311564E-03   1.000000E+13
9.071120E-03   BH_10_imp             -31.980   41.590      -2818.695       5171.237          0.000      TY   4.782134E-02  -4.556019E-02   1.000000E+13
5.498830E-03   BH_10_imp             -31.980   41.590      -2818.695       5171.237          0.000      TX   9.985927E-02  -1.099706E-02   1.000000E+13
5.498830E-03   BH_10_imp             -31.980   41.590      -2818.695       5171.237          0.000      TY   2.203570E-02  -3.760704E-02   1.000000E+13
3.333330E-03   BH_10_imp             -31.980   41.590      -2818.695       5171.237          0.000      TX   8.842067E-02  -2.229046E-02   1.000000E+13
3.333330E-03   BH_10_imp             -31.980   41.590      -2818.695       5171.237          0.000      TY   9.169542E-03  -1.969867E-02   1.000000E+13
1.224890E+02   BH_11                 -32.015   41.576      -6706.907       3699.694          0.000      TX   7.439170E-02   3.816557E-02   1.000000E+13
1.224890E+02   BH_11                 -32.015   41.576      -6706.907       3699.694          0.000      TY   2.986651E-02  -1.652222E-01   1.000000E+13
7.425120E+01   BH_11                 -32.015   41.576      -6706.907       3699.694          0.000      TX   1.015511E-01   5.544578E-02   1.000000E+13
7.425120E+01   BH_11                 -32.015   41.576      -6706.907       3699.694          0.000      TY  -4.822310E-02  -1.708275E-01   1.000000E+13
4.501040E+01   BH_11                 -32.015   41.576      -6706.907       3699.694          0.000      TX   1.309948E-01   5.697011E-02   1.000000E+13
4.501040E+01   BH_11                 -32.015   41.576      -6706.907       3699.694          0.000      TY  -1.208445E-01  -1.523206E-01   1.000000E+13
2.728490E+01   BH_11                 -32.015   41.576      -6706.907       3699.694          0.000      TX   1.510020E-01   5.475585E-02   1.000000E+13
2.728490E+01   BH_11                 -32.015   41.576      -6706.907       3699.694          0.000      TY  -1.749934E-01  -1.185047E-01   1.000000E+13
1.653980E+01   BH_11                 -32.015   41.576      -6706.907       3699.694          0.000      TX   1.675918E-01   5.157560E-02   1.000000E+13
1.653980E+01   BH_11                 -32.015   41.576      -6706.907       3699.694          0.000      TY  -2.096904E-01  -7.845498E-02   1.000000E+13
1.002630E+01   BH_11                 -32.015   41.576      -6706.907       3699.694          0.000      TX   1.862889E-01   5.045373E-02   1.000000E+13
1.002630E+01   BH_11                 -32.015   41.576      -6706.907       3699.694          0.000      TY  -2.246499E-01  -3.818916E-02   1.000000E+13
6.077850E+00   BH_11                 -32.015   41.576      -6706.907       3699.694          0.000      TX   2.119072E-01   4.349307E-02   1.000000E+13
6.077850E+00   BH_11                 -32.015   41.576      -6706.907       3699.694          0.000      TY  -2.255287E-01  -4.639702E-03   1.000000E+13
3.684310E+00   BH_11                 -32.015   41.576      -6706.907       3699.694          0.000      TX   2.338605E-01   2.252135E-02   1.000000E+13
3.684310E+00   BH_11                 -32.015   41.576      -6706.907       3699.694          0.000      TY  -2.153405E-01   2.124960E-02   1.000000E+13
2.233390E+00   BH_11                 -32.015   41.576      -6706.907       3699.694          0.000      TX   2.420538E-01  -1.047442E-02   1.000000E+13
2.233390E+00   BH_11                 -32.015   41.576      -6706.907       3699.694          0.000      TY  -1.970760E-01   3.941755E-02   1.000000E+13
1.353860E+00   BH_11                 -32.015   41.576      -6706.907       3699.694          0.000      TX   2.310316E-01  -4.671435E-02   1.000000E+13
1.353860E+00   BH_11                 -32.015   41.576      -6706.907       3699.694          0.000      TY  -1.756500E-01   4.835434E-02   1.000000E+13
8.206950E-01   BH_11                 -32.015   41.576      -6706.907       3699.694          0.000      TX   2.015224E-01  -7.661233E-02   1.000000E+13
8.206950E-01   BH_11                 -32.015   41.576      -6706.907       3699.694          0.000      TY  -1.568586E-01   5.162544E-02   1.000000E+13
4.974980E-01   BH_11                 -32.015   41.576      -6706.907       3699.694          0.000      TX   1.590172E-01  -9.161322E-02   1.000000E+13
4.974980E-01   BH_11                 -32.015   41.576      -6706.907       3699.694          0.000      TY  -1.392943E-01   5.664715E-02   1.000000E+13
3.015780E-01   BH_11                 -32.015   41.576      -6706.907       3699.694          0.000      TX   1.152993E-01  -8.895464E-02   1.000000E+13
3.015780E-01   BH_11                 -32.015   41.576      -6706.907       3699.694          0.000      TY  -1.138265E-01   6.281485E-02   1.000000E+13
1.828140E-01   BH_11                 -32.015   41.576      -6706.907       3699.694          0.000      TX   7.839038E-02  -7.376598E-02   1.000000E+13
1.828140E-01   BH_11                 -32.015   41.576      -6706.907       3699.694          0.000      TY  -7.931698E-02   5.706267E-02   1.000000E+13
1.108200E-01   BH_11                 -32.015   41.576      -6706.907       3699.694          0.000      TX   5.092147E-02  -4.974757E-02   1.000000E+13
1.108200E-01   BH_11                 -32.015   41.576      -6706.907       3699.694          0.000      TY  -4.867119E-02   3.010870E-02   1.000000E+13
6.717810E-02   BH_11                 -32.015   41.576      -6706.907       3699.694          0.000      TX   3.626263E-02  -1.905390E-02   1.000000E+13
6.717810E-02   BH_11                 -32.015   41.576      -6706.907       3699.694          0.000      TY  -3.907304E-02  -1.336624E-02   1.000000E+13
4.072260E-02   BH_11                 -32.015   41.576      -6706.907       3699.694          0.000      TX   3.701404E-02   1.344831E-02   1.000000E+13
4.072260E-02   BH_11                 -32.015   41.576      -6706.907       3699.694          0.000      TY  -5.852400E-02  -5.665242E-02   1.000000E+13
2.468560E-02   BH_11                 -32.015   41.576      -6706.907       3699.694          0.000      TX   5.564352E-02   4.134552E-02   1.000000E+13
2.468560E-02   BH_11                 -32.015   41.576      -6706.907       3699.694          0.000      TY  -1.005752E-01  -8.129937E-02   1.000000E+13
1.496420E-02   BH_11                 -32.015   41.576      -6706.907       3699.694          0.000      TX   8.743587E-02   5.268003E-02   1.000000E+13
1.496420E-02   BH_11                 -32.015   41.576      -6706.907       3699.694          0.000      TY  -1.477665E-01  -8.084249E-02   1.000000E+13
9.071120E-03   BH_11                 -32.015   41.576      -6706.907       3699.694          0.000      TX   1.174097E-01   4.878752E-02   1.000000E+13
9.071120E-03   BH_11                 -32.015   41.576      -6706.907       3699.694          0.000      TY  -1.809293E-01  -6.166885E-02   1.000000E+13
5.498830E-03   BH_11                 -32.015   41.576      -6706.907       3699.694          0.000      TX   1.385213E-01   3.045531E-02   1.000000E+13
5.498830E-03   BH_11                 -32.015   41.576      -6706.907       3699.694          0.000      TY  -2.042010E-01  -3.733805E-02   1.000000E+13
3.333330E-03   BH_11                 -32.015   41.576      -6706.907       3699.694          0.000      TX   1.430641E-01   9.103283E-03   1.000000E+13
3.333330E-03   BH_11                 -32.015   41.576      -6706.907       3699.694          0.000      TY  -2.106004E-01  -1.165840E-02   1.000000E+13
3.333330E+02   BH_12_imp             -31.933   41.578       2441.000       4177.806          0.000      TX   3.920229E-02   2.319113E-03   1.000000E+13
3.333330E+02   BH_12_imp             -31.933   41.578       2441.000       4177.806          0.000      TY   1.637327E-01  -8.064000E-02   1.000000E+13
2.020630E+02   BH_12_imp             -31.933   41.578       2441.000       4177.806          0.000      TX   7.372798E-02   4.567682E-02   1.000000E+13
2.020630E+02   BH_12_imp             -31.933   41.578       2441.000       4177.806          0.000      TY   1.147272E-01  -1.321081E-01   1.000000E+13
1.224890E+02   BH_12_imp             -31.933   41.578       2441.000       4177.806          0.000      TX   7.707951E-02   1.714027E-02   1.000000E+13
1.224890E+02   BH_12_imp             -31.933   41.578       2441.000       4177.806          0.000      TY   4.856441E-02  -1.536691E-01   1.000000E+13
7.425120E+01   BH_12_imp             -31.933   41.578       2441.000       4177.806          0.000      TX   7.700736E-02   1.510230E-02   1.000000E+13
7.425120E+01   BH_12_imp             -31.933   41.578       2441.000       4177.806          0.000      TY  -2.257017E-02  -1.537377E-01   1.000000E+13
4.501040E+01   BH_12_imp             -31.933   41.578       2441.000       4177.806          0.000      TX   8.427866E-02   1.518727E-02   1.000000E+13
4.501040E+01   BH_12_imp             -31.933   41.578       2441.000       4177.806          0.000      TY  -8.464422E-02  -1.325092E-01   1.000000E+13
2.728490E+01   BH_12_imp             -31.933   41.578       2441.000       4177.806          0.000      TX   8.814570E-02   7.038467E-03   1.000000E+13
2.728490E+01   BH_12_imp             -31.933   41.578       2441.000       4177.806          0.000      TY  -1.301985E-01  -9.918913E-02   1.000000E+13
1.653980E+01   BH_12_imp             -31.933   41.578       2441.000       4177.806          0.000      TX   8.648569E-02  -1.206885E-03   1.000000E+13
1.653980E+01   BH_12_imp             -31.933   41.578       2441.000       4177.806          0.000      TY  -1.577690E-01  -6.161512E-02   1.000000E+13
1.002630E+01   BH_12_imp             -31.933   41.578       2441.000       4177.806          0.000      TX   8.536464E-02  -6.478609E-03   1.000000E+13
1.002630E+01   BH_12_imp             -31.933   41.578       2441.000       4177.806          0.000      TY  -1.694376E-01  -2.532620E-02   1.000000E+13
6.077850E+00   BH_12_imp             -31.933   41.578       2441.000       4177.806          0.000      TX   9.022075E-02  -1.511165E-02   1.000000E+13
6.077850E+00   BH_12_imp             -31.933   41.578       2441.000       4177.806          0.000      TY  -1.659313E-01   4.131047E-03   1.000000E+13
3.684310E+00   BH_12_imp             -31.933   41.578       2441.000       4177.806          0.000      TX   9.322136E-02  -3.872538E-02   1.000000E+13
3.684310E+00   BH_12_imp             -31.933   41.578       2441.000       4177.806          0.000      TY  -1.535818E-01   2.535524E-02   1.000000E+13
2.233390E+00   BH_12_imp             -31.933   41.578       2441.000       4177.806          0.000      TX   8.060136E-02  -7.383307E-02   1.000000E+13
2.233390E+00   BH_12_imp             -31.933   41.578       2441.000       4177.806          0.000      TY  -1.369865E-01   3.832424E-02   1.000000E+13
1.353860E+00   BH_12_imp             -31.933   41.578       2441.000       4177.806          0.000      TX   4.617553E-02  -1.140641E-01   1.000000E+13
1.353860E+00   BH_12_imp             -31.933   41.578       2441.000       4177.806          0.000      TY  -1.207997E-01   4.549233E-02   1.000000E+13
8.206950E-01   BH_12_imp             -31.933   41.578       2441.000       4177.806          0.000      TX  -1.430779E-02  -1.436240E-01   1.000000E+13
8.206950E-01   BH_12_imp             -31.933   41.578       2441.000       4177.806          0.000      TY  -1.091148E-01   5.329063E-02   1.000000E+13
4.974980E-01   BH_12_imp             -31.933   41.578       2441.000       4177.806          0.000      TX  -9.307706E-02  -1.452471E-01   1.000000E+13
4.974980E-01   BH_12_imp             -31.933   41.578       2441.000       4177.806          0.000      TY  -9.704505E-02   7.054772E-02   1.000000E+13
3.015780E-01   BH_12_imp             -31.933   41.578       2441.000       4177.806          0.000      TX  -1.688784E-01  -1.060873E-01   1.000000E+13
3.015780E-01   BH_12_imp             -31.933   41.578       2441.000       4177.806          0.000      TY  -7.275149E-02   9.744893E-02   1.000000E+13
1.828140E-01   BH_12_imp             -31.933   41.578       2441.000       4177.806          0.000      TX  -2.122420E-01  -2.938154E-02   1.000000E+13
1.828140E-01   BH_12_imp             -31.933   41.578       2441.000       4177.806          0.000      TY  -2.757784E-02   1.239949E-01   1.000000E+13
1.108200E-01   BH_12_imp             -31.933   41.578       2441.000       4177.806          0.000      TX  -1.999829E-01   5.806988E-02   1.000000E+13
1.108200E-01   BH_12_imp             -31.933   41.578       2441.000       4177.806          0.000      TY   3.766338E-02   1.326505E-01   1.000000E+13
6.717810E-02   BH_12_imp             -31.933   41.578       2441.000       4177.806          0.000      TX  -1.399835E-01   1.163322E-01   1.000000E+13
6.717810E-02   BH_12_imp             -31.933   41.578       2441.000       4177.806          0.000      TY   1.053674E-01   1.072950E-01   1.000000E+13
4.072260E-02   BH_12_imp             -31.933   41.578       2441.000       4177.806          0.000      TX  -6.684096E-02   1.333959E-01   1.000000E+13
4.072260E-02   BH_12_imp             -31.933   41.578       2441.000       4177.806          0.000      TY   1.484765E-01   5.184454E-02   1.000000E+13
2.468560E-02   BH_12_imp             -31.933   41.578       2441.000       4177.806          0.000      TX  -2.016333E-03   1.218759E-01   1.000000E+13
2.468560E-02   BH_12_imp             -31.933   41.578       2441.000       4177.806          0.000      TY   1.533116E-01  -1.253730E-02   1.000000E+13
1.496420E-02   BH_12_imp             -31.933   41.578       2441.000       4177.806          0.000      TX   4.755413E-02   8.905780E-02   1.000000E+13
1.496420E-02   BH_12_imp             -31.933   41.578       2441.000       4177.806          0.000      TY   1.235887E-01  -6.494280E-02   1.000000E+13
9.071120E-03   BH_12_imp             -31.933   41.578       2441.000       4177.806          0.000      TX   7.151794E-02   4.614266E-02   1.000000E+13
9.071120E-03   BH_12_imp             -31.933   41.578       2441.000       4177.806          0.000      TY   7.283111E-02  -8.984030E-02   1.000000E+13
5.498830E-03   BH_12_imp             -31.933   41.578       2441.000       4177.806          0.000      TX   6.989245E-02   6.038921E-03   1.000000E+13
5.498830E-03   BH_12_imp             -31.933   41.578       2441.000       4177.806          0.000      TY   2.375231E-02  -8.828502E-02   1.000000E+13
3.333330E-03   BH_12_imp             -31.933   41.578       2441.000       4177.806          0.000      TX   5.308969E-02  -1.560560E-02   1.000000E+13
3.333330E-03   BH_12_imp             -31.933   41.578       2441.000       4177.806          0.000      TY  -1.068865E-02  -6.873456E-02   1.000000E+13
3.333330E+02   BH_13_imp             -31.928   41.546       3035.346       1098.690          0.000      TX   4.133803E-02   5.478729E-02   1.000000E+13
3.333330E+02   BH_13_imp             -31.928   41.546       3035.346       1098.690          0.000      TY   1.614553E-01  -8.640048E-02   1.000000E+13
2.020630E+02   BH_13_imp             -31.928   41.546       3035.346       1098.690          0.000      TX   6.154343E-02   3.870989E-02   1.000000E+13
2.020630E+02   BH_13_imp             -31.928   41.546       3035.346       1098.690          0.000      TY   1.110988E-01  -1.348874E-01   1.000000E+13
1.224890E+02   BH_13_imp             -31.928   41.546       3035.346       1098.690          0.000      TX   6.891603E-02   1.658772E-02   1.000000E+13
1.224890E+02   BH_13_imp             -31.928   41.546       3035.346       1098.690          0.000      TY   4.484583E-02  -1.565552E-01   1.000000E+13
7.425120E+01   BH_13_imp             -31.928   41.546       3035.346       1098.690          0.000      TX   6.417252E-02   1.048858E-02   1.000000E+13
7.425120E+01   BH_13_imp             -31.928   41.546       3035.346       1098.690          0.000      TY  -2.701882E-02  -1.565405E-01   1.000000E+13
4.501040E+01   BH_13_imp             -31.928   41.546       3035.346       1098.690          0.000      TX   6.760302E-02   9.478742E-03   1.000000E+13
4.501040E+01   BH_13_imp             -31.928   41.546       3035.346       1098.690          0.000      TY  -8.999427E-02  -1.360061E-01   1.000000E+13
2.728490E+01   BH_13_imp             -31.928   41.546       3035.346       1098.690          0.000      TX   7.023474E-02   4.412538E-03   1.000000E+13
2.728490E+01   BH_13_imp             -31.928   41.546       3035.346       1098.690          0.000      TY  -1.366684E-01  -1.040831E-01   1.000000E+13
1.653980E+01   BH_13_imp             -31.928   41.546       3035.346       1098.690          0.000      TX   6.853216E-02  -2.188788E-03   1.000000E+13
1.653980E+01   BH_13_imp             -31.928   41.546       3035.346       1098.690          0.000      TY  -1.654725E-01  -6.755485E-02   1.000000E+13
1.002630E+01   BH_13_imp             -31.928   41.546       3035.346       1098.690          0.000      TX   6.649749E-02  -4.842504E-03   1.000000E+13
1.002630E+01   BH_13_imp             -31.928   41.546       3035.346       1098.690          0.000      TY  -1.777779E-01  -3.168310E-02   1.000000E+13
6.077850E+00   BH_13_imp             -31.928   41.546       3035.346       1098.690          0.000      TX   7.124224E-02  -1.045298E-02   1.000000E+13
6.077850E+00   BH_13_imp             -31.928   41.546       3035.346       1098.690          0.000      TY  -1.742310E-01  -4.551516E-03   1.000000E+13
3.684310E+00   BH_13_imp             -31.928   41.546       3035.346       1098.690          0.000      TX   7.487938E-02  -2.786134E-02   1.000000E+13
3.684310E+00   BH_13_imp             -31.928   41.546       3035.346       1098.690          0.000      TY  -1.614618E-01   1.271265E-02   1.000000E+13
2.233390E+00   BH_13_imp             -31.928   41.546       3035.346       1098.690          0.000      TX   6.787836E-02  -5.577968E-02   1.000000E+13
2.233390E+00   BH_13_imp             -31.928   41.546       3035.346       1098.690          0.000      TY  -1.432578E-01   1.668690E-02   1.000000E+13
1.353860E+00   BH_13_imp             -31.928   41.546       3035.346       1098.690          0.000      TX   4.598712E-02  -8.998338E-02   1.000000E+13
1.353860E+00   BH_13_imp             -31.928   41.546       3035.346       1098.690          0.000      TY  -1.270469E-01   5.511070E-03   1.000000E+13
8.206950E-01   BH_13_imp             -31.928   41.546       3035.346       1098.690          0.000      TX   3.801368E-03  -1.221288E-01   1.000000E+13
8.206950E-01   BH_13_imp             -31.928   41.546       3035.346       1098.690          0.000      TY  -1.234345E-01  -1.740878E-02   1.000000E+13
4.974980E-01   BH_13_imp             -31.928   41.546       3035.346       1098.690          0.000      TX  -5.641190E-02  -1.403392E-01   1.000000E+13
4.974980E-01   BH_13_imp             -31.928   41.546       3035.346       1098.690          0.000      TY  -1.385175E-01  -4.060781E-02   1.000000E+13
3.015780E-01   BH_13_imp             -31.928   41.546       3035.346       1098.690          0.000      TX  -1.228004E-01  -1.347416E-01   1.000000E+13
3.015780E-01   BH_13_imp             -31.928   41.546       3035.346       1098.690          0.000      TY  -1.675253E-01  -5.133552E-02   1.000000E+13
1.828140E-01   BH_13_imp             -31.928   41.546       3035.346       1098.690          0.000      TX  -1.798313E-01  -1.057655E-01   1.000000E+13
1.828140E-01   BH_13_imp             -31.928   41.546       3035.346       1098.690          0.000      TY  -1.990482E-01  -4.326447E-02   1.000000E+13
1.108200E-01   BH_13_imp             -31.928   41.546       3035.346       1098.690          0.000      TX  -2.173323E-01  -6.249173E-02   1.000000E+13
1.108200E-01   BH_13_imp             -31.928   41.546       3035.346       1098.690          0.000      TY  -2.204814E-01  -1.793151E-02   1.000000E+13
6.717810E-02   BH_13_imp             -31.928   41.546       3035.346       1098.690          0.000      TX  -2.340049E-01  -1.512551E-02   1.000000E+13
6.717810E-02   BH_13_imp             -31.928   41.546       3035.346       1098.690          0.000      TY  -2.219278E-01   1.553189E-02   1.000000E+13
4.072260E-02   BH_13_imp             -31.928   41.546       3035.346       1098.690          0.000      TX  -2.352600E-01   3.510550E-02   1.000000E+13
4.072260E-02   BH_13_imp             -31.928   41.546       3035.346       1098.690          0.000      TY  -2.027187E-01   4.218391E-02   1.000000E+13
2.468560E-02   BH_13_imp             -31.928   41.546       3035.346       1098.690          0.000      TX  -2.132180E-01   9.039751E-02   1.000000E+13
2.468560E-02   BH_13_imp             -31.928   41.546       3035.346       1098.690          0.000      TY  -1.729546E-01   5.143572E-02   1.000000E+13
1.496420E-02   BH_13_imp             -31.928   41.546       3035.346       1098.690          0.000      TX  -1.638895E-01   1.454455E-01   1.000000E+13
1.496420E-02   BH_13_imp             -31.928   41.546       3035.346       1098.690          0.000      TY  -1.438354E-01   5.053124E-02   1.000000E+13
9.071120E-03   BH_13_imp             -31.928   41.546       3035.346       1098.690          0.000      TX  -8.606102E-02   1.817905E-01   1.000000E+13
9.071120E-03   BH_13_imp             -31.928   41.546       3035.346       1098.690          0.000      TY  -1.187084E-01   3.413882E-02   1.000000E+13
5.498830E-03   BH_13_imp             -31.928   41.546       3035.346       1098.690          0.000      TX   2.318495E-03   1.877082E-01   1.000000E+13
5.498830E-03   BH_13_imp             -31.928   41.546       3035.346       1098.690          0.000      TY  -1.046258E-01   1.377929E-02   1.000000E+13
3.333330E-03   BH_13_imp             -31.928   41.546       3035.346       1098.690          0.000      TX   8.230448E-02   1.622613E-01   1.000000E+13
3.333330E-03   BH_13_imp             -31.928   41.546       3035.346       1098.690          0.000      TY  -1.070593E-01  -1.437916E-02   1.000000E+13
3.333330E+02   BH_14_imp             -31.933   41.516       2495.735      -1684.368          0.000      TX   1.278616E-02   6.012958E-02   1.000000E+13
3.333330E+02   BH_14_imp             -31.933   41.516       2495.735      -1684.368          0.000      TY   1.675345E-01  -8.057946E-02   1.000000E+13
2.020630E+02   BH_14_imp             -31.933   41.516       2495.735      -1684.368          0.000      TX   7.729704E-02   3.420808E-02   1.000000E+13
2.020630E+02   BH_14_imp             -31.933   41.516       2495.735      -1684.368          0.000      TY   1.166435E-01  -1.280077E-01   1.000000E+13
1.224890E+02   BH_14_imp             -31.933   41.516       2495.735      -1684.368          0.000      TX   6.356972E-02   1.684946E-02   1.000000E+13
1.224890E+02   BH_14_imp             -31.933   41.516       2495.735      -1684.368          0.000      TY   5.234214E-02  -1.457180E-01   1.000000E+13
7.425120E+01   BH_14_imp             -31.933   41.516       2495.735      -1684.368          0.000      TX   6.127345E-02   1.663318E-02   1.000000E+13
7.425120E+01   BH_14_imp             -31.933   41.516       2495.735      -1684.368          0.000      TY  -1.620839E-02  -1.450653E-01   1.000000E+13
4.501040E+01   BH_14_imp             -31.933   41.516       2495.735      -1684.368          0.000      TX   6.636103E-02   1.926826E-02   1.000000E+13
4.501040E+01   BH_14_imp             -31.933   41.516       2495.735      -1684.368          0.000      TY  -7.689985E-02  -1.217967E-01   1.000000E+13
2.728490E+01   BH_14_imp             -31.933   41.516       2495.735      -1684.368          0.000      TX   7.091503E-02   1.705385E-02   1.000000E+13
2.728490E+01   BH_14_imp             -31.933   41.516       2495.735      -1684.368          0.000      TY  -1.204092E-01  -8.392078E-02   1.000000E+13
1.653980E+01   BH_14_imp             -31.933   41.516       2495.735      -1684.368          0.000      TX   7.222684E-02   1.856997E-02   1.000000E+13
1.653980E+01   BH_14_imp             -31.933   41.516       2495.735      -1684.368          0.000      TY  -1.446320E-01  -3.989471E-02   1.000000E+13
1.002630E+01   BH_14_imp             -31.933   41.516       2495.735      -1684.368          0.000      TX   7.695236E-02   2.473700E-02   1.000000E+13
1.002630E+01   BH_14_imp             -31.933   41.516       2495.735      -1684.368          0.000      TY  -1.481459E-01   4.316391E-03   1.000000E+13
6.077850E+00   BH_14_imp             -31.933   41.516       2495.735      -1684.368          0.000      TX   9.093518E-02   3.117536E-02   1.000000E+13
6.077850E+00   BH_14_imp             -31.933   41.516       2495.735      -1684.368          0.000      TY  -1.335984E-01   4.370497E-02   1.000000E+13
3.684310E+00   BH_14_imp             -31.933   41.516       2495.735      -1684.368          0.000      TX   1.081877E-01   2.827545E-02   1.000000E+13
3.684310E+00   BH_14_imp             -31.933   41.516       2495.735      -1684.368          0.000      TY  -1.041295E-01   7.415776E-02   1.000000E+13
2.233390E+00   BH_14_imp             -31.933   41.516       2495.735      -1684.368          0.000      TX   1.216149E-01   1.741763E-02   1.000000E+13
2.233390E+00   BH_14_imp             -31.933   41.516       2495.735      -1684.368          0.000      TY  -6.422968E-02   9.271079E-02   1.000000E+13
1.353860E+00   BH_14_imp             -31.933   41.516       2495.735      -1684.368          0.000      TX   1.268152E-01   1.366032E-03   1.000000E+13
1.353860E+00   BH_14_imp             -31.933   41.516       2495.735      -1684.368          0.000      TY  -2.003013E-02   9.608165E-02   1.000000E+13
8.206950E-01   BH_14_imp             -31.933   41.516       2495.735      -1684.368          0.000      TX   1.223234E-01  -1.540974E-02   1.000000E+13
8.206950E-01   BH_14_imp             -31.933   41.516       2495.735      -1684.368          0.000      TY   1.886402E-02   8.559596E-02   1.000000E+13
4.974980E-01   BH_14_imp             -31.933   41.516       2495.735      -1684.368          0.000      TX   1.085724E-01  -2.613034E-02   1.000000E+13
4.974980E-01   BH_14_imp             -31.933   41.516       2495.735      -1684.368          0.000      TY   4.639177E-02   6.873891E-02   1.000000E+13
3.015780E-01   BH_14_imp             -31.933   41.516       2495.735      -1684.368          0.000      TX   9.275932E-02  -2.726017E-02   1.000000E+13
3.015780E-01   BH_14_imp             -31.933   41.516       2495.735      -1684.368          0.000      TY   6.391836E-02   5.460630E-02   1.000000E+13
1.828140E-01   BH_14_imp             -31.933   41.516       2495.735      -1684.368          0.000      TX   8.132087E-02  -2.247838E-02   1.000000E+13
1.828140E-01   BH_14_imp             -31.933   41.516       2495.735      -1684.368          0.000      TY   7.883335E-02   4.481451E-02   1.000000E+13
1.108200E-01   BH_14_imp             -31.933   41.516       2495.735      -1684.368          0.000      TX   7.446450E-02  -1.701660E-02   1.000000E+13
1.108200E-01   BH_14_imp             -31.933   41.516       2495.735      -1684.368          0.000      TY   9.529351E-02   3.495161E-02   1.000000E+13
6.717810E-02   BH_14_imp             -31.933   41.516       2495.735      -1684.368          0.000      TX   6.907421E-02  -1.186210E-02   1.000000E+13
6.717810E-02   BH_14_imp             -31.933   41.516       2495.735      -1684.368          0.000      TY   1.127317E-01   1.784667E-02   1.000000E+13
4.072260E-02   BH_14_imp             -31.933   41.516       2495.735      -1684.368          0.000      TX   6.490309E-02  -6.138713E-03   1.000000E+13
4.072260E-02   BH_14_imp             -31.933   41.516       2495.735      -1684.368          0.000      TY   1.228951E-01  -1.242115E-02   1.000000E+13
2.468560E-02   BH_14_imp             -31.933   41.516       2495.735      -1684.368          0.000      TX   6.154510E-02   7.354703E-04   1.000000E+13
2.468560E-02   BH_14_imp             -31.933   41.516       2495.735      -1684.368          0.000      TY   1.116644E-01  -5.053971E-02   1.000000E+13
1.496420E-02   BH_14_imp             -31.933   41.516       2495.735      -1684.368          0.000      TX   6.114866E-02   1.190605E-02   1.000000E+13
1.496420E-02   BH_14_imp             -31.933   41.516       2495.735      -1684.368          0.000      TY   7.905583E-02  -8.274662E-02   1.000000E+13
9.071120E-03   BH_14_imp             -31.933   41.516       2495.735      -1684.368          0.000      TX   6.900811E-02   2.578823E-02   1.000000E+13
9.071120E-03   BH_14_imp             -31.933   41.516       2495.735      -1684.368          0.000      TY   3.454254E-02  -9.282030E-02   1.000000E+13
5.498830E-03   BH_14_imp             -31.933   41.516       2495.735      -1684.368          0.000      TX   8.757016E-02   3.238491E-02   1.000000E+13
5.498830E-03   BH_14_imp             -31.933   41.516       2495.735      -1684.368          0.000      TY  -5.504835E-03  -9.668527E-02   1.000000E+13
3.333330E-03   BH_14_imp             -31.933   41.516       2495.735      -1684.368          0.000      TX   1.035124E-01   2.806618E-02   1.000000E+13
3.333330E-03   BH_14_imp             -31.933   41.516       2495.735      -1684.368          0.000      TY  -3.852473E-02  -8.800102E-02   1.000000E+13
3.333330E+02   BH_15_imp             -31.917   41.584       4146.148       4791.907          0.000      TX   4.067981E-02   3.017820E-02   1.000000E+13
3.333330E+02   BH_15_imp             -31.917   41.584       4146.148       4791.907          0.000      TY   1.625804E-01  -8.679191E-02   1.000000E+13
2.020630E+02   BH_15_imp             -31.917   41.584       4146.148       4791.907          0.000      TX   6.246213E-02   3.601326E-02   1.000000E+13
2.020630E+02   BH_15_imp             -31.917   41.584       4146.148       4791.907          0.000      TY   1.129272E-01  -1.334046E-01   1.000000E+13
1.224890E+02   BH_15_imp             -31.917   41.584       4146.148       4791.907          0.000      TX   7.663144E-02   1.341048E-02   1.000000E+13
1.224890E+02   BH_15_imp             -31.917   41.584       4146.148       4791.907          0.000      TY   4.326456E-02  -1.611656E-01   1.000000E+13
7.425120E+01   BH_15_imp             -31.917   41.584       4146.148       4791.907          0.000      TX   7.066155E-02   5.342452E-03   1.000000E+13
7.425120E+01   BH_15_imp             -31.917   41.584       4146.148       4791.907          0.000      TY  -2.922184E-02  -1.594709E-01   1.000000E+13
4.501040E+01   BH_15_imp             -31.917   41.584       4146.148       4791.907          0.000      TX   7.310845E-02   5.269614E-03   1.000000E+13
4.501040E+01   BH_15_imp             -31.917   41.584       4146.148       4791.907          0.000      TY  -9.105098E-02  -1.398211E-01   1.000000E+13
2.728490E+01   BH_15_imp             -31.917   41.584       4146.148       4791.907          0.000      TX   7.365842E-02  -5.140583E-03   1.000000E+13
2.728490E+01   BH_15_imp             -31.917   41.584       4146.148       4791.907          0.000      TY  -1.374069E-01  -1.099509E-01   1.000000E+13
1.653980E+01   BH_15_imp             -31.917   41.584       4146.148       4791.907          0.000      TX   6.751182E-02  -1.585959E-02   1.000000E+13
1.653980E+01   BH_15_imp             -31.917   41.584       4146.148       4791.907          0.000      TY  -1.674273E-01  -7.804662E-02   1.000000E+13
1.002630E+01   BH_15_imp             -31.917   41.584       4146.148       4791.907          0.000      TX   6.253197E-02  -2.366426E-02   1.000000E+13
1.002630E+01   BH_15_imp             -31.917   41.584       4146.148       4791.907          0.000      TY  -1.830932E-01  -5.018102E-02   1.000000E+13
6.077850E+00   BH_15_imp             -31.917   41.584       4146.148       4791.907          0.000      TX   6.093915E-02  -3.661075E-02   1.000000E+13
6.077850E+00   BH_15_imp             -31.917   41.584       4146.148       4791.907          0.000      TY  -1.858921E-01  -3.038087E-02   1.000000E+13
3.684310E+00   BH_15_imp             -31.917   41.584       4146.148       4791.907          0.000      TX   5.546427E-02  -6.341131E-02   1.000000E+13
3.684310E+00   BH_15_imp             -31.917   41.584       4146.148       4791.907          0.000      TY  -1.833323E-01  -2.216282E-02   1.000000E+13
2.233390E+00   BH_15_imp             -31.917   41.584       4146.148       4791.907          0.000      TX   3.112200E-02  -1.007755E-01   1.000000E+13
2.233390E+00   BH_15_imp             -31.917   41.584       4146.148       4791.907          0.000      TY  -1.819974E-01  -2.570252E-02   1.000000E+13
1.353860E+00   BH_15_imp             -31.917   41.584       4146.148       4791.907          0.000      TX  -1.504069E-02  -1.388106E-01   1.000000E+13
1.353860E+00   BH_15_imp             -31.917   41.584       4146.148       4791.907          0.000      TY  -1.883699E-01  -3.829359E-02   1.000000E+13
8.206950E-01   BH_15_imp             -31.917   41.584       4146.148       4791.907          0.000      TX  -8.491774E-02  -1.617309E-01   1.000000E+13
8.206950E-01   BH_15_imp             -31.917   41.584       4146.148       4791.907          0.000      TY  -2.100129E-01  -5.066718E-02   1.000000E+13
4.974980E-01   BH_15_imp             -31.917   41.584       4146.148       4791.907          0.000      TX  -1.664100E-01  -1.558008E-01   1.000000E+13
4.974980E-01   BH_15_imp             -31.917   41.584       4146.148       4791.907          0.000      TY  -2.442604E-01  -4.795434E-02   1.000000E+13
3.015780E-01   BH_15_imp             -31.917   41.584       4146.148       4791.907          0.000      TX  -2.404524E-01  -1.148608E-01   1.000000E+13
3.015780E-01   BH_15_imp             -31.917   41.584       4146.148       4791.907          0.000      TY  -2.764782E-01  -2.134549E-02   1.000000E+13
1.828140E-01   BH_15_imp             -31.917   41.584       4146.148       4791.907          0.000      TX  -2.867589E-01  -4.317387E-02   1.000000E+13
1.828140E-01   BH_15_imp             -31.917   41.584       4146.148       4791.907          0.000      TY  -2.894051E-01   2.792569E-02   1.000000E+13
1.108200E-01   BH_15_imp             -31.917   41.584       4146.148       4791.907          0.000      TX  -2.892578E-01   4.287540E-02   1.000000E+13
1.108200E-01   BH_15_imp             -31.917   41.584       4146.148       4791.907          0.000      TY  -2.700733E-01   8.537517E-02   1.000000E+13
6.717810E-02   BH_15_imp             -31.917   41.584       4146.148       4791.907          0.000      TX  -2.460339E-01   1.173926E-01   1.000000E+13
6.717810E-02   BH_15_imp             -31.917   41.584       4146.148       4791.907          0.000      TY  -2.210767E-01   1.308922E-01   1.000000E+13
4.072260E-02   BH_15_imp             -31.917   41.584       4146.148       4791.907          0.000      TX  -1.743962E-01   1.645226E-01   1.000000E+13
4.072260E-02   BH_15_imp             -31.917   41.584       4146.148       4791.907          0.000      TY  -1.590814E-01   1.561151E-01   1.000000E+13
2.468560E-02   BH_15_imp             -31.917   41.584       4146.148       4791.907          0.000      TX  -9.528070E-02   1.818576E-01   1.000000E+13
2.468560E-02   BH_15_imp             -31.917   41.584       4146.148       4791.907          0.000      TY  -9.582045E-02   1.667604E-01   1.000000E+13
1.496420E-02   BH_15_imp             -31.917   41.584       4146.148       4791.907          0.000      TX  -1.765176E-02   1.816355E-01   1.000000E+13
1.496420E-02   BH_15_imp             -31.917   41.584       4146.148       4791.907          0.000      TY  -2.872895E-02   1.697623E-01   1.000000E+13
9.071120E-03   BH_15_imp             -31.917   41.584       4146.148       4791.907          0.000      TX   5.441904E-02   1.604095E-01   1.000000E+13
9.071120E-03   BH_15_imp             -31.917   41.584       4146.148       4791.907          0.000      TY   4.110997E-02   1.576863E-01   1.000000E+13
5.498830E-03   BH_15_imp             -31.917   41.584       4146.148       4791.907          0.000      TX   1.147488E-01   1.295613E-01   1.000000E+13
5.498830E-03   BH_15_imp             -31.917   41.584       4146.148       4791.907          0.000      TY   1.042692E-01   1.238295E-01   1.000000E+13
3.333330E-03   BH_15_imp             -31.917   41.584       4146.148       4791.907          0.000      TX   1.521035E-01   8.610248E-02   1.000000E+13
3.333330E-03   BH_15_imp             -31.917   41.584       4146.148       4791.907          0.000      TY   1.396978E-01   7.466504E-02   1.000000E+13
3.333330E+02   BH_16_imp             -32.035   41.594      -8943.158       5434.588          0.000      TX   1.514881E-02   6.640730E-02   1.000000E+13
3.333330E+02   BH_16_imp             -32.035   41.594      -8943.158       5434.588          0.000      TY   1.470704E-01  -9.418062E-02   1.000000E+13
2.020630E+02   BH_16_imp             -32.035   41.594      -8943.158       5434.588          0.000      TX   6.344127E-02   3.074046E-02   1.000000E+13
2.020630E+02   BH_16_imp             -32.035   41.594      -8943.158       5434.588          0.000      TY   9.415451E-02  -1.446935E-01   1.000000E+13
1.224890E+02   BH_16_imp             -32.035   41.594      -8943.158       5434.588          0.000      TX   7.963462E-02   4.648804E-02   1.000000E+13
1.224890E+02   BH_16_imp             -32.035   41.594      -8943.158       5434.588          0.000      TY   1.981227E-02  -1.726977E-01   1.000000E+13
7.425120E+01   BH_16_imp             -32.035   41.594      -8943.158       5434.588          0.000      TX   1.138281E-01   7.076152E-02   1.000000E+13
7.425120E+01   BH_16_imp             -32.035   41.594      -8943.158       5434.588          0.000      TY  -5.842776E-02  -1.783650E-01   1.000000E+13
4.501040E+01   BH_16_imp             -32.035   41.594      -8943.158       5434.588          0.000      TX   1.510208E-01   7.528998E-02   1.000000E+13
4.501040E+01   BH_16_imp             -32.035   41.594      -8943.158       5434.588          0.000      TY  -1.339213E-01  -1.605756E-01   1.000000E+13
2.728490E+01   BH_16_imp             -32.035   41.594      -8943.158       5434.588          0.000      TX   1.784470E-01   7.026695E-02   1.000000E+13
2.728490E+01   BH_16_imp             -32.035   41.594      -8943.158       5434.588          0.000      TY  -1.898841E-01  -1.268852E-01   1.000000E+13
1.653980E+01   BH_16_imp             -32.035   41.594      -8943.158       5434.588          0.000      TX   2.002424E-01   6.772821E-02   1.000000E+13
1.653980E+01   BH_16_imp             -32.035   41.594      -8943.158       5434.588          0.000      TY  -2.272968E-01  -8.739205E-02   1.000000E+13
1.002630E+01   BH_16_imp             -32.035   41.594      -8943.158       5434.588          0.000      TX   2.271496E-01   6.751682E-02   1.000000E+13
1.002630E+01   BH_16_imp             -32.035   41.594      -8943.158       5434.588          0.000      TY  -2.476764E-01  -4.869067E-02   1.000000E+13
6.077850E+00   BH_16_imp             -32.035   41.594      -8943.158       5434.588          0.000      TX   2.565342E-01   5.965951E-02   1.000000E+13
6.077850E+00   BH_16_imp             -32.035   41.594      -8943.158       5434.588          0.000      TY  -2.487136E-01  -1.762013E-02   1.000000E+13
3.684310E+00   BH_16_imp             -32.035   41.594      -8943.158       5434.588          0.000      TX   2.830393E-01   3.644464E-02   1.000000E+13
3.684310E+00   BH_16_imp             -32.035   41.594      -8943.158       5434.588          0.000      TY  -2.412531E-01   3.362348E-03   1.000000E+13
2.233390E+00   BH_16_imp             -32.035   41.594      -8943.158       5434.588          0.000      TX   2.929922E-01   4.781315E-03   1.000000E+13
2.233390E+00   BH_16_imp             -32.035   41.594      -8943.158       5434.588          0.000      TY  -2.296111E-01   1.407511E-02   1.000000E+13
1.353860E+00   BH_16_imp             -32.035   41.594      -8943.158       5434.588          0.000      TX   2.862662E-01  -2.678450E-02   1.000000E+13
1.353860E+00   BH_16_imp             -32.035   41.594      -8943.158       5434.588          0.000      TY  -2.196016E-01   1.699546E-02   1.000000E+13
8.206950E-01   BH_16_imp             -32.035   41.594      -8943.158       5434.588          0.000      TX   2.653502E-01  -5.070823E-02   1.000000E+13
8.206950E-01   BH_16_imp             -32.035   41.594      -8943.158       5434.588          0.000      TY  -2.157788E-01   1.754903E-02   1.000000E+13
4.974980E-01   BH_16_imp             -32.035   41.594      -8943.158       5434.588          0.000      TX   2.377142E-01  -6.319565E-02   1.000000E+13
4.974980E-01   BH_16_imp             -32.035   41.594      -8943.158       5434.588          0.000      TY  -2.152921E-01   2.520389E-02   1.000000E+13
3.015780E-01   BH_16_imp             -32.035   41.594      -8943.158       5434.588          0.000      TX   2.119257E-01  -6.717829E-02   1.000000E+13
3.015780E-01   BH_16_imp             -32.035   41.594      -8943.158       5434.588          0.000      TY  -2.072998E-01   4.117721E-02   1.000000E+13
1.828140E-01   BH_16_imp             -32.035   41.594      -8943.158       5434.588          0.000      TX   1.885173E-01  -7.058153E-02   1.000000E+13
1.828140E-01   BH_16_imp             -32.035   41.594      -8943.158       5434.588          0.000      TY  -1.875517E-01   5.605649E-02   1.000000E+13
1.108200E-01   BH_16_imp             -32.035   41.594      -8943.158       5434.588          0.000      TX   1.620862E-01  -7.384561E-02   1.000000E+13
1.108200E-01   BH_16_imp             -32.035   41.594      -8943.158       5434.588          0.000      TY  -1.612754E-01   6.271453E-02   1.000000E+13
6.717810E-02   BH_16_imp             -32.035   41.594      -8943.158       5434.588          0.000      TX   1.325298E-01  -7.129951E-02   1.000000E+13
6.717810E-02   BH_16_imp             -32.035   41.594      -8943.158       5434.588          0.000      TY  -1.358080E-01   6.127837E-02   1.000000E+13
4.072260E-02   BH_16_imp             -32.035   41.594      -8943.158       5434.588          0.000      TX   1.059442E-01  -6.017681E-02   1.000000E+13
4.072260E-02   BH_16_imp             -32.035   41.594      -8943.158       5434.588          0.000      TY  -1.143481E-01   5.558614E-02   1.000000E+13
2.468560E-02   BH_16_imp             -32.035   41.594      -8943.158       5434.588          0.000      TX   8.847149E-02  -4.308195E-02   1.000000E+13
2.468560E-02   BH_16_imp             -32.035   41.594      -8943.158       5434.588          0.000      TY  -9.723189E-02   4.772021E-02   1.000000E+13
1.496420E-02   BH_16_imp             -32.035   41.594      -8943.158       5434.588          0.000      TX   8.387584E-02  -3.096493E-02   1.000000E+13
1.496420E-02   BH_16_imp             -32.035   41.594      -8943.158       5434.588          0.000      TY  -8.622435E-02   4.096785E-02   1.000000E+13
9.071120E-03   BH_16_imp             -32.035   41.594      -8943.158       5434.588          0.000      TX   7.596679E-02  -1.881610E-02   1.000000E+13
9.071120E-03   BH_16_imp             -32.035   41.594      -8943.158       5434.588          0.000      TY  -7.254794E-02   3.622261E-02   1.000000E+13
5.498830E-03   BH_16_imp             -32.035   41.594      -8943.158       5434.588          0.000      TX   7.518654E-02  -1.857464E-02   1.000000E+13
5.498830E-03   BH_16_imp             -32.035   41.594      -8943.158       5434.588          0.000      TY  -6.381680E-02   4.152877E-02   1.000000E+13
3.333330E-03   BH_16_imp             -32.035   41.594      -8943.158       5434.588          0.000      TX   6.530387E-02  -1.798582E-02   1.000000E+13
3.333330E-03   BH_16_imp             -32.035   41.594      -8943.158       5434.588          0.000      TY  -4.171073E-02   4.331306E-02   1.000000E+13
3.333330E+02   BH_17_imp             -31.987   41.545      -3466.186        900.306          0.000      TX   7.054906E-02   2.017132E-02   1.000000E+13
3.333330E+02   BH_17_imp             -31.987   41.545      -3466.186        900.306          0.000      TY   1.490024E-01  -8.971612E-02   1.000000E+13
2.020630E+02   BH_17_imp             -31.987   41.545      -3466.186        900.306          0.000      TX   5.426280E-02   2.490408E-02   1.000000E+13
2.020630E+02   BH_17_imp             -31.987   41.545      -3466.186        900.306          0.000      TY   1.024760E-01  -1.361074E-01   1.000000E+13
1.224890E+02   BH_17_imp             -31.987   41.545      -3466.186        900.306          0.000      TX   6.990884E-02   3.374192E-02   1.000000E+13
1.224890E+02   BH_17_imp             -31.987   41.545      -3466.186        900.306          0.000      TY   3.337412E-02  -1.596291E-01   1.000000E+13
7.425120E+01   BH_17_imp             -31.987   41.545      -3466.186        900.306          0.000      TX   8.380401E-02   3.821959E-02   1.000000E+13
7.425120E+01   BH_17_imp             -31.987   41.545      -3466.186        900.306          0.000      TY  -4.225156E-02  -1.636416E-01   1.000000E+13
4.501040E+01   BH_17_imp             -31.987   41.545      -3466.186        900.306          0.000      TX   1.011651E-01   3.826539E-02   1.000000E+13
4.501040E+01   BH_17_imp             -31.987   41.545      -3466.186        900.306          0.000      TY  -1.105599E-01  -1.431014E-01   1.000000E+13
2.728490E+01   BH_17_imp             -31.987   41.545      -3466.186        900.306          0.000      TX   1.154755E-01   3.642566E-02   1.000000E+13
2.728490E+01   BH_17_imp             -31.987   41.545      -3466.186        900.306          0.000      TY  -1.612107E-01  -1.082293E-01   1.000000E+13
1.653980E+01   BH_17_imp             -31.987   41.545      -3466.186        900.306          0.000      TX   1.255610E-01   3.257995E-02   1.000000E+13
1.653980E+01   BH_17_imp             -31.987   41.545      -3466.186        900.306          0.000      TY  -1.923634E-01  -6.807494E-02   1.000000E+13
1.002630E+01   BH_17_imp             -31.987   41.545      -3466.186        900.306          0.000      TX   1.362786E-01   3.427197E-02   1.000000E+13
1.002630E+01   BH_17_imp             -31.987   41.545      -3466.186        900.306          0.000      TY  -2.047914E-01  -2.830205E-02   1.000000E+13
6.077850E+00   BH_17_imp             -31.987   41.545      -3466.186        900.306          0.000      TX   1.544381E-01   3.107161E-02   1.000000E+13
6.077850E+00   BH_17_imp             -31.987   41.545      -3466.186        900.306          0.000      TY  -2.012946E-01   6.113194E-03   1.000000E+13
3.684310E+00   BH_17_imp             -31.987   41.545      -3466.186        900.306          0.000      TX   1.720057E-01   1.622597E-02   1.000000E+13
3.684310E+00   BH_17_imp             -31.987   41.545      -3466.186        900.306          0.000      TY  -1.855166E-01   3.206313E-02   1.000000E+13
2.233390E+00   BH_17_imp             -31.987   41.545      -3466.186        900.306          0.000      TX   1.791988E-01  -9.054553E-03   1.000000E+13
2.233390E+00   BH_17_imp             -31.987   41.545      -3466.186        900.306          0.000      TY  -1.601037E-01   4.722178E-02   1.000000E+13
1.353860E+00   BH_17_imp             -31.987   41.545      -3466.186        900.306          0.000      TX   1.717358E-01  -3.840611E-02   1.000000E+13
1.353860E+00   BH_17_imp             -31.987   41.545      -3466.186        900.306          0.000      TY  -1.311678E-01   4.816139E-02   1.000000E+13
8.206950E-01   BH_17_imp             -31.987   41.545      -3466.186        900.306          0.000      TX   1.474561E-01  -6.431819E-02   1.000000E+13
8.206950E-01   BH_17_imp             -31.987   41.545      -3466.186        900.306          0.000      TY  -1.077984E-01   3.457798E-02   1.000000E+13
4.974980E-01   BH_17_imp             -31.987   41.545      -3466.186        900.306          0.000      TX   1.102134E-01  -7.701689E-02   1.000000E+13
4.974980E-01   BH_17_imp             -31.987   41.545      -3466.186        900.306          0.000      TY  -9.751008E-02   1.414819E-02   1.000000E+13
3.015780E-01   BH_17_imp             -31.987   41.545      -3466.186        900.306          0.000      TX   7.244374E-02  -7.116685E-02   1.000000E+13
3.015780E-01   BH_17_imp             -31.987   41.545      -3466.186        900.306          0.000      TY  -9.900902E-02  -3.820796E-03   1.000000E+13
1.828140E-01   BH_17_imp             -31.987   41.545      -3466.186        900.306          0.000      TX   4.682202E-02  -5.352212E-02   1.000000E+13
1.828140E-01   BH_17_imp             -31.987   41.545      -3466.186        900.306          0.000      TY  -1.081592E-01  -1.665551E-02   1.000000E+13
1.108200E-01   BH_17_imp             -31.987   41.545      -3466.186        900.306          0.000      TX   3.535889E-02  -3.648387E-02   1.000000E+13
1.108200E-01   BH_17_imp             -31.987   41.545      -3466.186        900.306          0.000      TY  -1.227008E-01  -2.253483E-02   1.000000E+13
6.717810E-02   BH_17_imp             -31.987   41.545      -3466.186        900.306          0.000      TX   3.072513E-02  -2.672174E-02   1.000000E+13
6.717810E-02   BH_17_imp             -31.987   41.545      -3466.186        900.306          0.000      TY  -1.390810E-01  -1.838636E-02   1.000000E+13
4.072260E-02   BH_17_imp             -31.987   41.545      -3466.186        900.306          0.000      TX   2.423782E-02  -2.330927E-02   1.000000E+13
4.072260E-02   BH_17_imp             -31.987   41.545      -3466.186        900.306          0.000      TY  -1.502122E-01  -3.245386E-03   1.000000E+13
2.468560E-02   BH_17_imp             -31.987   41.545      -3466.186        900.306          0.000      TX   1.311377E-02  -1.463924E-02   1.000000E+13
2.468560E-02   BH_17_imp             -31.987   41.545      -3466.186        900.306          0.000      TY  -1.482677E-01   1.769327E-02   1.000000E+13
1.496420E-02   BH_17_imp             -31.987   41.545      -3466.186        900.306          0.000      TX   9.429716E-03   1.883641E-03   1.000000E+13
1.496420E-02   BH_17_imp             -31.987   41.545      -3466.186        900.306          0.000      TY  -1.328932E-01   3.303643E-02   1.000000E+13
9.071120E-03   BH_17_imp             -31.987   41.545      -3466.186        900.306          0.000      TX   1.841622E-02   1.508005E-02   1.000000E+13
9.071120E-03   BH_17_imp             -31.987   41.545      -3466.186        900.306          0.000      TY  -1.139731E-01   3.627860E-02   1.000000E+13
5.498830E-03   BH_17_imp             -31.987   41.545      -3466.186        900.306          0.000      TX   3.165462E-02   1.558050E-02   1.000000E+13
5.498830E-03   BH_17_imp             -31.987   41.545      -3466.186        900.306          0.000      TY  -1.023260E-01   3.524242E-02   1.000000E+13
3.333330E-03   BH_17_imp             -31.987   41.545      -3466.186        900.306          0.000      TX   4.063820E-02   6.631469E-03   1.000000E+13
3.333330E-03   BH_17_imp             -31.987   41.545      -3466.186        900.306          0.000      TY  -9.092955E-02   3.704365E-02   1.000000E+13
3.333330E+02   BH_18_imp             -31.911   41.631       4719.979       9253.883          0.000      TX   3.820724E-02   8.538173E-02   1.000000E+13
3.333330E+02   BH_18_imp             -31.911   41.631       4719.979       9253.883          0.000      TY   1.855786E-01  -7.601341E-02   1.000000E+13
2.020630E+02   BH_18_imp             -31.911   41.631       4719.979       9253.883          0.000      TX   8.720399E-02   3.834414E-02   1.000000E+13
2.020630E+02   BH_18_imp             -31.911   41.631       4719.979       9253.883          0.000      TY   1.348132E-01  -1.185382E-01   1.000000E+13
1.224890E+02   BH_18_imp             -31.911   41.631       4719.979       9253.883          0.000      TX   1.040971E-01   3.116332E-02   1.000000E+13
1.224890E+02   BH_18_imp             -31.911   41.631       4719.979       9253.883          0.000      TY   7.291235E-02  -1.462900E-01   1.000000E+13
7.425120E+01   BH_18_imp             -31.911   41.631       4719.979       9253.883          0.000      TX   1.002435E-01   2.569190E-02   1.000000E+13
7.425120E+01   BH_18_imp             -31.911   41.631       4719.979       9253.883          0.000      TY   5.277970E-03  -1.428425E-01   1.000000E+13
4.501040E+01   BH_18_imp             -31.911   41.631       4719.979       9253.883          0.000      TX   1.068942E-01   3.343527E-02   1.000000E+13
4.501040E+01   BH_18_imp             -31.911   41.631       4719.979       9253.883          0.000      TY  -5.097004E-02  -1.219345E-01   1.000000E+13
2.728490E+01   BH_18_imp             -31.911   41.631       4719.979       9253.883          0.000      TX   1.160650E-01   3.743198E-02   1.000000E+13
2.728490E+01   BH_18_imp             -31.911   41.631       4719.979       9253.883          0.000      TY  -9.227416E-02  -9.267048E-02   1.000000E+13
1.653980E+01   BH_18_imp             -31.911   41.631       4719.979       9253.883          0.000      TX   1.210732E-01   4.177522E-02   1.000000E+13
1.653980E+01   BH_18_imp             -31.911   41.631       4719.979       9253.883          0.000      TY  -1.178231E-01  -5.955293E-02   1.000000E+13
1.002630E+01   BH_18_imp             -31.911   41.631       4719.979       9253.883          0.000      TX   1.319092E-01   5.550955E-02   1.000000E+13
1.002630E+01   BH_18_imp             -31.911   41.631       4719.979       9253.883          0.000      TY  -1.284600E-01  -2.739021E-02   1.000000E+13
6.077850E+00   BH_18_imp             -31.911   41.631       4719.979       9253.883          0.000      TX   1.570185E-01   6.973690E-02   1.000000E+13
6.077850E+00   BH_18_imp             -31.911   41.631       4719.979       9253.883          0.000      TY  -1.255754E-01  -3.567002E-03   1.000000E+13
3.684310E+00   BH_18_imp             -31.911   41.631       4719.979       9253.883          0.000      TX   1.920131E-01   7.094208E-02   1.000000E+13
3.684310E+00   BH_18_imp             -31.911   41.631       4719.979       9253.883          0.000      TY  -1.179794E-01   1.235255E-02   1.000000E+13
2.233390E+00   BH_18_imp             -31.911   41.631       4719.979       9253.883          0.000      TX   2.210554E-01   5.698171E-02   1.000000E+13
2.233390E+00   BH_18_imp             -31.911   41.631       4719.979       9253.883          0.000      TY  -1.106497E-01   2.205627E-02   1.000000E+13
1.353860E+00   BH_18_imp             -31.911   41.631       4719.979       9253.883          0.000      TX   2.377684E-01   3.523989E-02   1.000000E+13
1.353860E+00   BH_18_imp             -31.911   41.631       4719.979       9253.883          0.000      TY  -1.058862E-01   3.264284E-02   1.000000E+13
8.206950E-01   BH_18_imp             -31.911   41.631       4719.979       9253.883          0.000      TX   2.416760E-01   1.804683E-02   1.000000E+13
8.206950E-01   BH_18_imp             -31.911   41.631       4719.979       9253.883          0.000      TY  -9.964622E-02   5.317784E-02   1.000000E+13
4.974980E-01   BH_18_imp             -31.911   41.631       4719.979       9253.883          0.000      TX   2.419871E-01   8.713226E-03   1.000000E+13
4.974980E-01   BH_18_imp             -31.911   41.631       4719.979       9253.883          0.000      TY  -7.850942E-02   8.414330E-02   1.000000E+13
3.015780E-01   BH_18_imp             -31.911   41.631       4719.979       9253.883          0.000      TX   2.465959E-01   2.393806E-03   1.000000E+13
3.015780E-01   BH_18_imp             -31.911   41.631       4719.979       9253.883          0.000      TY  -3.189977E-02   1.105692E-01   1.000000E+13
1.828140E-01   BH_18_imp             -31.911   41.631       4719.979       9253.883          0.000      TX   2.564568E-01  -1.184898E-02   1.000000E+13
1.828140E-01   BH_18_imp             -31.911   41.631       4719.979       9253.883          0.000      TY   3.361735E-02   1.087753E-01   1.000000E+13
1.108200E-01   BH_18_imp             -31.911   41.631       4719.979       9253.883          0.000      TX   2.613256E-01  -4.390017E-02   1.000000E+13
1.108200E-01   BH_18_imp             -31.911   41.631       4719.979       9253.883          0.000      TY   8.588412E-02   6.620961E-02   1.000000E+13
6.717810E-02   BH_18_imp             -31.911   41.631       4719.979       9253.883          0.000      TX   2.434152E-01  -9.051024E-02   1.000000E+13
6.717810E-02   BH_18_imp             -31.911   41.631       4719.979       9253.883          0.000      TY   9.284138E-02   1.135924E-02   1.000000E+13
4.072260E-02   BH_18_imp             -31.911   41.631       4719.979       9253.883          0.000      TX   1.928602E-01  -1.331845E-01   1.000000E+13
4.072260E-02   BH_18_imp             -31.911   41.631       4719.979       9253.883          0.000      TY   7.201070E-02  -1.759754E-02   1.000000E+13
2.468560E-02   BH_18_imp             -31.911   41.631       4719.979       9253.883          0.000      TX   1.189212E-01  -1.489916E-01   1.000000E+13
2.468560E-02   BH_18_imp             -31.911   41.631       4719.979       9253.883          0.000      TY   5.317557E-02  -2.576596E-02   1.000000E+13
1.496420E-02   BH_18_imp             -31.911   41.631       4719.979       9253.883          0.000      TX   4.824018E-02  -1.274945E-01   1.000000E+13
1.496420E-02   BH_18_imp             -31.911   41.631       4719.979       9253.883          0.000      TY   3.941021E-02  -2.861068E-02   1.000000E+13
9.071120E-03   BH_18_imp             -31.911   41.631       4719.979       9253.883          0.000      TX   6.353212E-03  -8.677362E-02   1.000000E+13
9.071120E-03   BH_18_imp             -31.911   41.631       4719.979       9253.883          0.000      TY   2.645769E-02  -2.887498E-02   1.000000E+13
5.498830E-03   BH_18_imp             -31.911   41.631       4719.979       9253.883          0.000      TX  -9.580267E-03  -5.153883E-02   1.000000E+13
5.498830E-03   BH_18_imp             -31.911   41.631       4719.979       9253.883          0.000      TY   1.390672E-02  -2.559997E-02   1.000000E+13
3.333330E-03   BH_18_imp             -31.911   41.631       4719.979       9253.883          0.000      TX  -1.336606E-02  -2.713392E-02   1.000000E+13
3.333330E-03   BH_18_imp             -31.911   41.631       4719.979       9253.883          0.000      TY   4.877723E-03  -1.892972E-02   1.000000E+13
2.020630E+02   BH_19                 -31.900   41.465       6278.933      -6457.571          0.000      TX   2.926850E-02   3.654877E-02   1.000000E+13
2.020630E+02   BH_19                 -31.900   41.465       6278.933      -6457.571          0.000      TY   1.289491E-01  -1.146675E-01   1.000000E+13
1.224890E+02   BH_19                 -31.900   41.465       6278.933      -6457.571          0.000      TX   5.512758E-02   1.848944E-02   1.000000E+13
1.224890E+02   BH_19                 -31.900   41.465       6278.933      -6457.571          0.000      TY   6.436990E-02  -1.325149E-01   1.000000E+13
7.425120E+01   BH_19                 -31.900   41.465       6278.933      -6457.571          0.000      TX   3.972651E-02   6.609140E-03   1.000000E+13
7.425120E+01   BH_19                 -31.900   41.465       6278.933      -6457.571          0.000      TY   1.962915E-03  -1.260989E-01   1.000000E+13
4.501040E+01   BH_19                 -31.900   41.465       6278.933      -6457.571          0.000      TX   3.508748E-02   8.686271E-03   1.000000E+13
4.501040E+01   BH_19                 -31.900   41.465       6278.933      -6457.571          0.000      TY  -5.168530E-02  -9.811161E-02   1.000000E+13
2.728490E+01   BH_19                 -31.900   41.465       6278.933      -6457.571          0.000      TX   3.815960E-02   1.073339E-02   1.000000E+13
2.728490E+01   BH_19                 -31.900   41.465       6278.933      -6457.571          0.000      TY  -8.915409E-02  -5.476741E-02   1.000000E+13
1.653980E+01   BH_19                 -31.900   41.465       6278.933      -6457.571          0.000      TX   3.738838E-02   1.449051E-02   1.000000E+13
1.653980E+01   BH_19                 -31.900   41.465       6278.933      -6457.571          0.000      TY  -1.041483E-01  -2.073673E-03   1.000000E+13
1.002630E+01   BH_19                 -31.900   41.465       6278.933      -6457.571          0.000      TX   4.088792E-02   2.754185E-02   1.000000E+13
1.002630E+01   BH_19                 -31.900   41.465       6278.933      -6457.571          0.000      TY  -9.597985E-02   5.460719E-02   1.000000E+13
6.077850E+00   BH_19                 -31.900   41.465       6278.933      -6457.571          0.000      TX   5.436308E-02   4.038485E-02   1.000000E+13
6.077850E+00   BH_19                 -31.900   41.465       6278.933      -6457.571          0.000      TY  -6.238265E-02   1.047541E-01   1.000000E+13
3.684310E+00   BH_19                 -31.900   41.465       6278.933      -6457.571          0.000      TX   7.402520E-02   4.753323E-02   1.000000E+13
3.684310E+00   BH_19                 -31.900   41.465       6278.933      -6457.571          0.000      TY  -1.016612E-02   1.453152E-01   1.000000E+13
2.233390E+00   BH_19                 -31.900   41.465       6278.933      -6457.571          0.000      TX   9.642477E-02   5.006199E-02   1.000000E+13
2.233390E+00   BH_19                 -31.900   41.465       6278.933      -6457.571          0.000      TY   5.641444E-02   1.708921E-01   1.000000E+13
1.353860E+00   BH_19                 -31.900   41.465       6278.933      -6457.571          0.000      TX   1.197863E-01   4.623361E-02   1.000000E+13
1.353860E+00   BH_19                 -31.900   41.465       6278.933      -6457.571          0.000      TY   1.283939E-01   1.780085E-01   1.000000E+13
8.206950E-01   BH_19                 -31.900   41.465       6278.933      -6457.571          0.000      TX   1.434208E-01   3.257405E-02   1.000000E+13
8.206950E-01   BH_19                 -31.900   41.465       6278.933      -6457.571          0.000      TY   1.956753E-01   1.695795E-01   1.000000E+13
4.974980E-01   BH_19                 -31.900   41.465       6278.933      -6457.571          0.000      TX   1.608869E-01   7.894691E-03   1.000000E+13
4.974980E-01   BH_19                 -31.900   41.465       6278.933      -6457.571          0.000      TY   2.522231E-01   1.530134E-01   1.000000E+13
3.015780E-01   BH_19                 -31.900   41.465       6278.933      -6457.571          0.000      TX   1.685912E-01  -2.754296E-02   1.000000E+13
3.015780E-01   BH_19                 -31.900   41.465       6278.933      -6457.571          0.000      TY   2.979584E-01   1.368860E-01   1.000000E+13
1.828140E-01   BH_19                 -31.900   41.465       6278.933      -6457.571          0.000      TX   1.617411E-01  -7.499649E-02   1.000000E+13
1.828140E-01   BH_19                 -31.900   41.465       6278.933      -6457.571          0.000      TY   3.392927E-01   1.237308E-01   1.000000E+13
1.108200E-01   BH_19                 -31.900   41.465       6278.933      -6457.571          0.000      TX   1.310228E-01  -1.319357E-01   1.000000E+13
1.108200E-01   BH_19                 -31.900   41.465       6278.933      -6457.571          0.000      TY   3.805729E-01   1.099981E-01   1.000000E+13
6.717810E-02   BH_19                 -31.900   41.465       6278.933      -6457.571          0.000      TX   6.751739E-02  -1.851343E-01   1.000000E+13
6.717810E-02   BH_19                 -31.900   41.465       6278.933      -6457.571          0.000      TY   4.206319E-01   8.975059E-02   1.000000E+13
4.072260E-02   BH_19                 -31.900   41.465       6278.933      -6457.571          0.000      TX  -2.253660E-02  -2.167191E-01   1.000000E+13
4.072260E-02   BH_19                 -31.900   41.465       6278.933      -6457.571          0.000      TY   4.542282E-01   6.064290E-02   1.000000E+13
2.468560E-02   BH_19                 -31.900   41.465       6278.933      -6457.571          0.000      TX  -1.191795E-01  -2.185315E-01   1.000000E+13
2.468560E-02   BH_19                 -31.900   41.465       6278.933      -6457.571          0.000      TY   4.739144E-01   2.354154E-02   1.000000E+13
1.496420E-02   BH_19                 -31.900   41.465       6278.933      -6457.571          0.000      TX  -2.066234E-01  -1.980625E-01   1.000000E+13
1.496420E-02   BH_19                 -31.900   41.465       6278.933      -6457.571          0.000      TY   4.830693E-01  -2.897440E-02   1.000000E+13
9.071120E-03   BH_19                 -31.900   41.465       6278.933      -6457.571          0.000      TX  -2.843533E-01  -1.610219E-01   1.000000E+13
9.071120E-03   BH_19                 -31.900   41.465       6278.933      -6457.571          0.000      TY   4.556056E-01  -8.333191E-02   1.000000E+13
5.498830E-03   BH_19                 -31.900   41.465       6278.933      -6457.571          0.000      TX  -3.359390E-01  -1.079082E-01   1.000000E+13
5.498830E-03   BH_19                 -31.900   41.465       6278.933      -6457.571          0.000      TY   4.161649E-01  -1.609361E-01   1.000000E+13
3.333330E-03   BH_19                 -31.900   41.465       6278.933      -6457.571          0.000      TX  -3.617139E-01  -5.022908E-02   1.000000E+13
3.333330E-03   BH_19                 -31.900   41.465       6278.933      -6457.571          0.000      TY   3.231345E-01  -2.062314E-01   1.000000E+13
3.333330E+02   BH_1                  -31.974   41.510      -2021.284      -2388.076          0.000      TX   6.144104E-02   4.165964E-02   1.000000E+13
3.333330E+02   BH_1                  -31.974   41.510      -2021.284      -2388.076          0.000      TY   1.550569E-01  -8.439330E-02   1.000000E+13
2.020630E+02   BH_1                  -31.974   41.510      -2021.284      -2388.076          0.000      TX   6.231551E-02   2.725728E-02   1.000000E+13
2.020630E+02   BH_1                  -31.974   41.510      -2021.284      -2388.076          0.000      TY   1.054506E-01  -1.287796E-01   1.000000E+13
1.224890E+02   BH_1                  -31.974   41.510      -2021.284      -2388.076          0.000      TX   6.252511E-02   2.405236E-02   1.000000E+13
1.224890E+02   BH_1                  -31.974   41.510      -2021.284      -2388.076          0.000      TY   3.872920E-02  -1.543839E-01   1.000000E+13
7.425120E+01   BH_1                  -31.974   41.510      -2021.284      -2388.076          0.000      TX   6.824996E-02   2.697056E-02   1.000000E+13
7.425120E+01   BH_1                  -31.974   41.510      -2021.284      -2388.076          0.000      TY  -3.404702E-02  -1.540855E-01   1.000000E+13
4.501040E+01   BH_1                  -31.974   41.510      -2021.284      -2388.076          0.000      TX   7.940139E-02   2.869090E-02   1.000000E+13
4.501040E+01   BH_1                  -31.974   41.510      -2021.284      -2388.076          0.000      TY  -9.875687E-02  -1.318540E-01   1.000000E+13
2.728490E+01   BH_1                  -31.974   41.510      -2021.284      -2388.076          0.000      TX   8.984370E-02   2.280158E-02   1.000000E+13
2.728490E+01   BH_1                  -31.974   41.510      -2021.284      -2388.076          0.000      TY  -1.455040E-01  -9.406752E-02   1.000000E+13
1.653980E+01   BH_1                  -31.974   41.510      -2021.284      -2388.076          0.000      TX   9.470861E-02   1.947692E-02   1.000000E+13
1.653980E+01   BH_1                  -31.974   41.510      -2021.284      -2388.076          0.000      TY  -1.727724E-01  -4.994231E-02   1.000000E+13
1.002630E+01   BH_1                  -31.974   41.510      -2021.284      -2388.076          0.000      TX   1.024376E-01   2.153589E-02   1.000000E+13
1.002630E+01   BH_1                  -31.974   41.510      -2021.284      -2388.076          0.000      TY  -1.804157E-01  -5.574763E-03   1.000000E+13
6.077850E+00   BH_1                  -31.974   41.510      -2021.284      -2388.076          0.000      TX   1.162772E-01   1.919431E-02   1.000000E+13
6.077850E+00   BH_1                  -31.974   41.510      -2021.284      -2388.076          0.000      TY  -1.696241E-01   3.491044E-02   1.000000E+13
3.684310E+00   BH_1                  -31.974   41.510      -2021.284      -2388.076          0.000      TX   1.300484E-01   5.237523E-03   1.000000E+13
3.684310E+00   BH_1                  -31.974   41.510      -2021.284      -2388.076          0.000      TY  -1.436243E-01   6.820790E-02   1.000000E+13
2.233390E+00   BH_1                  -31.974   41.510      -2021.284      -2388.076          0.000      TX   1.348775E-01  -1.798576E-02   1.000000E+13
2.233390E+00   BH_1                  -31.974   41.510      -2021.284      -2388.076          0.000      TY  -1.050816E-01   9.076005E-02   1.000000E+13
1.353860E+00   BH_1                  -31.974   41.510      -2021.284      -2388.076          0.000      TX   1.257784E-01  -4.686579E-02   1.000000E+13
1.353860E+00   BH_1                  -31.974   41.510      -2021.284      -2388.076          0.000      TY  -5.858349E-02   9.794728E-02   1.000000E+13
8.206950E-01   BH_1                  -31.974   41.510      -2021.284      -2388.076          0.000      TX   9.961213E-02  -7.427211E-02   1.000000E+13
8.206950E-01   BH_1                  -31.974   41.510      -2021.284      -2388.076          0.000      TY  -1.410122E-02   8.714145E-02   1.000000E+13
4.974980E-01   BH_1                  -31.974   41.510      -2021.284      -2388.076          0.000      TX   5.783107E-02  -8.894759E-02   1.000000E+13
4.974980E-01   BH_1                  -31.974   41.510      -2021.284      -2388.076          0.000      TY   1.878974E-02   6.278843E-02   1.000000E+13
3.015780E-01   BH_1                  -31.974   41.510      -2021.284      -2388.076          0.000      TX   1.295459E-02  -8.250823E-02   1.000000E+13
3.015780E-01   BH_1                  -31.974   41.510      -2021.284      -2388.076          0.000      TY   3.571568E-02   3.421388E-02   1.000000E+13
1.828140E-01   BH_1                  -31.974   41.510      -2021.284      -2388.076          0.000      TX  -1.903573E-02  -5.947701E-02   1.000000E+13
1.828140E-01   BH_1                  -31.974   41.510      -2021.284      -2388.076          0.000      TY   3.778669E-02   7.325549E-03   1.000000E+13
1.108200E-01   BH_1                  -31.974   41.510      -2021.284      -2388.076          0.000      TX  -3.267938E-02  -3.425510E-02   1.000000E+13
1.108200E-01   BH_1                  -31.974   41.510      -2021.284      -2388.076          0.000      TY   2.636634E-02  -1.203100E-02   1.000000E+13
6.717810E-02   BH_1                  -31.974   41.510      -2021.284      -2388.076          0.000      TX  -3.600234E-02  -1.624486E-02   1.000000E+13
6.717810E-02   BH_1                  -31.974   41.510      -2021.284      -2388.076          0.000      TY   7.039032E-03  -1.643291E-02   1.000000E+13
4.072260E-02   BH_1                  -31.974   41.510      -2021.284      -2388.076          0.000      TX  -3.873068E-02  -2.683834E-03   1.000000E+13
4.072260E-02   BH_1                  -31.974   41.510      -2021.284      -2388.076          0.000      TY  -7.905887E-03  -3.955491E-03   1.000000E+13
2.468560E-02   BH_1                  -31.974   41.510      -2021.284      -2388.076          0.000      TX  -3.968617E-02   1.493322E-02   1.000000E+13
2.468560E-02   BH_1                  -31.974   41.510      -2021.284      -2388.076          0.000      TY  -8.133603E-03   1.769251E-02   1.000000E+13
1.496420E-02   BH_1                  -31.974   41.510      -2021.284      -2388.076          0.000      TX  -2.925392E-02   3.562126E-02   1.000000E+13
1.496420E-02   BH_1                  -31.974   41.510      -2021.284      -2388.076          0.000      TY   6.969021E-03   3.517412E-02   1.000000E+13
9.071120E-03   BH_1                  -31.974   41.510      -2021.284      -2388.076          0.000      TX  -8.606950E-03   5.049744E-02   1.000000E+13
9.071120E-03   BH_1                  -31.974   41.510      -2021.284      -2388.076          0.000      TY   3.144790E-02   4.078430E-02   1.000000E+13
5.498830E-03   BH_1                  -31.974   41.510      -2021.284      -2388.076          0.000      TX   1.877237E-02   5.457919E-02   1.000000E+13
5.498830E-03   BH_1                  -31.974   41.510      -2021.284      -2388.076          0.000      TY   5.374019E-02   3.099456E-02   1.000000E+13
3.333330E-03   BH_1                  -31.974   41.510      -2021.284      -2388.076          0.000      TX   4.527555E-02   4.708382E-02   1.000000E+13
3.333330E-03   BH_1                  -31.974   41.510      -2021.284      -2388.076          0.000      TY   6.362211E-02   1.330157E-02   1.000000E+13
3.333330E+02   BH_20_imp             -31.887   41.467       7779.387      -6284.294          0.000      TX   4.980115E-02   3.873750E-02   1.000000E+13
3.333330E+02   BH_20_imp             -31.887   41.467       7779.387      -6284.294          0.000      TY   1.708907E-01  -7.269950E-02   1.000000E+13
2.020630E+02   BH_20_imp             -31.887   41.467       7779.387      -6284.294          0.000      TX   3.340190E-02   2.433215E-02   1.000000E+13
2.020630E+02   BH_20_imp             -31.887   41.467       7779.387      -6284.294          0.000      TY   1.279052E-01  -1.145820E-01   1.000000E+13
1.224890E+02   BH_20_imp             -31.887   41.467       7779.387      -6284.294          0.000      TX   5.010641E-02   1.654489E-02   1.000000E+13
1.224890E+02   BH_20_imp             -31.887   41.467       7779.387      -6284.294          0.000      TY   6.557015E-02  -1.332978E-01   1.000000E+13
7.425120E+01   BH_20_imp             -31.887   41.467       7779.387      -6284.294          0.000      TX   3.649291E-02   1.115707E-03   1.000000E+13
7.425120E+01   BH_20_imp             -31.887   41.467       7779.387      -6284.294          0.000      TY   3.211776E-03  -1.278480E-01   1.000000E+13
4.501040E+01   BH_20_imp             -31.887   41.467       7779.387      -6284.294          0.000      TX   2.968222E-02   3.002395E-03   1.000000E+13
4.501040E+01   BH_20_imp             -31.887   41.467       7779.387      -6284.294          0.000      TY  -5.114634E-02  -1.006326E-01   1.000000E+13
2.728490E+01   BH_20_imp             -31.887   41.467       7779.387      -6284.294          0.000      TX   3.030574E-02   8.114476E-03   1.000000E+13
2.728490E+01   BH_20_imp             -31.887   41.467       7779.387      -6284.294          0.000      TY  -8.924070E-02  -5.861997E-02   1.000000E+13
1.653980E+01   BH_20_imp             -31.887   41.467       7779.387      -6284.294          0.000      TX   2.905126E-02   1.199377E-02   1.000000E+13
1.653980E+01   BH_20_imp             -31.887   41.467       7779.387      -6284.294          0.000      TY  -1.053863E-01  -7.948471E-03   1.000000E+13
1.002630E+01   BH_20_imp             -31.887   41.467       7779.387      -6284.294          0.000      TX   3.101435E-02   2.498566E-02   1.000000E+13
1.002630E+01   BH_20_imp             -31.887   41.467       7779.387      -6284.294          0.000      TY  -9.869623E-02   4.536687E-02   1.000000E+13
6.077850E+00   BH_20_imp             -31.887   41.467       7779.387      -6284.294          0.000      TX   4.323581E-02   3.858102E-02   1.000000E+13
6.077850E+00   BH_20_imp             -31.887   41.467       7779.387      -6284.294          0.000      TY  -6.747506E-02   9.344172E-02   1.000000E+13
3.684310E+00   BH_20_imp             -31.887   41.467       7779.387      -6284.294          0.000      TX   6.159803E-02   4.819184E-02   1.000000E+13
3.684310E+00   BH_20_imp             -31.887   41.467       7779.387      -6284.294          0.000      TY  -1.869658E-02   1.301251E-01   1.000000E+13
2.233390E+00   BH_20_imp             -31.887   41.467       7779.387      -6284.294          0.000      TX   8.299287E-02   5.352335E-02   1.000000E+13
2.233390E+00   BH_20_imp             -31.887   41.467       7779.387      -6284.294          0.000      TY   4.343614E-02   1.512469E-01   1.000000E+13
1.353860E+00   BH_20_imp             -31.887   41.467       7779.387      -6284.294          0.000      TX   1.072209E-01   5.413750E-02   1.000000E+13
1.353860E+00   BH_20_imp             -31.887   41.467       7779.387      -6284.294          0.000      TY   1.092860E-01   1.523386E-01   1.000000E+13
8.206950E-01   BH_20_imp             -31.887   41.467       7779.387      -6284.294          0.000      TX   1.338985E-01   4.511781E-02   1.000000E+13
8.206950E-01   BH_20_imp             -31.887   41.467       7779.387      -6284.294          0.000      TY   1.676998E-01   1.370732E-01   1.000000E+13
4.974980E-01   BH_20_imp             -31.887   41.467       7779.387      -6284.294          0.000      TX   1.555735E-01   2.446241E-02   1.000000E+13
4.974980E-01   BH_20_imp             -31.887   41.467       7779.387      -6284.294          0.000      TY   2.121558E-01   1.136162E-01   1.000000E+13
3.015780E-01   BH_20_imp             -31.887   41.467       7779.387      -6284.294          0.000      TX   1.667511E-01  -6.834576E-03   1.000000E+13
3.015780E-01   BH_20_imp             -31.887   41.467       7779.387      -6284.294          0.000      TY   2.426158E-01   9.172923E-02   1.000000E+13
1.828140E-01   BH_20_imp             -31.887   41.467       7779.387      -6284.294          0.000      TX   1.609784E-01  -4.665505E-02   1.000000E+13
1.828140E-01   BH_20_imp             -31.887   41.467       7779.387      -6284.294          0.000      TY   2.664359E-01   7.489685E-02   1.000000E+13
1.108200E-01   BH_20_imp             -31.887   41.467       7779.387      -6284.294          0.000      TX   1.306069E-01  -8.647746E-02   1.000000E+13
1.108200E-01   BH_20_imp             -31.887   41.467       7779.387      -6284.294          0.000      TY   2.884804E-01   6.025754E-02   1.000000E+13
6.717810E-02   BH_20_imp             -31.887   41.467       7779.387      -6284.294          0.000      TX   7.438445E-02  -1.078018E-01   1.000000E+13
6.717810E-02   BH_20_imp             -31.887   41.467       7779.387      -6284.294          0.000      TY   3.082615E-01   4.269394E-02   1.000000E+13
4.072260E-02   BH_20_imp             -31.887   41.467       7779.387      -6284.294          0.000      TX   1.144132E-02  -9.450285E-02   1.000000E+13
4.072260E-02   BH_20_imp             -31.887   41.467       7779.387      -6284.294          0.000      TY   3.213539E-01   2.017910E-02   1.000000E+13
2.468560E-02   BH_20_imp             -31.887   41.467       7779.387      -6284.294          0.000      TX  -3.278224E-02  -4.591200E-02   1.000000E+13
2.468560E-02   BH_20_imp             -31.887   41.467       7779.387      -6284.294          0.000      TY   3.191067E-01  -4.886642E-03   1.000000E+13
1.496420E-02   BH_20_imp             -31.887   41.467       7779.387      -6284.294          0.000      TX  -3.926646E-02   6.943798E-03   1.000000E+13
1.496420E-02   BH_20_imp             -31.887   41.467       7779.387      -6284.294          0.000      TY   3.014519E-01  -2.659361E-02   1.000000E+13
9.071120E-03   BH_20_imp             -31.887   41.467       7779.387      -6284.294          0.000      TX  -1.989124E-02   3.921316E-02   1.000000E+13
9.071120E-03   BH_20_imp             -31.887   41.467       7779.387      -6284.294          0.000      TY   2.734783E-01  -2.394632E-02   1.000000E+13
5.498830E-03   BH_20_imp             -31.887   41.467       7779.387      -6284.294          0.000      TX   1.098109E-02   5.485972E-02   1.000000E+13
5.498830E-03   BH_20_imp             -31.887   41.467       7779.387      -6284.294          0.000      TY   2.640833E-01  -1.247324E-02   1.000000E+13
3.333330E-03   BH_20_imp             -31.887   41.467       7779.387      -6284.294          0.000      TX   3.710259E-02   5.889368E-02   1.000000E+13
3.333330E-03   BH_20_imp             -31.887   41.467       7779.387      -6284.294          0.000      TY   2.633873E-01   1.512220E-04   1.000000E+13
3.333330E+02   BH_21_imp             -31.888   41.444       7663.535      -8369.389          0.000      TX   4.886404E-03   5.112228E-02   1.000000E+13
3.333330E+02   BH_21_imp             -31.888   41.444       7663.535      -8369.389          0.000      TY   1.687452E-01  -7.504913E-02   1.000000E+13
2.020630E+02   BH_21_imp             -31.888   41.444       7663.535      -8369.389          0.000      TX   4.442616E-02   2.122692E-02   1.000000E+13
2.020630E+02   BH_21_imp             -31.888   41.444       7663.535      -8369.389          0.000      TY   1.209722E-01  -1.164868E-01   1.000000E+13
1.224890E+02   BH_21_imp             -31.888   41.444       7663.535      -8369.389          0.000      TX   3.883987E-02   1.320670E-02   1.000000E+13
1.224890E+02   BH_21_imp             -31.888   41.444       7663.535      -8369.389          0.000      TY   5.932405E-02  -1.356140E-01   1.000000E+13
7.425120E+01   BH_21_imp             -31.888   41.444       7663.535      -8369.389          0.000      TX   2.926771E-02  -4.429972E-05   1.000000E+13
7.425120E+01   BH_21_imp             -31.888   41.444       7663.535      -8369.389          0.000      TY  -3.408422E-03  -1.296203E-01   1.000000E+13
4.501040E+01   BH_21_imp             -31.888   41.444       7663.535      -8369.389          0.000      TX   2.393562E-02   4.363448E-04   1.000000E+13
4.501040E+01   BH_21_imp             -31.888   41.444       7663.535      -8369.389          0.000      TY  -5.841798E-02  -1.027907E-01   1.000000E+13
2.728490E+01   BH_21_imp             -31.888   41.444       7663.535      -8369.389          0.000      TX   2.227129E-02   2.445945E-03   1.000000E+13
2.728490E+01   BH_21_imp             -31.888   41.444       7663.535      -8369.389          0.000      TY  -9.662257E-02  -6.125740E-02   1.000000E+13
1.653980E+01   BH_21_imp             -31.888   41.444       7663.535      -8369.389          0.000      TX   2.048979E-02   6.326618E-03   1.000000E+13
1.653980E+01   BH_21_imp             -31.888   41.444       7663.535      -8369.389          0.000      TY  -1.134372E-01  -1.167642E-02   1.000000E+13
1.002630E+01   BH_21_imp             -31.888   41.444       7663.535      -8369.389          0.000      TX   2.112181E-02   1.707719E-02   1.000000E+13
1.002630E+01   BH_21_imp             -31.888   41.444       7663.535      -8369.389          0.000      TY  -1.073557E-01   3.891249E-02   1.000000E+13
6.077850E+00   BH_21_imp             -31.888   41.444       7663.535      -8369.389          0.000      TX   3.027094E-02   2.726524E-02   1.000000E+13
6.077850E+00   BH_21_imp             -31.888   41.444       7663.535      -8369.389          0.000      TY  -7.752504E-02   8.501540E-02   1.000000E+13
3.684310E+00   BH_21_imp             -31.888   41.444       7663.535      -8369.389          0.000      TX   4.410932E-02   3.396722E-02   1.000000E+13
3.684310E+00   BH_21_imp             -31.888   41.444       7663.535      -8369.389          0.000      TY  -3.021687E-02   1.179130E-01   1.000000E+13
2.233390E+00   BH_21_imp             -31.888   41.444       7663.535      -8369.389          0.000      TX   5.954878E-02   3.770915E-02   1.000000E+13
2.233390E+00   BH_21_imp             -31.888   41.444       7663.535      -8369.389          0.000      TY   2.961036E-02   1.332595E-01   1.000000E+13
1.353860E+00   BH_21_imp             -31.888   41.444       7663.535      -8369.389          0.000      TX   7.759554E-02   3.867269E-02   1.000000E+13
1.353860E+00   BH_21_imp             -31.888   41.444       7663.535      -8369.389          0.000      TY   9.156086E-02   1.265012E-01   1.000000E+13
8.206950E-01   BH_21_imp             -31.888   41.444       7663.535      -8369.389          0.000      TX   9.881645E-02   3.073901E-02   1.000000E+13
8.206950E-01   BH_21_imp             -31.888   41.444       7663.535      -8369.389          0.000      TY   1.443146E-01   9.962658E-02   1.000000E+13
4.974980E-01   BH_21_imp             -31.888   41.444       7663.535      -8369.389          0.000      TX   1.158160E-01   1.135564E-02   1.000000E+13
4.974980E-01   BH_21_imp             -31.888   41.444       7663.535      -8369.389          0.000      TY   1.794978E-01   5.943314E-02   1.000000E+13
3.015780E-01   BH_21_imp             -31.888   41.444       7663.535      -8369.389          0.000      TX   1.221808E-01  -1.840525E-02   1.000000E+13
3.015780E-01   BH_21_imp             -31.888   41.444       7663.535      -8369.389          0.000      TY   1.944970E-01   1.511888E-02   1.000000E+13
1.828140E-01   BH_21_imp             -31.888   41.444       7663.535      -8369.389          0.000      TX   1.122200E-01  -5.457234E-02   1.000000E+13
1.828140E-01   BH_21_imp             -31.888   41.444       7663.535      -8369.389          0.000      TY   1.926190E-01  -3.036054E-02   1.000000E+13
1.108200E-01   BH_21_imp             -31.888   41.444       7663.535      -8369.389          0.000      TX   8.179480E-02  -8.937267E-02   1.000000E+13
1.108200E-01   BH_21_imp             -31.888   41.444       7663.535      -8369.389          0.000      TY   1.723216E-01  -7.688684E-02   1.000000E+13
6.717810E-02   BH_21_imp             -31.888   41.444       7663.535      -8369.389          0.000      TX   3.238445E-02  -1.095449E-01   1.000000E+13
6.717810E-02   BH_21_imp             -31.888   41.444       7663.535      -8369.389          0.000      TY   1.286571E-01  -1.176936E-01   1.000000E+13
4.072260E-02   BH_21_imp             -31.888   41.444       7663.535      -8369.389          0.000      TX  -2.167493E-02  -1.063548E-01   1.000000E+13
4.072260E-02   BH_21_imp             -31.888   41.444       7663.535      -8369.389          0.000      TY   6.636066E-02  -1.387940E-01   1.000000E+13
2.468560E-02   BH_21_imp             -31.888   41.444       7663.535      -8369.389          0.000      TX  -6.877655E-02  -8.283138E-02   1.000000E+13
2.468560E-02   BH_21_imp             -31.888   41.444       7663.535      -8369.389          0.000      TY  -1.060517E-04  -1.321997E-01   1.000000E+13
1.496420E-02   BH_21_imp             -31.888   41.444       7663.535      -8369.389          0.000      TX  -9.420894E-02  -5.309568E-02   1.000000E+13
1.496420E-02   BH_21_imp             -31.888   41.444       7663.535      -8369.389          0.000      TY  -5.346553E-02  -1.103317E-01   1.000000E+13
9.071120E-03   BH_21_imp             -31.888   41.444       7663.535      -8369.389          0.000      TX  -1.086280E-01  -2.759151E-02   1.000000E+13
9.071120E-03   BH_21_imp             -31.888   41.444       7663.535      -8369.389          0.000      TY  -8.815568E-02  -7.322716E-02   1.000000E+13
5.498830E-03   BH_21_imp             -31.888   41.444       7663.535      -8369.389          0.000      TX  -1.095657E-01  -2.222556E-03   1.000000E+13
5.498830E-03   BH_21_imp             -31.888   41.444       7663.535      -8369.389          0.000      TY  -1.045173E-01  -4.657755E-02   1.000000E+13
3.333330E-03   BH_21_imp             -31.888   41.444       7663.535      -8369.389          0.000      TX  -1.026050E-01   1.438470E-02   1.000000E+13
3.333330E-03   BH_21_imp             -31.888   41.444       7663.535      -8369.389          0.000      TY  -1.085253E-01  -2.322889E-02   1.000000E+13
3.333330E+02   BH_2_imp              -31.857   41.470      11027.830      -5895.093          0.000      TX   4.354352E-02   2.224132E-02   1.000000E+13
3.333330E+02   BH_2_imp              -31.857   41.470      11027.830      -5895.093          0.000      TY   1.728147E-01  -7.524258E-02   1.000000E+13
2.020630E+02   BH_2_imp              -31.857   41.470      11027.830      -5895.093          0.000      TX   4.642674E-02   1.874571E-02   1.000000E+13
2.020630E+02   BH_2_imp              -31.857   41.470      11027.830      -5895.093          0.000      TY   1.325697E-01  -1.124812E-01   1.000000E+13
1.224890E+02   BH_2_imp              -31.857   41.470      11027.830      -5895.093          0.000      TX   5.342100E-02  -4.161829E-03   1.000000E+13
1.224890E+02   BH_2_imp              -31.857   41.470      11027.830      -5895.093          0.000      TY   6.411240E-02  -1.357961E-01   1.000000E+13
7.425120E+01   BH_2_imp              -31.857   41.470      11027.830      -5895.093          0.000      TX   3.096096E-02  -1.210253E-02   1.000000E+13
7.425120E+01   BH_2_imp              -31.857   41.470      11027.830      -5895.093          0.000      TY   2.259291E-03  -1.294327E-01   1.000000E+13
4.501040E+01   BH_2_imp              -31.857   41.470      11027.830      -5895.093          0.000      TX   2.130485E-02  -1.082927E-02   1.000000E+13
4.501040E+01   BH_2_imp              -31.857   41.470      11027.830      -5895.093          0.000      TY  -5.075567E-02  -1.036775E-01   1.000000E+13
2.728490E+01   BH_2_imp              -31.857   41.470      11027.830      -5895.093          0.000      TX   1.423057E-02  -5.997179E-03   1.000000E+13
2.728490E+01   BH_2_imp              -31.857   41.470      11027.830      -5895.093          0.000      TY  -8.832537E-02  -6.514412E-02   1.000000E+13
1.653980E+01   BH_2_imp              -31.857   41.470      11027.830      -5895.093          0.000      TX   9.538303E-03  -1.950579E-03   1.000000E+13
1.653980E+01   BH_2_imp              -31.857   41.470      11027.830      -5895.093          0.000      TY  -1.063099E-01  -1.779682E-02   1.000000E+13
1.002630E+01   BH_2_imp              -31.857   41.470      11027.830      -5895.093          0.000      TX   6.980104E-03   5.845999E-03   1.000000E+13
1.002630E+01   BH_2_imp              -31.857   41.470      11027.830      -5895.093          0.000      TY  -1.015444E-01   3.075576E-02   1.000000E+13
6.077850E+00   BH_2_imp              -31.857   41.470      11027.830      -5895.093          0.000      TX   1.320024E-02   1.422045E-02   1.000000E+13
6.077850E+00   BH_2_imp              -31.857   41.470      11027.830      -5895.093          0.000      TY  -7.321748E-02   7.046099E-02   1.000000E+13
3.684310E+00   BH_2_imp              -31.857   41.470      11027.830      -5895.093          0.000      TX   2.249452E-02   1.789688E-02   1.000000E+13
3.684310E+00   BH_2_imp              -31.857   41.470      11027.830      -5895.093          0.000      TY  -2.947052E-02   9.568484E-02   1.000000E+13
2.233390E+00   BH_2_imp              -31.857   41.470      11027.830      -5895.093          0.000      TX   3.266765E-02   1.777270E-02   1.000000E+13
2.233390E+00   BH_2_imp              -31.857   41.470      11027.830      -5895.093          0.000      TY   2.290623E-02   1.009234E-01   1.000000E+13
1.353860E+00   BH_2_imp              -31.857   41.470      11027.830      -5895.093          0.000      TX   4.436003E-02   1.288811E-02   1.000000E+13
1.353860E+00   BH_2_imp              -31.857   41.470      11027.830      -5895.093          0.000      TY   7.287207E-02   8.204808E-02   1.000000E+13
8.206950E-01   BH_2_imp              -31.857   41.470      11027.830      -5895.093          0.000      TX   5.589731E-02  -1.167213E-03   1.000000E+13
8.206950E-01   BH_2_imp              -31.857   41.470      11027.830      -5895.093          0.000      TY   1.060479E-01   4.385627E-02   1.000000E+13
4.974980E-01   BH_2_imp              -31.857   41.470      11027.830      -5895.093          0.000      TX   5.962397E-02  -2.629563E-02   1.000000E+13
4.974980E-01   BH_2_imp              -31.857   41.470      11027.830      -5895.093          0.000      TY   1.136797E-01  -1.682737E-03   1.000000E+13
3.015780E-01   BH_2_imp              -31.857   41.470      11027.830      -5895.093          0.000      TX   4.803856E-02  -5.894749E-02   1.000000E+13
3.015780E-01   BH_2_imp              -31.857   41.470      11027.830      -5895.093          0.000      TY   9.720928E-02  -4.047703E-02   1.000000E+13
1.828140E-01   BH_2_imp              -31.857   41.470      11027.830      -5895.093          0.000      TX   1.571589E-02  -9.069010E-02   1.000000E+13
1.828140E-01   BH_2_imp              -31.857   41.470      11027.830      -5895.093          0.000      TY   6.639020E-02  -6.485849E-02   1.000000E+13
1.108200E-01   BH_2_imp              -31.857   41.470      11027.830      -5895.093          0.000      TX  -3.672835E-02  -1.075338E-01   1.000000E+13
1.108200E-01   BH_2_imp              -31.857   41.470      11027.830      -5895.093          0.000      TY   3.010810E-02  -7.382425E-02   1.000000E+13
6.717810E-02   BH_2_imp              -31.857   41.470      11027.830      -5895.093          0.000      TX  -9.612182E-02  -9.554593E-02   1.000000E+13
6.717810E-02   BH_2_imp              -31.857   41.470      11027.830      -5895.093          0.000      TY  -3.973880E-03  -6.886166E-02   1.000000E+13
4.072260E-02   BH_2_imp              -31.857   41.470      11027.830      -5895.093          0.000      TX  -1.392170E-01  -5.326713E-02   1.000000E+13
4.072260E-02   BH_2_imp              -31.857   41.470      11027.830      -5895.093          0.000      TY  -2.875299E-02  -5.474512E-02   1.000000E+13
2.468560E-02   BH_2_imp              -31.857   41.470      11027.830      -5895.093          0.000      TX  -1.472020E-01   2.984561E-03   1.000000E+13
2.468560E-02   BH_2_imp              -31.857   41.470      11027.830      -5895.093          0.000      TY  -4.147265E-02  -4.118262E-02   1.000000E+13
1.496420E-02   BH_2_imp              -31.857   41.470      11027.830      -5895.093          0.000      TX  -1.193625E-01   4.264429E-02   1.000000E+13
1.496420E-02   BH_2_imp              -31.857   41.470      11027.830      -5895.093          0.000      TY  -5.072532E-02  -3.433267E-02   1.000000E+13
9.071120E-03   BH_2_imp              -31.857   41.470      11027.830      -5895.093          0.000      TX  -8.471038E-02   5.302610E-02   1.000000E+13
9.071120E-03   BH_2_imp              -31.857   41.470      11027.830      -5895.093          0.000      TY  -6.654400E-02  -2.865149E-02   1.000000E+13
5.498830E-03   BH_2_imp              -31.857   41.470      11027.830      -5895.093          0.000      TX  -5.865140E-02   4.746512E-02   1.000000E+13
5.498830E-03   BH_2_imp              -31.857   41.470      11027.830      -5895.093          0.000      TY  -8.336980E-02  -6.784462E-03   1.000000E+13
3.333330E-03   BH_2_imp              -31.857   41.470      11027.830      -5895.093          0.000      TX  -4.122123E-02   3.763417E-02   1.000000E+13
3.333330E-03   BH_2_imp              -31.857   41.470      11027.830      -5895.093          0.000      TY  -7.574036E-02   2.415487E-02   1.000000E+13
3.333330E+02   BH_3_imp              -31.886   41.535       7734.525        181.046          0.000      TX   4.155489E-02   4.566331E-02   1.000000E+13
3.333330E+02   BH_3_imp              -31.886   41.535       7734.525        181.046          0.000      TY   1.748431E-01  -7.791448E-02   1.000000E+13
2.020630E+02   BH_3_imp              -31.886   41.535       7734.525        181.046          0.000      TX   6.693013E-02   4.346498E-02   1.000000E+13
2.020630E+02   BH_3_imp              -31.886   41.535       7734.525        181.046          0.000      TY   1.273178E-01  -1.228307E-01   1.000000E+13
1.224890E+02   BH_3_imp              -31.886   41.535       7734.525        181.046          0.000      TX   7.018075E-02   1.352157E-02   1.000000E+13
1.224890E+02   BH_3_imp              -31.886   41.535       7734.525        181.046          0.000      TY   6.322555E-02  -1.445410E-01   1.000000E+13
7.425120E+01   BH_3_imp              -31.886   41.535       7734.525        181.046          0.000      TX   5.451075E-02  -3.177571E-04   1.000000E+13
7.425120E+01   BH_3_imp              -31.886   41.535       7734.525        181.046          0.000      TY  -3.060339E-03  -1.402474E-01   1.000000E+13
4.501040E+01   BH_3_imp              -31.886   41.535       7734.525        181.046          0.000      TX   4.781598E-02   4.129477E-03   1.000000E+13
4.501040E+01   BH_3_imp              -31.886   41.535       7734.525        181.046          0.000      TY  -5.925978E-02  -1.163921E-01   1.000000E+13
2.728490E+01   BH_3_imp              -31.886   41.535       7734.525        181.046          0.000      TX   4.865829E-02   5.063741E-03   1.000000E+13
2.728490E+01   BH_3_imp              -31.886   41.535       7734.525        181.046          0.000      TY  -1.004293E-01  -8.075001E-02   1.000000E+13
1.653980E+01   BH_3_imp              -31.886   41.535       7734.525        181.046          0.000      TX   4.409282E-02   4.481740E-03   1.000000E+13
1.653980E+01   BH_3_imp              -31.886   41.535       7734.525        181.046          0.000      TY  -1.224680E-01  -3.972469E-02   1.000000E+13
1.002630E+01   BH_3_imp              -31.886   41.535       7734.525        181.046          0.000      TX   4.515220E-02   1.298269E-02   1.000000E+13
1.002630E+01   BH_3_imp              -31.886   41.535       7734.525        181.046          0.000      TY  -1.255504E-01   6.385491E-04   1.000000E+13
6.077850E+00   BH_3_imp              -31.886   41.535       7734.525        181.046          0.000      TX   5.505345E-02   1.959201E-02   1.000000E+13
6.077850E+00   BH_3_imp              -31.886   41.535       7734.525        181.046          0.000      TY  -1.099473E-01   3.456741E-02   1.000000E+13
3.684310E+00   BH_3_imp              -31.886   41.535       7734.525        181.046          0.000      TX   6.969910E-02   1.647277E-02   1.000000E+13
3.684310E+00   BH_3_imp              -31.886   41.535       7734.525        181.046          0.000      TY  -8.340540E-02   5.586976E-02   1.000000E+13
2.233390E+00   BH_3_imp              -31.886   41.535       7734.525        181.046          0.000      TX   8.161091E-02   3.157881E-03   1.000000E+13
2.233390E+00   BH_3_imp              -31.886   41.535       7734.525        181.046          0.000      TY  -5.128270E-02   6.343764E-02   1.000000E+13
1.353860E+00   BH_3_imp              -31.886   41.535       7734.525        181.046          0.000      TX   8.628213E-02  -1.966162E-02   1.000000E+13
1.353860E+00   BH_3_imp              -31.886   41.535       7734.525        181.046          0.000      TY  -2.216572E-02   5.641852E-02   1.000000E+13
8.206950E-01   BH_3_imp              -31.886   41.535       7734.525        181.046          0.000      TX   7.865002E-02  -4.817695E-02   1.000000E+13
8.206950E-01   BH_3_imp              -31.886   41.535       7734.525        181.046          0.000      TY  -5.987516E-03   4.206652E-02   1.000000E+13
4.974980E-01   BH_3_imp              -31.886   41.535       7734.525        181.046          0.000      TX   5.720767E-02  -7.732523E-02   1.000000E+13
4.974980E-01   BH_3_imp              -31.886   41.535       7734.525        181.046          0.000      TY  -4.322396E-03   3.428974E-02   1.000000E+13
3.015780E-01   BH_3_imp              -31.886   41.535       7734.525        181.046          0.000      TX   2.421478E-02  -1.032997E-01   1.000000E+13
3.015780E-01   BH_3_imp              -31.886   41.535       7734.525        181.046          0.000      TY  -7.134296E-03   4.369597E-02   1.000000E+13
1.828140E-01   BH_3_imp              -31.886   41.535       7734.525        181.046          0.000      TX  -1.972992E-02  -1.251769E-01   1.000000E+13
1.828140E-01   BH_3_imp              -31.886   41.535       7734.525        181.046          0.000      TY   1.227464E-03   7.027396E-02   1.000000E+13
1.108200E-01   BH_3_imp              -31.886   41.535       7734.525        181.046          0.000      TX  -7.672368E-02  -1.385634E-01   1.000000E+13
1.108200E-01   BH_3_imp              -31.886   41.535       7734.525        181.046          0.000      TY   3.099820E-02   1.027782E-01   1.000000E+13
6.717810E-02   BH_3_imp              -31.886   41.535       7734.525        181.046          0.000      TX  -1.437653E-01  -1.320642E-01   1.000000E+13
6.717810E-02   BH_3_imp              -31.886   41.535       7734.525        181.046          0.000      TY   8.219179E-02   1.262656E-01   1.000000E+13
4.072260E-02   BH_3_imp              -31.886   41.535       7734.525        181.046          0.000      TX  -2.052654E-01  -9.483331E-02   1.000000E+13
4.072260E-02   BH_3_imp              -31.886   41.535       7734.525        181.046          0.000      TY   1.464776E-01   1.284716E-01   1.000000E+13
2.468560E-02   BH_3_imp              -31.886   41.535       7734.525        181.046          0.000      TX  -2.380447E-01  -3.225644E-02   1.000000E+13
2.468560E-02   BH_3_imp              -31.886   41.535       7734.525        181.046          0.000      TY   2.092344E-01   1.005265E-01   1.000000E+13
1.496420E-02   BH_3_imp              -31.886   41.535       7734.525        181.046          0.000      TX  -2.256931E-01   3.350020E-02   1.000000E+13
1.496420E-02   BH_3_imp              -31.886   41.535       7734.525        181.046          0.000      TY   2.475325E-01   4.559806E-02   1.000000E+13
9.071120E-03   BH_3_imp              -31.886   41.535       7734.525        181.046          0.000      TX  -1.792270E-01   7.150412E-02   1.000000E+13
9.071120E-03   BH_3_imp              -31.886   41.535       7734.525        181.046          0.000      TY   2.463141E-01  -1.312367E-02   1.000000E+13
5.498830E-03   BH_3_imp              -31.886   41.535       7734.525        181.046          0.000      TX  -1.294625E-01   6.985048E-02   1.000000E+13
5.498830E-03   BH_3_imp              -31.886   41.535       7734.525        181.046          0.000      TY   2.184506E-01  -5.496558E-02   1.000000E+13
3.333330E-03   BH_3_imp              -31.886   41.535       7734.525        181.046          0.000      TX  -1.005353E-01   4.730964E-02   1.000000E+13
3.333330E-03   BH_3_imp              -31.886   41.535       7734.525        181.046          0.000      TY   1.799989E-01  -7.312467E-02   1.000000E+13
3.333330E+02   BH_4                  -31.878   41.501       8666.666      -3027.373          0.000      TX   3.344515E-02   1.560330E-02   1.000000E+13
3.333330E+02   BH_4                  -31.878   41.501       8666.666      -3027.373          0.000      TY   1.715577E-01  -7.712432E-02   1.000000E+13
2.020630E+02   BH_4                  -31.878   41.501       8666.666      -3027.373          0.000      TX   5.851044E-02   4.099120E-02   1.000000E+13
2.020630E+02   BH_4                  -31.878   41.501       8666.666      -3027.373          0.000      TY   1.248117E-01  -1.244239E-01   1.000000E+13
1.224890E+02   BH_4                  -31.878   41.501       8666.666      -3027.373          0.000      TX   5.794160E-02   8.294211E-03   1.000000E+13
1.224890E+02   BH_4                  -31.878   41.501       8666.666      -3027.373          0.000      TY   6.085310E-02  -1.438875E-01   1.000000E+13
7.425120E+01   BH_4                  -31.878   41.501       8666.666      -3027.373          0.000      TX   4.185522E-02  -5.632427E-03   1.000000E+13
7.425120E+01   BH_4                  -31.878   41.501       8666.666      -3027.373          0.000      TY  -6.212367E-03  -1.401394E-01   1.000000E+13
4.501040E+01   BH_4                  -31.878   41.501       8666.666      -3027.373          0.000      TX   3.238106E-02  -2.190607E-03   1.000000E+13
4.501040E+01   BH_4                  -31.878   41.501       8666.666      -3027.373          0.000      TY  -6.215428E-02  -1.171394E-01   1.000000E+13
2.728490E+01   BH_4                  -31.878   41.501       8666.666      -3027.373          0.000      TX   3.099203E-02  -1.705135E-03   1.000000E+13
2.728490E+01   BH_4                  -31.878   41.501       8666.666      -3027.373          0.000      TY  -1.040921E-01  -8.123192E-02   1.000000E+13
1.653980E+01   BH_4                  -31.878   41.501       8666.666      -3027.373          0.000      TX   2.602847E-02  -1.784924E-03   1.000000E+13
1.653980E+01   BH_4                  -31.878   41.501       8666.666      -3027.373          0.000      TY  -1.261833E-01  -3.911475E-02   1.000000E+13
1.002630E+01   BH_4                  -31.878   41.501       8666.666      -3027.373          0.000      TX   2.496230E-02   6.271839E-03   1.000000E+13
1.002630E+01   BH_4                  -31.878   41.501       8666.666      -3027.373          0.000      TY  -1.275917E-01   8.405274E-04   1.000000E+13
6.077850E+00   BH_4                  -31.878   41.501       8666.666      -3027.373          0.000      TX   3.163688E-02   1.250842E-02   1.000000E+13
6.077850E+00   BH_4                  -31.878   41.501       8666.666      -3027.373          0.000      TY  -1.108074E-01   3.489004E-02   1.000000E+13
3.684310E+00   BH_4                  -31.878   41.501       8666.666      -3027.373          0.000      TX   4.217207E-02   1.111747E-02   1.000000E+13
3.684310E+00   BH_4                  -31.878   41.501       8666.666      -3027.373          0.000      TY  -8.039223E-02   5.367844E-02   1.000000E+13
2.233390E+00   BH_4                  -31.878   41.501       8666.666      -3027.373          0.000      TX   5.110087E-02   3.474176E-03   1.000000E+13
2.233390E+00   BH_4                  -31.878   41.501       8666.666      -3027.373          0.000      TY  -4.336077E-02   5.400806E-02   1.000000E+13
1.353860E+00   BH_4                  -31.878   41.501       8666.666      -3027.373          0.000      TX   5.674584E-02  -1.147590E-02   1.000000E+13
1.353860E+00   BH_4                  -31.878   41.501       8666.666      -3027.373          0.000      TY  -9.441657E-03   3.166970E-02   1.000000E+13
8.206950E-01   BH_4                  -31.878   41.501       8666.666      -3027.373          0.000      TX   5.603294E-02  -3.411237E-02   1.000000E+13
8.206950E-01   BH_4                  -31.878   41.501       8666.666      -3027.373          0.000      TY   6.771148E-03  -1.019038E-02   1.000000E+13
4.974980E-01   BH_4                  -31.878   41.501       8666.666      -3027.373          0.000      TX   4.368324E-02  -6.240990E-02   1.000000E+13
4.974980E-01   BH_4                  -31.878   41.501       8666.666      -3027.373          0.000      TY  -4.357731E-03  -5.941453E-02   1.000000E+13
3.015780E-01   BH_4                  -31.878   41.501       8666.666      -3027.373          0.000      TX   1.797508E-02  -9.221566E-02   1.000000E+13
3.015780E-01   BH_4                  -31.878   41.501       8666.666      -3027.373          0.000      TY  -4.231785E-02  -1.011076E-01   1.000000E+13
1.828140E-01   BH_4                  -31.878   41.501       8666.666      -3027.373          0.000      TX  -2.275746E-02  -1.201886E-01   1.000000E+13
1.828140E-01   BH_4                  -31.878   41.501       8666.666      -3027.373          0.000      TY  -9.775518E-02  -1.249065E-01   1.000000E+13
1.108200E-01   BH_4                  -31.878   41.501       8666.666      -3027.373          0.000      TX  -8.103958E-02  -1.384539E-01   1.000000E+13
1.108200E-01   BH_4                  -31.878   41.501       8666.666      -3027.373          0.000      TY  -1.605855E-01  -1.273023E-01   1.000000E+13
6.717810E-02   BH_4                  -31.878   41.501       8666.666      -3027.373          0.000      TX  -1.506674E-01  -1.326261E-01   1.000000E+13
6.717810E-02   BH_4                  -31.878   41.501       8666.666      -3027.373          0.000      TY  -2.222018E-01  -1.068487E-01   1.000000E+13
4.072260E-02   BH_4                  -31.878   41.501       8666.666      -3027.373          0.000      TX  -2.112105E-01  -9.536055E-02   1.000000E+13
4.072260E-02   BH_4                  -31.878   41.501       8666.666      -3027.373          0.000      TY  -2.737830E-01  -6.121094E-02   1.000000E+13
2.468560E-02   BH_4                  -31.878   41.501       8666.666      -3027.373          0.000      TX  -2.426221E-01  -3.631362E-02   1.000000E+13
2.468560E-02   BH_4                  -31.878   41.501       8666.666      -3027.373          0.000      TY  -2.985874E-01   1.197388E-02   1.000000E+13
1.496420E-02   BH_4                  -31.878   41.501       8666.666      -3027.373          0.000      TX  -2.369049E-01   2.216745E-02   1.000000E+13
1.496420E-02   BH_4                  -31.878   41.501       8666.666      -3027.373          0.000      TY  -2.715756E-01   1.031659E-01   1.000000E+13
9.071120E-03   BH_4                  -31.878   41.501       8666.666      -3027.373          0.000      TX  -2.049498E-01   6.797463E-02   1.000000E+13
9.071120E-03   BH_4                  -31.878   41.501       8666.666      -3027.373          0.000      TY  -1.845730E-01   1.587192E-01   1.000000E+13
5.498830E-03   BH_4                  -31.878   41.501       8666.666      -3027.373          0.000      TX  -1.607809E-01   9.326859E-02   1.000000E+13
5.498830E-03   BH_4                  -31.878   41.501       8666.666      -3027.373          0.000      TY  -8.858472E-02   1.544342E-01   1.000000E+13
3.333330E-03   BH_4                  -31.878   41.501       8666.666      -3027.373          0.000      TX  -1.110314E-01   9.806970E-02   1.000000E+13
3.333330E-03   BH_4                  -31.878   41.501       8666.666      -3027.373          0.000      TY  -3.002490E-02   1.089558E-01   1.000000E+13
3.333330E+02   BH_5                  -31.962   41.560       -780.271       2414.513          0.000      TX   5.359581E-02   5.225926E-02   1.000000E+13
3.333330E+02   BH_5                  -31.962   41.560       -780.271       2414.513          0.000      TY   1.585189E-01  -8.522965E-02   1.000000E+13
2.020630E+02   BH_5                  -31.962   41.560       -780.271       2414.513          0.000      TX   5.523650E-02   3.113178E-02   1.000000E+13
2.020630E+02   BH_5                  -31.962   41.560       -780.271       2414.513          0.000      TY   1.146642E-01  -1.327306E-01   1.000000E+13
1.224890E+02   BH_5                  -31.962   41.560       -780.271       2414.513          0.000      TX   7.127481E-02   2.268642E-02   1.000000E+13
1.224890E+02   BH_5                  -31.962   41.560       -780.271       2414.513          0.000      TY   4.335911E-02  -1.551759E-01   1.000000E+13
7.425120E+01   BH_5                  -31.962   41.560       -780.271       2414.513          0.000      TX   7.797600E-02   2.155156E-02   1.000000E+13
7.425120E+01   BH_5                  -31.962   41.560       -780.271       2414.513          0.000      TY  -2.968040E-02  -1.542896E-01   1.000000E+13
4.501040E+01   BH_5                  -31.962   41.560       -780.271       2414.513          0.000      TX   8.933629E-02   1.800599E-02   1.000000E+13
4.501040E+01   BH_5                  -31.962   41.560       -780.271       2414.513          0.000      TY  -9.401434E-02  -1.315890E-01   1.000000E+13
2.728490E+01   BH_5                  -31.962   41.560       -780.271       2414.513          0.000      TX   9.758134E-02   8.374422E-03   1.000000E+13
2.728490E+01   BH_5                  -31.962   41.560       -780.271       2414.513          0.000      TY  -1.406949E-01  -9.511604E-02   1.000000E+13
1.653980E+01   BH_5                  -31.962   41.560       -780.271       2414.513          0.000      TX   9.753472E-02  -5.160278E-03   1.000000E+13
1.653980E+01   BH_5                  -31.962   41.560       -780.271       2414.513          0.000      TY  -1.683221E-01  -5.194903E-02   1.000000E+13
1.002630E+01   BH_5                  -31.962   41.560       -780.271       2414.513          0.000      TX   9.806679E-02  -1.548012E-02   1.000000E+13
1.002630E+01   BH_5                  -31.962   41.560       -780.271       2414.513          0.000      TY  -1.770915E-01  -7.950659E-03   1.000000E+13
6.077850E+00   BH_5                  -31.962   41.560       -780.271       2414.513          0.000      TX   9.983070E-02  -3.291012E-02   1.000000E+13
6.077850E+00   BH_5                  -31.962   41.560       -780.271       2414.513          0.000      TY  -1.686366E-01   3.141936E-02   1.000000E+13
3.684310E+00   BH_5                  -31.962   41.560       -780.271       2414.513          0.000      TX   9.559763E-02  -6.555586E-02   1.000000E+13
3.684310E+00   BH_5                  -31.962   41.560       -780.271       2414.513          0.000      TY  -1.474883E-01   6.517152E-02   1.000000E+13
2.233390E+00   BH_5                  -31.962   41.560       -780.271       2414.513          0.000      TX   7.275145E-02  -1.091319E-01   1.000000E+13
2.233390E+00   BH_5                  -31.962   41.560       -780.271       2414.513          0.000      TY  -1.157310E-01   9.263680E-02   1.000000E+13
1.353860E+00   BH_5                  -31.962   41.560       -780.271       2414.513          0.000      TX   2.506631E-02  -1.562177E-01   1.000000E+13
1.353860E+00   BH_5                  -31.962   41.560       -780.271       2414.513          0.000      TY  -7.679483E-02   1.131479E-01   1.000000E+13
8.206950E-01   BH_5                  -31.962   41.560       -780.271       2414.513          0.000      TX  -5.015450E-02  -1.919421E-01   1.000000E+13
8.206950E-01   BH_5                  -31.962   41.560       -780.271       2414.513          0.000      TY  -3.461423E-02   1.289637E-01   1.000000E+13
4.974980E-01   BH_5                  -31.962   41.560       -780.271       2414.513          0.000      TX  -1.447881E-01  -1.994788E-01   1.000000E+13
4.974980E-01   BH_5                  -31.962   41.560       -780.271       2414.513          0.000      TY   1.200936E-02   1.442656E-01   1.000000E+13
3.015780E-01   BH_5                  -31.962   41.560       -780.271       2414.513          0.000      TX  -2.376089E-01  -1.682437E-01   1.000000E+13
3.015780E-01   BH_5                  -31.962   41.560       -780.271       2414.513          0.000      TY   6.887027E-02   1.568406E-01   1.000000E+13
1.828140E-01   BH_5                  -31.962   41.560       -780.271       2414.513          0.000      TX  -3.044868E-01  -1.036071E-01   1.000000E+13
1.828140E-01   BH_5                  -31.962   41.560       -780.271       2414.513          0.000      TY   1.354707E-01   1.564462E-01   1.000000E+13
1.108200E-01   BH_5                  -31.962   41.560       -780.271       2414.513          0.000      TX  -3.306164E-01  -2.288614E-02   1.000000E+13
1.108200E-01   BH_5                  -31.962   41.560       -780.271       2414.513          0.000      TY   2.012778E-01   1.349242E-01   1.000000E+13
6.717810E-02   BH_5                  -31.962   41.560       -780.271       2414.513          0.000      TX  -3.132034E-01   5.362365E-02   1.000000E+13
6.717810E-02   BH_5                  -31.962   41.560       -780.271       2414.513          0.000      TY   2.515494E-01   9.310718E-02   1.000000E+13
4.072260E-02   BH_5                  -31.962   41.560       -780.271       2414.513          0.000      TX  -2.599905E-01   1.078952E-01   1.000000E+13
4.072260E-02   BH_5                  -31.962   41.560       -780.271       2414.513          0.000      TY   2.751948E-01   4.164996E-02   1.000000E+13
2.468560E-02   BH_5                  -31.962   41.560       -780.271       2414.513          0.000      TX  -1.892884E-01   1.240521E-01   1.000000E+13
2.468560E-02   BH_5                  -31.962   41.560       -780.271       2414.513          0.000      TY   2.714146E-01  -3.954189E-03   1.000000E+13
1.496420E-02   BH_5                  -31.962   41.560       -780.271       2414.513          0.000      TX  -1.287356E-01   1.065205E-01   1.000000E+13
1.496420E-02   BH_5                  -31.962   41.560       -780.271       2414.513          0.000      TY   2.501639E-01  -3.279798E-02   1.000000E+13
9.071120E-03   BH_5                  -31.962   41.560       -780.271       2414.513          0.000      TX  -8.783639E-02   7.393346E-02   1.000000E+13
9.071120E-03   BH_5                  -31.962   41.560       -780.271       2414.513          0.000      TY   2.245239E-01  -4.732410E-02   1.000000E+13
5.498830E-03   BH_5                  -31.962   41.560       -780.271       2414.513          0.000      TX  -7.090446E-02   4.272779E-02   1.000000E+13
5.498830E-03   BH_5                  -31.962   41.560       -780.271       2414.513          0.000      TY   2.004355E-01  -4.971428E-02   1.000000E+13
3.333330E-03   BH_5                  -31.962   41.560       -780.271       2414.513          0.000      TX  -7.074851E-02   1.666280E-02   1.000000E+13
3.333330E-03   BH_5                  -31.962   41.560       -780.271       2414.513          0.000      TY   1.836312E-01  -4.705882E-02   1.000000E+13
3.333330E+02   BH_6_imp              -31.910   41.515       5119.271      -1715.203          0.000      TX   2.733196E-02   8.003080E-02   1.000000E+13
3.333330E+02   BH_6_imp              -31.910   41.515       5119.271      -1715.203          0.000      TY   1.743426E-01  -8.017214E-02   1.000000E+13
2.020630E+02   BH_6_imp              -31.910   41.515       5119.271      -1715.203          0.000      TX   7.042532E-02   4.186659E-02   1.000000E+13
2.020630E+02   BH_6_imp              -31.910   41.515       5119.271      -1715.203          0.000      TY   1.240467E-01  -1.238805E-01   1.000000E+13
1.224890E+02   BH_6_imp              -31.910   41.515       5119.271      -1715.203          0.000      TX   6.737862E-02   1.663811E-02   1.000000E+13
1.224890E+02   BH_6_imp              -31.910   41.515       5119.271      -1715.203          0.000      TY   5.879099E-02  -1.461075E-01   1.000000E+13
7.425120E+01   BH_6_imp              -31.910   41.515       5119.271      -1715.203          0.000      TX   5.671974E-02   1.145981E-02   1.000000E+13
7.425120E+01   BH_6_imp              -31.910   41.515       5119.271      -1715.203          0.000      TY  -8.264360E-03  -1.407218E-01   1.000000E+13
4.501040E+01   BH_6_imp              -31.910   41.515       5119.271      -1715.203          0.000      TX   5.629259E-02   1.810154E-02   1.000000E+13
4.501040E+01   BH_6_imp              -31.910   41.515       5119.271      -1715.203          0.000      TY  -6.557090E-02  -1.170527E-01   1.000000E+13
2.728490E+01   BH_6_imp              -31.910   41.515       5119.271      -1715.203          0.000      TX   6.022878E-02   1.700902E-02   1.000000E+13
2.728490E+01   BH_6_imp              -31.910   41.515       5119.271      -1715.203          0.000      TY  -1.071609E-01  -7.933266E-02   1.000000E+13
1.653980E+01   BH_6_imp              -31.910   41.515       5119.271      -1715.203          0.000      TX   5.943523E-02   2.168251E-02   1.000000E+13
1.653980E+01   BH_6_imp              -31.910   41.515       5119.271      -1715.203          0.000      TY  -1.296339E-01  -3.568563E-02   1.000000E+13
1.002630E+01   BH_6_imp              -31.910   41.515       5119.271      -1715.203          0.000      TX   6.465707E-02   3.455636E-02   1.000000E+13
1.002630E+01   BH_6_imp              -31.910   41.515       5119.271      -1715.203          0.000      TY  -1.308566E-01   8.196622E-03   1.000000E+13
6.077850E+00   BH_6_imp              -31.910   41.515       5119.271      -1715.203          0.000      TX   8.081079E-02   4.874868E-02   1.000000E+13
6.077850E+00   BH_6_imp              -31.910   41.515       5119.271      -1715.203          0.000      TY  -1.142993E-01   4.603771E-02   1.000000E+13
3.684310E+00   BH_6_imp              -31.910   41.515       5119.271      -1715.203          0.000      TX   1.044464E-01   5.582670E-02   1.000000E+13
3.684310E+00   BH_6_imp              -31.910   41.515       5119.271      -1715.203          0.000      TY  -8.292510E-02   7.312041E-02   1.000000E+13
2.233390E+00   BH_6_imp              -31.910   41.515       5119.271      -1715.203          0.000      TX   1.289256E-01   5.584894E-02   1.000000E+13
2.233390E+00   BH_6_imp              -31.910   41.515       5119.271      -1715.203          0.000      TY  -4.289863E-02   8.615116E-02   1.000000E+13
1.353860E+00   BH_6_imp              -31.910   41.515       5119.271      -1715.203          0.000      TX   1.522389E-01   4.827075E-02   1.000000E+13
1.353860E+00   BH_6_imp              -31.910   41.515       5119.271      -1715.203          0.000      TY  -2.081247E-03   8.247509E-02   1.000000E+13
8.206950E-01   BH_6_imp              -31.910   41.515       5119.271      -1715.203          0.000      TX   1.715132E-01   3.425715E-02   1.000000E+13
8.206950E-01   BH_6_imp              -31.910   41.515       5119.271      -1715.203          0.000      TY   2.855232E-02   6.574542E-02   1.000000E+13
4.974980E-01   BH_6_imp              -31.910   41.515       5119.271      -1715.203          0.000      TX   1.835582E-01   1.566132E-02   1.000000E+13
4.974980E-01   BH_6_imp              -31.910   41.515       5119.271      -1715.203          0.000      TY   4.332651E-02   4.713346E-02   1.000000E+13
3.015780E-01   BH_6_imp              -31.910   41.515       5119.271      -1715.203          0.000      TX   1.887670E-01  -5.902942E-03   1.000000E+13
3.015780E-01   BH_6_imp              -31.910   41.515       5119.271      -1715.203          0.000      TY   4.622202E-02   3.890258E-02   1.000000E+13
1.828140E-01   BH_6_imp              -31.910   41.515       5119.271      -1715.203          0.000      TX   1.864861E-01  -3.196503E-02   1.000000E+13
1.828140E-01   BH_6_imp              -31.910   41.515       5119.271      -1715.203          0.000      TY   4.909670E-02   4.464009E-02   1.000000E+13
1.108200E-01   BH_6_imp              -31.910   41.515       5119.271      -1715.203          0.000      TX   1.717841E-01  -6.219583E-02   1.000000E+13
1.108200E-01   BH_6_imp              -31.910   41.515       5119.271      -1715.203          0.000      TY   6.080333E-02   5.943439E-02   1.000000E+13
6.717810E-02   BH_6_imp              -31.910   41.515       5119.271      -1715.203          0.000      TX   1.406259E-01  -8.913982E-02   1.000000E+13
6.717810E-02   BH_6_imp              -31.910   41.515       5119.271      -1715.203          0.000      TY   8.330263E-02   7.502335E-02   1.000000E+13
4.072260E-02   BH_6_imp              -31.910   41.515       5119.271      -1715.203          0.000      TX   9.876316E-02  -1.042664E-01   1.000000E+13
4.072260E-02   BH_6_imp              -31.910   41.515       5119.271      -1715.203          0.000      TY   1.131614E-01   8.700388E-02   1.000000E+13
2.468560E-02   BH_6_imp              -31.910   41.515       5119.271      -1715.203          0.000      TX   5.267518E-02  -1.090527E-01   1.000000E+13
2.468560E-02   BH_6_imp              -31.910   41.515       5119.271      -1715.203          0.000      TY   1.478317E-01   9.478047E-02   1.000000E+13
1.496420E-02   BH_6_imp              -31.910   41.515       5119.271      -1715.203          0.000      TX   8.490087E-03  -1.072465E-01   1.000000E+13
1.496420E-02   BH_6_imp              -31.910   41.515       5119.271      -1715.203          0.000      TY   1.883848E-01   9.466190E-02   1.000000E+13
9.071120E-03   BH_6_imp              -31.910   41.515       5119.271      -1715.203          0.000      TX  -3.286896E-02  -1.044631E-01   1.000000E+13
9.071120E-03   BH_6_imp              -31.910   41.515       5119.271      -1715.203          0.000      TY   2.261997E-01   8.439129E-02   1.000000E+13
5.498830E-03   BH_6_imp              -31.910   41.515       5119.271      -1715.203          0.000      TX  -7.234271E-02  -9.158143E-02   1.000000E+13
5.498830E-03   BH_6_imp              -31.910   41.515       5119.271      -1715.203          0.000      TY   2.618731E-01   5.208388E-02   1.000000E+13
3.333330E-03   BH_6_imp              -31.910   41.515       5119.271      -1715.203          0.000      TX  -1.067695E-01  -6.598635E-02   1.000000E+13
3.333330E-03   BH_6_imp              -31.910   41.515       5119.271      -1715.203          0.000      TY   2.746173E-01   1.833325E-02   1.000000E+13
3.333330E+02   BH_7_imp              -31.956   41.532          5.602       -239.191          0.000      TX   5.678146E-02   5.031988E-02   1.000000E+13
3.333330E+02   BH_7_imp              -31.956   41.532          5.602       -239.191          0.000      TY   1.595335E-01  -8.338439E-02   1.000000E+13
2.020630E+02   BH_7_imp              -31.956   41.532          5.602       -239.191          0.000      TX   6.156073E-02   2.902500E-02   1.000000E+13
2.020630E+02   BH_7_imp              -31.956   41.532          5.602       -239.191          0.000      TY   1.117861E-01  -1.321036E-01   1.000000E+13
1.224890E+02   BH_7_imp              -31.956   41.532          5.602       -239.191          0.000      TX   6.701206E-02   2.349735E-02   1.000000E+13
1.224890E+02   BH_7_imp              -31.956   41.532          5.602       -239.191          0.000      TY   4.495716E-02  -1.531981E-01   1.000000E+13
7.425120E+01   BH_7_imp              -31.956   41.532          5.602       -239.191          0.000      TX   7.083042E-02   2.357894E-02   1.000000E+13
7.425120E+01   BH_7_imp              -31.956   41.532          5.602       -239.191          0.000      TY  -2.703964E-02  -1.538408E-01   1.000000E+13
4.501040E+01   BH_7_imp              -31.956   41.532          5.602       -239.191          0.000      TX   8.015526E-02   2.429453E-02   1.000000E+13
4.501040E+01   BH_7_imp              -31.956   41.532          5.602       -239.191          0.000      TY  -9.107837E-02  -1.321710E-01   1.000000E+13
2.728490E+01   BH_7_imp              -31.956   41.532          5.602       -239.191          0.000      TX   8.854565E-02   2.100614E-02   1.000000E+13
2.728490E+01   BH_7_imp              -31.956   41.532          5.602       -239.191          0.000      TY  -1.380883E-01  -9.634860E-02   1.000000E+13
1.653980E+01   BH_7_imp              -31.956   41.532          5.602       -239.191          0.000      TX   9.162633E-02   1.728186E-02   1.000000E+13
1.653980E+01   BH_7_imp              -31.956   41.532          5.602       -239.191          0.000      TY  -1.658965E-01  -5.468182E-02   1.000000E+13
1.002630E+01   BH_7_imp              -31.956   41.532          5.602       -239.191          0.000      TX   9.760910E-02   1.997440E-02   1.000000E+13
1.002630E+01   BH_7_imp              -31.956   41.532          5.602       -239.191          0.000      TY  -1.741184E-01  -1.287418E-02   1.000000E+13
6.077850E+00   BH_7_imp              -31.956   41.532          5.602       -239.191          0.000      TX   1.102630E-01   1.937956E-02   1.000000E+13
6.077850E+00   BH_7_imp              -31.956   41.532          5.602       -239.191          0.000      TY  -1.660793E-01   2.427565E-02   1.000000E+13
3.684310E+00   BH_7_imp              -31.956   41.532          5.602       -239.191          0.000      TX   1.232657E-01   7.954537E-03   1.000000E+13
3.684310E+00   BH_7_imp              -31.956   41.532          5.602       -239.191          0.000      TY  -1.447613E-01   5.345560E-02   1.000000E+13
2.233390E+00   BH_7_imp              -31.956   41.532          5.602       -239.191          0.000      TX   1.285125E-01  -1.262272E-02   1.000000E+13
2.233390E+00   BH_7_imp              -31.956   41.532          5.602       -239.191          0.000      TY  -1.130256E-01   7.260389E-02   1.000000E+13
1.353860E+00   BH_7_imp              -31.956   41.532          5.602       -239.191          0.000      TX   1.203881E-01  -3.787528E-02   1.000000E+13
1.353860E+00   BH_7_imp              -31.956   41.532          5.602       -239.191          0.000      TY  -7.662317E-02   7.854372E-02   1.000000E+13
8.206950E-01   BH_7_imp              -31.956   41.532          5.602       -239.191          0.000      TX   9.712635E-02  -5.974322E-02   1.000000E+13
8.206950E-01   BH_7_imp              -31.956   41.532          5.602       -239.191          0.000      TY  -4.395758E-02   7.173010E-02   1.000000E+13
4.974980E-01   BH_7_imp              -31.956   41.532          5.602       -239.191          0.000      TX   6.215420E-02  -6.857357E-02   1.000000E+13
4.974980E-01   BH_7_imp              -31.956   41.532          5.602       -239.191          0.000      TY  -2.140661E-02   5.958179E-02   1.000000E+13
3.015780E-01   BH_7_imp              -31.956   41.532          5.602       -239.191          0.000      TX   2.769460E-02  -5.929089E-02   1.000000E+13
3.015780E-01   BH_7_imp              -31.956   41.532          5.602       -239.191          0.000      TY  -7.432431E-03   5.086287E-02   1.000000E+13
1.828140E-01   BH_7_imp              -31.956   41.532          5.602       -239.191          0.000      TX   5.731625E-03  -3.784775E-02   1.000000E+13
1.828140E-01   BH_7_imp              -31.956   41.532          5.602       -239.191          0.000      TY   3.988102E-03   4.789647E-02   1.000000E+13
1.108200E-01   BH_7_imp              -31.956   41.532          5.602       -239.191          0.000      TX  -4.037243E-04  -1.509528E-02   1.000000E+13
1.108200E-01   BH_7_imp              -31.956   41.532          5.602       -239.191          0.000      TY   1.668598E-02   4.974448E-02   1.000000E+13
6.717810E-02   BH_7_imp              -31.956   41.532          5.602       -239.191          0.000      TX   5.182028E-03   9.023402E-04   1.000000E+13
6.717810E-02   BH_7_imp              -31.956   41.532          5.602       -239.191          0.000      TY   3.483874E-02   5.458063E-02   1.000000E+13
4.072260E-02   BH_7_imp              -31.956   41.532          5.602       -239.191          0.000      TX   1.513424E-02   6.327229E-03   1.000000E+13
4.072260E-02   BH_7_imp              -31.956   41.532          5.602       -239.191          0.000      TY   6.286147E-02   5.483955E-02   1.000000E+13
2.468560E-02   BH_7_imp              -31.956   41.532          5.602       -239.191          0.000      TX   2.254567E-02   3.955111E-03   1.000000E+13
2.468560E-02   BH_7_imp              -31.956   41.532          5.602       -239.191          0.000      TY   9.408743E-02   3.692437E-02   1.000000E+13
1.496420E-02   BH_7_imp              -31.956   41.532          5.602       -239.191          0.000      TX   2.626737E-02  -5.867302E-03   1.000000E+13
1.496420E-02   BH_7_imp              -31.956   41.532          5.602       -239.191          0.000      TY   1.071273E-01  -3.328343E-03   1.000000E+13
9.071120E-03   BH_7_imp              -31.956   41.532          5.602       -239.191          0.000      TX   1.914272E-02  -1.208485E-02   1.000000E+13
9.071120E-03   BH_7_imp              -31.956   41.532          5.602       -239.191          0.000      TY   8.784205E-02  -3.846311E-02   1.000000E+13
5.498830E-03   BH_7_imp              -31.956   41.532          5.602       -239.191          0.000      TX   1.408651E-02  -1.596444E-02   1.000000E+13
5.498830E-03   BH_7_imp              -31.956   41.532          5.602       -239.191          0.000      TY   5.034186E-02  -5.620463E-02   1.000000E+13
3.333330E-03   BH_7_imp              -31.956   41.532          5.602       -239.191          0.000      TX   7.744725E-03  -2.221362E-02   1.000000E+13
3.333330E-03   BH_7_imp              -31.956   41.532          5.602       -239.191          0.000      TY   2.132163E-02  -4.484605E-02   1.000000E+13
3.333330E+02   BH_8_imp              -31.902   41.557       5898.535       2248.781          0.000      TX   7.515536E-02   7.148790E-02   1.000000E+13
3.333330E+02   BH_8_imp              -31.902   41.557       5898.535       2248.781          0.000      TY   1.690288E-01  -8.435185E-02   1.000000E+13
2.020630E+02   BH_8_imp              -31.902   41.557       5898.535       2248.781          0.000      TX   5.493984E-02   4.497371E-02   1.000000E+13
2.020630E+02   BH_8_imp              -31.902   41.557       5898.535       2248.781          0.000      TY   1.254165E-01  -1.274889E-01   1.000000E+13
1.224890E+02   BH_8_imp              -31.902   41.557       5898.535       2248.781          0.000      TX   8.116952E-02   2.588819E-02   1.000000E+13
1.224890E+02   BH_8_imp              -31.902   41.557       5898.535       2248.781          0.000      TY   5.605529E-02  -1.544568E-01   1.000000E+13
7.425120E+01   BH_8_imp              -31.902   41.557       5898.535       2248.781          0.000      TX   7.019319E-02   1.877397E-02   1.000000E+13
7.425120E+01   BH_8_imp              -31.902   41.557       5898.535       2248.781          0.000      TY  -1.337346E-02  -1.522293E-01   1.000000E+13
4.501040E+01   BH_8_imp              -31.902   41.557       5898.535       2248.781          0.000      TX   7.061386E-02   2.818285E-02   1.000000E+13
4.501040E+01   BH_8_imp              -31.902   41.557       5898.535       2248.781          0.000      TY  -7.229615E-02  -1.327464E-01   1.000000E+13
2.728490E+01   BH_8_imp              -31.902   41.557       5898.535       2248.781          0.000      TX   7.668206E-02   3.542894E-02   1.000000E+13
2.728490E+01   BH_8_imp              -31.902   41.557       5898.535       2248.781          0.000      TY  -1.165917E-01  -1.034941E-01   1.000000E+13
1.653980E+01   BH_8_imp              -31.902   41.557       5898.535       2248.781          0.000      TX   7.987666E-02   4.616780E-02   1.000000E+13
1.653980E+01   BH_8_imp              -31.902   41.557       5898.535       2248.781          0.000      TY  -1.436348E-01  -7.134141E-02   1.000000E+13
1.002630E+01   BH_8_imp              -31.902   41.557       5898.535       2248.781          0.000      TX   9.148958E-02   6.887684E-02   1.000000E+13
1.002630E+01   BH_8_imp              -31.902   41.557       5898.535       2248.781          0.000      TY  -1.546218E-01  -4.205983E-02   1.000000E+13
6.077850E+00   BH_8_imp              -31.902   41.557       5898.535       2248.781          0.000      TX   1.188211E-01   9.444790E-02   1.000000E+13
6.077850E+00   BH_8_imp              -31.902   41.557       5898.535       2248.781          0.000      TY  -1.513393E-01  -2.595500E-02   1.000000E+13
3.684310E+00   BH_8_imp              -31.902   41.557       5898.535       2248.781          0.000      TX   1.600279E-01   1.131266E-01   1.000000E+13
3.684310E+00   BH_8_imp              -31.902   41.557       5898.535       2248.781          0.000      TY  -1.419917E-01  -2.593202E-02   1.000000E+13
2.233390E+00   BH_8_imp              -31.902   41.557       5898.535       2248.781          0.000      TX   2.058983E-01   1.226558E-01   1.000000E+13
2.233390E+00   BH_8_imp              -31.902   41.557       5898.535       2248.781          0.000      TY  -1.344349E-01  -4.566622E-02   1.000000E+13
1.353860E+00   BH_8_imp              -31.902   41.557       5898.535       2248.781          0.000      TX   2.546800E-01   1.215219E-01   1.000000E+13
1.353860E+00   BH_8_imp              -31.902   41.557       5898.535       2248.781          0.000      TY  -1.408914E-01  -8.604128E-02   1.000000E+13
8.206950E-01   BH_8_imp              -31.902   41.557       5898.535       2248.781          0.000      TX   3.019035E-01   1.112353E-01   1.000000E+13
8.206950E-01   BH_8_imp              -31.902   41.557       5898.535       2248.781          0.000      TY  -1.759197E-01  -1.381654E-01   1.000000E+13
4.974980E-01   BH_8_imp              -31.902   41.557       5898.535       2248.781          0.000      TX   3.446950E-01   9.110046E-02   1.000000E+13
4.974980E-01   BH_8_imp              -31.902   41.557       5898.535       2248.781          0.000      TY  -2.450458E-01  -1.822384E-01   1.000000E+13
3.015780E-01   BH_8_imp              -31.902   41.557       5898.535       2248.781          0.000      TX   3.792121E-01   5.996020E-02   1.000000E+13
3.015780E-01   BH_8_imp              -31.902   41.557       5898.535       2248.781          0.000      TY  -3.371803E-01  -1.971356E-01   1.000000E+13
1.828140E-01   BH_8_imp              -31.902   41.557       5898.535       2248.781          0.000      TX   3.986804E-01   1.815105E-02   1.000000E+13
1.828140E-01   BH_8_imp              -31.902   41.557       5898.535       2248.781          0.000      TY  -4.295205E-01  -1.743371E-01   1.000000E+13
1.108200E-01   BH_8_imp              -31.902   41.557       5898.535       2248.781          0.000      TX   3.961266E-01  -2.848950E-02   1.000000E+13
1.108200E-01   BH_8_imp              -31.902   41.557       5898.535       2248.781          0.000      TY  -5.006083E-01  -1.201244E-01   1.000000E+13
6.717810E-02   BH_8_imp              -31.902   41.557       5898.535       2248.781          0.000      TX   3.712859E-01  -6.936207E-02   1.000000E+13
6.717810E-02   BH_8_imp              -31.902   41.557       5898.535       2248.781          0.000      TY  -5.397990E-01  -4.902194E-02   1.000000E+13
4.072260E-02   BH_8_imp              -31.902   41.557       5898.535       2248.781          0.000      TX   3.293249E-01  -9.811182E-02   1.000000E+13
4.072260E-02   BH_8_imp              -31.902   41.557       5898.535       2248.781          0.000      TY  -5.458478E-01   2.809564E-02   1.000000E+13
2.468560E-02   BH_8_imp              -31.902   41.557       5898.535       2248.781          0.000      TX   2.793443E-01  -1.083866E-01   1.000000E+13
2.468560E-02   BH_8_imp              -31.902   41.557       5898.535       2248.781          0.000      TY  -5.163134E-01   1.013722E-01   1.000000E+13
1.496420E-02   BH_8_imp              -31.902   41.557       5898.535       2248.781          0.000      TX   2.284035E-01  -9.651260E-02   1.000000E+13
1.496420E-02   BH_8_imp              -31.902   41.557       5898.535       2248.781          0.000      TY  -4.532941E-01   1.638710E-01   1.000000E+13
9.071120E-03   BH_8_imp              -31.902   41.557       5898.535       2248.781          0.000      TX   1.936485E-01  -6.423447E-02   1.000000E+13
9.071120E-03   BH_8_imp              -31.902   41.557       5898.535       2248.781          0.000      TY  -3.688696E-01   1.962616E-01   1.000000E+13
5.498830E-03   BH_8_imp              -31.902   41.557       5898.535       2248.781          0.000      TX   1.870447E-01  -3.078521E-02   1.000000E+13
5.498830E-03   BH_8_imp              -31.902   41.557       5898.535       2248.781          0.000      TY  -2.778461E-01   2.088157E-01   1.000000E+13
3.333330E-03   BH_8_imp              -31.902   41.557       5898.535       2248.781          0.000      TX   1.972054E-01  -1.912536E-02   1.000000E+13
3.333330E-03   BH_8_imp              -31.902   41.557       5898.535       2248.781          0.000      TY  -1.938350E-01   1.922979E-01   1.000000E+13
3.333330E+02   BH_9_imp              -32.003   41.592      -5341.274       5240.312          0.000      TX   5.607914E-02   4.137381E-02   1.000000E+13
3.333330E+02   BH_9_imp              -32.003   41.592      -5341.274       5240.312          0.000      TY   1.502622E-01  -9.151587E-02   1.000000E+13
2.020630E+02   BH_9_imp              -32.003   41.592      -5341.274       5240.312          0.000      TX   8.115082E-02   3.356253E-02   1.000000E+13
2.020630E+02   BH_9_imp              -32.003   41.592      -5341.274       5240.312          0.000      TY   9.512609E-02  -1.405436E-01   1.000000E+13
1.224890E+02   BH_9_imp              -32.003   41.592      -5341.274       5240.312          0.000      TX   7.714862E-02   3.497907E-02   1.000000E+13
1.224890E+02   BH_9_imp              -32.003   41.592      -5341.274       5240.312          0.000      TY   2.994747E-02  -1.645360E-01   1.000000E+13
7.425120E+01   BH_9_imp              -32.003   41.592      -5341.274       5240.312          0.000      TX   1.032871E-01   5.251783E-02   1.000000E+13
7.425120E+01   BH_9_imp              -32.003   41.592      -5341.274       5240.312          0.000      TY  -4.699583E-02  -1.714568E-01   1.000000E+13
4.501040E+01   BH_9_imp              -32.003   41.592      -5341.274       5240.312          0.000      TX   1.320983E-01   5.529873E-02   1.000000E+13
4.501040E+01   BH_9_imp              -32.003   41.592      -5341.274       5240.312          0.000      TY  -1.188610E-01  -1.539345E-01   1.000000E+13
2.728490E+01   BH_9_imp              -32.003   41.592      -5341.274       5240.312          0.000      TX   1.510895E-01   4.878715E-02   1.000000E+13
2.728490E+01   BH_9_imp              -32.003   41.592      -5341.274       5240.312          0.000      TY  -1.725477E-01  -1.215031E-01   1.000000E+13
1.653980E+01   BH_9_imp              -32.003   41.592      -5341.274       5240.312          0.000      TX   1.644894E-01   4.452739E-02   1.000000E+13
1.653980E+01   BH_9_imp              -32.003   41.592      -5341.274       5240.312          0.000      TY  -2.077131E-01  -8.446885E-02   1.000000E+13
1.002630E+01   BH_9_imp              -32.003   41.592      -5341.274       5240.312          0.000      TX   1.802235E-01   4.152236E-02   1.000000E+13
1.002630E+01   BH_9_imp              -32.003   41.592      -5341.274       5240.312          0.000      TY  -2.259324E-01  -5.066673E-02   1.000000E+13
6.077850E+00   BH_9_imp              -32.003   41.592      -5341.274       5240.312          0.000      TX   2.010009E-01   3.344133E-02   1.000000E+13
6.077850E+00   BH_9_imp              -32.003   41.592      -5341.274       5240.312          0.000      TY  -2.303750E-01  -2.151177E-02   1.000000E+13
3.684310E+00   BH_9_imp              -32.003   41.592      -5341.274       5240.312          0.000      TX   2.190406E-01   1.143651E-02   1.000000E+13
3.684310E+00   BH_9_imp              -32.003   41.592      -5341.274       5240.312          0.000      TY  -2.261873E-01  -1.768500E-03   1.000000E+13
2.233390E+00   BH_9_imp              -32.003   41.592      -5341.274       5240.312          0.000      TX   2.210762E-01  -2.008359E-02   1.000000E+13
2.233390E+00   BH_9_imp              -32.003   41.592      -5341.274       5240.312          0.000      TY  -2.177839E-01   1.022222E-02   1.000000E+13
1.353860E+00   BH_9_imp              -32.003   41.592      -5341.274       5240.312          0.000      TX   2.048273E-01  -5.200482E-02   1.000000E+13
1.353860E+00   BH_9_imp              -32.003   41.592      -5341.274       5240.312          0.000      TY  -2.095954E-01   1.607253E-02   1.000000E+13
8.206950E-01   BH_9_imp              -32.003   41.592      -5341.274       5240.312          0.000      TX   1.717033E-01  -7.464508E-02   1.000000E+13
8.206950E-01   BH_9_imp              -32.003   41.592      -5341.274       5240.312          0.000      TY  -2.042752E-01   2.061561E-02   1.000000E+13
4.974980E-01   BH_9_imp              -32.003   41.592      -5341.274       5240.312          0.000      TX   1.299199E-01  -7.972656E-02   1.000000E+13
4.974980E-01   BH_9_imp              -32.003   41.592      -5341.274       5240.312          0.000      TY  -1.980062E-01   2.999689E-02   1.000000E+13
3.015780E-01   BH_9_imp              -32.003   41.592      -5341.274       5240.312          0.000      TX   9.217208E-02  -6.619461E-02   1.000000E+13
3.015780E-01   BH_9_imp              -32.003   41.592      -5341.274       5240.312          0.000      TY  -1.814565E-01   4.101263E-02   1.000000E+13
1.828140E-01   BH_9_imp              -32.003   41.592      -5341.274       5240.312          0.000      TX   6.751981E-02  -4.086577E-02   1.000000E+13
1.828140E-01   BH_9_imp              -32.003   41.592      -5341.274       5240.312          0.000      TY  -1.549930E-01   4.136171E-02   1.000000E+13
1.108200E-01   BH_9_imp              -32.003   41.592      -5341.274       5240.312          0.000      TX   5.971570E-02  -1.183835E-02   1.000000E+13
1.108200E-01   BH_9_imp              -32.003   41.592      -5341.274       5240.312          0.000      TY  -1.303452E-01   2.317605E-02   1.000000E+13
6.717810E-02   BH_9_imp              -32.003   41.592      -5341.274       5240.312          0.000      TX   6.870319E-02   1.157411E-02   1.000000E+13
6.717810E-02   BH_9_imp              -32.003   41.592      -5341.274       5240.312          0.000      TY  -1.234432E-01  -9.623933E-03   1.000000E+13
4.072260E-02   BH_9_imp              -32.003   41.592      -5341.274       5240.312          0.000      TX   8.701411E-02   2.086871E-02   1.000000E+13
4.072260E-02   BH_9_imp              -32.003   41.592      -5341.274       5240.312          0.000      TY  -1.425981E-01  -4.009005E-02   1.000000E+13
2.468560E-02   BH_9_imp              -32.003   41.592      -5341.274       5240.312          0.000      TX   1.053275E-01   1.516982E-02   1.000000E+13
2.468560E-02   BH_9_imp              -32.003   41.592      -5341.274       5240.312          0.000      TY  -1.784900E-01  -5.027069E-02   1.000000E+13
1.496420E-02   BH_9_imp              -32.003   41.592      -5341.274       5240.312          0.000      TX   1.131228E-01  -2.495745E-04   1.000000E+13
1.496420E-02   BH_9_imp              -32.003   41.592      -5341.274       5240.312          0.000      TY  -2.113751E-01  -2.933674E-02   1.000000E+13
9.071120E-03   BH_9_imp              -32.003   41.592      -5341.274       5240.312          0.000      TX   1.093561E-01  -1.104077E-02   1.000000E+13
9.071120E-03   BH_9_imp              -32.003   41.592      -5341.274       5240.312          0.000      TY  -2.204824E-01   5.472247E-03   1.000000E+13
5.498830E-03   BH_9_imp              -32.003   41.592      -5341.274       5240.312          0.000      TX   1.026619E-01  -1.586452E-02   1.000000E+13
5.498830E-03   BH_9_imp              -32.003   41.592      -5341.274       5240.312          0.000      TY  -2.084970E-01   3.792844E-02   1.000000E+13
3.333330E-03   BH_9_imp              -32.003   41.592      -5341.274       5240.312          0.000      TX   9.910312E-02  -2.231100E-02   1.000000E+13
3.333330E-03   BH_9_imp              -32.003   41.592      -5341.274       5240.312          0.000      TY  -1.839448E-01   5.718429E-02   1.000000E+13
