exception_type,iteration,message,multiplier,reason,rms,roughness,step_scale
,1,Another step cut from the same linear candidate had a lower nonlinear RMS.,0.005,step_cut_discarded,64.75610390084579,267.1367473348775,1.0
,1,Another step cut from the same linear candidate had a lower nonlinear RMS.,0.005,step_cut_discarded,37.72864523781111,66.78418683371937,0.5
,1,Another step cut from the same linear candidate had a lower nonlinear RMS.,0.005,step_cut_discarded,25.940064067131978,16.696046708429844,0.25
,1,Another step cut from the same linear candidate had a lower nonlinear RMS.,0.015811388300841896,step_cut_discarded,64.74390551884102,264.15830277315274,1.0
,1,Another step cut from the same linear candidate had a lower nonlinear RMS.,0.015811388300841896,step_cut_discarded,37.69116498588043,66.03957569328819,0.5
,1,Another step cut from the same linear candidate had a lower nonlinear RMS.,0.015811388300841896,step_cut_discarded,25.91156621716173,16.509893923322046,0.25
,1,Another step cut from the same linear candidate had a lower nonlinear RMS.,0.05,step_cut_discarded,64.73477131746104,259.27398093052074,1.0
,1,Another step cut from the same linear candidate had a lower nonlinear RMS.,0.05,step_cut_discarded,37.645822653287055,64.81849523263018,0.5
,1,Another step cut from the same linear candidate had a lower nonlinear RMS.,0.05,step_cut_discarded,25.869214027007647,16.20462380815755,0.25
,1,Another step cut from the same linear candidate had a lower nonlinear RMS.,0.15811388300841894,step_cut_discarded,64.74126542533408,199.855089974798,1.0
,1,Another step cut from the same linear candidate had a lower nonlinear RMS.,0.15811388300841894,step_cut_discarded,37.7762431393475,49.9637724936995,0.5
,1,Another step cut from the same linear candidate had a lower nonlinear RMS.,0.15811388300841894,step_cut_discarded,25.87175434821658,12.490943123424879,0.25
,1,Another step cut from the same linear candidate had a lower nonlinear RMS.,0.5,step_cut_discarded,64.78751712700267,158.89393698691657,1.0
,1,Another step cut from the same linear candidate had a lower nonlinear RMS.,0.5,step_cut_discarded,37.8396415154804,39.72348424672914,0.5
,1,Another step cut from the same linear candidate had a lower nonlinear RMS.,0.5,step_cut_discarded,25.777505226345028,9.930871061682286,0.25
,1,Another step cut from the same linear candidate had a lower nonlinear RMS.,1.5811388300841898,step_cut_discarded,64.84984702318935,118.15155707536724,1.0
,1,Another step cut from the same linear candidate had a lower nonlinear RMS.,1.5811388300841898,step_cut_discarded,37.410461993163686,29.537889268841806,0.5
,1,Another step cut from the same linear candidate had a lower nonlinear RMS.,1.5811388300841898,step_cut_discarded,25.453635009973397,7.384472317210449,0.25
,1,Another step cut from the same linear candidate had a lower nonlinear RMS.,5.0,step_cut_discarded,58.83723304783294,73.54430188492833,1.0
,1,Another step cut from the same linear candidate had a lower nonlinear RMS.,5.0,step_cut_discarded,33.418584214615535,18.386075471232083,0.5
,1,Another step cut from the same linear candidate had a lower nonlinear RMS.,5.0,step_cut_discarded,23.74766011768157,4.596518867808018,0.25
,1,Another step cut from the same linear candidate had a lower nonlinear RMS.,15.811388300841898,step_cut_discarded,30.414785890675738,28.91619964225714,1.0
,1,A different valid candidate better satisfied the Occam selection policy.,0.005,not_selected,22.54240240418058,4.174011677107461,0.125
,1,A different valid candidate better satisfied the Occam selection policy.,0.015811388300841896,not_selected,22.530936188358268,4.127473480830512,0.125
,1,A different valid candidate better satisfied the Occam selection policy.,0.05,not_selected,22.512454606160134,4.051155952039387,0.125
,1,A different valid candidate better satisfied the Occam selection policy.,0.15811388300841894,not_selected,22.489396216734423,3.1227357808562197,0.125
,1,A different valid candidate better satisfied the Occam selection policy.,0.5,not_selected,22.44841204985762,2.4827177654205714,0.125
,1,A different valid candidate better satisfied the Occam selection policy.,1.5811388300841898,not_selected,22.3294200137889,1.8461180793026126,0.125
,1,A different valid candidate better satisfied the Occam selection policy.,5.0,not_selected,21.782592007077973,1.1491297169520043,0.125
,1,A different valid candidate better satisfied the Occam selection policy.,15.811388300841898,not_selected,21.84784964616895,7.229049910564284,0.5
,1,A different valid candidate better satisfied the Occam selection policy.,50.0,not_selected,15.22773328000003,7.910537773383341,1.0
,1,A different valid candidate better satisfied the Occam selection policy.,158.11388300841895,not_selected,11.164306672343809,1.7413854917999125,1.0
,1,A different valid candidate better satisfied the Occam selection policy.,500.0,not_selected,10.340606245339222,0.4133534759607192,1.0
,1,A different valid candidate better satisfied the Occam selection policy.,1581.1388300841897,not_selected,10.038707677811818,0.13224796190790744,1.0
,2,Another step cut from the same linear candidate had a lower nonlinear RMS.,5.0,step_cut_discarded,49.19706728065009,63.75989037451373,1.0
,2,Another step cut from the same linear candidate had a lower nonlinear RMS.,5.0,step_cut_discarded,22.046432447823317,15.94123093455266,0.5
,2,Another step cut from the same linear candidate had a lower nonlinear RMS.,5.0,step_cut_discarded,11.738794076589917,4.002076222101478,0.25
,2,Another step cut from the same linear candidate had a lower nonlinear RMS.,5.0,step_cut_discarded,9.944735321135981,1.025042617758233,0.125
,2,Another step cut from the same linear candidate had a lower nonlinear RMS.,15.811388300841896,step_cut_discarded,31.804478842086038,29.874821782601177,1.0
,2,Another step cut from the same linear candidate had a lower nonlinear RMS.,15.811388300841896,step_cut_discarded,14.773056376909931,7.474512734850488,0.5
,2,Another step cut from the same linear candidate had a lower nonlinear RMS.,15.811388300841896,step_cut_discarded,10.288262414748385,1.8876711463139257,0.25
,2,Another step cut from the same linear candidate had a lower nonlinear RMS.,50.0,step_cut_discarded,15.503952793962592,8.818331421426102,1.0
,2,Another step cut from the same linear candidate had a lower nonlinear RMS.,50.0,step_cut_discarded,10.269079078849833,2.207469269085434,0.5
,2,Another step cut from the same linear candidate had a lower nonlinear RMS.,500000.0,step_cut_discarded,10.078816984811903,0.0005649146607718098,1.0
,2,Another step cut from the same linear candidate had a lower nonlinear RMS.,1581138.8300841898,step_cut_discarded,10.26637556512926,8.31852058934288e-05,1.0
,2,Another step cut from the same linear candidate had a lower nonlinear RMS.,1581138.8300841898,step_cut_discarded,9.888894307503072,0.011199076618835025,0.5
,2,Another step cut from the same linear candidate had a lower nonlinear RMS.,5000000.0,step_cut_discarded,10.35369968235435,9.577796089290917e-06,1.0
,2,Another step cut from the same linear candidate had a lower nonlinear RMS.,5000000.0,step_cut_discarded,9.911342425671437,0.010903943494788598,0.5
,2,A different valid candidate better satisfied the Occam selection policy.,5.0,not_selected,9.787602751582805,0.2846617535571947,0.0625
,2,A different valid candidate better satisfied the Occam selection policy.,15.811388300841896,not_selected,9.772639476255769,0.4975785858803381,0.125
,2,A different valid candidate better satisfied the Occam selection policy.,50.0,not_selected,9.680169300685455,0.5694498421370189,0.25
,2,A different valid candidate better satisfied the Occam selection policy.,158.11388300841895,not_selected,9.843095028642425,1.9259202120439443,1.0
,2,A different valid candidate better satisfied the Occam selection policy.,1581.1388300841897,not_selected,9.352644476113129,0.13445984742933234,1.0
,2,A different valid candidate better satisfied the Occam selection policy.,5000.0,not_selected,9.449222617782373,0.04555936462359377,1.0
,2,A different valid candidate better satisfied the Occam selection policy.,15811.388300841898,not_selected,9.567812529186053,0.014715069926059528,1.0
,2,A different valid candidate better satisfied the Occam selection policy.,50000.0,not_selected,9.678105150869223,0.0060802555744808645,1.0
,2,A different valid candidate better satisfied the Occam selection policy.,158113.88300841895,not_selected,9.839297809821849,0.0023828303746667914,1.0
,2,A different valid candidate better satisfied the Occam selection policy.,500000.0,not_selected,9.840596828199397,0.011993445472226917,0.5
,2,A different valid candidate better satisfied the Occam selection policy.,1581138.8300841898,not_selected,9.833074989265173,0.024528227314594784,0.25
,2,A different valid candidate better satisfied the Occam selection policy.,5000000.0,not_selected,9.838721478572289,0.02431607839778555,0.25
,3,Another step cut from the same linear candidate had a lower nonlinear RMS.,0.5,step_cut_discarded,55.923132906747306,184.10842161344476,1.0
,3,Another step cut from the same linear candidate had a lower nonlinear RMS.,0.5,step_cut_discarded,26.211923746591268,48.182664295704,0.5
,3,Another step cut from the same linear candidate had a lower nonlinear RMS.,0.5,step_cut_discarded,12.891988148700337,13.283548035968789,0.25
,3,Another step cut from the same linear candidate had a lower nonlinear RMS.,0.5,step_cut_discarded,9.669348323436054,4.099930505884985,0.125
,3,Another step cut from the same linear candidate had a lower nonlinear RMS.,1.5811388300841898,step_cut_discarded,52.02663674276061,114.42026299827447,1.0
,3,Another step cut from the same linear candidate had a lower nonlinear RMS.,1.5811388300841898,step_cut_discarded,23.50897637271941,30.74805997665913,0.5
,3,Another step cut from the same linear candidate had a lower nonlinear RMS.,1.5811388300841898,step_cut_discarded,11.876926297535695,8.918614623581437,0.25
,3,Another step cut from the same linear candidate had a lower nonlinear RMS.,1.5811388300841898,step_cut_discarded,9.519934082869586,3.0055559864750756,0.125
,3,Another step cut from the same linear candidate had a lower nonlinear RMS.,5.0,step_cut_discarded,47.10510069650814,66.9590270982047,1.0
,3,Another step cut from the same linear candidate had a lower nonlinear RMS.,5.0,step_cut_discarded,20.051045285816592,18.71517717750123,0.5
,3,Another step cut from the same linear candidate had a lower nonlinear RMS.,5.0,step_cut_discarded,10.783306674737329,5.8266070117217295,0.25
,3,Another step cut from the same linear candidate had a lower nonlinear RMS.,5.0,step_cut_discarded,9.379449869373897,2.190660627475035,0.125
,3,Another step cut from the same linear candidate had a lower nonlinear RMS.,15.811388300841896,step_cut_discarded,27.466818890058335,30.359264845085658,1.0
,3,Another step cut from the same linear candidate had a lower nonlinear RMS.,15.811388300841896,step_cut_discarded,12.830040483200127,9.100626758628355,0.5
,3,Another step cut from the same linear candidate had a lower nonlinear RMS.,15.811388300841896,step_cut_discarded,9.598154604874447,3.1906644792069483,0.25
,3,Another step cut from the same linear candidate had a lower nonlinear RMS.,50.0,step_cut_discarded,11.814336590553513,8.260572270828657,1.0
,3,Another step cut from the same linear candidate had a lower nonlinear RMS.,50.0,step_cut_discarded,9.432042072788162,2.968896791318663,0.5
,3,Another step cut from the same linear candidate had a lower nonlinear RMS.,1581.1388300841897,step_cut_discarded,9.361840489346035,0.10119184515831957,1.0
,3,Another step cut from the same linear candidate had a lower nonlinear RMS.,5000.0,step_cut_discarded,9.507804697106561,0.03028950273966736,1.0
,3,Another step cut from the same linear candidate had a lower nonlinear RMS.,5000.0,step_cut_discarded,9.368878992133723,0.1528099937660248,0.5
,3,Another step cut from the same linear candidate had a lower nonlinear RMS.,5000.0,step_cut_discarded,9.33362267510726,0.2709238233534529,0.25
,3,Another step cut from the same linear candidate had a lower nonlinear RMS.,5000.0,step_cut_discarded,9.32530260999906,0.3441941341657292,0.125
,3,Another step cut from the same linear candidate had a lower nonlinear RMS.,15811.388300841896,step_cut_discarded,9.63568443498815,0.010885346948200161,1.0
,3,Another step cut from the same linear candidate had a lower nonlinear RMS.,15811.388300841896,step_cut_discarded,9.406454958639408,0.12629812774942675,0.5
,3,Another step cut from the same linear candidate had a lower nonlinear RMS.,15811.388300841896,step_cut_discarded,9.346887336659956,0.2534654433149378,0.25
,3,Another step cut from the same linear candidate had a lower nonlinear RMS.,15811.388300841896,step_cut_discarded,9.330614940545424,0.3344143323889175,0.125
,3,Another step cut from the same linear candidate had a lower nonlinear RMS.,15811.388300841896,step_cut_discarded,9.32596668183566,0.3792300847487138,0.0625
,3,Another step cut from the same linear candidate had a lower nonlinear RMS.,15811.388300841896,step_cut_discarded,9.324535279880399,0.40272328788431305,0.03125
,3,Another step cut from the same linear candidate had a lower nonlinear RMS.,15811.388300841896,step_cut_discarded,9.324045719973437,0.4147412211910383,0.015625
,3,Another step cut from the same linear candidate had a lower nonlinear RMS.,15811.388300841896,step_cut_discarded,9.323857865771076,0.42081802077913183,0.0078125
,3,Another step cut from the same linear candidate had a lower nonlinear RMS.,50000.0,step_cut_discarded,9.733999522749517,0.005592221747396929,1.0
,3,Another step cut from the same linear candidate had a lower nonlinear RMS.,50000.0,step_cut_discarded,9.430867021896859,0.11591799348508985,0.5
,3,Another step cut from the same linear candidate had a lower nonlinear RMS.,50000.0,step_cut_discarded,9.353699814365084,0.24634198326678544,0.25
,3,Another step cut from the same linear candidate had a lower nonlinear RMS.,50000.0,step_cut_discarded,9.332739179280981,0.33036925413584534,0.125
,3,Another step cut from the same linear candidate had a lower nonlinear RMS.,50000.0,step_cut_discarded,9.326715041009919,0.37708670856492865,0.0625
,3,Another step cut from the same linear candidate had a lower nonlinear RMS.,50000.0,step_cut_discarded,9.324831782182427,0.4016213905281083,0.03125
,3,Another step cut from the same linear candidate had a lower nonlinear RMS.,50000.0,step_cut_discarded,9.324174642745252,0.41418272019685753,0.015625
,3,Another step cut from the same linear candidate had a lower nonlinear RMS.,50000.0,step_cut_discarded,9.323917506173071,0.4205368822030226,0.0078125
,3,Another step cut from the same linear candidate had a lower nonlinear RMS.,158113.88300841898,step_cut_discarded,9.897346368064147,0.0022962401276100963,1.0
,3,Another step cut from the same linear candidate had a lower nonlinear RMS.,158113.88300841898,step_cut_discarded,9.468600140868599,0.1110052869023678,0.5
,3,Another step cut from the same linear candidate had a lower nonlinear RMS.,158113.88300841898,step_cut_discarded,9.362055256382622,0.2430694510322169,0.25
,3,Another step cut from the same linear candidate had a lower nonlinear RMS.,158113.88300841898,step_cut_discarded,9.334371140960133,0.32852894328275944,0.125
,3,Another step cut from the same linear candidate had a lower nonlinear RMS.,158113.88300841898,step_cut_discarded,9.32690678928924,0.37611554195443514,0.0625
,3,Another step cut from the same linear candidate had a lower nonlinear RMS.,158113.88300841898,step_cut_discarded,9.324773257538078,0.40112305442687385,0.03125
,3,Another step cut from the same linear candidate had a lower nonlinear RMS.,158113.88300841898,step_cut_discarded,9.324106996745765,0.41393036394724375,0.015625
,3,Another step cut from the same linear candidate had a lower nonlinear RMS.,158113.88300841898,step_cut_discarded,9.323874114800335,0.42040990702846603,0.0078125
,3,Another step cut from the same linear candidate had a lower nonlinear RMS.,500000.0,step_cut_discarded,10.14756540786831,0.0005280090513996485,1.0
,3,Another step cut from the same linear candidate had a lower nonlinear RMS.,500000.0,step_cut_discarded,9.528061613014028,0.10842122274636612,0.5
,3,Another step cut from the same linear candidate had a lower nonlinear RMS.,500000.0,step_cut_discarded,9.375446238048939,0.24135243179974217,0.25
,3,Another step cut from the same linear candidate had a lower nonlinear RMS.,500000.0,step_cut_discarded,9.33707646522562,0.3275641868779035,0.125
,3,Another step cut from the same linear candidate had a lower nonlinear RMS.,500000.0,step_cut_discarded,9.327280134086948,0.37560660205485236,0.0625
,3,Another step cut from the same linear candidate had a lower nonlinear RMS.,500000.0,step_cut_discarded,9.324717791844346,0.40086194405279435,0.03125
,3,Another step cut from the same linear candidate had a lower nonlinear RMS.,500000.0,step_cut_discarded,9.324019091737187,0.41379814865413167,0.015625
,3,Another step cut from the same linear candidate had a lower nonlinear RMS.,500000.0,step_cut_discarded,9.32381516617183,0.42034338435539215,0.0078125
,3,A different valid candidate better satisfied the Occam selection policy.,0.5,not_selected,9.300987084099226,1.5746068907890327,0.0625
,3,A different valid candidate better satisfied the Occam selection policy.,1.5811388300841898,not_selected,9.284155027230705,1.2994426777800203,0.0625
,3,A different valid candidate better satisfied the Occam selection policy.,5.0,not_selected,9.271597743589718,1.074772110012453,0.0625
,3,A different valid candidate better satisfied the Occam selection policy.,15.811388300841896,not_selected,9.271073172272096,1.41552253044806,0.125
,3,A different valid candidate better satisfied the Occam selection policy.,50.0,not_selected,9.233914079714777,1.3542035755068094,0.25
,3,A different valid candidate better satisfied the Occam selection policy.,500.0,not_selected,9.232828801916147,0.3539468548955644,1.0
,3,A different valid candidate better satisfied the Occam selection policy.,1581.1388300841897,not_selected,9.317088191164016,0.2167033925300909,0.5
,3,A different valid candidate better satisfied the Occam selection policy.,5000.0,not_selected,9.323636645355762,0.3843826385765078,0.0625
,3,A different valid candidate better satisfied the Occam selection policy.,15811.388300841896,not_selected,9.323778220130395,0.4238733788068618,0.00390625
,3,A different valid candidate better satisfied the Occam selection policy.,50000.0,not_selected,9.323806836458795,0.4237323374990518,0.00390625
,3,A different valid candidate better satisfied the Occam selection policy.,158113.88300841898,not_selected,9.323782752156648,0.4236686506493367,0.00390625
,3,A different valid candidate better satisfied the Occam selection policy.,500000.0,not_selected,9.32374953477706,0.4236352855561699,0.00390625
,4,Another step cut from the same linear candidate had a lower nonlinear RMS.,0.15811388300841897,step_cut_discarded,52.336865268839986,257.6195755783843,1.0
,4,Another step cut from the same linear candidate had a lower nonlinear RMS.,0.15811388300841897,step_cut_discarded,24.441066520827057,70.35425317201067,0.5
,4,Another step cut from the same linear candidate had a lower nonlinear RMS.,0.15811388300841897,step_cut_discarded,12.372951405461164,21.19437693469089,0.25
,4,Another step cut from the same linear candidate had a lower nonlinear RMS.,0.15811388300841897,step_cut_discarded,9.463311171862157,7.732635057497767,0.125
,4,Another step cut from the same linear candidate had a lower nonlinear RMS.,0.5,step_cut_discarded,52.32046467586424,189.3451539112292,1.0
,4,Another step cut from the same linear candidate had a lower nonlinear RMS.,0.5,step_cut_discarded,24.450471777904244,53.241983289187,0.5
,4,Another step cut from the same linear candidate had a lower nonlinear RMS.,0.5,step_cut_discarded,12.312435196392418,16.894477230967535,0.25
,4,Another step cut from the same linear candidate had a lower nonlinear RMS.,0.5,step_cut_discarded,9.450416136842755,6.646744015058206,0.125
,4,Another step cut from the same linear candidate had a lower nonlinear RMS.,1.5811388300841898,step_cut_discarded,52.444832709302254,135.47933799234258,1.0
,4,Another step cut from the same linear candidate had a lower nonlinear RMS.,1.5811388300841898,step_cut_discarded,23.841620234585196,39.54556296780196,0.5
,4,Another step cut from the same linear candidate had a lower nonlinear RMS.,1.5811388300841898,step_cut_discarded,11.926006466384498,13.35538897978959,0.25
,4,Another step cut from the same linear candidate had a lower nonlinear RMS.,1.5811388300841898,step_cut_discarded,9.384045143947773,5.704480366847873,0.125
,4,Another step cut from the same linear candidate had a lower nonlinear RMS.,5.0,step_cut_discarded,40.527621371640095,71.41799069945766,1.0
,4,Another step cut from the same linear candidate had a lower nonlinear RMS.,5.0,step_cut_discarded,17.635618291167038,22.790790443083587,0.5
,4,Another step cut from the same linear candidate had a lower nonlinear RMS.,5.0,step_cut_discarded,10.26186051117235,8.796977997861415,0.25
,4,Another step cut from the same linear candidate had a lower nonlinear RMS.,5.0,step_cut_discarded,9.185338063858943,4.380018695991545,0.125
,4,Another step cut from the same linear candidate had a lower nonlinear RMS.,15.811388300841898,step_cut_discarded,19.788579131704417,27.875551036713333,1.0
,4,Another step cut from the same linear candidate had a lower nonlinear RMS.,15.811388300841898,step_cut_discarded,10.72859498571391,10.536169507692042,0.5
,4,Another step cut from the same linear candidate had a lower nonlinear RMS.,15.811388300841898,step_cut_discarded,9.223665462929372,5.048817254160796,0.25
,4,Another step cut from the same linear candidate had a lower nonlinear RMS.,50.00000000000001,step_cut_discarded,9.247716089349444,5.926977197400261,1.0
,4,Another step cut from the same linear candidate had a lower nonlinear RMS.,158.11388300841898,step_cut_discarded,9.13178474346725,1.0080825487096066,1.0
,4,Another step cut from the same linear candidate had a lower nonlinear RMS.,500.00000000000006,step_cut_discarded,9.416844913417004,0.18825935606779481,1.0
,4,Another step cut from the same linear candidate had a lower nonlinear RMS.,500.00000000000006,step_cut_discarded,9.19860373487245,0.7102887973755184,0.5
,4,Another step cut from the same linear candidate had a lower nonlinear RMS.,500.00000000000006,step_cut_discarded,9.147936607525159,1.1403181815040955,0.25
,4,Another step cut from the same linear candidate had a lower nonlinear RMS.,500.00000000000006,step_cut_discarded,9.131878073792908,1.397586539437063,0.125
,4,Another step cut from the same linear candidate had a lower nonlinear RMS.,500.00000000000006,step_cut_discarded,9.12604884307484,1.536784134870717,0.0625
,4,Another step cut from the same linear candidate had a lower nonlinear RMS.,500.00000000000006,step_cut_discarded,9.123698547396328,1.609023786704336,0.03125
,4,Another step cut from the same linear candidate had a lower nonlinear RMS.,500.00000000000006,step_cut_discarded,9.122667860415785,1.6458038261503432,0.015625
,4,Another step cut from the same linear candidate had a lower nonlinear RMS.,500.00000000000006,step_cut_discarded,9.122189146573092,1.6643588992556464,0.0078125
,4,Another step cut from the same linear candidate had a lower nonlinear RMS.,1581.1388300841897,step_cut_discarded,9.717502426831885,0.04959830453732509,1.0
,4,Another step cut from the same linear candidate had a lower nonlinear RMS.,1581.1388300841897,step_cut_discarded,9.254154751103492,0.5281124392636352,0.5
,4,Another step cut from the same linear candidate had a lower nonlinear RMS.,1581.1388300841897,step_cut_discarded,9.165162462327002,1.0210185443614919,0.25
,4,Another step cut from the same linear candidate had a lower nonlinear RMS.,1581.1388300841897,step_cut_discarded,9.138594466669577,1.3308838563440957,0.125
,4,Another step cut from the same linear candidate had a lower nonlinear RMS.,1581.1388300841897,step_cut_discarded,9.12897429886758,1.5016695771938162,0.0625
,4,Another step cut from the same linear candidate had a lower nonlinear RMS.,1581.1388300841897,step_cut_discarded,9.12505547799022,1.5910257038332818,0.03125
,4,Another step cut from the same linear candidate had a lower nonlinear RMS.,1581.1388300841897,step_cut_discarded,9.123320015887243,1.6366945837066658,0.015625
,4,Another step cut from the same linear candidate had a lower nonlinear RMS.,1581.1388300841897,step_cut_discarded,9.122508654845507,1.6597767277817697,0.0078125
,4,Another step cut from the same linear candidate had a lower nonlinear RMS.,5000.0,step_cut_discarded,9.932671641709199,0.01734241918568593,1.0
,4,Another step cut from the same linear candidate had a lower nonlinear RMS.,5000.0,step_cut_discarded,9.28839618118802,0.46277910467149547,0.5
,4,Another step cut from the same linear candidate had a lower nonlinear RMS.,5000.0,step_cut_discarded,9.174287361905145,0.9760505290863424,0.25
,4,Another step cut from the same linear candidate had a lower nonlinear RMS.,5000.0,step_cut_discarded,9.14178950097002,1.3053245117117511,0.125
,4,Another step cut from the same linear candidate had a lower nonlinear RMS.,5000.0,step_cut_discarded,9.1302719249678,1.4881210706289514,0.0625
,4,Another step cut from the same linear candidate had a lower nonlinear RMS.,5000.0,step_cut_discarded,9.125632613964992,1.5840592419886768,0.03125
,4,Another step cut from the same linear candidate had a lower nonlinear RMS.,5000.0,step_cut_discarded,9.123590967938377,1.6331633006438193,0.015625
,4,Another step cut from the same linear candidate had a lower nonlinear RMS.,5000.0,step_cut_discarded,9.122639758440524,1.6579990732152103,0.0078125
,4,Another step cut from the same linear candidate had a lower nonlinear RMS.,15811.388300841898,step_cut_discarded,10.038870688431565,0.00905773975488931,1.0
,4,Another step cut from the same linear candidate had a lower nonlinear RMS.,15811.388300841898,step_cut_discarded,9.30583175158058,0.4387863055944949,0.5
,4,Another step cut from the same linear candidate had a lower nonlinear RMS.,15811.388300841898,step_cut_discarded,9.178677093698173,0.959091514707441,0.25
,4,Another step cut from the same linear candidate had a lower nonlinear RMS.,15811.388300841898,step_cut_discarded,9.143138766663757,1.2956043508122004,0.125
,4,Another step cut from the same linear candidate had a lower nonlinear RMS.,15811.388300841898,step_cut_discarded,9.130748143675277,1.4829508267516516,0.0625
,4,Another step cut from the same linear candidate had a lower nonlinear RMS.,15811.388300841898,step_cut_discarded,9.125821929592158,1.581396579193145,0.03125
,4,Another step cut from the same linear candidate had a lower nonlinear RMS.,15811.388300841898,step_cut_discarded,9.123673485167537,1.6318125840318336,0.015625
,4,Another step cut from the same linear candidate had a lower nonlinear RMS.,15811.388300841898,step_cut_discarded,9.122677986662403,1.6573188686056628,0.0078125
,4,Another step cut from the same linear candidate had a lower nonlinear RMS.,50000.00000000001,step_cut_discarded,10.109092168593323,0.005234372958886676,1.0
,4,Another step cut from the same linear candidate had a lower nonlinear RMS.,50000.00000000001,step_cut_discarded,9.321693084600314,0.429323470772978,0.5
,4,Another step cut from the same linear candidate had a lower nonlinear RMS.,50000.00000000001,step_cut_discarded,9.182855659144947,0.9524723094408041,0.25
,4,Another step cut from the same linear candidate had a lower nonlinear RMS.,50000.00000000001,step_cut_discarded,9.144296489366324,1.291822801214913,0.125
,4,Another step cut from the same linear candidate had a lower nonlinear RMS.,50000.00000000001,step_cut_discarded,9.131091915658716,1.4809420652120138,0.0625
,4,Another step cut from the same linear candidate had a lower nonlinear RMS.,50000.00000000001,step_cut_discarded,9.125934682030827,1.5803627017380786,0.03125
,4,Another step cut from the same linear candidate had a lower nonlinear RMS.,50000.00000000001,step_cut_discarded,9.123715029988807,1.6312882711329877,0.015625
,4,Another step cut from the same linear candidate had a lower nonlinear RMS.,50000.00000000001,step_cut_discarded,9.122695045114938,1.6570548686134126,0.0078125
,4,Another step cut from the same linear candidate had a lower nonlinear RMS.,158113.88300841898,step_cut_discarded,10.265540300949487,0.0021673922458986077,1.0
,4,Another step cut from the same linear candidate had a lower nonlinear RMS.,158113.88300841898,step_cut_discarded,9.361044973911127,0.42471781461289493,0.5
,4,Another step cut from the same linear candidate had a lower nonlinear RMS.,158113.88300841898,step_cut_discarded,9.193234726943313,0.9494014399098653,0.25
,4,Another step cut from the same linear candidate had a lower nonlinear RMS.,158113.88300841898,step_cut_discarded,9.147209600068761,1.290095356086719,0.125
,4,Another step cut from the same linear candidate had a lower nonlinear RMS.,158113.88300841898,step_cut_discarded,9.131988477488134,1.4800303400572365,0.0625
,4,Another step cut from the same linear candidate had a lower nonlinear RMS.,158113.88300841898,step_cut_discarded,9.126244310295434,1.5798948385130187,0.03125
,4,Another step cut from the same linear candidate had a lower nonlinear RMS.,158113.88300841898,step_cut_discarded,9.1238353616593,1.631051339358541,0.015625
,4,Another step cut from the same linear candidate had a lower nonlinear RMS.,158113.88300841898,step_cut_discarded,9.122746613683606,1.6569356526857093,0.0078125
,4,A different valid candidate better satisfied the Occam selection policy.,0.15811388300841897,not_selected,9.12006420738741,3.781313179267896,0.0625
,4,A different valid candidate better satisfied the Occam selection policy.,0.5,not_selected,9.11954408918767,3.504382360403645,0.0625
,4,A different valid candidate better satisfied the Occam selection policy.,1.5811388300841898,not_selected,9.112474082611152,3.2400706556431405,0.0625
,4,A different valid candidate better satisfied the Occam selection policy.,5.0,not_selected,9.094499019594313,2.8165257752419115,0.0625
,4,A different valid candidate better satisfied the Occam selection policy.,15.811388300841898,not_selected,9.089630604311388,3.1007257551400227,0.125
,4,A different valid candidate better satisfied the Occam selection policy.,158.11388300841898,not_selected,9.11564133710315,1.293529228918927,0.5
,4,A different valid candidate better satisfied the Occam selection policy.,500.00000000000006,not_selected,9.121959016861965,1.673677699153874,0.00390625
,4,A different valid candidate better satisfied the Occam selection policy.,1581.1388300841897,not_selected,9.122117129056738,1.671379725853926,0.00390625
,4,A different valid candidate better satisfied the Occam selection policy.,5000.0,not_selected,9.122181591306504,1.6704878953118625,0.00390625
,4,A different valid candidate better satisfied the Occam selection policy.,15811.388300841898,not_selected,9.122199948265857,1.670146581431199,0.00390625
,4,A different valid candidate better satisfied the Occam selection policy.,50000.00000000001,not_selected,9.122207548234433,1.670014120549367,0.00390625
,4,A different valid candidate better satisfied the Occam selection policy.,158113.88300841898,not_selected,9.122231186167676,1.6699543250753959,0.00390625
,5,Another step cut from the same linear candidate had a lower nonlinear RMS.,0.05000000000000001,step_cut_discarded,51.94703489267576,282.5228430572866,1.0
,5,Another step cut from the same linear candidate had a lower nonlinear RMS.,0.05000000000000001,step_cut_discarded,24.84123041762086,79.85089169355402,0.5
,5,Another step cut from the same linear candidate had a lower nonlinear RMS.,0.05000000000000001,step_cut_discarded,12.623294793595251,25.85003763578246,0.25
,5,Another step cut from the same linear candidate had a lower nonlinear RMS.,0.05000000000000001,step_cut_discarded,9.502360486711176,10.683391012920326,0.125
,5,Another step cut from the same linear candidate had a lower nonlinear RMS.,0.05000000000000001,step_cut_discarded,9.094618932077259,6.058512802995182,0.0625
,5,Another step cut from the same linear candidate had a lower nonlinear RMS.,0.158113883008419,step_cut_discarded,51.96166892144956,254.67494583273086,1.0
,5,Another step cut from the same linear candidate had a lower nonlinear RMS.,0.158113883008419,step_cut_discarded,24.909214124673966,72.89182465690843,0.5
,5,Another step cut from the same linear candidate had a lower nonlinear RMS.,0.158113883008419,step_cut_discarded,12.607286881452573,24.1117245113677,0.25
,5,Another step cut from the same linear candidate had a lower nonlinear RMS.,0.158113883008419,step_cut_discarded,9.497750815775294,10.249539549189963,0.125
,5,Another step cut from the same linear candidate had a lower nonlinear RMS.,0.158113883008419,step_cut_discarded,9.094252034831776,5.950413345749256,0.0625
,5,Another step cut from the same linear candidate had a lower nonlinear RMS.,0.5000000000000001,step_cut_discarded,51.971746973788115,199.7864575003142,1.0
,5,Another step cut from the same linear candidate had a lower nonlinear RMS.,0.5000000000000001,step_cut_discarded,24.99256863263583,59.14316473653039,0.5
,5,Another step cut from the same linear candidate had a lower nonlinear RMS.,0.5000000000000001,step_cut_discarded,12.634279996843718,20.661290612636257,0.25
,5,Another step cut from the same linear candidate had a lower nonlinear RMS.,0.5000000000000001,step_cut_discarded,9.498640734605724,9.380296615188637,0.125
,5,Another step cut from the same linear candidate had a lower nonlinear RMS.,0.5000000000000001,step_cut_discarded,9.094477827377862,5.72978538258969,0.0625
,5,Another step cut from the same linear candidate had a lower nonlinear RMS.,1.5811388300841898,step_cut_discarded,52.09088153362616,155.5657805870571,1.0
,5,Another step cut from the same linear candidate had a lower nonlinear RMS.,1.5811388300841898,step_cut_discarded,24.534655066479026,47.82574431378244,0.5
,5,Another step cut from the same linear candidate had a lower nonlinear RMS.,1.5811388300841898,step_cut_discarded,12.380259231224537,17.70080990973243,0.25
,5,Another step cut from the same linear candidate had a lower nonlinear RMS.,1.5811388300841898,step_cut_discarded,9.456479793636174,8.574613640854265,0.125
,5,Another step cut from the same linear candidate had a lower nonlinear RMS.,1.5811388300841898,step_cut_discarded,9.09017417596148,5.495583239701886,0.0625
,5,Another step cut from the same linear candidate had a lower nonlinear RMS.,5.000000000000001,step_cut_discarded,32.5411683280922,68.4373313532439,1.0
,5,Another step cut from the same linear candidate had a lower nonlinear RMS.,5.000000000000001,step_cut_discarded,15.297432767964095,24.541626206240995,0.5
,5,Another step cut from the same linear candidate had a lower nonlinear RMS.,5.000000000000001,step_cut_discarded,9.931582437162914,11.128777483302994,0.25
,5,Another step cut from the same linear candidate had a lower nonlinear RMS.,5.000000000000001,step_cut_discarded,9.136678983739536,6.556104084474866,0.125
,5,Another step cut from the same linear candidate had a lower nonlinear RMS.,15.8113883008419,step_cut_discarded,13.111806221495922,20.152386740897263,1.0
,5,Another step cut from the same linear candidate had a lower nonlinear RMS.,15.8113883008419,step_cut_discarded,9.504675783689029,9.789886326092567,0.5
,5,Another step cut from the same linear candidate had a lower nonlinear RMS.,15.8113883008419,step_cut_discarded,9.07429769495568,6.100590649735008,0.25
,5,Another step cut from the same linear candidate had a lower nonlinear RMS.,158.113883008419,step_cut_discarded,9.442385009477388,0.5366368857787296,1.0
,5,Another step cut from the same linear candidate had a lower nonlinear RMS.,158.113883008419,step_cut_discarded,9.129257088583545,1.5972989236553128,0.5
,5,Another step cut from the same linear candidate had a lower nonlinear RMS.,158.113883008419,step_cut_discarded,9.078034127958169,2.408118829796885,0.25
,5,Another step cut from the same linear candidate had a lower nonlinear RMS.,158.113883008419,step_cut_discarded,9.06620811994419,2.883651004668493,0.125
,5,Another step cut from the same linear candidate had a lower nonlinear RMS.,158.113883008419,step_cut_discarded,9.06343267178243,3.1389476475545015,0.0625
,5,Another step cut from the same linear candidate had a lower nonlinear RMS.,158.113883008419,step_cut_discarded,9.06285027662865,3.270978607860058,0.03125
,5,Another step cut from the same linear candidate had a lower nonlinear RMS.,500.00000000000006,step_cut_discarded,10.167631588337695,0.10520962318704946,1.0
,5,Another step cut from the same linear candidate had a lower nonlinear RMS.,500.00000000000006,step_cut_discarded,9.226588615009666,1.1025238592110551,0.5
,5,Another step cut from the same linear candidate had a lower nonlinear RMS.,500.00000000000006,step_cut_discarded,9.103284593860678,2.0909659392876523,0.25
,5,Another step cut from the same linear candidate had a lower nonlinear RMS.,500.00000000000006,step_cut_discarded,9.075180839673694,2.7076332198421,0.125
,5,Another step cut from the same linear candidate had a lower nonlinear RMS.,500.00000000000006,step_cut_discarded,9.067099881918391,3.046578420248361,0.0625
,5,Another step cut from the same linear candidate had a lower nonlinear RMS.,500.00000000000006,step_cut_discarded,9.064481434813873,3.2237039104837497,0.03125
,5,Another step cut from the same linear candidate had a lower nonlinear RMS.,500.00000000000006,step_cut_discarded,9.063530760969675,3.3141798781095106,0.015625
,5,Another step cut from the same linear candidate had a lower nonlinear RMS.,500.00000000000006,step_cut_discarded,9.0631460959269,3.359896167549407,0.0078125
,5,Another step cut from the same linear candidate had a lower nonlinear RMS.,1581.1388300841897,step_cut_discarded,10.629506394543514,0.03239218373718007,1.0
,5,Another step cut from the same linear candidate had a lower nonlinear RMS.,1581.1388300841897,step_cut_discarded,9.279516528643848,0.9434632921176067,0.5
,5,Another step cut from the same linear candidate had a lower nonlinear RMS.,1581.1388300841897,step_cut_discarded,9.114926791002873,1.9807726938988,0.25
,5,Another step cut from the same linear candidate had a lower nonlinear RMS.,1581.1388300841897,step_cut_discarded,9.079004065370556,2.644870856687141,0.125
,5,Another step cut from the same linear candidate had a lower nonlinear RMS.,1581.1388300841897,step_cut_discarded,9.068601436200264,3.013280803555748,0.0625
,5,Another step cut from the same linear candidate had a lower nonlinear RMS.,1581.1388300841897,step_cut_discarded,9.065134473777443,3.2065759933586615,0.03125
,5,Another step cut from the same linear candidate had a lower nonlinear RMS.,1581.1388300841897,step_cut_discarded,9.063833094617523,3.3054961423522693,0.015625
,5,Another step cut from the same linear candidate had a lower nonlinear RMS.,1581.1388300841897,step_cut_discarded,9.06329122725372,3.3555243553721126,0.0078125
,5,Another step cut from the same linear candidate had a lower nonlinear RMS.,5000.000000000001,step_cut_discarded,10.848637805894384,0.014726373249968856,1.0
,5,Another step cut from the same linear candidate had a lower nonlinear RMS.,5000.000000000001,step_cut_discarded,9.30396013412284,0.888001944914106,0.5
,5,Another step cut from the same linear candidate had a lower nonlinear RMS.,5000.000000000001,step_cut_discarded,9.12008256373926,1.9413849098070755,0.25
,5,Another step cut from the same linear candidate had a lower nonlinear RMS.,5000.000000000001,step_cut_discarded,9.080589360943135,2.622262687018785,0.125
,5,Another step cut from the same linear candidate had a lower nonlinear RMS.,5000.000000000001,step_cut_discarded,9.069185880850824,3.001248149315946,0.0625
,5,Another step cut from the same linear candidate had a lower nonlinear RMS.,5000.000000000001,step_cut_discarded,9.065376849114012,3.2003775238873535,0.03125
,5,Another step cut from the same linear candidate had a lower nonlinear RMS.,5000.000000000001,step_cut_discarded,9.0639419492356,3.302351372028765,0.015625
,5,Another step cut from the same linear candidate had a lower nonlinear RMS.,5000.000000000001,step_cut_discarded,9.06334257907336,3.353940586313398,0.0078125
,5,Another step cut from the same linear candidate had a lower nonlinear RMS.,15811.3883008419,step_cut_discarded,10.927041930137175,0.008339910144399184,1.0
,5,Another step cut from the same linear candidate had a lower nonlinear RMS.,15811.3883008419,step_cut_discarded,9.314171404998268,0.867527856838084,0.5
,5,Another step cut from the same linear candidate had a lower nonlinear RMS.,15811.3883008419,step_cut_discarded,9.122683146802462,1.9268276516382548,0.25
,5,Another step cut from the same linear candidate had a lower nonlinear RMS.,15811.3883008419,step_cut_discarded,9.081354715579732,2.6139040044016726,0.125
,5,Another step cut from the same linear candidate had a lower nonlinear RMS.,15811.3883008419,step_cut_discarded,9.069429331553243,2.9967987946242154,0.0625
,5,Another step cut from the same linear candidate had a lower nonlinear RMS.,15811.3883008419,step_cut_discarded,9.06546245305883,3.1980853431956944,0.03125
,5,Another step cut from the same linear candidate had a lower nonlinear RMS.,15811.3883008419,step_cut_discarded,9.063975529295481,3.3011884058464864,0.015625
,5,Another step cut from the same linear candidate had a lower nonlinear RMS.,15811.3883008419,step_cut_discarded,9.06335703832863,3.3533548842631458,0.0078125
,5,Another step cut from the same linear candidate had a lower nonlinear RMS.,50000.00000000001,step_cut_discarded,10.994526151041818,0.004359719562283673,1.0
,5,Another step cut from the same linear candidate had a lower nonlinear RMS.,50000.00000000001,step_cut_discarded,9.328722661949302,0.8589438547628705,0.5
,5,Another step cut from the same linear candidate had a lower nonlinear RMS.,50000.00000000001,step_cut_discarded,9.127265508114188,1.9208871739046094,0.25
,5,Another step cut from the same linear candidate had a lower nonlinear RMS.,50000.00000000001,step_cut_discarded,9.082855265398946,2.610521646360841,0.125
,5,Another step cut from the same linear candidate had a lower nonlinear RMS.,50000.00000000001,step_cut_discarded,9.069965348729298,2.995004585810296,0.0625
,5,Another step cut from the same linear candidate had a lower nonlinear RMS.,50000.00000000001,step_cut_discarded,9.065675012177117,3.197162481340361,0.03125
,5,Another step cut from the same linear candidate had a lower nonlinear RMS.,50000.00000000001,step_cut_discarded,9.064067728209865,3.3007205355567244,0.015625
,5,Another step cut from the same linear candidate had a lower nonlinear RMS.,50000.00000000001,step_cut_discarded,9.063399591555882,3.353119339277741,0.0078125
,5,A different valid candidate better satisfied the Occam selection policy.,0.05000000000000001,not_selected,9.052424548808716,4.485684973409088,0.03125
,5,A different valid candidate better satisfied the Occam selection policy.,0.158113883008419,not_selected,9.052391013879049,4.458841813440937,0.03125
,5,A different valid candidate better satisfied the Occam selection policy.,0.5000000000000001,not_selected,9.052506409370102,4.402026207821429,0.03125
,5,A different valid candidate better satisfied the Occam selection policy.,1.5811388300841898,not_selected,9.052515924508613,4.327084972447375,0.03125
,5,A different valid candidate better satisfied the Occam selection policy.,5.000000000000001,not_selected,9.052879466441278,4.803205125721016,0.0625
,5,A different valid candidate better satisfied the Occam selection policy.,15.8113883008419,not_selected,9.04000102419128,4.628931444317428,0.125
,5,A different valid candidate better satisfied the Occam selection policy.,158.113883008419,not_selected,9.06276602100818,3.3380897477284717,0.015625
,5,A different valid candidate better satisfied the Occam selection policy.,500.00000000000006,not_selected,9.062976598811819,3.3828738886761083,0.00390625
,5,A different valid candidate better satisfied the Occam selection policy.,1581.1388300841897,not_selected,9.063047655764331,3.380680496512794,0.00390625
,5,A different valid candidate better satisfied the Occam selection policy.,5000.000000000001,not_selected,9.063072563280297,3.379885766009195,0.00390625
,5,A different valid candidate better satisfied the Occam selection policy.,15811.3883008419,not_selected,9.063079206978223,3.3795918602442923,0.00390625
,5,A different valid candidate better satisfied the Occam selection policy.,50000.00000000001,not_selected,9.063099593855416,3.379473685291459,0.00390625
,6,Another step cut from the same linear candidate had a lower nonlinear RMS.,0.05000000000000001,step_cut_discarded,37.909548071746556,265.0808976351338,1.0
,6,Another step cut from the same linear candidate had a lower nonlinear RMS.,0.05000000000000001,step_cut_discarded,19.38196633630918,76.3939560554237,0.5
,6,Another step cut from the same linear candidate had a lower nonlinear RMS.,0.05000000000000001,step_cut_discarded,11.066675158778827,25.43570122560712,0.25
,6,Another step cut from the same linear candidate had a lower nonlinear RMS.,0.05000000000000001,step_cut_discarded,9.180529607139615,10.802877800708444,0.125
,6,Another step cut from the same linear candidate had a lower nonlinear RMS.,0.158113883008419,step_cut_discarded,37.794030390848306,231.56590330916111,1.0
,6,Another step cut from the same linear candidate had a lower nonlinear RMS.,0.158113883008419,step_cut_discarded,19.425032729815793,67.99802881980466,0.5
,6,Another step cut from the same linear candidate had a lower nonlinear RMS.,0.158113883008419,step_cut_discarded,11.032868466685727,23.328130089639433,0.25
,6,Another step cut from the same linear candidate had a lower nonlinear RMS.,0.158113883008419,step_cut_discarded,9.17387157198718,10.27169035318506,0.125
,6,Another step cut from the same linear candidate had a lower nonlinear RMS.,0.5000000000000001,step_cut_discarded,37.469219501465695,182.49582286266468,1.0
,6,Another step cut from the same linear candidate had a lower nonlinear RMS.,0.5000000000000001,step_cut_discarded,19.38638136427839,55.66275409859703,0.5
,6,Another step cut from the same linear candidate had a lower nonlinear RMS.,0.5000000000000001,step_cut_discarded,11.042169762672346,20.21043410454576,0.25
,6,Another step cut from the same linear candidate had a lower nonlinear RMS.,0.5000000000000001,step_cut_discarded,9.174155431472144,9.475327704515767,0.125
,6,Another step cut from the same linear candidate had a lower nonlinear RMS.,1.5811388300841898,step_cut_discarded,35.071080440877914,141.0684929180178,1.0
,6,Another step cut from the same linear candidate had a lower nonlinear RMS.,1.5811388300841898,step_cut_discarded,17.666641455761944,44.75756474580039,0.5
,6,Another step cut from the same linear candidate had a lower nonlinear RMS.,1.5811388300841898,step_cut_discarded,10.466270937526991,17.209958333029142,0.25
,6,Another step cut from the same linear candidate had a lower nonlinear RMS.,1.5811388300841898,step_cut_discarded,9.101415456640263,8.588119544977882,0.125
,6,Another step cut from the same linear candidate had a lower nonlinear RMS.,5.000000000000001,step_cut_discarded,24.534644243839946,64.56040674977186,1.0
,6,Another step cut from the same linear candidate had a lower nonlinear RMS.,5.000000000000001,step_cut_discarded,12.55231564002616,23.67964779622025,0.5
,6,Another step cut from the same linear candidate had a lower nonlinear RMS.,5.000000000000001,step_cut_discarded,9.375017678387438,10.965031391874794,0.25
,6,Another step cut from the same linear candidate had a lower nonlinear RMS.,15.8113883008419,step_cut_discarded,12.01555734982829,22.2809961936916,1.0
,6,Another step cut from the same linear candidate had a lower nonlinear RMS.,15.8113883008419,step_cut_discarded,9.287347569555726,10.645116902110956,0.5
,6,Another step cut from the same linear candidate had a lower nonlinear RMS.,158.113883008419,step_cut_discarded,9.361215400833498,0.780630272831369,1.0
,6,Another step cut from the same linear candidate had a lower nonlinear RMS.,158.113883008419,step_cut_discarded,9.08331165191562,1.8065527312389564,0.5
,6,Another step cut from the same linear candidate had a lower nonlinear RMS.,158.113883008419,step_cut_discarded,9.032762193606327,2.532682152756369,0.25
,6,Another step cut from the same linear candidate had a lower nonlinear RMS.,158.113883008419,step_cut_discarded,9.01552506779673,2.94903891159348,0.125
,6,Another step cut from the same linear candidate had a lower nonlinear RMS.,158.113883008419,step_cut_discarded,9.008149299862412,3.1705403030316366,0.0625
,6,Another step cut from the same linear candidate had a lower nonlinear RMS.,158.113883008419,step_cut_discarded,9.004733513274179,3.284621751755616,0.03125
,6,Another step cut from the same linear candidate had a lower nonlinear RMS.,158.113883008419,step_cut_discarded,9.003092173908719,3.3424951643688305,0.015625
,6,Another step cut from the same linear candidate had a lower nonlinear RMS.,158.113883008419,step_cut_discarded,9.002288160747295,3.371640042738244,0.0078125
,6,Another step cut from the same linear candidate had a lower nonlinear RMS.,500.00000000000006,step_cut_discarded,10.16302114642009,0.15790686209956042,1.0
,6,Another step cut from the same linear candidate had a lower nonlinear RMS.,500.00000000000006,step_cut_discarded,9.186930138910364,1.1807326166205478,0.5
,6,Another step cut from the same linear candidate had a lower nonlinear RMS.,500.00000000000006,step_cut_discarded,9.05949350369451,2.141157493134039,0.25
,6,Another step cut from the same linear candidate had a lower nonlinear RMS.,500.00000000000006,step_cut_discarded,9.025831340306764,2.733622931204034,0.125
,6,Another step cut from the same linear candidate had a lower nonlinear RMS.,500.00000000000006,step_cut_discarded,9.012734954018462,3.0579189001923424,0.0625
,6,Another step cut from the same linear candidate had a lower nonlinear RMS.,500.00000000000006,step_cut_discarded,9.006896962918777,3.2270826971748257,0.03125
,6,Another step cut from the same linear candidate had a lower nonlinear RMS.,500.00000000000006,step_cut_discarded,9.00414238797052,3.3134185487881482,0.015625
,6,Another step cut from the same linear candidate had a lower nonlinear RMS.,500.00000000000006,step_cut_discarded,9.00280545001561,3.357024962875332,0.0078125
,6,Another step cut from the same linear candidate had a lower nonlinear RMS.,1581.1388300841897,step_cut_discarded,10.769689814975461,0.041493359347725856,1.0
,6,Another step cut from the same linear candidate had a lower nonlinear RMS.,1581.1388300841897,step_cut_discarded,9.256908223269459,0.9699921413448126,0.5
,6,Another step cut from the same linear candidate had a lower nonlinear RMS.,1581.1388300841897,step_cut_discarded,9.074067554501248,1.997653824521216,0.25
,6,Another step cut from the same linear candidate had a lower nonlinear RMS.,1581.1388300841897,step_cut_discarded,9.03076848013583,2.6523377391538836,0.125
,6,Another step cut from the same linear candidate had a lower nonlinear RMS.,1581.1388300841897,step_cut_discarded,9.01479788834175,3.0148929647313345,0.0625
,6,Another step cut from the same linear candidate had a lower nonlinear RMS.,1581.1388300841897,step_cut_discarded,9.007839898782676,3.2049738945853385,0.03125
,6,Another step cut from the same linear candidate had a lower nonlinear RMS.,1581.1388300841897,step_cut_discarded,9.004592749624797,3.3022151887786597,0.015625
,6,Another step cut from the same linear candidate had a lower nonlinear RMS.,1581.1388300841897,step_cut_discarded,9.003025447452812,3.3513860431919014,0.0078125
,6,Another step cut from the same linear candidate had a lower nonlinear RMS.,5000.000000000001,step_cut_discarded,11.09531140871691,0.014831303384985884,1.0
,6,Another step cut from the same linear candidate had a lower nonlinear RMS.,5000.000000000001,step_cut_discarded,9.293822333115562,0.8954061774727942,0.5
,6,Another step cut from the same linear candidate had a lower nonlinear RMS.,5000.000000000001,step_cut_discarded,9.081179606880504,1.9450471086125452,0.25
,6,Another step cut from the same linear candidate had a lower nonlinear RMS.,5000.000000000001,step_cut_discarded,9.03292575927979,2.6222059477063824,0.125
,6,Another step cut from the same linear candidate had a lower nonlinear RMS.,5000.000000000001,step_cut_discarded,9.015621968968397,2.998869960634292,0.0625
,6,Another step cut from the same linear candidate had a lower nonlinear RMS.,5000.000000000001,step_cut_discarded,9.008195176927542,3.196723115443494,0.03125
,6,Another step cut from the same linear candidate had a lower nonlinear RMS.,5000.000000000001,step_cut_discarded,9.004756767159135,3.2980299799344066,0.015625
,6,Another step cut from the same linear candidate had a lower nonlinear RMS.,5000.000000000001,step_cut_discarded,9.003104104673321,3.3492784839514416,0.0078125
,6,Another step cut from the same linear candidate had a lower nonlinear RMS.,15811.3883008419,step_cut_discarded,11.228582462498961,0.007136048123155763,1.0
,6,Another step cut from the same linear candidate had a lower nonlinear RMS.,15811.3883008419,step_cut_discarded,9.309140805568513,0.868431232419812,0.5
,6,Another step cut from the same linear candidate had a lower nonlinear RMS.,15811.3883008419,step_cut_discarded,9.0841572160005,1.9257778067305373,0.25
,6,Another step cut from the same linear candidate had a lower nonlinear RMS.,15811.3883008419,step_cut_discarded,9.033645376457212,2.6111258394264985,0.125
,6,Another step cut from the same linear candidate had a lower nonlinear RMS.,15811.3883008419,step_cut_discarded,9.01580703046257,2.992968542159631,0.0625
,6,Another step cut from the same linear candidate had a lower nonlinear RMS.,15811.3883008419,step_cut_discarded,9.008244546103438,3.193682065122484,0.03125
,6,Another step cut from the same linear candidate had a lower nonlinear RMS.,15811.3883008419,step_cut_discarded,9.004770637124034,3.296486869502981,0.015625
,6,Another step cut from the same linear candidate had a lower nonlinear RMS.,15811.3883008419,step_cut_discarded,9.00310832783629,3.348501282417998,0.0078125
,6,Another step cut from the same linear candidate had a lower nonlinear RMS.,50000.00000000001,step_cut_discarded,11.32430562130211,0.0035204481973523188,1.0
,6,Another step cut from the same linear candidate had a lower nonlinear RMS.,50000.00000000001,step_cut_discarded,9.322224905490677,0.857990844606308,0.5
,6,Another step cut from the same linear candidate had a lower nonlinear RMS.,50000.00000000001,step_cut_discarded,9.086836309443601,1.9183994658611347,0.25
,6,Another step cut from the same linear candidate had a lower nonlinear RMS.,50000.00000000001,step_cut_discarded,9.034079442533082,2.606897132251136,0.125
,6,Another step cut from the same linear candidate had a lower nonlinear RMS.,50000.00000000001,step_cut_discarded,9.01579213540066,2.9907193043867824,0.0625
,6,Another step cut from the same linear candidate had a lower nonlinear RMS.,50000.00000000001,step_cut_discarded,9.008178102107642,3.192523725189769,0.03125
,6,Another step cut from the same linear candidate had a lower nonlinear RMS.,50000.00000000001,step_cut_discarded,9.004722531098738,3.2958992692750515,0.015625
,6,Another step cut from the same linear candidate had a lower nonlinear RMS.,50000.00000000001,step_cut_discarded,9.00308053676824,3.3482053747386407,0.0078125
,6,A different valid candidate better satisfied the Occam selection policy.,0.05000000000000001,not_selected,8.983320051032715,6.198042085761519,0.0625
,6,A different valid candidate better satisfied the Occam selection policy.,0.158113883008419,not_selected,8.982882075222415,6.06309789211494,0.0625
,6,A different valid candidate better satisfied the Occam selection policy.,0.5000000000000001,not_selected,8.983184233485757,5.855537903749679,0.0625
,6,A different valid candidate better satisfied the Occam selection policy.,1.5811388300841898,not_selected,8.977813712204163,5.56519125553584,0.0625
,6,A different valid candidate better satisfied the Occam selection policy.,5.000000000000001,not_selected,8.992165933918072,6.539163957809631,0.125
,6,A different valid candidate better satisfied the Occam selection policy.,15.8113883008419,not_selected,8.98157090140265,6.4740595408028385,0.25
,6,A different valid candidate better satisfied the Occam selection policy.,158.113883008419,not_selected,9.001890332909467,3.386264524938651,0.00390625
,6,A different valid candidate better satisfied the Occam selection policy.,500.00000000000006,not_selected,9.002147027868117,3.378937791989053,0.00390625
,6,A different valid candidate better satisfied the Occam selection policy.,1581.1388300841897,not_selected,9.002255740235224,3.376109022227666,0.00390625
,6,A different valid candidate better satisfied the Occam selection policy.,5000.000000000001,not_selected,9.002294236637788,3.3750515039028537,0.00390625
,6,A different valid candidate better satisfied the Occam selection policy.,15811.3883008419,not_selected,9.002295668938462,3.3746614915567,0.00390625
,6,A different valid candidate better satisfied the Occam selection policy.,50000.00000000001,not_selected,9.00228083675737,3.374513010825672,0.00390625
,7,Another step cut from the same linear candidate had a lower nonlinear RMS.,0.05000000000000001,step_cut_discarded,34.25952941300095,305.08912960847874,1.0
,7,Another step cut from the same linear candidate had a lower nonlinear RMS.,0.05000000000000001,step_cut_discarded,17.99875038285929,87.65809022160393,0.5
,7,Another step cut from the same linear candidate had a lower nonlinear RMS.,0.05000000000000001,step_cut_discarded,10.814038639208153,29.229243548698182,0.25
,7,Another step cut from the same linear candidate had a lower nonlinear RMS.,0.05000000000000001,step_cut_discarded,9.148139543586625,12.586488467378203,0.125
,7,Another step cut from the same linear candidate had a lower nonlinear RMS.,0.158113883008419,step_cut_discarded,34.300847963295176,226.13972302846742,1.0
,7,Another step cut from the same linear candidate had a lower nonlinear RMS.,0.158113883008419,step_cut_discarded,18.04926369952097,67.83268608290828,0.5
,7,Another step cut from the same linear candidate had a lower nonlinear RMS.,0.158113883008419,step_cut_discarded,10.678434915766362,24.228866267177846,0.25
,7,Another step cut from the same linear candidate had a lower nonlinear RMS.,0.158113883008419,step_cut_discarded,9.117408971383176,11.314381023574917,0.125
,7,Another step cut from the same linear candidate had a lower nonlinear RMS.,0.5000000000000001,step_cut_discarded,34.280226837230856,175.5287736354521,1.0
,7,Another step cut from the same linear candidate had a lower nonlinear RMS.,0.5000000000000001,step_cut_discarded,18.053710716968087,55.05446815262219,0.5
,7,Another step cut from the same linear candidate had a lower nonlinear RMS.,0.5000000000000001,step_cut_discarded,10.679918151840857,20.97157149359019,0.25
,7,Another step cut from the same linear candidate had a lower nonlinear RMS.,0.5000000000000001,step_cut_discarded,9.115757059182636,10.468687184669932,0.125
,7,Another step cut from the same linear candidate had a lower nonlinear RMS.,1.5811388300841898,step_cut_discarded,33.14055836694849,144.60767940306278,1.0
,7,Another step cut from the same linear candidate had a lower nonlinear RMS.,1.5811388300841898,step_cut_discarded,17.021328608947027,46.90112278504595,0.5
,7,Another step cut from the same linear candidate had a lower nonlinear RMS.,1.5811388300841898,step_cut_discarded,10.330457430491293,18.72169924695668,0.25
,7,Another step cut from the same linear candidate had a lower nonlinear RMS.,1.5811388300841898,step_cut_discarded,9.072075868261301,9.80045117064183,0.125
,7,Another step cut from the same linear candidate had a lower nonlinear RMS.,5.000000000000001,step_cut_discarded,23.221963236607206,63.23996035804095,1.0
,7,Another step cut from the same linear candidate had a lower nonlinear RMS.,5.000000000000001,step_cut_discarded,12.0326591530827,24.36960985958974,0.5
,7,Another step cut from the same linear candidate had a lower nonlinear RMS.,5.000000000000001,step_cut_discarded,9.27403638617055,11.99402943349225,0.25
,7,Another step cut from the same linear candidate had a lower nonlinear RMS.,15.8113883008419,step_cut_discarded,10.679660690313197,18.483883249668494,1.0
,7,Another step cut from the same linear candidate had a lower nonlinear RMS.,15.8113883008419,step_cut_discarded,9.087506777472845,10.004168160046426,0.5
,7,Another step cut from the same linear candidate had a lower nonlinear RMS.,50.00000000000001,step_cut_discarded,9.00931981884904,3.0896673730170194,1.0
,7,Another step cut from the same linear candidate had a lower nonlinear RMS.,50.00000000000001,step_cut_discarded,8.985252997747137,3.6417043130344475,0.5
,7,Another step cut from the same linear candidate had a lower nonlinear RMS.,50.00000000000001,step_cut_discarded,8.977649604965588,3.966886896703774,0.25
,7,Another step cut from the same linear candidate had a lower nonlinear RMS.,50.00000000000001,step_cut_discarded,8.974696487813928,4.141769216953587,0.125
,7,Another step cut from the same linear candidate had a lower nonlinear RMS.,50.00000000000001,step_cut_discarded,8.973424585637318,4.232283134182284,0.0625
,7,Another step cut from the same linear candidate had a lower nonlinear RMS.,50.00000000000001,step_cut_discarded,8.972840011971138,4.2783082820725795,0.03125
,7,Another step cut from the same linear candidate had a lower nonlinear RMS.,50.00000000000001,step_cut_discarded,8.972560656937322,4.301512903336713,0.015625
,7,Another step cut from the same linear candidate had a lower nonlinear RMS.,50.00000000000001,step_cut_discarded,8.972424226782062,4.313163225798527,0.0078125
,7,Another step cut from the same linear candidate had a lower nonlinear RMS.,158.113883008419,step_cut_discarded,9.771327452864197,0.49928255754607154,1.0
,7,Another step cut from the same linear candidate had a lower nonlinear RMS.,158.113883008419,step_cut_discarded,9.0989963601738,1.8869909189466263,0.5
,7,Another step cut from the same linear candidate had a lower nonlinear RMS.,158.113883008419,step_cut_discarded,9.01231996974458,2.974649953071774,0.25
,7,Another step cut from the same linear candidate had a lower nonlinear RMS.,158.113883008419,step_cut_discarded,8.989075333297528,3.616930683490567,0.125
,7,Another step cut from the same linear candidate had a lower nonlinear RMS.,158.113883008419,step_cut_discarded,8.980023458901025,3.9626838520390177,0.0625
,7,Another step cut from the same linear candidate had a lower nonlinear RMS.,158.113883008419,step_cut_discarded,8.976000761978995,4.1417136371480066,0.03125
,7,Another step cut from the same linear candidate had a lower nonlinear RMS.,158.113883008419,step_cut_discarded,8.97410692719009,4.232766829911193,0.015625
,7,Another step cut from the same linear candidate had a lower nonlinear RMS.,158.113883008419,step_cut_discarded,8.973188873653152,4.278678001344959,0.0078125
,7,Another step cut from the same linear candidate had a lower nonlinear RMS.,500.00000000000006,step_cut_discarded,10.819697075351304,0.10521987211965654,1.0
,7,Another step cut from the same linear candidate had a lower nonlinear RMS.,500.00000000000006,step_cut_discarded,9.202491687680475,1.3590966795701986,0.5
,7,Another step cut from the same linear candidate had a lower nonlinear RMS.,500.00000000000006,step_cut_discarded,9.031914671176061,2.627987109217755,0.25
,7,Another step cut from the same linear candidate had a lower nonlinear RMS.,500.00000000000006,step_cut_discarded,8.995668255874733,3.4229203305221056,0.125
,7,Another step cut from the same linear candidate had a lower nonlinear RMS.,500.00000000000006,step_cut_discarded,8.982803665527921,3.8605089427944232,0.0625
,7,Another step cut from the same linear candidate had a lower nonlinear RMS.,500.00000000000006,step_cut_discarded,8.97727976859721,4.089333749335621,0.03125
,7,Another step cut from the same linear candidate had a lower nonlinear RMS.,500.00000000000006,step_cut_discarded,8.974719905869414,4.206253777707475,0.015625
,7,Another step cut from the same linear candidate had a lower nonlinear RMS.,500.00000000000006,step_cut_discarded,8.973488829293155,4.265340698168718,0.0078125
,7,Another step cut from the same linear candidate had a lower nonlinear RMS.,1581.1388300841897,step_cut_discarded,11.417348744191372,0.037900554605537755,1.0
,7,Another step cut from the same linear candidate had a lower nonlinear RMS.,1581.1388300841897,step_cut_discarded,9.25775466954926,1.1858377473344484,0.5
,7,Another step cut from the same linear candidate had a lower nonlinear RMS.,1581.1388300841897,step_cut_discarded,9.040842581910674,2.5064578247302087,0.25
,7,Another step cut from the same linear candidate had a lower nonlinear RMS.,1581.1388300841897,step_cut_discarded,8.998334121452292,3.353430733685915,0.125
,7,Another step cut from the same linear candidate had a lower nonlinear RMS.,1581.1388300841897,step_cut_discarded,8.983856791534638,3.8235829057282253,0.0625
,7,Another step cut from the same linear candidate had a lower nonlinear RMS.,1581.1388300841897,step_cut_discarded,8.977747244984954,4.070325421140493,0.03125
,7,Another step cut from the same linear candidate had a lower nonlinear RMS.,1581.1388300841897,step_cut_discarded,8.974939658692124,4.196613286194406,0.015625
,7,Another step cut from the same linear candidate had a lower nonlinear RMS.,1581.1388300841897,step_cut_discarded,8.973595274406456,4.260486370558307,0.0078125
,7,Another step cut from the same linear candidate had a lower nonlinear RMS.,5000.000000000001,step_cut_discarded,11.658437547918808,0.020226787863292607,1.0
,7,Another step cut from the same linear candidate had a lower nonlinear RMS.,5000.000000000001,step_cut_discarded,9.279713675941256,1.1250605234087792,0.5
,7,Another step cut from the same linear candidate had a lower nonlinear RMS.,5000.000000000001,step_cut_discarded,9.044334189465312,2.4630841276287376,0.25
,7,Another step cut from the same linear candidate had a lower nonlinear RMS.,5000.000000000001,step_cut_discarded,8.999229326763816,3.32849761385052,0.125
,7,Another step cut from the same linear candidate had a lower nonlinear RMS.,5000.000000000001,step_cut_discarded,8.984143190148915,3.8103047779893613,0.0625
,7,Another step cut from the same linear candidate had a lower nonlinear RMS.,5000.000000000001,step_cut_discarded,8.977852640527159,4.0634834653157705,0.03125
,7,Another step cut from the same linear candidate had a lower nonlinear RMS.,5000.000000000001,step_cut_discarded,8.974983007743745,4.193141585293222,0.015625
,7,Another step cut from the same linear candidate had a lower nonlinear RMS.,5000.000000000001,step_cut_discarded,8.973614612573735,4.25873783936051,0.0078125
,7,Another step cut from the same linear candidate had a lower nonlinear RMS.,15811.3883008419,step_cut_discarded,11.717094033975599,0.011026055852441426,1.0
,7,Another step cut from the same linear candidate had a lower nonlinear RMS.,15811.3883008419,step_cut_discarded,9.286513943296919,1.1013311403836477,0.5
,7,Another step cut from the same linear candidate had a lower nonlinear RMS.,15811.3883008419,step_cut_discarded,9.045818876470314,2.446437181861244,0.25
,7,Another step cut from the same linear candidate had a lower nonlinear RMS.,15811.3883008419,step_cut_discarded,8.999379271538126,3.3189785774030427,0.125
,7,Another step cut from the same linear candidate had a lower nonlinear RMS.,15811.3883008419,step_cut_discarded,8.984038846650451,3.8052463688746894,0.0625
,7,Another step cut from the same linear candidate had a lower nonlinear RMS.,15811.3883008419,step_cut_discarded,8.977751185040825,4.060879538035701,0.03125
,7,Another step cut from the same linear candidate had a lower nonlinear RMS.,15811.3883008419,step_cut_discarded,8.974919381708025,4.191820940972503,0.015625
,7,Another step cut from the same linear candidate had a lower nonlinear RMS.,15811.3883008419,step_cut_discarded,8.973579501945196,4.258072847029979,0.0078125
,7,Another step cut from the same linear candidate had a lower nonlinear RMS.,50000.00000000001,step_cut_discarded,11.7726338083044,0.005158308702978415,1.0
,7,Another step cut from the same linear candidate had a lower nonlinear RMS.,50000.00000000001,step_cut_discarded,9.298627735425566,1.090572883703245,0.5
,7,Another step cut from the same linear candidate had a lower nonlinear RMS.,50000.00000000001,step_cut_discarded,9.048772307380657,2.4391019577446245,0.25
,7,Another step cut from the same linear candidate had a lower nonlinear RMS.,50000.00000000001,step_cut_discarded,8.999656569637185,3.314821941400627,0.125
,7,Another step cut from the same linear candidate had a lower nonlinear RMS.,50000.00000000001,step_cut_discarded,8.983824709973929,3.8030457948874568,0.0625
,7,Another step cut from the same linear candidate had a lower nonlinear RMS.,50000.00000000001,step_cut_discarded,8.977549799580354,4.059748687045579,0.03125
,7,Another step cut from the same linear candidate had a lower nonlinear RMS.,50000.00000000001,step_cut_discarded,8.974794384138434,4.191247874478314,0.015625
,7,Another step cut from the same linear candidate had a lower nonlinear RMS.,50000.00000000001,step_cut_discarded,8.973510838942763,4.257784403533104,0.0078125
,7,A different valid candidate better satisfied the Occam selection policy.,0.05000000000000001,not_selected,8.960119196484658,7.408027990501447,0.0625
,7,A different valid candidate better satisfied the Occam selection policy.,0.158113883008419,not_selected,8.957615313084345,7.078994567839019,0.0625
,7,A different valid candidate better satisfied the Occam selection policy.,0.5000000000000001,not_selected,8.958140760741909,6.8518860353587385,0.0625
,7,A different valid candidate better satisfied the Occam selection policy.,1.5811388300841898,not_selected,8.95503399936361,6.631943055666851,0.0625
,7,A different valid candidate better satisfied the Occam selection policy.,5.000000000000001,not_selected,8.964419836666263,7.571137926225536,0.125
,7,A different valid candidate better satisfied the Occam selection policy.,50.00000000000001,not_selected,8.972356825554439,4.319000389986869,0.00390625
,7,A different valid candidate better satisfied the Occam selection policy.,158.113883008419,not_selected,8.972737029658587,4.301729730824882,0.00390625
,7,A different valid candidate better satisfied the Occam selection policy.,500.00000000000006,not_selected,8.972885382676957,4.295040884968169,0.00390625
,7,A different valid candidate better satisfied the Occam selection policy.,1581.1388300841897,not_selected,8.972937753541041,4.292605200699494,0.00390625
,7,A different valid candidate better satisfied the Occam selection policy.,5000.000000000001,not_selected,8.972946837926775,4.291727764913793,0.00390625
,7,A different valid candidate better satisfied the Occam selection policy.,15811.3883008419,not_selected,8.972928449038521,4.291394101205986,0.00390625
,7,A different valid candidate better satisfied the Occam selection policy.,50000.00000000001,not_selected,8.97289256565622,4.291249401895102,0.00390625
,8,Another step cut from the same linear candidate had a lower nonlinear RMS.,0.0158113883008419,step_cut_discarded,23.652054405258998,282.216489380229,1.0
,8,Another step cut from the same linear candidate had a lower nonlinear RMS.,0.0158113883008419,step_cut_discarded,13.740380008264305,85.10843227853972,0.5
,8,Another step cut from the same linear candidate had a lower nonlinear RMS.,0.0158113883008419,step_cut_discarded,9.894416218494618,31.109684710394173,0.25
,8,Another step cut from the same linear candidate had a lower nonlinear RMS.,0.0158113883008419,step_cut_discarded,9.061437921827109,15.249131171996156,0.125
,8,Another step cut from the same linear candidate had a lower nonlinear RMS.,0.0158113883008419,step_cut_discarded,8.950232846318578,10.103559464215845,0.0625
,8,Another step cut from the same linear candidate had a lower nonlinear RMS.,0.05000000000000001,step_cut_discarded,23.63983572795148,276.20373757437346,1.0
,8,Another step cut from the same linear candidate had a lower nonlinear RMS.,0.05000000000000001,step_cut_discarded,13.759994102384619,83.59953849937565,0.5
,8,Another step cut from the same linear candidate had a lower nonlinear RMS.,0.05000000000000001,step_cut_discarded,9.887318290621074,30.72960835175306,0.25
,8,Another step cut from the same linear candidate had a lower nonlinear RMS.,0.05000000000000001,step_cut_discarded,9.059178166275203,15.152685625410836,0.125
,8,Another step cut from the same linear candidate had a lower nonlinear RMS.,0.05000000000000001,step_cut_discarded,8.950010673286283,10.078734849106992,0.0625
,8,Another step cut from the same linear candidate had a lower nonlinear RMS.,0.158113883008419,step_cut_discarded,23.63952633305321,218.79784250048326,1.0
,8,Another step cut from the same linear candidate had a lower nonlinear RMS.,0.158113883008419,step_cut_discarded,13.83201696267964,69.24351314797836,0.5
,8,Another step cut from the same linear candidate had a lower nonlinear RMS.,0.158113883008419,step_cut_discarded,9.817052580897657,27.138326222441354,0.25
,8,Another step cut from the same linear candidate had a lower nonlinear RMS.,0.158113883008419,step_cut_discarded,9.045167958550689,14.253727197351717,0.125
,8,Another step cut from the same linear candidate had a lower nonlinear RMS.,0.5000000000000001,step_cut_discarded,23.791752120314236,159.01531481720622,1.0
,8,Another step cut from the same linear candidate had a lower nonlinear RMS.,0.5000000000000001,step_cut_discarded,13.579404650783497,54.07146160930157,0.5
,8,Another step cut from the same linear candidate had a lower nonlinear RMS.,0.5000000000000001,step_cut_discarded,9.753172044508002,23.2321035288434,0.25
,8,Another step cut from the same linear candidate had a lower nonlinear RMS.,0.5000000000000001,step_cut_discarded,9.036417841621542,13.220566619487844,0.125
,8,Another step cut from the same linear candidate had a lower nonlinear RMS.,1.58113883008419,step_cut_discarded,22.803226793423196,125.3132468122391,1.0
,8,Another step cut from the same linear candidate had a lower nonlinear RMS.,1.58113883008419,step_cut_discarded,12.831917998519339,44.988109814096546,0.5
,8,Another step cut from the same linear candidate had a lower nonlinear RMS.,1.58113883008419,step_cut_discarded,9.56505080046597,20.632348183060518,0.25
,8,Another step cut from the same linear candidate had a lower nonlinear RMS.,1.58113883008419,step_cut_discarded,9.01162359986415,12.406169084551312,0.125
,8,Another step cut from the same linear candidate had a lower nonlinear RMS.,5.000000000000001,step_cut_discarded,14.16616415633903,47.35240357960582,1.0
,8,Another step cut from the same linear candidate had a lower nonlinear RMS.,5.000000000000001,step_cut_discarded,9.77610923918927,21.907979093016102,0.5
,8,Another step cut from the same linear candidate had a lower nonlinear RMS.,5.000000000000001,step_cut_discarded,9.029910151151482,13.067355546329345,0.25
,8,Another step cut from the same linear candidate had a lower nonlinear RMS.,50.000000000000014,step_cut_discarded,9.610035464958507,1.4540136147965619,1.0
,8,Another step cut from the same linear candidate had a lower nonlinear RMS.,50.000000000000014,step_cut_discarded,9.036738959476779,3.542859875475653,0.5
,8,Another step cut from the same linear candidate had a lower nonlinear RMS.,50.000000000000014,step_cut_discarded,8.972022590196373,5.030814878775167,0.25
,8,Another step cut from the same linear candidate had a lower nonlinear RMS.,50.000000000000014,step_cut_discarded,8.957119705148466,5.885675348664914,0.125
,8,Another step cut from the same linear candidate had a lower nonlinear RMS.,50.000000000000014,step_cut_discarded,8.952514651338207,6.340826325669787,0.0625
,8,Another step cut from the same linear candidate had a lower nonlinear RMS.,50.000000000000014,step_cut_discarded,8.950871719905685,6.57533199968722,0.03125
,8,Another step cut from the same linear candidate had a lower nonlinear RMS.,50.000000000000014,step_cut_discarded,8.950215233924212,6.694317383074687,0.015625
,8,Another step cut from the same linear candidate had a lower nonlinear RMS.,50.000000000000014,step_cut_discarded,8.949928600047228,6.75424321136311,0.0078125
,8,Another step cut from the same linear candidate had a lower nonlinear RMS.,158.113883008419,step_cut_discarded,11.687982231568034,0.26988147585390587,1.0
,8,Another step cut from the same linear candidate had a lower nonlinear RMS.,158.113883008419,step_cut_discarded,9.219068831529198,2.316270955158443,0.5
,8,Another step cut from the same linear candidate had a lower nonlinear RMS.,158.113883008419,step_cut_discarded,9.00345980916555,4.258889705905091,0.25
,8,Another step cut from the same linear candidate had a lower nonlinear RMS.,158.113883008419,step_cut_discarded,8.966554819501448,5.460055084052007,0.125
,8,Another step cut from the same linear candidate had a lower nonlinear RMS.,158.113883008419,step_cut_discarded,8.956095771587881,6.118101773818864,0.0625
,8,Another step cut from the same linear candidate had a lower nonlinear RMS.,158.113883008419,step_cut_discarded,8.952400674627572,6.461491118875642,0.03125
,8,Another step cut from the same linear candidate had a lower nonlinear RMS.,158.113883008419,step_cut_discarded,8.95091543153353,6.636777291447368,0.015625
,8,Another step cut from the same linear candidate had a lower nonlinear RMS.,158.113883008419,step_cut_discarded,8.950262672432347,6.725318252744066,0.0078125
,8,Another step cut from the same linear candidate had a lower nonlinear RMS.,500.0000000000001,step_cut_discarded,12.981242396078281,0.07848572130089763,1.0
,8,Another step cut from the same linear candidate had a lower nonlinear RMS.,500.0000000000001,step_cut_discarded,9.333160435448685,1.9255277341233072,0.5
,8,Another step cut from the same linear candidate had a lower nonlinear RMS.,500.0000000000001,step_cut_discarded,9.019367719689626,3.989756759447864,0.25
,8,Another step cut from the same linear candidate had a lower nonlinear RMS.,500.0000000000001,step_cut_discarded,8.970729311030329,5.307048276838484,0.125
,8,Another step cut from the same linear candidate had a lower nonlinear RMS.,500.0000000000001,step_cut_discarded,8.957585862357966,6.036988286715873,0.0625
,8,Another step cut from the same linear candidate had a lower nonlinear RMS.,500.0000000000001,step_cut_discarded,8.953015913954522,6.419781854450089,0.03125
,8,Another step cut from the same linear candidate had a lower nonlinear RMS.,500.0000000000001,step_cut_discarded,8.951191767876853,6.61563452901608,0.015625
,8,Another step cut from the same linear candidate had a lower nonlinear RMS.,500.0000000000001,step_cut_discarded,8.950393093971737,6.714674838973793,0.0078125
,8,Another step cut from the same linear candidate had a lower nonlinear RMS.,1581.13883008419,step_cut_discarded,13.510785145810264,0.039047475318535585,1.0
,8,Another step cut from the same linear candidate had a lower nonlinear RMS.,1581.13883008419,step_cut_discarded,9.38060900137856,1.7933261906609306,0.5
,8,Another step cut from the same linear candidate had a lower nonlinear RMS.,1581.13883008419,step_cut_discarded,9.025747789730254,3.8955353825988785,0.25
,8,Another step cut from the same linear candidate had a lower nonlinear RMS.,1581.13883008419,step_cut_discarded,8.972319065874721,5.252907437134539,0.125
,8,Another step cut from the same linear candidate had a lower nonlinear RMS.,1581.13883008419,step_cut_discarded,8.958126345512113,6.008160329044037,0.0625
,8,Another step cut from the same linear candidate had a lower nonlinear RMS.,1581.13883008419,step_cut_discarded,8.953230554881536,6.404928491159208,0.03125
,8,Another step cut from the same linear candidate had a lower nonlinear RMS.,1581.13883008419,step_cut_discarded,8.951285654835996,6.608098001256897,0.015625
,8,Another step cut from the same linear candidate had a lower nonlinear RMS.,1581.13883008419,step_cut_discarded,8.950436707472516,6.710879113565769,0.0078125
,8,Another step cut from the same linear candidate had a lower nonlinear RMS.,5000.000000000002,step_cut_discarded,13.67263649871496,0.023148932237456555,1.0
,8,Another step cut from the same linear candidate had a lower nonlinear RMS.,5000.000000000002,step_cut_discarded,9.39505814600779,1.7446362002404137,0.5
,8,Another step cut from the same linear candidate had a lower nonlinear RMS.,5000.000000000002,step_cut_discarded,9.028000765423933,3.8610052076686237,0.25
,8,Another step cut from the same linear candidate had a lower nonlinear RMS.,5000.000000000002,step_cut_discarded,8.972824248876462,5.233096054739412,0.125
,8,Another step cut from the same linear candidate had a lower nonlinear RMS.,5000.000000000002,step_cut_discarded,8.95824149389166,5.997618064113978,0.0625
,8,Another step cut from the same linear candidate had a lower nonlinear RMS.,5000.000000000002,step_cut_discarded,8.953253112962683,6.399498215261052,0.03125
,8,Another step cut from the same linear candidate had a lower nonlinear RMS.,5000.000000000002,step_cut_discarded,8.951287954535953,6.605343077449536,0.015625
,8,Another step cut from the same linear candidate had a lower nonlinear RMS.,5000.000000000002,step_cut_discarded,8.95043557654044,6.709491705197517,0.0078125
,8,Another step cut from the same linear candidate had a lower nonlinear RMS.,15811.3883008419,step_cut_discarded,13.687882457187467,0.011490282817262791,1.0
,8,Another step cut from the same linear candidate had a lower nonlinear RMS.,15811.3883008419,step_cut_discarded,9.398068453758535,1.7232024834975495,0.5
,8,Another step cut from the same linear candidate had a lower nonlinear RMS.,15811.3883008419,step_cut_discarded,9.029703276984122,3.8463872512890007,0.25
,8,Another step cut from the same linear candidate had a lower nonlinear RMS.,15811.3883008419,step_cut_discarded,8.973191869162518,5.224811802047552,0.125
,8,Another step cut from the same linear candidate had a lower nonlinear RMS.,15811.3883008419,step_cut_discarded,8.958235861101064,5.993232119142534,0.0625
,8,Another step cut from the same linear candidate had a lower nonlinear RMS.,15811.3883008419,step_cut_discarded,8.953194834438726,6.397244288118952,0.03125
,8,Another step cut from the same linear candidate had a lower nonlinear RMS.,15811.3883008419,step_cut_discarded,8.951243977271558,6.604200875214392,0.015625
,8,Another step cut from the same linear candidate had a lower nonlinear RMS.,15811.3883008419,step_cut_discarded,8.950409759674338,6.70891679441392,0.0078125
,8,A different valid candidate better satisfied the Occam selection policy.,0.0158113883008419,not_selected,8.941407613377484,8.226949875680361,0.03125
,8,A different valid candidate better satisfied the Occam selection policy.,0.05000000000000001,not_selected,8.941403682129385,8.220387107671884,0.03125
,8,A different valid candidate better satisfied the Occam selection policy.,0.158113883008419,not_selected,8.94882043964507,9.853426294226617,0.0625
,8,A different valid candidate better satisfied the Occam selection policy.,0.5000000000000001,not_selected,8.948383544827239,9.566833697528452,0.0625
,8,A different valid candidate better satisfied the Occam selection policy.,1.58113883008419,not_selected,8.945942384477563,9.281004964548913,0.0625
,8,A different valid candidate better satisfied the Occam selection policy.,5.000000000000001,not_selected,8.945491556056695,9.61744094713799,0.125
,8,A different valid candidate better satisfied the Occam selection policy.,50.000000000000014,not_selected,8.94979575136243,6.784314409655992,0.00390625
,8,A different valid candidate better satisfied the Occam selection policy.,158.113883008419,not_selected,8.949958780623037,6.769813202145126,0.00390625
,8,A different valid candidate better satisfied the Occam selection policy.,500.0000000000001,not_selected,8.950022059747727,6.7644734871213315,0.00390625
,8,A different valid candidate better satisfied the Occam selection policy.,1581.13883008419,not_selected,8.950043035786647,6.762568759035208,0.00390625
,8,A different valid candidate better satisfied the Occam selection policy.,5000.000000000002,not_selected,8.950041895181615,6.761872568234943,0.00390625
,8,A different valid candidate better satisfied the Occam selection policy.,15811.3883008419,not_selected,8.950028015034608,6.7615841604266365,0.00390625
,9,Another step cut from the same linear candidate had a lower nonlinear RMS.,0.0158113883008419,step_cut_discarded,17.271591063030716,258.20533752827293,1.0
,9,Another step cut from the same linear candidate had a lower nonlinear RMS.,0.0158113883008419,step_cut_discarded,11.44930757001569,82.65136039750652,0.5
,9,Another step cut from the same linear candidate had a lower nonlinear RMS.,0.0158113883008419,step_cut_discarded,9.385514841405655,33.1975681467282,0.25
,9,Another step cut from the same linear candidate had a lower nonlinear RMS.,0.0158113883008419,step_cut_discarded,8.96749797867705,18.051471099990227,0.125
,9,Another step cut from the same linear candidate had a lower nonlinear RMS.,0.05000000000000001,step_cut_discarded,17.285654387292038,238.45401002387007,1.0
,9,Another step cut from the same linear candidate had a lower nonlinear RMS.,0.05000000000000001,step_cut_discarded,11.461776526348258,77.72602085335035,0.5
,9,Another step cut from the same linear candidate had a lower nonlinear RMS.,0.05000000000000001,step_cut_discarded,9.351783269221354,31.972479426661394,0.25
,9,Another step cut from the same linear candidate had a lower nonlinear RMS.,0.05000000000000001,step_cut_discarded,8.961516699452464,17.74832200295965,0.125
,9,Another step cut from the same linear candidate had a lower nonlinear RMS.,0.158113883008419,step_cut_discarded,17.311326123546547,179.90526925787347,1.0
,9,Another step cut from the same linear candidate had a lower nonlinear RMS.,0.158113883008419,step_cut_discarded,11.137655418298257,63.04864901219764,0.5
,9,Another step cut from the same linear candidate had a lower nonlinear RMS.,0.158113883008419,step_cut_discarded,9.249222920829189,28.283043141546443,0.25
,9,Another step cut from the same linear candidate had a lower nonlinear RMS.,0.158113883008419,step_cut_discarded,8.948085312706404,16.815916269267518,0.125
,9,Another step cut from the same linear candidate had a lower nonlinear RMS.,0.5000000000000001,step_cut_discarded,17.2653860593077,144.96234405115436,1.0
,9,Another step cut from the same linear candidate had a lower nonlinear RMS.,0.5000000000000001,step_cut_discarded,11.051453471989403,54.092484699042096,0.5
,9,Another step cut from the same linear candidate had a lower nonlinear RMS.,0.5000000000000001,step_cut_discarded,9.241565160787678,25.933785557519677,0.25
,9,Another step cut from the same linear candidate had a lower nonlinear RMS.,0.5000000000000001,step_cut_discarded,8.948146810154899,16.17349362039189,0.125
,9,Another step cut from the same linear candidate had a lower nonlinear RMS.,1.58113883008419,step_cut_discarded,15.007123752662954,97.16710141831084,1.0
,9,Another step cut from the same linear candidate had a lower nonlinear RMS.,1.58113883008419,step_cut_discarded,10.206960809972198,40.341762166788556,0.5
,9,Another step cut from the same linear candidate had a lower nonlinear RMS.,1.58113883008419,step_cut_discarded,9.087264091961794,21.595148987434957,0.25
,9,Another step cut from the same linear candidate had a lower nonlinear RMS.,1.58113883008419,step_cut_discarded,8.928918583992667,14.638356509360051,0.125
,9,Another step cut from the same linear candidate had a lower nonlinear RMS.,5.000000000000001,step_cut_discarded,9.473114489704152,31.154211291072585,1.0
,9,Another step cut from the same linear candidate had a lower nonlinear RMS.,5.000000000000001,step_cut_discarded,8.971592379887898,18.502628498766732,0.5
,9,Another step cut from the same linear candidate had a lower nonlinear RMS.,15.8113883008419,step_cut_discarded,8.988881091448448,5.022647827459993,1.0
,9,Another step cut from the same linear candidate had a lower nonlinear RMS.,15.8113883008419,step_cut_discarded,8.93450856380403,6.96402320522143,0.5
,9,Another step cut from the same linear candidate had a lower nonlinear RMS.,15.8113883008419,step_cut_discarded,8.923089288250624,8.07990146511597,0.25
,9,Another step cut from the same linear candidate had a lower nonlinear RMS.,15.8113883008419,step_cut_discarded,8.919704918015121,8.674138237816697,0.125
,9,Another step cut from the same linear candidate had a lower nonlinear RMS.,15.8113883008419,step_cut_discarded,8.918581681110316,8.980331034855425,0.0625
,9,Another step cut from the same linear candidate had a lower nonlinear RMS.,15.8113883008419,step_cut_discarded,8.918169735739946,9.135696036046879,0.03125
,9,Another step cut from the same linear candidate had a lower nonlinear RMS.,15.8113883008419,step_cut_discarded,8.91800259038691,9.213945687310627,0.015625
,9,Another step cut from the same linear candidate had a lower nonlinear RMS.,15.8113883008419,step_cut_discarded,8.917928928232492,9.253212300609507,0.0078125
,9,Another step cut from the same linear candidate had a lower nonlinear RMS.,50.000000000000014,step_cut_discarded,11.389502785397065,0.798089034693552,1.0
,9,Another step cut from the same linear candidate had a lower nonlinear RMS.,50.000000000000014,step_cut_discarded,9.140543864118497,3.7693158319046414,0.5
,9,Another step cut from the same linear candidate had a lower nonlinear RMS.,50.000000000000014,step_cut_discarded,8.959044781234914,6.2119407842241845,0.25
,9,Another step cut from the same linear candidate had a lower nonlinear RMS.,50.000000000000014,step_cut_discarded,8.930682669569519,7.672506148812457,0.125
,9,Another step cut from the same linear candidate had a lower nonlinear RMS.,50.000000000000014,step_cut_discarded,8.922825547148822,8.462602053213715,0.0625
,9,Another step cut from the same linear candidate had a lower nonlinear RMS.,50.000000000000014,step_cut_discarded,8.920008679309207,8.872603310941127,0.03125
,9,Another step cut from the same linear candidate had a lower nonlinear RMS.,50.000000000000014,step_cut_discarded,8.918852995536582,9.081342266186526,0.015625
,9,Another step cut from the same linear candidate had a lower nonlinear RMS.,50.000000000000014,step_cut_discarded,8.91833696843047,9.186646325404649,0.0078125
,9,Another step cut from the same linear candidate had a lower nonlinear RMS.,158.113883008419,step_cut_discarded,14.127584543429945,0.1867537549124884,1.0
,9,Another step cut from the same linear candidate had a lower nonlinear RMS.,158.113883008419,step_cut_discarded,9.367910108646555,2.82900855440053,0.5
,9,Another step cut from the same linear candidate had a lower nonlinear RMS.,158.113883008419,step_cut_discarded,8.984623120806688,5.583127236068733,0.25
,9,Another step cut from the same linear candidate had a lower nonlinear RMS.,158.113883008419,step_cut_discarded,8.936360112173544,7.31843439738388,0.125
,9,Another step cut from the same linear candidate had a lower nonlinear RMS.,158.113883008419,step_cut_discarded,8.924703679911186,8.275649933161718,0.0625
,9,Another step cut from the same linear candidate had a lower nonlinear RMS.,158.113883008419,step_cut_discarded,8.920756309950944,8.7766481898307,0.03125
,9,Another step cut from the same linear candidate had a lower nonlinear RMS.,158.113883008419,step_cut_discarded,8.9191822787491,9.032744940360201,0.015625
,9,Another step cut from the same linear candidate had a lower nonlinear RMS.,158.113883008419,step_cut_discarded,8.918490738805136,9.162192721173716,0.0078125
,9,Another step cut from the same linear candidate had a lower nonlinear RMS.,500.0000000000001,step_cut_discarded,15.385981133378827,0.08378162104778507,1.0
,9,Another step cut from the same linear candidate had a lower nonlinear RMS.,500.0000000000001,step_cut_discarded,9.48137106060898,2.5223544870178456,0.5
,9,Another step cut from the same linear candidate had a lower nonlinear RMS.,500.0000000000001,step_cut_discarded,8.996218512338688,5.366008202264808,0.25
,9,Another step cut from the same linear candidate had a lower nonlinear RMS.,500.0000000000001,step_cut_discarded,8.938628825768735,7.193926880453773,0.125
,9,Another step cut from the same linear candidate had a lower nonlinear RMS.,500.0000000000001,step_cut_discarded,8.925396686675985,8.209409174689625,0.0625
,9,Another step cut from the same linear candidate had a lower nonlinear RMS.,500.0000000000001,step_cut_discarded,8.921018787662518,8.742531060592894,0.03125
,9,Another step cut from the same linear candidate had a lower nonlinear RMS.,500.0000000000001,step_cut_discarded,8.91929432366481,9.015437188240863,0.015625
,9,Another step cut from the same linear candidate had a lower nonlinear RMS.,500.0000000000001,step_cut_discarded,8.91854210790552,9.153476548238935,0.0078125
,9,Another step cut from the same linear candidate had a lower nonlinear RMS.,1581.13883008419,step_cut_discarded,15.836010014374388,0.05294190251857936,1.0
,9,Another step cut from the same linear candidate had a lower nonlinear RMS.,1581.13883008419,step_cut_discarded,9.522630699122299,2.4143480764527623,0.5
,9,Another step cut from the same linear candidate had a lower nonlinear RMS.,1581.13883008419,step_cut_discarded,9.000453957552395,5.288858359157148,0.25
,9,Another step cut from the same linear candidate had a lower nonlinear RMS.,1581.13883008419,step_cut_discarded,8.93938682190587,7.149565299443661,0.125
,9,Another step cut from the same linear candidate had a lower nonlinear RMS.,1581.13883008419,step_cut_discarded,8.925587933623225,8.185781719320502,0.0625
,9,Another step cut from the same linear candidate had a lower nonlinear RMS.,1581.13883008419,step_cut_discarded,8.921075954615205,8.730355666692313,0.03125
,9,Another step cut from the same linear candidate had a lower nonlinear RMS.,1581.13883008419,step_cut_discarded,8.919313819545007,9.00925907473657,0.015625
,9,Another step cut from the same linear candidate had a lower nonlinear RMS.,1581.13883008419,step_cut_discarded,8.918549620675117,9.150364887348283,0.0078125
,9,Another step cut from the same linear candidate had a lower nonlinear RMS.,5000.000000000002,step_cut_discarded,15.943174439948415,0.033036430748205184,1.0
,9,Another step cut from the same linear candidate had a lower nonlinear RMS.,5000.000000000002,step_cut_discarded,9.531504310659185,2.3702945129278046,0.5
,9,Another step cut from the same linear candidate had a lower nonlinear RMS.,5000.000000000002,step_cut_discarded,9.0018094004342,5.258306370484723,0.25
,9,Another step cut from the same linear candidate had a lower nonlinear RMS.,5000.000000000002,step_cut_discarded,8.939577845451716,7.132158003379964,0.125
,9,Another step cut from the same linear candidate had a lower nonlinear RMS.,5000.000000000002,step_cut_discarded,8.925552773340577,8.176545245856781,0.0625
,9,Another step cut from the same linear candidate had a lower nonlinear RMS.,5000.000000000002,step_cut_discarded,8.921022642091303,8.725604223602486,0.03125
,9,Another step cut from the same linear candidate had a lower nonlinear RMS.,5000.000000000002,step_cut_discarded,8.919277764430046,9.006850051602163,0.015625
,9,Another step cut from the same linear candidate had a lower nonlinear RMS.,5000.000000000002,step_cut_discarded,8.91852918123891,9.149152050383712,0.0078125
,9,Another step cut from the same linear candidate had a lower nonlinear RMS.,15811.3883008419,step_cut_discarded,15.914063153638748,0.015579782619599192,1.0
,9,Another step cut from the same linear candidate had a lower nonlinear RMS.,15811.3883008419,step_cut_discarded,9.529541975432695,2.347161211043523,0.5
,9,Another step cut from the same linear candidate had a lower nonlinear RMS.,15811.3883008419,step_cut_discarded,9.003660550356178,5.243138475087591,0.25
,9,Another step cut from the same linear candidate had a lower nonlinear RMS.,15811.3883008419,step_cut_discarded,8.940016124690823,7.123673744567649,0.125
,9,Another step cut from the same linear candidate had a lower nonlinear RMS.,15811.3883008419,step_cut_discarded,8.92551630859422,8.172078038672183,0.0625
,9,Another step cut from the same linear candidate had a lower nonlinear RMS.,15811.3883008419,step_cut_discarded,8.920926128825206,8.723314350565579,0.03125
,9,Another step cut from the same linear candidate had a lower nonlinear RMS.,15811.3883008419,step_cut_discarded,8.919208298169682,9.005691047722557,0.015625
,9,Another step cut from the same linear candidate had a lower nonlinear RMS.,15811.3883008419,step_cut_discarded,8.918488950796563,9.14856903160362,0.0078125
,9,A different valid candidate better satisfied the Occam selection policy.,0.0158113883008419,not_selected,8.915339986770832,12.873622346284042,0.0625
,9,A different valid candidate better satisfied the Occam selection policy.,0.05000000000000001,not_selected,8.914750864388736,12.799396613519463,0.0625
,9,A different valid candidate better satisfied the Occam selection policy.,0.158113883008419,not_selected,8.913587304933476,12.561271848889731,0.0625
,9,A different valid candidate better satisfied the Occam selection policy.,0.5000000000000001,not_selected,8.914063339265736,12.373112060236354,0.0625
,9,A different valid candidate better satisfied the Occam selection policy.,5.000000000000001,not_selected,8.912859579114079,13.467410002323373,0.25
,9,A different valid candidate better satisfied the Occam selection policy.,15.8113883008419,not_selected,8.91789460189595,9.2728810541757,0.00390625
,9,A different valid candidate better satisfied the Occam selection policy.,50.000000000000014,not_selected,8.918094338127062,9.239532000412572,0.00390625
,9,A different valid candidate better satisfied the Occam selection policy.,158.113883008419,not_selected,8.918168529175535,9.227266462967656,0.00390625
,9,A different valid candidate better satisfied the Occam selection policy.,500.0000000000001,not_selected,8.91819306377526,9.222892802281494,0.00390625
,9,A different valid candidate better satisfied the Occam selection policy.,1581.13883008419,not_selected,8.918196264273325,9.22133132080154,0.00390625
,9,A different valid candidate better satisfied the Occam selection policy.,5000.000000000002,not_selected,8.918185433605684,9.22072282096991,0.00390625
,9,A different valid candidate better satisfied the Occam selection policy.,15811.3883008419,not_selected,8.918163920322204,9.220430432369787,0.00390625
,10,Another step cut from the same linear candidate had a lower nonlinear RMS.,0.00158113883008419,step_cut_discarded,14.804072488876814,250.48420372096442,1.0
,10,Another step cut from the same linear candidate had a lower nonlinear RMS.,0.00158113883008419,step_cut_discarded,10.773819223537068,83.63257450856224,0.5
,10,Another step cut from the same linear candidate had a lower nonlinear RMS.,0.00158113883008419,step_cut_discarded,9.267004382820724,35.82543871563479,0.25
,10,Another step cut from the same linear candidate had a lower nonlinear RMS.,0.00158113883008419,step_cut_discarded,8.953012767163646,20.826540522489445,0.125
,10,Another step cut from the same linear candidate had a lower nonlinear RMS.,0.005000000000000001,step_cut_discarded,14.801213932737594,250.3778118220233,1.0
,10,Another step cut from the same linear candidate had a lower nonlinear RMS.,0.005000000000000001,step_cut_discarded,10.77312576641693,83.6061482912617,0.5
,10,Another step cut from the same linear candidate had a lower nonlinear RMS.,0.005000000000000001,step_cut_discarded,9.266793458033108,35.81891804002702,0.25
,10,Another step cut from the same linear candidate had a lower nonlinear RMS.,0.005000000000000001,step_cut_discarded,8.952966260663546,20.82495329294619,0.125
,10,Another step cut from the same linear candidate had a lower nonlinear RMS.,0.0158113883008419,step_cut_discarded,14.792190270047366,250.0586747371435,1.0
,10,Another step cut from the same linear candidate had a lower nonlinear RMS.,0.0158113883008419,step_cut_discarded,10.770933247447513,83.52680129433614,0.5
,10,Another step cut from the same linear candidate had a lower nonlinear RMS.,0.0158113883008419,step_cut_discarded,9.266143744614286,35.799299927942826,0.25
,10,Another step cut from the same linear candidate had a lower nonlinear RMS.,0.0158113883008419,step_cut_discarded,8.952824504762981,20.820158083498747,0.125
,10,Another step cut from the same linear candidate had a lower nonlinear RMS.,0.05000000000000001,step_cut_discarded,14.79172364206888,220.47320079158473,1.0
,10,Another step cut from the same linear candidate had a lower nonlinear RMS.,0.05000000000000001,step_cut_discarded,10.746922211326154,76.14329489612528,0.5
,10,Another step cut from the same linear candidate had a lower nonlinear RMS.,0.05000000000000001,step_cut_discarded,9.211148258819142,33.959854372479505,0.25
,10,Another step cut from the same linear candidate had a lower nonlinear RMS.,0.05000000000000001,step_cut_discarded,8.943975024385084,20.36351221667762,0.125
,10,Another step cut from the same linear candidate had a lower nonlinear RMS.,0.158113883008419,step_cut_discarded,14.648990972258296,168.33190051842973,1.0
,10,Another step cut from the same linear candidate had a lower nonlinear RMS.,0.158113883008419,step_cut_discarded,10.396331028152904,63.05395054749513,0.5
,10,Another step cut from the same linear candidate had a lower nonlinear RMS.,0.158113883008419,step_cut_discarded,9.126230412031896,30.660508645151282,0.25
,10,Another step cut from the same linear candidate had a lower nonlinear RMS.,0.158113883008419,step_cut_discarded,8.933368984819841,19.525170964760214,0.125
,10,Another step cut from the same linear candidate had a lower nonlinear RMS.,0.5000000000000001,step_cut_discarded,14.164673537788243,134.46594584194526,1.0
,10,Another step cut from the same linear candidate had a lower nonlinear RMS.,0.5000000000000001,step_cut_discarded,10.089619644248867,54.223339503047995,0.5
,10,Another step cut from the same linear candidate had a lower nonlinear RMS.,0.5000000000000001,step_cut_discarded,9.08443276649303,28.27079469637648,0.25
,10,Another step cut from the same linear candidate had a lower nonlinear RMS.,0.5000000000000001,step_cut_discarded,8.929661359629506,18.836711883735003,0.125
,10,Another step cut from the same linear candidate had a lower nonlinear RMS.,1.58113883008419,step_cut_discarded,11.247598373504633,72.7196098592831,1.0
,10,Another step cut from the same linear candidate had a lower nonlinear RMS.,1.58113883008419,step_cut_discarded,9.292980276495241,35.11393496141495,0.5
,10,Another step cut from the same linear candidate had a lower nonlinear RMS.,1.58113883008419,step_cut_discarded,8.956250184047686,21.657033287984476,0.25
,10,Another step cut from the same linear candidate had a lower nonlinear RMS.,15.8113883008419,step_cut_discarded,9.884443483821773,2.474454010153765,1.0
,10,Another step cut from the same linear candidate had a lower nonlinear RMS.,15.8113883008419,step_cut_discarded,9.00648071096974,6.155344869019219,0.5
,10,Another step cut from the same linear candidate had a lower nonlinear RMS.,15.8113883008419,step_cut_discarded,8.930447144647873,8.718735199828842,0.25
,10,Another step cut from the same linear candidate had a lower nonlinear RMS.,15.8113883008419,step_cut_discarded,8.917283534383234,10.181166590577876,0.125
,10,Another step cut from the same linear candidate had a lower nonlinear RMS.,15.8113883008419,step_cut_discarded,8.913909905019482,10.957566342288448,0.0625
,10,Another step cut from the same linear candidate had a lower nonlinear RMS.,15.8113883008419,step_cut_discarded,8.912894945829466,11.357062232227753,0.03125
,10,Another step cut from the same linear candidate had a lower nonlinear RMS.,15.8113883008419,step_cut_discarded,8.91255055745294,11.559634180718401,0.015625
,10,Another step cut from the same linear candidate had a lower nonlinear RMS.,15.8113883008419,step_cut_discarded,8.912419122719994,11.661626155843981,0.0078125
,10,Another step cut from the same linear candidate had a lower nonlinear RMS.,50.00000000000001,step_cut_discarded,13.723529949143282,0.44079653441568134,1.0
,10,Another step cut from the same linear candidate had a lower nonlinear RMS.,50.00000000000001,step_cut_discarded,9.298697039654837,3.983502823058793,0.5
,10,Another step cut from the same linear candidate had a lower nonlinear RMS.,50.00000000000001,step_cut_discarded,8.96424838612536,7.344060849825781,0.25
,10,Another step cut from the same linear candidate had a lower nonlinear RMS.,50.00000000000001,step_cut_discarded,8.925044843836611,9.421641083820635,0.125
,10,Another step cut from the same linear candidate had a lower nonlinear RMS.,50.00000000000001,step_cut_discarded,8.91644700018038,10.559756505970903,0.0625
,10,Another step cut from the same linear candidate had a lower nonlinear RMS.,50.00000000000001,step_cut_discarded,8.913880807178764,11.153645543334246,0.03125
,10,Another step cut from the same linear candidate had a lower nonlinear RMS.,50.00000000000001,step_cut_discarded,8.912976303916263,11.456797893587968,0.015625
,10,Another step cut from the same linear candidate had a lower nonlinear RMS.,50.00000000000001,step_cut_discarded,8.912615463522565,11.609926026607843,0.0078125
,10,Another step cut from the same linear candidate had a lower nonlinear RMS.,158.113883008419,step_cut_discarded,16.130919141909633,0.15010901020438994,1.0
,10,Another step cut from the same linear candidate had a lower nonlinear RMS.,158.113883008419,step_cut_discarded,9.496922350301286,3.32832041763615,0.5
,10,Another step cut from the same linear candidate had a lower nonlinear RMS.,158.113883008419,step_cut_discarded,8.982690854162922,6.8890099862852106,0.25
,10,Another step cut from the same linear candidate had a lower nonlinear RMS.,158.113883008419,step_cut_discarded,8.928488240359089,9.162250736843038,0.125
,10,Another step cut from the same linear candidate had a lower nonlinear RMS.,158.113883008419,step_cut_discarded,8.917457163130926,10.422095103680276,0.0625
,10,Another step cut from the same linear candidate had a lower nonlinear RMS.,158.113883008419,step_cut_discarded,8.914249197953882,11.082823284988475,0.03125
,10,Another step cut from the same linear candidate had a lower nonlinear RMS.,158.113883008419,step_cut_discarded,8.913129074188607,11.420888875114967,0.015625
,10,Another step cut from the same linear candidate had a lower nonlinear RMS.,158.113883008419,step_cut_discarded,8.91268420812761,11.591847045046318,0.0078125
,10,Another step cut from the same linear candidate had a lower nonlinear RMS.,500.00000000000017,step_cut_discarded,17.07521903016495,0.09152993160719702,1.0
,10,Another step cut from the same linear candidate had a lower nonlinear RMS.,500.00000000000017,step_cut_discarded,9.57754982039329,3.1101538111872475,0.5
,10,Another step cut from the same linear candidate had a lower nonlinear RMS.,500.00000000000017,step_cut_discarded,8.989877290332013,6.732707416273184,0.25
,10,Another step cut from the same linear candidate had a lower nonlinear RMS.,500.00000000000017,step_cut_discarded,8.9297224898862,9.072294635140128,0.125
,10,Another step cut from the same linear candidate had a lower nonlinear RMS.,500.00000000000017,step_cut_discarded,8.91778981184404,10.374165848654597,0.0625
,10,Another step cut from the same linear candidate had a lower nonlinear RMS.,500.00000000000017,step_cut_discarded,8.914361237834452,11.05812085643208,0.03125
,10,Another step cut from the same linear candidate had a lower nonlinear RMS.,500.00000000000017,step_cut_discarded,8.913172623131283,11.40835321057588,0.015625
,10,Another step cut from the same linear candidate had a lower nonlinear RMS.,500.00000000000017,step_cut_discarded,8.912702949545832,11.585533100211547,0.0078125
,10,Another step cut from the same linear candidate had a lower nonlinear RMS.,1581.13883008419,step_cut_discarded,17.386676553375604,0.06388967655144677,1.0
,10,Another step cut from the same linear candidate had a lower nonlinear RMS.,1581.13883008419,step_cut_discarded,9.603383531767465,3.029050305127868,0.5
,10,Another step cut from the same linear candidate had a lower nonlinear RMS.,1581.13883008419,step_cut_discarded,8.99222657478389,6.675334818610619,0.25
,10,Another step cut from the same linear candidate had a lower nonlinear RMS.,1581.13883008419,step_cut_discarded,8.930051884490995,9.03940312515063,0.125
,10,Another step cut from the same linear candidate had a lower nonlinear RMS.,1581.13883008419,step_cut_discarded,8.917826807425367,10.35666879087029,0.0625
,10,Another step cut from the same linear candidate had a lower nonlinear RMS.,1581.13883008419,step_cut_discarded,8.91435147544205,11.049109501842539,0.03125
,10,Another step cut from the same linear candidate had a lower nonlinear RMS.,1581.13883008419,step_cut_discarded,8.913160824967411,11.403781826856765,0.015625
,10,Another step cut from the same linear candidate had a lower nonlinear RMS.,1581.13883008419,step_cut_discarded,8.912695323801268,11.583230981745908,0.0078125
,10,A different valid candidate better satisfied the Occam selection policy.,0.00158113883008419,not_selected,8.91197933677321,15.553258851746387,0.0625
,10,A different valid candidate better satisfied the Occam selection policy.,0.005000000000000001,not_selected,8.911971450688672,15.552883514039923,0.0625
,10,A different valid candidate better satisfied the Occam selection policy.,0.0158113883008419,not_selected,8.911947358077121,15.551739370964858,0.0625
,10,A different valid candidate better satisfied the Occam selection policy.,0.05000000000000001,not_selected,8.911051784430384,15.439185665281926,0.0625
,10,A different valid candidate better satisfied the Occam selection policy.,0.158113883008419,not_selected,8.910035457239628,15.222847942259897,0.0625
,10,A different valid candidate better satisfied the Occam selection policy.,0.5000000000000001,not_selected,8.909978135903053,15.005217875087844,0.0625
,10,A different valid candidate better satisfied the Occam selection policy.,1.58113883008419,not_selected,8.912004480129117,16.265066395145137,0.125
,10,A different valid candidate better satisfied the Occam selection policy.,15.8113883008419,not_selected,8.912363627342804,11.712798643626833,0.00390625
,10,A different valid candidate better satisfied the Occam selection policy.,50.00000000000001,not_selected,8.912457687576769,11.686878082591035,0.00390625
,10,A different valid candidate better satisfied the Occam selection policy.,158.113883008419,not_selected,8.912490169397321,11.677807473729011,0.00390625
,10,A different valid candidate better satisfied the Occam selection policy.,500.00000000000017,not_selected,8.912498789423235,11.674638973170325,0.00390625
,10,A different valid candidate better satisfied the Occam selection policy.,1581.13883008419,not_selected,8.912494544313894,11.67348380728598,0.00390625
,11,Another step cut from the same linear candidate had a lower nonlinear RMS.,0.005000000000000001,step_cut_discarded,12.717187979810927,300.62287526307307,1.0
,11,Another step cut from the same linear candidate had a lower nonlinear RMS.,0.005000000000000001,step_cut_discarded,10.330538007676106,101.3056644247837,0.5
,11,Another step cut from the same linear candidate had a lower nonlinear RMS.,0.005000000000000001,step_cut_discarded,9.243654912046718,45.31763807798136,0.25
,11,Another step cut from the same linear candidate had a lower nonlinear RMS.,0.005000000000000001,step_cut_discarded,8.946264499271907,28.241269672665787,0.125
,11,Another step cut from the same linear candidate had a lower nonlinear RMS.,0.005000000000000001,step_cut_discarded,8.899939639627249,22.432496662029397,0.0625
,11,Another step cut from the same linear candidate had a lower nonlinear RMS.,0.0158113883008419,step_cut_discarded,12.695004953899424,300.40607427341763,1.0
,11,Another step cut from the same linear candidate had a lower nonlinear RMS.,0.0158113883008419,step_cut_discarded,10.32558587245252,101.2338432588807,0.5
,11,Another step cut from the same linear candidate had a lower nonlinear RMS.,0.0158113883008419,step_cut_discarded,9.24301104759816,45.29087232726105,0.25
,11,Another step cut from the same linear candidate had a lower nonlinear RMS.,0.0158113883008419,step_cut_discarded,8.946172731014068,28.230173005363426,0.125
,11,Another step cut from the same linear candidate had a lower nonlinear RMS.,0.0158113883008419,step_cut_discarded,8.899923869180654,22.427519880392662,0.0625
,11,Another step cut from the same linear candidate had a lower nonlinear RMS.,0.05000000000000001,step_cut_discarded,12.62988532405503,250.92855970446658,1.0
,11,Another step cut from the same linear candidate had a lower nonlinear RMS.,0.05000000000000001,step_cut_discarded,10.27388724171202,88.8642474151028,0.5
,11,Another step cut from the same linear candidate had a lower nonlinear RMS.,0.05000000000000001,step_cut_discarded,9.189666308395749,42.19836476554651,0.25
,11,Another step cut from the same linear candidate had a lower nonlinear RMS.,0.05000000000000001,step_cut_discarded,8.933951906054872,27.456991814549752,0.125
,11,Another step cut from the same linear candidate had a lower nonlinear RMS.,0.05000000000000001,step_cut_discarded,8.898235535432752,22.234197432496725,0.0625
,11,Another step cut from the same linear candidate had a lower nonlinear RMS.,0.158113883008419,step_cut_discarded,12.320095831861316,152.74583917850777,1.0
,11,Another step cut from the same linear candidate had a lower nonlinear RMS.,0.158113883008419,step_cut_discarded,9.767374116723033,64.22045552307111,0.5
,11,Another step cut from the same linear candidate had a lower nonlinear RMS.,0.158113883008419,step_cut_discarded,9.021762560606431,35.98836091226759,0.25
,11,Another step cut from the same linear candidate had a lower nonlinear RMS.,0.158113883008419,step_cut_discarded,8.907064320392484,25.87996291109453,0.125
,11,Another step cut from the same linear candidate had a lower nonlinear RMS.,0.5000000000000001,step_cut_discarded,11.347296469503245,123.79251690214959,1.0
,11,Another step cut from the same linear candidate had a lower nonlinear RMS.,0.5000000000000001,step_cut_discarded,9.371173238247133,56.217874101864076,0.5
,11,Another step cut from the same linear candidate had a lower nonlinear RMS.,0.5000000000000001,step_cut_discarded,8.956597297899485,33.60559013090708,0.25
,11,Another step cut from the same linear candidate had a lower nonlinear RMS.,0.5000000000000001,step_cut_discarded,8.898905725877942,25.09320750272504,0.125
,11,Another step cut from the same linear candidate had a lower nonlinear RMS.,1.58113883008419,step_cut_discarded,9.078475754479411,37.723620967092394,1.0
,11,Another step cut from the same linear candidate had a lower nonlinear RMS.,1.58113883008419,step_cut_discarded,8.908107195091501,25.722883443589097,0.5
,11,Another step cut from the same linear candidate had a lower nonlinear RMS.,5.000000000000001,step_cut_discarded,11.038099534974801,5.588496067589997,1.0
,11,Another step cut from the same linear candidate had a lower nonlinear RMS.,5.000000000000001,step_cut_discarded,8.957725463267352,10.360219607229883,0.5
,11,Another step cut from the same linear candidate had a lower nonlinear RMS.,5.000000000000001,step_cut_discarded,8.903605976581854,13.987851864251395,0.25
,11,Another step cut from the same linear candidate had a lower nonlinear RMS.,5.000000000000001,step_cut_discarded,8.897575912883775,16.112110614562532,0.125
,11,Another step cut from the same linear candidate had a lower nonlinear RMS.,15.8113883008419,step_cut_discarded,16.131226466003582,0.8193078668087139,1.0
,11,Another step cut from the same linear candidate had a lower nonlinear RMS.,15.8113883008419,step_cut_discarded,9.218652189326322,6.34646385163947,0.5
,11,Another step cut from the same linear candidate had a lower nonlinear RMS.,15.8113883008419,step_cut_discarded,8.928148298660085,11.573683572656236,0.25
,11,Another step cut from the same linear candidate had a lower nonlinear RMS.,15.8113883008419,step_cut_discarded,8.903029263571664,14.803203865314968,0.125
,11,Another step cut from the same linear candidate had a lower nonlinear RMS.,15.8113883008419,step_cut_discarded,8.89851169448855,16.57194161968192,0.0625
,11,Another step cut from the same linear candidate had a lower nonlinear RMS.,15.8113883008419,step_cut_discarded,8.897378479709927,17.4948048988748,0.03125
,11,Another step cut from the same linear candidate had a lower nonlinear RMS.,15.8113883008419,step_cut_discarded,8.897047477810876,17.965860138973575,0.015625
,11,Another step cut from the same linear candidate had a lower nonlinear RMS.,15.8113883008419,step_cut_discarded,8.8969380277315,18.20379365914856,0.0078125
,11,Another step cut from the same linear candidate had a lower nonlinear RMS.,50.00000000000001,step_cut_discarded,18.819339133746794,0.21021662802289945,1.0
,11,Another step cut from the same linear candidate had a lower nonlinear RMS.,50.00000000000001,step_cut_discarded,9.430581751446406,5.21148723372968,0.5
,11,Another step cut from the same linear candidate had a lower nonlinear RMS.,50.00000000000001,step_cut_discarded,8.943578837477778,10.798587514072125,0.25
,11,Another step cut from the same linear candidate had a lower nonlinear RMS.,50.00000000000001,step_cut_discarded,8.905625449083972,14.363753898615602,0.125
,11,Another step cut from the same linear candidate had a lower nonlinear RMS.,50.00000000000001,step_cut_discarded,8.899276061753318,16.339241151980413,0.0625
,11,Another step cut from the same linear candidate had a lower nonlinear RMS.,50.00000000000001,step_cut_discarded,8.897665559607272,17.375210793936088,0.03125
,11,Another step cut from the same linear candidate had a lower nonlinear RMS.,50.00000000000001,step_cut_discarded,8.897169673627879,17.905252118732232,0.015625
,11,Another step cut from the same linear candidate had a lower nonlinear RMS.,50.00000000000001,step_cut_discarded,8.896993974014595,18.173286907084886,0.0078125
,11,Another step cut from the same linear candidate had a lower nonlinear RMS.,158.11388300841898,step_cut_discarded,19.79393627093576,0.11875198220481313,1.0
,11,Another step cut from the same linear candidate had a lower nonlinear RMS.,158.11388300841898,step_cut_discarded,9.521647712593753,4.8562613540532755,0.5
,11,Another step cut from the same linear candidate had a lower nonlinear RMS.,158.11388300841898,step_cut_discarded,8.94994321453552,10.54360118504208,0.25
,11,Another step cut from the same linear candidate had a lower nonlinear RMS.,158.11388300841898,step_cut_discarded,8.906620200439344,14.216917386802626,0.125
,11,Another step cut from the same linear candidate had a lower nonlinear RMS.,158.11388300841898,step_cut_discarded,8.899559204309233,16.26098705924943,0.0625
,11,Another step cut from the same linear candidate had a lower nonlinear RMS.,158.11388300841898,step_cut_discarded,8.897770440285377,17.334874788364473,0.03125
,11,Another step cut from the same linear candidate had a lower nonlinear RMS.,158.11388300841898,step_cut_discarded,8.89721399980472,17.884781876144903,0.015625
,11,Another step cut from the same linear candidate had a lower nonlinear RMS.,158.11388300841898,step_cut_discarded,8.897014188207015,18.162976225840843,0.0078125
,11,Another step cut from the same linear candidate had a lower nonlinear RMS.,500.0000000000001,step_cut_discarded,20.11417034639538,0.09082498384173521,1.0
,11,Another step cut from the same linear candidate had a lower nonlinear RMS.,500.0000000000001,step_cut_discarded,9.553441641956132,4.735272012423518,0.5
,11,Another step cut from the same linear candidate had a lower nonlinear RMS.,500.0000000000001,step_cut_discarded,8.952331042150972,10.456350053615147,0.25
,11,Another step cut from the same linear candidate had a lower nonlinear RMS.,500.0000000000001,step_cut_discarded,8.907041980853384,14.166602705936146,0.125
,11,Another step cut from the same linear candidate had a lower nonlinear RMS.,500.0000000000001,step_cut_discarded,8.899689225750386,16.234157440027943,0.0625
,11,Another step cut from the same linear candidate had a lower nonlinear RMS.,500.0000000000001,step_cut_discarded,8.897820571628033,17.321041909056664,0.03125
,11,Another step cut from the same linear candidate had a lower nonlinear RMS.,500.0000000000001,step_cut_discarded,8.897235646410804,17.87776091906673,0.015625
,11,Another step cut from the same linear candidate had a lower nonlinear RMS.,500.0000000000001,step_cut_discarded,8.897024176076366,18.159439617945687,0.0078125
,11,Another step cut from the same linear candidate had a lower nonlinear RMS.,1581.13883008419,step_cut_discarded,20.213493042899596,0.0637731551404274,1.0
,11,Another step cut from the same linear candidate had a lower nonlinear RMS.,1581.13883008419,step_cut_discarded,9.563657582803971,4.684060604631667,0.5
,11,Another step cut from the same linear candidate had a lower nonlinear RMS.,1581.13883008419,step_cut_discarded,8.953791537261912,10.421322976358923,0.25
,11,Another step cut from the same linear candidate had a lower nonlinear RMS.,1581.13883008419,step_cut_discarded,8.90749295918114,14.146733823967958,0.125
,11,Another step cut from the same linear candidate had a lower nonlinear RMS.,1581.13883008419,step_cut_discarded,8.899860066346998,16.223634163208825,0.0625
,11,Another step cut from the same linear candidate had a lower nonlinear RMS.,1581.13883008419,step_cut_discarded,8.897891832284234,17.315633061688345,0.03125
,11,Another step cut from the same linear candidate had a lower nonlinear RMS.,1581.13883008419,step_cut_discarded,8.897267582853074,17.87501969314288,0.015625
,11,Another step cut from the same linear candidate had a lower nonlinear RMS.,1581.13883008419,step_cut_discarded,8.897039197348148,18.158059804423846,0.0078125
,11,Another step cut from the same linear candidate had a lower nonlinear RMS.,5000.000000000001,step_cut_discarded,20.212505102672964,0.037355256115315885,1.0
,11,Another step cut from the same linear candidate had a lower nonlinear RMS.,5000.000000000001,step_cut_discarded,9.565151570350508,4.6541411728900215,0.5
,11,Another step cut from the same linear candidate had a lower nonlinear RMS.,5000.000000000001,step_cut_discarded,8.956207081993577,10.40218563993082,0.25
,11,Another step cut from the same linear candidate had a lower nonlinear RMS.,5000.000000000001,step_cut_discarded,8.908564211389129,14.136120750614593,0.125
,11,Another step cut from the same linear candidate had a lower nonlinear RMS.,5000.000000000001,step_cut_discarded,8.900300539159804,16.218066525247316,0.0625
,11,Another step cut from the same linear candidate had a lower nonlinear RMS.,5000.000000000001,step_cut_discarded,8.898081739877824,17.31278396738639,0.03125
,11,Another step cut from the same linear candidate had a lower nonlinear RMS.,5000.000000000001,step_cut_discarded,8.89735421209989,17.873578827161605,0.015625
,11,Another step cut from the same linear candidate had a lower nonlinear RMS.,5000.000000000001,step_cut_discarded,8.897080342903731,18.157335291725627,0.0078125
,11,A different valid candidate better satisfied the Occam selection policy.,0.005000000000000001,not_selected,8.895286984284185,20.21046295471654,0.03125
,11,A different valid candidate better satisfied the Occam selection policy.,0.0158113883008419,not_selected,8.895284854238902,20.208117451901792,0.03125
,11,A different valid candidate better satisfied the Occam selection policy.,0.05000000000000001,not_selected,8.895031839040705,20.159773264831546,0.03125
,11,A different valid candidate better satisfied the Occam selection policy.,0.158113883008419,not_selected,8.894649313815515,21.827676236565175,0.0625
,11,A different valid candidate better satisfied the Occam selection policy.,0.5000000000000001,not_selected,8.893567671026737,21.535456027958105,0.0625
,11,A different valid candidate better satisfied the Occam selection policy.,5.000000000000001,not_selected,8.896678083928931,17.251850645168197,0.0625
,11,A different valid candidate better satisfied the Occam selection policy.,15.8113883008419,not_selected,8.89689710868303,18.323361894267453,0.00390625
,11,A different valid candidate better satisfied the Occam selection policy.,50.00000000000001,not_selected,8.896923810274162,18.308057832749867,0.00390625
,11,A different valid candidate better satisfied the Occam selection policy.,158.11388300841898,not_selected,8.896933437171286,18.30288360214024,0.00390625
,11,A different valid candidate better satisfied the Occam selection policy.,500.0000000000001,not_selected,8.896938223651775,18.30110876585365,0.00390625
,11,A different valid candidate better satisfied the Occam selection policy.,1581.13883008419,not_selected,8.896945494392842,18.300416558952755,0.00390625
,11,A different valid candidate better satisfied the Occam selection policy.,5000.000000000001,not_selected,8.896965514220637,18.300053282676743,0.00390625
,12,Another step cut from the same linear candidate had a lower nonlinear RMS.,0.00158113883008419,step_cut_discarded,11.25834511981008,230.94243707149624,1.0
,12,Another step cut from the same linear candidate had a lower nonlinear RMS.,0.00158113883008419,step_cut_discarded,9.640838647092362,86.83961923733231,0.5
,12,Another step cut from the same linear candidate had a lower nonlinear RMS.,0.00158113883008419,step_cut_discarded,9.038618097086216,44.32176946746831,0.25
,12,Another step cut from the same linear candidate had a lower nonlinear RMS.,0.00158113883008419,step_cut_discarded,8.910334326801626,30.446234369340814,0.125
,12,Another step cut from the same linear candidate had a lower nonlinear RMS.,0.00158113883008419,step_cut_discarded,8.8916468800578,25.354314266978196,0.0625
,12,Another step cut from the same linear candidate had a lower nonlinear RMS.,0.005000000000000001,step_cut_discarded,11.245488457409087,230.66072266733366,1.0
,12,Another step cut from the same linear candidate had a lower nonlinear RMS.,0.005000000000000001,step_cut_discarded,9.63819225299985,86.76798645176223,0.5
,12,Another step cut from the same linear candidate had a lower nonlinear RMS.,0.005000000000000001,step_cut_discarded,9.038241930134658,44.303259178811075,0.25
,12,Another step cut from the same linear candidate had a lower nonlinear RMS.,0.005000000000000001,step_cut_discarded,8.910245522614584,30.441305751044155,0.125
,12,Another step cut from the same linear candidate had a lower nonlinear RMS.,0.005000000000000001,step_cut_discarded,8.89163166023499,25.352931589337853,0.0625
,12,Another step cut from the same linear candidate had a lower nonlinear RMS.,0.0158113883008419,step_cut_discarded,11.197045755817243,224.84301333217934,1.0
,12,Another step cut from the same linear candidate had a lower nonlinear RMS.,0.0158113883008419,step_cut_discarded,9.583167290392351,85.31144231222261,0.5
,12,Another step cut from the same linear candidate had a lower nonlinear RMS.,0.0158113883008419,step_cut_discarded,9.023257768049636,43.93806474105065,0.25
,12,Another step cut from the same linear candidate had a lower nonlinear RMS.,0.0158113883008419,step_cut_discarded,8.908093983653131,30.3494779401663,0.125
,12,Another step cut from the same linear candidate had a lower nonlinear RMS.,0.0158113883008419,step_cut_discarded,8.891309484640418,25.329710035899517,0.0625
,12,Another step cut from the same linear candidate had a lower nonlinear RMS.,0.05000000000000001,step_cut_discarded,10.931139581336039,155.44496911984345,1.0
,12,Another step cut from the same linear candidate had a lower nonlinear RMS.,0.05000000000000001,step_cut_discarded,9.28053164905694,68.22518428336451,0.5
,12,Another step cut from the same linear candidate had a lower nonlinear RMS.,0.05000000000000001,step_cut_discarded,8.949011924963708,39.798126745949084,0.25
,12,Another step cut from the same linear candidate had a lower nonlinear RMS.,0.05000000000000001,step_cut_discarded,8.896761030948634,29.380306697447374,0.125
,12,Another step cut from the same linear candidate had a lower nonlinear RMS.,0.158113883008419,step_cut_discarded,10.588746884416562,136.91080281232266,1.0
,12,Another step cut from the same linear candidate had a lower nonlinear RMS.,0.158113883008419,step_cut_discarded,9.204947349678044,63.57418952139573,0.5
,12,Another step cut from the same linear candidate had a lower nonlinear RMS.,0.158113883008419,step_cut_discarded,8.936112653377263,38.62665146291261,0.25
,12,Another step cut from the same linear candidate had a lower nonlinear RMS.,0.158113883008419,step_cut_discarded,8.894779524987912,29.083074580416113,0.125
,12,Another step cut from the same linear candidate had a lower nonlinear RMS.,0.5000000000000001,step_cut_discarded,9.547847888929892,94.04522716244405,1.0
,12,Another step cut from the same linear candidate had a lower nonlinear RMS.,0.5000000000000001,step_cut_discarded,8.99361905432132,50.110254747903724,0.5
,12,Another step cut from the same linear candidate had a lower nonlinear RMS.,0.5000000000000001,step_cut_discarded,8.901731076329781,33.88689733902841,0.25
,12,Another step cut from the same linear candidate had a lower nonlinear RMS.,1.58113883008419,step_cut_discarded,8.906461587346545,21.03012977616709,1.0
,12,Another step cut from the same linear candidate had a lower nonlinear RMS.,5.000000000000001,step_cut_discarded,12.417492284523771,2.69199290991054,1.0
,12,Another step cut from the same linear candidate had a lower nonlinear RMS.,5.000000000000001,step_cut_discarded,9.073903020310652,9.486446618639933,0.5
,12,Another step cut from the same linear candidate had a lower nonlinear RMS.,5.000000000000001,step_cut_discarded,8.908482907271262,14.838195523647256,0.25
,12,Another step cut from the same linear candidate had a lower nonlinear RMS.,5.000000000000001,step_cut_discarded,8.893696091113211,18.00270048881158,0.125
,12,Another step cut from the same linear candidate had a lower nonlinear RMS.,5.000000000000001,step_cut_discarded,8.89113971118673,19.7071105995589,0.0625
,12,Another step cut from the same linear candidate had a lower nonlinear RMS.,5.000000000000001,step_cut_discarded,8.890599110759888,20.589855061973854,0.03125
,12,Another step cut from the same linear candidate had a lower nonlinear RMS.,5.000000000000001,step_cut_discarded,8.890489675168734,21.03886214494166,0.015625
,12,Another step cut from the same linear candidate had a lower nonlinear RMS.,15.8113883008419,step_cut_discarded,17.406701678760612,0.42532786521398946,1.0
,12,Another step cut from the same linear candidate had a lower nonlinear RMS.,15.8113883008419,step_cut_discarded,9.36438684425157,6.651699504040917,0.5
,12,Another step cut from the same linear candidate had a lower nonlinear RMS.,15.8113883008419,step_cut_discarded,8.929063003464886,12.995468318285063,0.25
,12,Another step cut from the same linear candidate had a lower nonlinear RMS.,15.8113883008419,step_cut_discarded,8.897309925832984,16.974998474114802,0.125
,12,Another step cut from the same linear candidate had a lower nonlinear RMS.,15.8113883008419,step_cut_discarded,8.892203961317898,19.1666749892066,0.0625
,12,Another step cut from the same linear candidate had a lower nonlinear RMS.,15.8113883008419,step_cut_discarded,8.89099194310099,20.31299110604672,0.03125
,12,Another step cut from the same linear candidate had a lower nonlinear RMS.,15.8113883008419,step_cut_discarded,8.890654234465172,20.898768629290345,0.015625
,12,Another step cut from the same linear candidate had a lower nonlinear RMS.,15.8113883008419,step_cut_discarded,8.890548335559881,21.19481225711804,0.0078125
,12,Another step cut from the same linear candidate had a lower nonlinear RMS.,50.00000000000001,step_cut_discarded,19.773095666049212,0.1604333435010671,1.0
,12,Another step cut from the same linear candidate had a lower nonlinear RMS.,50.00000000000001,step_cut_discarded,9.513493867604907,5.834262250144239,0.5
,12,Another step cut from the same linear candidate had a lower nonlinear RMS.,50.00000000000001,step_cut_discarded,8.938306917862716,12.41550219307667,0.25
,12,Another step cut from the same linear candidate had a lower nonlinear RMS.,50.00000000000001,step_cut_discarded,8.898711332823469,16.642203536945598,0.125
,12,Another step cut from the same linear candidate had a lower nonlinear RMS.,50.00000000000001,step_cut_discarded,8.89258971048935,18.989574551980738,0.0625
,12,Another step cut from the same linear candidate had a lower nonlinear RMS.,50.00000000000001,step_cut_discarded,8.89112984751587,20.221765145273487,0.03125
,12,Another step cut from the same linear candidate had a lower nonlinear RMS.,50.00000000000001,step_cut_discarded,8.890710944386957,20.852486713363643,0.015625
,12,Another step cut from the same linear candidate had a lower nonlinear RMS.,50.00000000000001,step_cut_discarded,8.890573746290508,21.171504065269673,0.0078125
,12,Another step cut from the same linear candidate had a lower nonlinear RMS.,158.113883008419,step_cut_discarded,20.619243795728252,0.12496211602568556,1.0
,12,Another step cut from the same linear candidate had a lower nonlinear RMS.,158.113883008419,step_cut_discarded,9.56827479798325,5.581046690856859,0.5
,12,Another step cut from the same linear candidate had a lower nonlinear RMS.,158.113883008419,step_cut_discarded,8.941616577468492,12.23002442704556,0.25
,12,Another step cut from the same linear candidate had a lower nonlinear RMS.,158.113883008419,step_cut_discarded,8.89919498726831,16.534747157333186,0.125
,12,Another step cut from the same linear candidate had a lower nonlinear RMS.,158.113883008419,step_cut_discarded,8.892719729971725,18.932166988025326,0.0625
,12,Another step cut from the same linear candidate had a lower nonlinear RMS.,158.113883008419,step_cut_discarded,8.891175540749664,20.19214151975847,0.03125
,12,Another step cut from the same linear candidate had a lower nonlinear RMS.,158.113883008419,step_cut_discarded,8.89072950024774,20.837444939721806,0.015625
,12,Another step cut from the same linear candidate had a lower nonlinear RMS.,158.113883008419,step_cut_discarded,8.890581992878465,21.163925688227664,0.0078125
,12,Another step cut from the same linear candidate had a lower nonlinear RMS.,500.00000000000017,step_cut_discarded,20.900656397913654,0.1061698590772871,1.0
,12,Another step cut from the same linear candidate had a lower nonlinear RMS.,500.00000000000017,step_cut_discarded,9.586701118857837,5.49438271207037,0.5
,12,Another step cut from the same linear candidate had a lower nonlinear RMS.,500.00000000000017,step_cut_discarded,8.942866747102547,12.16737547507424,0.25
,12,Another step cut from the same linear candidate had a lower nonlinear RMS.,500.00000000000017,step_cut_discarded,8.899404995692862,16.498593440703008,0.125
,12,Another step cut from the same linear candidate had a lower nonlinear RMS.,500.00000000000017,step_cut_discarded,8.892777279277883,18.912882819549097,0.0625
,12,Another step cut from the same linear candidate had a lower nonlinear RMS.,500.00000000000017,step_cut_discarded,8.891194883548508,20.182197607980072,0.03125
,12,Another step cut from the same linear candidate had a lower nonlinear RMS.,500.00000000000017,step_cut_discarded,8.890736941901846,20.832397526947542,0.015625
,12,Another step cut from the same linear candidate had a lower nonlinear RMS.,500.00000000000017,step_cut_discarded,8.890585163946929,21.161383117619273,0.0078125
,12,Another step cut from the same linear candidate had a lower nonlinear RMS.,1581.13883008419,step_cut_discarded,20.990868374261698,0.07787154035727324,1.0
,12,Another step cut from the same linear candidate had a lower nonlinear RMS.,1581.13883008419,step_cut_discarded,9.593164404824577,5.45326834211371,0.5
,12,Another step cut from the same linear candidate had a lower nonlinear RMS.,1581.13883008419,step_cut_discarded,8.943998223927126,12.140076987446747,0.25
,12,Another step cut from the same linear candidate had a lower nonlinear RMS.,1581.13883008419,step_cut_discarded,8.899726743647124,16.483258871226973,0.125
,12,Another step cut from the same linear candidate had a lower nonlinear RMS.,1581.13883008419,step_cut_discarded,8.89287693669683,18.904794203395507,0.0625
,12,Another step cut from the same linear candidate had a lower nonlinear RMS.,1581.13883008419,step_cut_discarded,8.89122846298587,20.178047967049384,0.03125
,12,Another step cut from the same linear candidate had a lower nonlinear RMS.,1581.13883008419,step_cut_discarded,8.89074952634145,20.830296373268737,0.015625
,12,Another step cut from the same linear candidate had a lower nonlinear RMS.,1581.13883008419,step_cut_discarded,8.890590386160085,21.1603259574765,0.0078125
,12,A different valid candidate better satisfied the Occam selection policy.,0.00158113883008419,not_selected,8.889530306516114,23.269816077472175,0.03125
,12,A different valid candidate better satisfied the Occam selection policy.,0.005000000000000001,not_selected,8.889527383573055,23.269395146528993,0.03125
,12,A different valid candidate better satisfied the Occam selection policy.,0.0158113883008419,not_selected,8.889464408067724,23.263457457809967,0.03125
,12,A different valid candidate better satisfied the Occam selection policy.,0.05000000000000001,not_selected,8.88958139823016,25.120323853248024,0.0625
,12,A different valid candidate better satisfied the Occam selection policy.,0.158113883008419,not_selected,8.889220031989378,25.043834175854137,0.0625
,12,A different valid candidate better satisfied the Occam selection policy.,0.5000000000000001,not_selected,8.889090114073165,27.21125083418946,0.125
,12,A different valid candidate better satisfied the Occam selection policy.,5.000000000000001,not_selected,8.890473789821042,21.265274399365627,0.0078125
,12,A different valid candidate better satisfied the Occam selection policy.,15.8113883008419,not_selected,8.890510823656935,21.34362278758336,0.00390625
,12,A different valid candidate better satisfied the Occam selection policy.,50.00000000000001,not_selected,8.890522803613164,21.331926883187922,0.00390625
,12,A different valid candidate better satisfied the Occam selection policy.,158.113883008419,not_selected,8.890526672827606,21.32812332211165,0.00390625
,12,A different valid candidate better satisfied the Occam selection policy.,500.00000000000017,not_selected,8.890528121430044,21.326847320752133,0.00390625
,12,A different valid candidate better satisfied the Occam selection policy.,1581.13883008419,not_selected,8.890530462667055,21.326317094854907,0.00390625
,13,Another step cut from the same linear candidate had a lower nonlinear RMS.,0.00158113883008419,step_cut_discarded,10.55138235875977,220.97664796149593,1.0
,13,Another step cut from the same linear candidate had a lower nonlinear RMS.,0.00158113883008419,step_cut_discarded,9.455110994424007,82.56931593825313,0.5
,13,Another step cut from the same linear candidate had a lower nonlinear RMS.,0.00158113883008419,step_cut_discarded,8.979498706067927,42.04730235957832,0.25
,13,Another step cut from the same linear candidate had a lower nonlinear RMS.,0.00158113883008419,step_cut_discarded,8.89337498326429,28.95670867847756,0.125
,13,Another step cut from the same linear candidate had a lower nonlinear RMS.,0.005000000000000001,step_cut_discarded,10.519073408290598,200.92496475901444,1.0
,13,Another step cut from the same linear candidate had a lower nonlinear RMS.,0.005000000000000001,step_cut_discarded,9.38749244047128,77.68943295401347,0.5
,13,Another step cut from the same linear candidate had a lower nonlinear RMS.,0.005000000000000001,step_cut_discarded,8.964866105902274,40.89385052170875,0.25
,13,Another step cut from the same linear candidate had a lower nonlinear RMS.,0.005000000000000001,step_cut_discarded,8.891668579997395,28.701605173105346,0.125
,13,Another step cut from the same linear candidate had a lower nonlinear RMS.,0.0158113883008419,step_cut_discarded,10.4092252538036,157.37070749032173,1.0
,13,Another step cut from the same linear candidate had a lower nonlinear RMS.,0.0158113883008419,step_cut_discarded,9.192655617629478,67.20969547935564,0.5
,13,Another step cut from the same linear candidate had a lower nonlinear RMS.,0.0158113883008419,step_cut_discarded,8.929080418543071,38.478329574301995,0.25
,13,Another step cut from the same linear candidate had a lower nonlinear RMS.,0.0158113883008419,step_cut_discarded,8.887208614616425,28.199931646882494,0.125
,13,Another step cut from the same linear candidate had a lower nonlinear RMS.,0.05000000000000001,step_cut_discarded,10.311944536373383,136.63243874684298,1.0
,13,Another step cut from the same linear candidate had a lower nonlinear RMS.,0.05000000000000001,step_cut_discarded,9.158521948802905,62.36401460263211,0.5
,13,Another step cut from the same linear candidate had a lower nonlinear RMS.,0.05000000000000001,step_cut_discarded,8.92268002606707,37.43635250969418,0.25
,13,Another step cut from the same linear candidate had a lower nonlinear RMS.,0.05000000000000001,step_cut_discarded,8.886139007368746,28.024158958017082,0.125
,13,Another step cut from the same linear candidate had a lower nonlinear RMS.,0.158113883008419,step_cut_discarded,10.3699243342244,132.47515285292891,1.0
,13,Another step cut from the same linear candidate had a lower nonlinear RMS.,0.158113883008419,step_cut_discarded,9.1685377265603,61.47054117696519,0.5
,13,Another step cut from the same linear candidate had a lower nonlinear RMS.,0.158113883008419,step_cut_discarded,8.923699381507088,37.28590817718324,0.25
,13,Another step cut from the same linear candidate had a lower nonlinear RMS.,0.158113883008419,step_cut_discarded,8.886209138204773,28.02300988684225,0.125
,13,Another step cut from the same linear candidate had a lower nonlinear RMS.,0.5000000000000001,step_cut_discarded,10.129725264586417,109.379649982432,1.0
,13,Another step cut from the same linear candidate had a lower nonlinear RMS.,0.5000000000000001,step_cut_discarded,9.100921885016806,54.57947847220576,0.5
,13,Another step cut from the same linear candidate had a lower nonlinear RMS.,0.5000000000000001,step_cut_discarded,8.911183567207965,35.00454900742577,0.25
,13,Another step cut from the same linear candidate had a lower nonlinear RMS.,0.5000000000000001,step_cut_discarded,8.884374836074484,27.17337334761907,0.125
,13,Another step cut from the same linear candidate had a lower nonlinear RMS.,1.58113883008419,step_cut_discarded,8.918607647699833,35.06782059376229,1.0
,13,Another step cut from the same linear candidate had a lower nonlinear RMS.,1.58113883008419,step_cut_discarded,8.883980897612744,27.03944601080359,0.5
,13,Another step cut from the same linear candidate had a lower nonlinear RMS.,5.000000000000001,step_cut_discarded,9.760154529158003,5.333387580918604,1.0
,13,Another step cut from the same linear candidate had a lower nonlinear RMS.,5.000000000000001,step_cut_discarded,8.928705525510598,11.365217729586343,0.5
,13,Another step cut from the same linear candidate had a lower nonlinear RMS.,5.000000000000001,step_cut_discarded,8.892726905603961,15.599636250650393,0.25
,13,Another step cut from the same linear candidate had a lower nonlinear RMS.,5.000000000000001,step_cut_discarded,8.886652732611708,18.021471372864962,0.125
,13,Another step cut from the same linear candidate had a lower nonlinear RMS.,5.000000000000001,step_cut_discarded,8.88490578661168,19.308545399392887,0.0625
,13,Another step cut from the same linear candidate had a lower nonlinear RMS.,5.000000000000001,step_cut_discarded,8.884286814433153,19.971121529012013,0.03125
,13,Another step cut from the same linear candidate had a lower nonlinear RMS.,5.000000000000001,step_cut_discarded,8.884037402275215,20.30716937291036,0.015625
,13,Another step cut from the same linear candidate had a lower nonlinear RMS.,5.000000000000001,step_cut_discarded,8.883927503806198,20.476383239631733,0.0078125
,13,Another step cut from the same linear candidate had a lower nonlinear RMS.,15.8113883008419,step_cut_discarded,14.538744819294694,0.9001694282340974,1.0
,13,Another step cut from the same linear candidate had a lower nonlinear RMS.,15.8113883008419,step_cut_discarded,9.150254828878998,7.134614187866029,0.5
,13,Another step cut from the same linear candidate had a lower nonlinear RMS.,15.8113883008419,step_cut_discarded,8.914552771979428,12.980835863445725,0.25
,13,Another step cut from the same linear candidate had a lower nonlinear RMS.,15.8113883008419,step_cut_discarded,8.891608149987897,16.5861965251765,0.125
,13,Another step cut from the same linear candidate had a lower nonlinear RMS.,15.8113883008419,step_cut_discarded,8.886584363260804,18.559439312027127,0.0625
,13,Another step cut from the same linear candidate had a lower nonlinear RMS.,15.8113883008419,step_cut_discarded,8.884964291612146,19.58870131944874,0.03125
,13,Another step cut from the same linear candidate had a lower nonlinear RMS.,15.8113883008419,step_cut_discarded,8.88433823530708,20.113992476658638,0.015625
,13,Another step cut from the same linear candidate had a lower nonlinear RMS.,15.8113883008419,step_cut_discarded,8.88406864609822,20.37930309363834,0.0078125
,13,Another step cut from the same linear candidate had a lower nonlinear RMS.,50.00000000000001,step_cut_discarded,17.759457450193214,0.2136005398751895,1.0
,13,Another step cut from the same linear candidate had a lower nonlinear RMS.,50.00000000000001,step_cut_discarded,9.391237987256604,5.837694004688782,0.5
,13,Another step cut from the same linear candidate had a lower nonlinear RMS.,50.00000000000001,step_cut_discarded,8.932716455317275,12.09396683710765,0.25
,13,Another step cut from the same linear candidate had a lower nonlinear RMS.,50.00000000000001,step_cut_discarded,8.894581975702113,16.083159778320105,0.125
,13,Another step cut from the same linear candidate had a lower nonlinear RMS.,50.00000000000001,step_cut_discarded,8.887434197767302,18.293020380177083,0.0625
,13,Another step cut from the same linear candidate had a lower nonlinear RMS.,50.00000000000001,step_cut_discarded,8.885278594071464,19.451766713918264,0.03125
,13,Another step cut from the same linear candidate had a lower nonlinear RMS.,50.00000000000001,step_cut_discarded,8.884471009738114,20.04459388899203,0.015625
,13,Another step cut from the same linear candidate had a lower nonlinear RMS.,50.00000000000001,step_cut_discarded,8.884129203521894,20.344370978579697,0.0078125
,13,Another step cut from the same linear candidate had a lower nonlinear RMS.,158.113883008419,step_cut_discarded,19.183384995122548,0.10529681513963209,1.0
,13,Another step cut from the same linear candidate had a lower nonlinear RMS.,158.113883008419,step_cut_discarded,9.529261431139908,5.421833367982954,0.5
,13,Another step cut from the same linear candidate had a lower nonlinear RMS.,158.113883008419,step_cut_discarded,8.942723525105608,11.795609325170224,0.25
,13,Another step cut from the same linear candidate had a lower nonlinear RMS.,158.113883008419,step_cut_discarded,8.896022639545185,15.911374223955262,0.125
,13,Another step cut from the same linear candidate had a lower nonlinear RMS.,158.113883008419,step_cut_discarded,8.887817963328102,18.201475903395632,0.0625
,13,Another step cut from the same linear candidate had a lower nonlinear RMS.,158.113883008419,step_cut_discarded,8.88541667337996,19.404581550627782,0.03125
,13,Another step cut from the same linear candidate had a lower nonlinear RMS.,158.113883008419,step_cut_discarded,8.884528646057115,20.02064807612184,0.015625
,13,Another step cut from the same linear candidate had a lower nonlinear RMS.,158.113883008419,step_cut_discarded,8.88415533735457,20.332309764338376,0.0078125
,13,Another step cut from the same linear candidate had a lower nonlinear RMS.,500.00000000000017,step_cut_discarded,19.73149291821277,0.08132554781696243,1.0
,13,Another step cut from the same linear candidate had a lower nonlinear RMS.,500.00000000000017,step_cut_discarded,9.587792213296998,5.284791921754317,0.5
,13,Another step cut from the same linear candidate had a lower nonlinear RMS.,500.00000000000017,step_cut_discarded,8.947170195070148,11.695824648914074,0.25
,13,Another step cut from the same linear candidate had a lower nonlinear RMS.,500.00000000000017,step_cut_discarded,8.896706749628448,15.853665897541733,0.125
,13,Another step cut from the same linear candidate had a lower nonlinear RMS.,500.00000000000017,step_cut_discarded,8.888016640430834,18.1706677431175,0.0625
,13,Another step cut from the same linear candidate had a lower nonlinear RMS.,500.00000000000017,step_cut_discarded,8.885493413823696,19.388688971220876,0.03125
,13,Another step cut from the same linear candidate had a lower nonlinear RMS.,500.00000000000017,step_cut_discarded,8.884562263111462,20.012579661601432,0.015625
,13,Another step cut from the same linear candidate had a lower nonlinear RMS.,500.00000000000017,step_cut_discarded,8.884171030886622,20.328245025873922,0.0078125
,13,Another step cut from the same linear candidate had a lower nonlinear RMS.,1581.13883008419,step_cut_discarded,19.920508900146288,0.05968292438523509,1.0
,13,Another step cut from the same linear candidate had a lower nonlinear RMS.,1581.13883008419,step_cut_discarded,9.610019492278296,5.231895884847595,0.5
,13,Another step cut from the same linear candidate had a lower nonlinear RMS.,1581.13883008419,step_cut_discarded,8.949642548677978,11.658857949163005,0.25
,13,Another step cut from the same linear candidate had a lower nonlinear RMS.,1581.13883008419,step_cut_discarded,8.897300334906102,15.83255287734177,0.125
,13,Another step cut from the same linear candidate had a lower nonlinear RMS.,1581.13883008419,step_cut_discarded,8.888231626786963,18.15945381543641,0.0625
,13,Another step cut from the same linear candidate had a lower nonlinear RMS.,1581.13883008419,step_cut_discarded,8.885584623191695,19.382917652985057,0.03125
,13,Another step cut from the same linear candidate had a lower nonlinear RMS.,1581.13883008419,step_cut_discarded,8.88460406396047,20.009652913884704,0.015625
,13,Another step cut from the same linear candidate had a lower nonlinear RMS.,1581.13883008419,step_cut_discarded,8.884191000876976,20.32677137986585,0.0078125
,13,A different valid candidate better satisfied the Occam selection policy.,0.00158113883008419,not_selected,8.882955877634787,24.20401511498634,0.0625
,13,A different valid candidate better satisfied the Occam selection policy.,0.005000000000000001,not_selected,8.882752435676469,24.156868965690876,0.0625
,13,A different valid candidate better satisfied the Occam selection policy.,0.0158113883008419,not_selected,8.882107717915797,24.082553939449586,0.0625
,13,A different valid candidate better satisfied the Occam selection policy.,0.05000000000000001,not_selected,8.881893284172838,24.080971555876495,0.0625
,13,A different valid candidate better satisfied the Occam selection policy.,0.158113883008419,not_selected,8.881894221626283,24.098915294059243,0.0625
,13,A different valid candidate better satisfied the Occam selection policy.,0.5000000000000001,not_selected,8.88171638271504,23.746857785861547,0.0625
,13,A different valid candidate better satisfied the Occam selection policy.,5.000000000000001,not_selected,8.883876242767915,20.561287659185474,0.00390625
,13,A different valid candidate better satisfied the Occam selection policy.,15.8113883008419,not_selected,8.883944513963892,20.512624661721887,0.00390625
,13,A different valid candidate better satisfied the Occam selection policy.,50.00000000000001,not_selected,8.883973360062368,20.495100398886233,0.00390625
,13,A different valid candidate better satisfied the Occam selection policy.,158.113883008419,not_selected,8.883985771684127,20.48904771481401,0.00390625
,13,A different valid candidate better satisfied the Occam selection policy.,500.00000000000017,not_selected,8.883993346692742,20.48700771278073,0.00390625
,13,A different valid candidate better satisfied the Occam selection policy.,1581.13883008419,not_selected,8.884003100927334,20.48626832173926,0.00390625
,14,Another step cut from the same linear candidate had a lower nonlinear RMS.,0.00158113883008419,step_cut_discarded,10.305464439328706,188.18599719092163,1.0
,14,Another step cut from the same linear candidate had a lower nonlinear RMS.,0.00158113883008419,step_cut_discarded,9.36205354535181,77.64596442072575,0.5
,14,Another step cut from the same linear candidate had a lower nonlinear RMS.,0.00158113883008419,step_cut_discarded,8.94761450768063,43.575662417288285,0.25
,14,Another step cut from the same linear candidate had a lower nonlinear RMS.,0.00158113883008419,step_cut_discarded,8.886772130322731,31.840440010984704,0.125
,14,Another step cut from the same linear candidate had a lower nonlinear RMS.,0.005000000000000001,step_cut_discarded,10.22984981552257,180.7201604031048,1.0
,14,Another step cut from the same linear candidate had a lower nonlinear RMS.,0.005000000000000001,step_cut_discarded,9.237933714383107,75.76568959258321,0.5
,14,Another step cut from the same linear candidate had a lower nonlinear RMS.,0.005000000000000001,step_cut_discarded,8.929541363727584,43.098685894658495,0.25
,14,Another step cut from the same linear candidate had a lower nonlinear RMS.,0.005000000000000001,step_cut_discarded,8.885137786475905,31.71774197253017,0.125
,14,Another step cut from the same linear candidate had a lower nonlinear RMS.,0.0158113883008419,step_cut_discarded,9.925209766301824,147.40207387134126,1.0
,14,Another step cut from the same linear candidate had a lower nonlinear RMS.,0.0158113883008419,step_cut_discarded,9.063579478585565,67.68648583634366,0.5
,14,Another step cut from the same linear candidate had a lower nonlinear RMS.,0.0158113883008419,step_cut_discarded,8.906265076935602,41.204043893949304,0.25
,14,Another step cut from the same linear candidate had a lower nonlinear RMS.,0.0158113883008419,step_cut_discarded,8.882509870706484,31.306660941528218,0.125
,14,Another step cut from the same linear candidate had a lower nonlinear RMS.,0.05000000000000001,step_cut_discarded,9.79803208534545,131.05967727176457,1.0
,14,Another step cut from the same linear candidate had a lower nonlinear RMS.,0.05000000000000001,step_cut_discarded,9.038843761664198,63.78772786449269,0.5
,14,Another step cut from the same linear candidate had a lower nonlinear RMS.,0.05000000000000001,step_cut_discarded,8.902304773706273,40.32277499000811,0.25
,14,Another step cut from the same linear candidate had a lower nonlinear RMS.,0.05000000000000001,step_cut_discarded,8.881930312838795,31.133054010053716,0.125
,14,Another step cut from the same linear candidate had a lower nonlinear RMS.,0.158113883008419,step_cut_discarded,9.776659626465207,126.98598244384341,1.0
,14,Another step cut from the same linear candidate had a lower nonlinear RMS.,0.158113883008419,step_cut_discarded,9.034996393776403,62.72178830606717,0.5
,14,Another step cut from the same linear candidate had a lower nonlinear RMS.,0.158113883008419,step_cut_discarded,8.901677626049372,40.03253217467914,0.25
,14,Another step cut from the same linear candidate had a lower nonlinear RMS.,0.158113883008419,step_cut_discarded,8.881833662274918,31.04861434336016,0.125
,14,Another step cut from the same linear candidate had a lower nonlinear RMS.,0.5000000000000001,step_cut_discarded,9.262179877539486,87.11419877000935,1.0
,14,Another step cut from the same linear candidate had a lower nonlinear RMS.,0.5000000000000001,step_cut_discarded,8.935746259597154,49.68129537123222,0.5
,14,Another step cut from the same linear candidate had a lower nonlinear RMS.,0.5000000000000001,step_cut_discarded,8.88576740062965,35.2361354327822,0.25
,14,Another step cut from the same linear candidate had a lower nonlinear RMS.,1.58113883008419,step_cut_discarded,8.888494387447329,17.948348482865022,1.0
,14,Another step cut from the same linear candidate had a lower nonlinear RMS.,1.58113883008419,step_cut_discarded,8.880890344120344,20.5843903643078,0.5
,14,Another step cut from the same linear candidate had a lower nonlinear RMS.,5.000000000000001,step_cut_discarded,11.779826625284542,2.3003451576447342,1.0
,14,Another step cut from the same linear candidate had a lower nonlinear RMS.,5.000000000000001,step_cut_discarded,9.029131176513678,10.010484171741744,0.5
,14,Another step cut from the same linear candidate had a lower nonlinear RMS.,5.000000000000001,step_cut_discarded,8.898399044519522,16.084758734709915,0.25
,14,Another step cut from the same linear candidate had a lower nonlinear RMS.,5.000000000000001,step_cut_discarded,8.885012757170843,19.676697280173915,0.125
,14,Another step cut from the same linear candidate had a lower nonlinear RMS.,5.000000000000001,step_cut_discarded,8.882077505129415,21.61136686890089,0.0625
,14,Another step cut from the same linear candidate had a lower nonlinear RMS.,5.000000000000001,step_cut_discarded,8.881174296806352,22.613376742263135,0.03125
,14,Another step cut from the same linear candidate had a lower nonlinear RMS.,5.000000000000001,step_cut_discarded,8.880843980084485,23.12305044869394,0.015625
,14,Another step cut from the same linear candidate had a lower nonlinear RMS.,5.000000000000001,step_cut_discarded,8.880707879119996,23.38005449434675,0.0078125
,14,Another step cut from the same linear candidate had a lower nonlinear RMS.,15.8113883008419,step_cut_discarded,16.8896947096683,0.3803187848886312,1.0
,14,Another step cut from the same linear candidate had a lower nonlinear RMS.,15.8113883008419,step_cut_discarded,9.302572593934574,7.210268084955065,0.5
,14,Another step cut from the same linear candidate had a lower nonlinear RMS.,15.8113883008419,step_cut_discarded,8.916783496823038,14.224599966214415,0.25
,14,Another step cut from the same linear candidate had a lower nonlinear RMS.,15.8113883008419,step_cut_discarded,8.888037598180427,18.631605214650627,0.125
,14,Another step cut from the same linear candidate had a lower nonlinear RMS.,15.8113883008419,step_cut_discarded,8.88294372046758,21.060067665820373,0.0625
,14,Another step cut from the same linear candidate had a lower nonlinear RMS.,15.8113883008419,step_cut_discarded,8.881491555075373,22.33053884814315,0.03125
,14,Another step cut from the same linear candidate had a lower nonlinear RMS.,15.8113883008419,step_cut_discarded,8.88097662389527,22.97983442848901,0.015625
,14,Another step cut from the same linear candidate had a lower nonlinear RMS.,15.8113883008419,step_cut_discarded,8.880767940032667,23.307997215958068,0.0078125
,14,Another step cut from the same linear candidate had a lower nonlinear RMS.,50.00000000000001,step_cut_discarded,19.469739985711357,0.13538290772110984,1.0
,14,Another step cut from the same linear candidate had a lower nonlinear RMS.,50.00000000000001,step_cut_discarded,9.471188156170122,6.369335850465002,0.5
,14,Another step cut from the same linear candidate had a lower nonlinear RMS.,50.00000000000001,step_cut_discarded,8.926751206336666,13.624517774992812,0.25
,14,Another step cut from the same linear candidate had a lower nonlinear RMS.,50.00000000000001,step_cut_discarded,8.889393816691396,18.286660100545685,0.125
,14,Another step cut from the same linear candidate had a lower nonlinear RMS.,50.00000000000001,step_cut_discarded,8.883294538531427,20.876369104144356,0.0625
,14,Another step cut from the same linear candidate had a lower nonlinear RMS.,50.00000000000001,step_cut_discarded,8.881613664109397,22.235883066149256,0.03125
,14,Another step cut from the same linear candidate had a lower nonlinear RMS.,50.00000000000001,step_cut_discarded,8.881026157085348,22.931804912203102,0.015625
,14,Another step cut from the same linear candidate had a lower nonlinear RMS.,50.00000000000001,step_cut_discarded,8.880789965457405,23.28380705149286,0.0078125
,14,Another step cut from the same linear candidate had a lower nonlinear RMS.,158.113883008419,step_cut_discarded,20.44809518572884,0.09923999900956385,1.0
,14,Another step cut from the same linear candidate had a lower nonlinear RMS.,158.113883008419,step_cut_discarded,9.542043549187591,6.103353669570708,0.5
,14,Another step cut from the same linear candidate had a lower nonlinear RMS.,158.113883008419,step_cut_discarded,8.930924511015302,13.429549002911028,0.25
,14,Another step cut from the same linear candidate had a lower nonlinear RMS.,158.113883008419,step_cut_discarded,8.889944013472078,18.173681294096127,0.125
,14,Another step cut from the same linear candidate had a lower nonlinear RMS.,158.113883008419,step_cut_discarded,8.883436821484121,20.81600609581742,0.0625
,14,Another step cut from the same linear candidate had a lower nonlinear RMS.,158.113883008419,step_cut_discarded,8.881663895901472,22.204733160710248,0.03125
,14,Another step cut from the same linear candidate had a lower nonlinear RMS.,158.113883008419,step_cut_discarded,8.881046818839298,22.9159878591647,0.015625
,14,Another step cut from the same linear candidate had a lower nonlinear RMS.,158.113883008419,step_cut_discarded,8.88079924223931,23.27583799989395,0.0078125
,14,Another step cut from the same linear candidate had a lower nonlinear RMS.,500.00000000000017,step_cut_discarded,20.78457289978617,0.08525991152930108,1.0
,14,Another step cut from the same linear candidate had a lower nonlinear RMS.,500.00000000000017,step_cut_discarded,9.567916127730232,6.014633475562426,0.5
,14,Another step cut from the same linear candidate had a lower nonlinear RMS.,500.00000000000017,step_cut_discarded,8.932664773730487,13.364756368339856,0.25
,14,Another step cut from the same linear candidate had a lower nonlinear RMS.,500.00000000000017,step_cut_discarded,8.890231351305246,18.136176842418784,0.125
,14,Another step cut from the same linear candidate had a lower nonlinear RMS.,500.00000000000017,step_cut_discarded,8.883526128588937,20.795976836380806,0.0625
,14,Another step cut from the same linear candidate had a lower nonlinear RMS.,500.00000000000017,step_cut_discarded,8.881699515444422,22.19439927259246,0.03125
,14,Another step cut from the same linear candidate had a lower nonlinear RMS.,500.00000000000017,step_cut_discarded,8.881062665194591,22.91074110050594,0.015625
,14,Another step cut from the same linear candidate had a lower nonlinear RMS.,500.00000000000017,step_cut_discarded,8.880806698060109,23.27319466691459,0.0078125
,14,Another step cut from the same linear candidate had a lower nonlinear RMS.,1581.13883008419,step_cut_discarded,20.894580957100874,0.06507451880949786,1.0
,14,Another step cut from the same linear candidate had a lower nonlinear RMS.,1581.13883008419,step_cut_discarded,9.577787245113127,5.97721458618149,0.5
,14,Another step cut from the same linear candidate had a lower nonlinear RMS.,1581.13883008419,step_cut_discarded,8.934050245803233,13.339215375394128,0.25
,14,Another step cut from the same linear candidate had a lower nonlinear RMS.,1581.13883008419,step_cut_discarded,8.89061715689079,18.121698458882108,0.125
,14,Another step cut from the same linear candidate had a lower nonlinear RMS.,1581.13883008419,step_cut_discarded,8.883665460970082,20.788310672846517,0.0625
,14,Another step cut from the same linear candidate had a lower nonlinear RMS.,1581.13883008419,step_cut_discarded,8.881756920411881,22.19045944788381,0.03125
,14,Another step cut from the same linear candidate had a lower nonlinear RMS.,1581.13883008419,step_cut_discarded,8.881088376932368,22.90874450241625,0.015625
,14,Another step cut from the same linear candidate had a lower nonlinear RMS.,1581.13883008419,step_cut_discarded,8.880818812411759,23.27218969643591,0.0078125
,14,A different valid candidate better satisfied the Occam selection policy.,0.00158113883008419,not_selected,8.880087126736614,27.297810956686686,0.0625
,14,A different valid candidate better satisfied the Occam selection policy.,0.005000000000000001,not_selected,8.87988723160174,27.265409493174516,0.0625
,14,A different valid candidate better satisfied the Occam selection policy.,0.0158113883008419,not_selected,8.879525196520257,27.193928970011704,0.0625
,14,A different valid candidate better satisfied the Occam selection policy.,0.05000000000000001,not_selected,8.879425906850512,27.173882384398464,0.0625
,14,A different valid candidate better satisfied the Occam selection policy.,0.158113883008419,not_selected,8.87941854244578,27.146832986294427,0.0625
,14,A different valid candidate better satisfied the Occam selection policy.,1.58113883008419,not_selected,8.87998342460972,22.05918796348192,0.25
,14,A different valid candidate better satisfied the Occam selection policy.,5.000000000000001,not_selected,8.880646998557479,23.509098315282525,0.00390625
,14,A different valid candidate better satisfied the Occam selection policy.,15.8113883008419,not_selected,8.880675485565448,23.47295735901661,0.00390625
,14,A different valid candidate better satisfied the Occam selection policy.,50.00000000000001,not_selected,8.880685825629055,23.46081842520346,0.00390625
,14,A different valid candidate better satisfied the Occam selection policy.,158.113883008419,not_selected,8.88069020588278,23.456818768134067,0.00390625
,14,A different valid candidate better satisfied the Occam selection policy.,500.00000000000017,not_selected,8.880693819155594,23.455492113231905,0.00390625
,14,A different valid candidate better satisfied the Occam selection policy.,1581.13883008419,not_selected,8.88069969155341,23.45498796013409,0.00390625
,15,Another step cut from the same linear candidate had a lower nonlinear RMS.,0.0005000000000000001,step_cut_discarded,9.695140577591962,197.8027368527947,1.0
,15,Another step cut from the same linear candidate had a lower nonlinear RMS.,0.0005000000000000001,step_cut_discarded,9.147065601905275,84.29311491430572,0.5
,15,Another step cut from the same linear candidate had a lower nonlinear RMS.,0.0005000000000000001,step_cut_discarded,8.91094362968855,49.40001098055186,0.25
,15,Another step cut from the same linear candidate had a lower nonlinear RMS.,0.0005000000000000001,step_cut_discarded,8.881887492200933,37.41888577254763,0.125
,15,Another step cut from the same linear candidate had a lower nonlinear RMS.,0.0015811388300841901,step_cut_discarded,9.77553424409691,185.6748175466704,1.0
,15,Another step cut from the same linear candidate had a lower nonlinear RMS.,0.0015811388300841901,step_cut_discarded,9.0896944123699,81.28035731659399,0.5
,15,Another step cut from the same linear candidate had a lower nonlinear RMS.,0.0015811388300841901,step_cut_discarded,8.9057610519241,48.656432695533645,0.25
,15,Another step cut from the same linear candidate had a lower nonlinear RMS.,0.0015811388300841901,step_cut_discarded,8.88146092011747,37.237796758497915,0.125
,15,Another step cut from the same linear candidate had a lower nonlinear RMS.,0.005000000000000001,step_cut_discarded,9.450884220437295,159.12632857837465,1.0
,15,Another step cut from the same linear candidate had a lower nonlinear RMS.,0.005000000000000001,step_cut_discarded,8.976071853716665,74.72087648034504,0.5
,15,Another step cut from the same linear candidate had a lower nonlinear RMS.,0.005000000000000001,step_cut_discarded,8.893682931300477,47.055383189383875,0.25
,15,Another step cut from the same linear candidate had a lower nonlinear RMS.,0.005000000000000001,step_cut_discarded,8.880123166385449,36.85694473341672,0.125
,15,Another step cut from the same linear candidate had a lower nonlinear RMS.,0.0158113883008419,step_cut_discarded,9.234986645704206,133.71868858860915,1.0
,15,Another step cut from the same linear candidate had a lower nonlinear RMS.,0.0158113883008419,step_cut_discarded,8.942155916953244,68.66854963549517,0.5
,15,Another step cut from the same linear candidate had a lower nonlinear RMS.,0.0158113883008419,step_cut_discarded,8.888077303464616,45.69209305446717,0.25
,15,Another step cut from the same linear candidate had a lower nonlinear RMS.,0.0158113883008419,step_cut_discarded,8.879402598380098,36.59101798783542,0.125
,15,Another step cut from the same linear candidate had a lower nonlinear RMS.,0.05000000000000002,step_cut_discarded,9.21812946147814,126.99230207445405,1.0
,15,Another step cut from the same linear candidate had a lower nonlinear RMS.,0.05000000000000002,step_cut_discarded,8.937131653679993,67.07026557094002,0.5
,15,Another step cut from the same linear candidate had a lower nonlinear RMS.,0.05000000000000002,step_cut_discarded,8.88727525792833,45.334178320320206,0.25
,15,Another step cut from the same linear candidate had a lower nonlinear RMS.,0.158113883008419,step_cut_discarded,9.155232015396145,112.95542304744701,1.0
,15,Another step cut from the same linear candidate had a lower nonlinear RMS.,0.158113883008419,step_cut_discarded,8.92387053847968,62.69358703573437,0.5
,15,Another step cut from the same linear candidate had a lower nonlinear RMS.,0.158113883008419,step_cut_discarded,8.884820317010936,43.80627929729184,0.25
,15,Another step cut from the same linear candidate had a lower nonlinear RMS.,1.5811388300841902,step_cut_discarded,10.01626698536435,8.264139638103089,1.0
,15,Another step cut from the same linear candidate had a lower nonlinear RMS.,1.5811388300841902,step_cut_discarded,8.932697076511058,16.52809725875199,0.5
,15,Another step cut from the same linear candidate had a lower nonlinear RMS.,1.5811388300841902,step_cut_discarded,8.885712603411775,22.268572390723044,0.25
,15,Another step cut from the same linear candidate had a lower nonlinear RMS.,1.5811388300841902,step_cut_discarded,8.880482542645751,25.540934037120213,0.125
,15,Another step cut from the same linear candidate had a lower nonlinear RMS.,1.5811388300841902,step_cut_discarded,8.87951721301511,27.277645880421716,0.0625
,15,Another step cut from the same linear candidate had a lower nonlinear RMS.,5.000000000000001,step_cut_discarded,15.500727017486891,1.170247097780968,1.0
,15,Another step cut from the same linear candidate had a lower nonlinear RMS.,5.000000000000001,step_cut_discarded,9.175119837477762,10.045593269572512,0.5
,15,Another step cut from the same linear candidate had a lower nonlinear RMS.,5.000000000000001,step_cut_discarded,8.903328665979133,18.293430966378693,0.25
,15,Another step cut from the same linear candidate had a lower nonlinear RMS.,5.000000000000001,step_cut_discarded,8.883839381854127,23.369890967509388,0.125
,15,Another step cut from the same linear candidate had a lower nonlinear RMS.,5.000000000000001,step_cut_discarded,8.880541226679844,26.146256256256635,0.0625
,15,Another step cut from the same linear candidate had a lower nonlinear RMS.,5.000000000000001,step_cut_discarded,8.87972148368573,27.593972722675733,0.03125
,15,Another step cut from the same linear candidate had a lower nonlinear RMS.,5.000000000000001,step_cut_discarded,8.879480190105703,28.33271441139665,0.015625
,15,Another step cut from the same linear candidate had a lower nonlinear RMS.,5.000000000000001,step_cut_discarded,8.879399208710208,28.705806119634957,0.0078125
,15,Another step cut from the same linear candidate had a lower nonlinear RMS.,15.8113883008419,step_cut_discarded,19.472603713015083,0.26152209553149025,1.0
,15,Another step cut from the same linear candidate had a lower nonlinear RMS.,15.8113883008419,step_cut_discarded,9.381149681945828,8.198976640602549,0.5
,15,Another step cut from the same linear candidate had a lower nonlinear RMS.,15.8113883008419,step_cut_discarded,8.91462557935559,17.022059119932408,0.25
,15,Another step cut from the same linear candidate had a lower nonlinear RMS.,15.8113883008419,step_cut_discarded,8.885481717722794,22.647189161295916,0.125
,15,Another step cut from the same linear candidate had a lower nonlinear RMS.,15.8113883008419,step_cut_discarded,8.880980465688102,25.763151382402327,0.0625
,15,Another step cut from the same linear candidate had a lower nonlinear RMS.,15.8113883008419,step_cut_discarded,8.879875005584703,27.39698179306168,0.03125
,15,Another step cut from the same linear candidate had a lower nonlinear RMS.,15.8113883008419,step_cut_discarded,8.879542305680642,28.2328593234179,0.015625
,15,Another step cut from the same linear candidate had a lower nonlinear RMS.,15.8113883008419,step_cut_discarded,8.879426754764014,28.655538669852643,0.0078125
,15,Another step cut from the same linear candidate had a lower nonlinear RMS.,50.000000000000014,step_cut_discarded,21.19286764599146,0.12367302224113892,1.0
,15,Another step cut from the same linear candidate had a lower nonlinear RMS.,50.000000000000014,step_cut_discarded,9.478797792442366,7.6183768951345066,0.5
,15,Another step cut from the same linear candidate had a lower nonlinear RMS.,50.000000000000014,step_cut_discarded,8.919730386462557,16.60384044499267,0.25
,15,Another step cut from the same linear candidate had a lower nonlinear RMS.,50.000000000000014,step_cut_discarded,8.886165934701213,22.406100123274623,0.125
,15,Another step cut from the same linear candidate had a lower nonlinear RMS.,50.000000000000014,step_cut_discarded,8.881156462611946,25.634611938253812,0.0625
,15,Another step cut from the same linear candidate had a lower nonlinear RMS.,50.000000000000014,step_cut_discarded,8.879935397144152,27.33071333970296,0.03125
,15,Another step cut from the same linear candidate had a lower nonlinear RMS.,50.000000000000014,step_cut_discarded,8.879566466805073,28.19922541391743,0.015625
,15,Another step cut from the same linear candidate had a lower nonlinear RMS.,50.000000000000014,step_cut_discarded,8.879437393908633,28.63859679439713,0.0078125
,15,Another step cut from the same linear candidate had a lower nonlinear RMS.,158.113883008419,step_cut_discarded,21.810801432596875,0.09747227402322323,1.0
,15,Another step cut from the same linear candidate had a lower nonlinear RMS.,158.113883008419,step_cut_discarded,9.516238380508357,7.429199565419116,0.5
,15,Another step cut from the same linear candidate had a lower nonlinear RMS.,158.113883008419,step_cut_discarded,8.921769979042685,16.465232541233366,0.25
,15,Another step cut from the same linear candidate had a lower nonlinear RMS.,158.113883008419,step_cut_discarded,8.886452359926627,22.325791361669573,0.125
,15,Another step cut from the same linear candidate had a lower nonlinear RMS.,158.113883008419,step_cut_discarded,8.881233992428024,25.591706355019934,0.0625
,15,Another step cut from the same linear candidate had a lower nonlinear RMS.,158.113883008419,step_cut_discarded,8.879963231749247,27.308572747478184,0.03125
,15,Another step cut from the same linear candidate had a lower nonlinear RMS.,158.113883008419,step_cut_discarded,8.879577996762242,28.18798316765307,0.015625
,15,Another step cut from the same linear candidate had a lower nonlinear RMS.,158.113883008419,step_cut_discarded,8.879442589096232,28.632932683726974,0.0078125
,15,Another step cut from the same linear candidate had a lower nonlinear RMS.,500.0000000000001,step_cut_discarded,22.018917885086918,0.08501617878689122,1.0
,15,Another step cut from the same linear candidate had a lower nonlinear RMS.,500.0000000000001,step_cut_discarded,9.529868429962988,7.364382233808166,0.5
,15,Another step cut from the same linear candidate had a lower nonlinear RMS.,500.0000000000001,step_cut_discarded,8.922741837634371,16.418176554429696,0.25
,15,Another step cut from the same linear candidate had a lower nonlinear RMS.,500.0000000000001,step_cut_discarded,8.886639816192394,22.298601538018183,0.125
,15,Another step cut from the same linear candidate had a lower nonlinear RMS.,500.0000000000001,step_cut_discarded,8.88129575283063,25.577195985631864,0.0625
,15,Another step cut from the same linear candidate had a lower nonlinear RMS.,500.0000000000001,step_cut_discarded,8.879988339551117,27.301088698393546,0.03125
,15,Another step cut from the same linear candidate had a lower nonlinear RMS.,500.0000000000001,step_cut_discarded,8.879589268514003,28.184183927013112,0.015625
,15,Another step cut from the same linear candidate had a lower nonlinear RMS.,500.0000000000001,step_cut_discarded,8.879447918993627,28.631018759382574,0.0078125
,15,A different valid candidate better satisfied the Occam selection policy.,0.0005000000000000001,not_selected,8.87872047915596,32.79467985826368,0.0625
,15,A different valid candidate better satisfied the Occam selection policy.,0.0015811388300841901,not_selected,8.878667962782206,32.751810383353664,0.0625
,15,A different valid candidate better satisfied the Occam selection policy.,0.005000000000000001,not_selected,8.878480859108524,32.66630255281147,0.0625
,15,A different valid candidate better satisfied the Occam selection policy.,0.0158113883008419,not_selected,8.878383957861843,32.6372687604901,0.0625
,15,A different valid candidate better satisfied the Occam selection policy.,0.05000000000000002,not_selected,8.879303904638995,36.522367445294584,0.125
,15,A different valid candidate better satisfied the Occam selection policy.,0.158113883008419,not_selected,8.878836462159963,35.923527994924015,0.125
,15,A different valid candidate better satisfied the Occam selection policy.,1.5811388300841902,not_selected,8.879337195047318,28.171134557098192,0.03125
,15,A different valid candidate better satisfied the Occam selection policy.,5.000000000000001,not_selected,8.879368441587433,28.893282189723564,0.00390625
,15,A different valid candidate better satisfied the Occam selection policy.,15.8113883008419,not_selected,8.879381350753663,28.868063488384184,0.00390625
,15,A different valid candidate better satisfied the Occam selection policy.,50.000000000000014,not_selected,8.879386316154775,28.859561320480108,0.00390625
,15,A different valid candidate better satisfied the Occam selection policy.,158.113883008419,not_selected,8.879388773809943,28.85671851826053,0.00390625
,15,A different valid candidate better satisfied the Occam selection policy.,500.0000000000001,not_selected,8.879391363780877,28.855757980082227,0.00390625
,16,Another step cut from the same linear candidate had a lower nonlinear RMS.,0.0005000000000000001,step_cut_discarded,9.036719789161031,151.84114803518565,1.0
,16,Another step cut from the same linear candidate had a lower nonlinear RMS.,0.0005000000000000001,step_cut_discarded,8.90109129779401,81.54347580607362,0.5
,16,Another step cut from the same linear candidate had a lower nonlinear RMS.,0.0005000000000000001,step_cut_discarded,8.87809981948239,58.06681013290877,0.25
,16,Another step cut from the same linear candidate had a lower nonlinear RMS.,0.0015811388300841901,step_cut_discarded,9.010817107592002,136.08815518213027,1.0
,16,Another step cut from the same linear candidate had a lower nonlinear RMS.,0.0015811388300841901,step_cut_discarded,8.895128779396378,77.85867045164346,0.5
,16,Another step cut from the same linear candidate had a lower nonlinear RMS.,0.005000000000000001,step_cut_discarded,8.99347173368749,130.22315806016064,1.0
,16,Another step cut from the same linear candidate had a lower nonlinear RMS.,0.005000000000000001,step_cut_discarded,8.891405800764021,76.5990384940077,0.5
,16,Another step cut from the same linear candidate had a lower nonlinear RMS.,0.0158113883008419,step_cut_discarded,8.98149612955434,128.0788192562264,1.0
,16,Another step cut from the same linear candidate had a lower nonlinear RMS.,0.0158113883008419,step_cut_discarded,8.88891869623303,76.01029321350305,0.5
,16,Another step cut from the same linear candidate had a lower nonlinear RMS.,0.05000000000000002,step_cut_discarded,8.965984898055094,122.20584194184423,1.0
,16,Another step cut from the same linear candidate had a lower nonlinear RMS.,0.05000000000000002,step_cut_discarded,8.885468389424041,74.02654798815546,0.5
,16,Another step cut from the same linear candidate had a lower nonlinear RMS.,0.158113883008419,step_cut_discarded,8.915850999091298,81.10706366729866,1.0
,16,Another step cut from the same linear candidate had a lower nonlinear RMS.,0.5000000000000001,step_cut_discarded,9.570009083598457,14.984371281943448,1.0
,16,Another step cut from the same linear candidate had a lower nonlinear RMS.,0.5000000000000001,step_cut_discarded,8.888977193381304,25.82663743385792,0.5
,16,Another step cut from the same linear candidate had a lower nonlinear RMS.,1.5811388300841902,step_cut_discarded,15.446596505191136,1.8727591461302173,1.0
,16,Another step cut from the same linear candidate had a lower nonlinear RMS.,1.5811388300841902,step_cut_discarded,9.025649919100777,14.943209740368518,0.5
,16,Another step cut from the same linear candidate had a lower nonlinear RMS.,1.5811388300841902,step_cut_discarded,8.88524680112729,26.86265919476187,0.25
,16,Another step cut from the same linear candidate had a lower nonlinear RMS.,1.5811388300841902,step_cut_discarded,8.878141677504164,34.16843996127711,0.125
,16,Another step cut from the same linear candidate had a lower nonlinear RMS.,5.000000000000001,step_cut_discarded,20.253805124825508,0.3400089823128399,1.0
,16,Another step cut from the same linear candidate had a lower nonlinear RMS.,5.000000000000001,step_cut_discarded,9.223639558044354,11.987713562517328,0.5
,16,Another step cut from the same linear candidate had a lower nonlinear RMS.,5.000000000000001,step_cut_discarded,8.893172221284633,24.837630831850664,0.25
,16,Another step cut from the same linear candidate had a lower nonlinear RMS.,5.000000000000001,step_cut_discarded,8.878988837286474,33.019105711325096,0.125
,16,Another step cut from the same linear candidate had a lower nonlinear RMS.,15.8113883008419,step_cut_discarded,22.282640821528727,0.11922504428866712,1.0
,16,Another step cut from the same linear candidate had a lower nonlinear RMS.,15.8113883008419,step_cut_discarded,9.34443794259935,11.075744282980128,0.5
,16,Another step cut from the same linear candidate had a lower nonlinear RMS.,15.8113883008419,step_cut_discarded,8.89764882507768,24.181251864450775,0.25
,16,Another step cut from the same linear candidate had a lower nonlinear RMS.,15.8113883008419,step_cut_discarded,8.879396784403731,32.640817645717334,0.125
,16,Another step cut from the same linear candidate had a lower nonlinear RMS.,15.8113883008419,step_cut_discarded,8.877852721035733,37.34730353398341,0.0625
,16,Another step cut from the same linear candidate had a lower nonlinear RMS.,50.000000000000014,step_cut_discarded,23.01470940870474,0.06269272207241719,1.0
,16,Another step cut from the same linear candidate had a lower nonlinear RMS.,50.000000000000014,step_cut_discarded,9.396410440059055,10.772988722568906,0.5
,16,Another step cut from the same linear candidate had a lower nonlinear RMS.,50.000000000000014,step_cut_discarded,8.899703124871493,23.961251734419385,0.25
,16,Another step cut from the same linear candidate had a lower nonlinear RMS.,50.000000000000014,step_cut_discarded,8.87962151236727,32.5136619932452,0.125
,16,Another step cut from the same linear candidate had a lower nonlinear RMS.,50.000000000000014,step_cut_discarded,8.877915658115336,37.27943681088324,0.0625
,16,Another step cut from the same linear candidate had a lower nonlinear RMS.,158.113883008419,step_cut_discarded,23.262309876113374,0.047490393399210754,1.0
,16,Another step cut from the same linear candidate had a lower nonlinear RMS.,158.113883008419,step_cut_discarded,9.415891329574723,10.671102055697185,0.5
,16,Another step cut from the same linear candidate had a lower nonlinear RMS.,158.113883008419,step_cut_discarded,8.90070286089683,23.88673702534976,0.25
,16,Another step cut from the same linear candidate had a lower nonlinear RMS.,158.113883008419,step_cut_discarded,8.87981978310581,32.470511794801936,0.125
,16,Another step cut from the same linear candidate had a lower nonlinear RMS.,158.113883008419,step_cut_discarded,8.87799591768862,37.2563885006845,0.0625
,16,Another step cut from the same linear candidate had a lower nonlinear RMS.,500.0000000000001,step_cut_discarded,23.34259564201448,0.04225124959795437,1.0
,16,Another step cut from the same linear candidate had a lower nonlinear RMS.,500.0000000000001,step_cut_discarded,9.423124336871181,10.63683893454764,0.5
,16,Another step cut from the same linear candidate had a lower nonlinear RMS.,500.0000000000001,step_cut_discarded,8.901568293185642,23.861694577462753,0.25
,16,Another step cut from the same linear candidate had a lower nonlinear RMS.,500.0000000000001,step_cut_discarded,8.880175629387292,32.45601284903037,0.125
,16,Another step cut from the same linear candidate had a lower nonlinear RMS.,500.0000000000001,step_cut_discarded,8.878173798860127,37.248644597341695,0.0625
,16,Another step cut from the same linear candidate had a lower nonlinear RMS.,500.0000000000001,step_cut_discarded,8.877842937968781,39.76882862462925,0.03125
,16,Another step cut from the same linear candidate had a lower nonlinear RMS.,500.0000000000001,step_cut_discarded,8.87777818943244,41.05988767655599,0.015625
,16,A different valid candidate better satisfied the Occam selection policy.,0.0005000000000000001,not_selected,8.875968328308753,49.246519906674145,0.125
,16,A different valid candidate better satisfied the Occam selection policy.,0.0015811388300841901,not_selected,8.876723010157601,57.272330223718086,0.25
,16,A different valid candidate better satisfied the Occam selection policy.,0.005000000000000001,not_selected,8.875913802904591,57.06073089573745,0.25
,16,A different valid candidate better satisfied the Occam selection policy.,0.0158113883008419,not_selected,8.875411243229516,56.88721428585073,0.25
,16,A different valid candidate better satisfied the Occam selection policy.,0.158113883008419,not_selected,8.87616165780955,57.712919630901354,0.5
,16,A different valid candidate better satisfied the Occam selection policy.,0.5000000000000001,not_selected,8.876888037034533,33.38627844790227,0.25
,16,A different valid candidate better satisfied the Occam selection policy.,1.5811388300841902,not_selected,8.87754927742536,38.157844354364364,0.0625
,16,A different valid candidate better satisfied the Occam selection policy.,5.000000000000001,not_selected,8.877759254420146,37.548972212264246,0.0625
,16,A different valid candidate better satisfied the Occam selection policy.,15.8113883008419,not_selected,8.877690025066636,39.81972222752467,0.03125
,16,A different valid candidate better satisfied the Occam selection policy.,50.000000000000014,not_selected,8.877715417014032,39.78471664175854,0.03125
,16,A different valid candidate better satisfied the Occam selection policy.,158.113883008419,not_selected,8.877753193427527,39.77282418391489,0.03125
,16,A different valid candidate better satisfied the Occam selection policy.,500.0000000000001,not_selected,8.877766962746959,41.713158962090105,0.0078125
,17,Another step cut from the same linear candidate had a lower nonlinear RMS.,5.0000000000000016e-05,step_cut_discarded,8.92859061629668,157.14325970116693,1.0
,17,Another step cut from the same linear candidate had a lower nonlinear RMS.,5.0000000000000016e-05,step_cut_discarded,8.882742133424289,95.27534114559779,0.5
,17,Another step cut from the same linear candidate had a lower nonlinear RMS.,5.0000000000000016e-05,step_cut_discarded,8.87506070601365,72.86367122072917,0.25
,17,Another step cut from the same linear candidate had a lower nonlinear RMS.,0.00015811388300841902,step_cut_discarded,8.928590092279052,157.14261388458618,1.0
,17,Another step cut from the same linear candidate had a lower nonlinear RMS.,0.00015811388300841902,step_cut_discarded,8.882742098168578,95.27530492461167,0.5
,17,Another step cut from the same linear candidate had a lower nonlinear RMS.,0.00015811388300841902,step_cut_discarded,8.875060703893851,72.86372478206216,0.25
,17,Another step cut from the same linear candidate had a lower nonlinear RMS.,0.0005000000000000002,step_cut_discarded,8.928588404234745,157.14057932268395,1.0
,17,Another step cut from the same linear candidate had a lower nonlinear RMS.,0.0005000000000000002,step_cut_discarded,8.882741975449694,95.27518419236564,0.5
,17,Another step cut from the same linear candidate had a lower nonlinear RMS.,0.0005000000000000002,step_cut_discarded,8.87506069360114,72.86388855311543,0.25
,17,Another step cut from the same linear candidate had a lower nonlinear RMS.,0.0015811388300841901,step_cut_discarded,8.92713471571751,148.45941810606473,1.0
,17,Another step cut from the same linear candidate had a lower nonlinear RMS.,0.0015811388300841901,step_cut_discarded,8.882156187880993,93.07842514072875,0.5
,17,Another step cut from the same linear candidate had a lower nonlinear RMS.,0.0015811388300841901,step_cut_discarded,8.874835716398808,72.30146441646515,0.25
,17,Another step cut from the same linear candidate had a lower nonlinear RMS.,0.005000000000000002,step_cut_discarded,8.906701595888812,139.6327194087155,1.0
,17,Another step cut from the same linear candidate had a lower nonlinear RMS.,0.005000000000000002,step_cut_discarded,8.878355642088787,90.74537344012685,0.5
,17,Another step cut from the same linear candidate had a lower nonlinear RMS.,0.015811388300841903,step_cut_discarded,8.883880694496007,129.68026519013603,1.0
,17,Another step cut from the same linear candidate had a lower nonlinear RMS.,0.15811388300841903,step_cut_discarded,9.322302352681657,20.332996157901555,1.0
,17,Another step cut from the same linear candidate had a lower nonlinear RMS.,0.15811388300841903,step_cut_discarded,8.885902630234824,34.68512089731433,0.5
,17,Another step cut from the same linear candidate had a lower nonlinear RMS.,0.5000000000000002,step_cut_discarded,14.784460376127846,4.408501519845788,1.0
,17,Another step cut from the same linear candidate had a lower nonlinear RMS.,0.5000000000000002,step_cut_discarded,8.993945618963908,21.4080914492058,0.5
,17,Another step cut from the same linear candidate had a lower nonlinear RMS.,0.5000000000000002,step_cut_discarded,8.880460575822926,36.555078721100315,0.25
,17,Another step cut from the same linear candidate had a lower nonlinear RMS.,0.5000000000000002,step_cut_discarded,8.874924169533541,45.7903704338512,0.125
,17,Another step cut from the same linear candidate had a lower nonlinear RMS.,1.5811388300841902,step_cut_discarded,20.105013267422237,0.6604390413475671,1.0
,17,Another step cut from the same linear candidate had a lower nonlinear RMS.,1.5811388300841902,step_cut_discarded,9.12489715517782,16.307253158847203,0.5
,17,Another step cut from the same linear candidate had a lower nonlinear RMS.,1.5811388300841902,step_cut_discarded,8.885720345054331,33.19795781314365,0.25
,17,Another step cut from the same linear candidate had a lower nonlinear RMS.,1.5811388300841902,step_cut_discarded,8.87569168975663,43.91013453917852,0.125
,17,Another step cut from the same linear candidate had a lower nonlinear RMS.,5.000000000000002,step_cut_discarded,22.751397060058423,0.1907855388637711,1.0
,17,Another step cut from the same linear candidate had a lower nonlinear RMS.,5.000000000000002,step_cut_discarded,9.208259123227169,14.80703725125777,0.5
,17,Another step cut from the same linear candidate had a lower nonlinear RMS.,5.000000000000002,step_cut_discarded,8.88869488045734,32.131502570262036,0.25
,17,Another step cut from the same linear candidate had a lower nonlinear RMS.,5.000000000000002,step_cut_discarded,8.876052424330219,43.297820095466,0.125
,17,Another step cut from the same linear candidate had a lower nonlinear RMS.,5.000000000000002,step_cut_discarded,8.874732293171103,49.50700007449343,0.0625
,17,Another step cut from the same linear candidate had a lower nonlinear RMS.,15.811388300841903,step_cut_discarded,23.777438768427217,0.09573735001258357,1.0
,17,Another step cut from the same linear candidate had a lower nonlinear RMS.,15.811388300841903,step_cut_discarded,9.24808254925923,14.321231618532064,0.5
,17,Another step cut from the same linear candidate had a lower nonlinear RMS.,15.811388300841903,step_cut_discarded,8.890130578770448,31.779029369324164,0.25
,17,Another step cut from the same linear candidate had a lower nonlinear RMS.,15.811388300841903,step_cut_discarded,8.87622347958871,43.0941908988533,0.125
,17,Another step cut from the same linear candidate had a lower nonlinear RMS.,15.811388300841903,step_cut_discarded,8.87477527031546,49.398337327151154,0.0625
,17,Another step cut from the same linear candidate had a lower nonlinear RMS.,50.000000000000014,step_cut_discarded,24.130784013637324,0.06072298743565976,1.0
,17,Another step cut from the same linear candidate had a lower nonlinear RMS.,50.000000000000014,step_cut_discarded,9.264165665195202,14.153295176249761,0.5
,17,Another step cut from the same linear candidate had a lower nonlinear RMS.,50.000000000000014,step_cut_discarded,8.890817689572046,31.657453832934543,0.25
,17,Another step cut from the same linear candidate had a lower nonlinear RMS.,50.000000000000014,step_cut_discarded,8.876331891501106,43.024001301846376,0.125
,17,Another step cut from the same linear candidate had a lower nonlinear RMS.,50.000000000000014,step_cut_discarded,8.874809594528838,49.36089207144464,0.0625
,17,A different valid candidate better satisfied the Occam selection policy.,5.0000000000000016e-05,not_selected,8.873968887853248,63.788408596523844,0.125
,17,A different valid candidate better satisfied the Occam selection policy.,0.00015811388300841902,not_selected,8.873968883060781,63.78845329514686,0.125
,17,A different valid candidate better satisfied the Occam selection policy.,0.0005000000000000002,not_selected,8.873968866872175,63.78859121496755,0.125
,17,A different valid candidate better satisfied the Occam selection policy.,0.0015811388300841901,not_selected,8.873895174786485,63.64136799393446,0.125
,17,A different valid candidate better satisfied the Occam selection policy.,0.005000000000000002,not_selected,8.873981644451806,71.65501297818236,0.25
,17,A different valid candidate better satisfied the Occam selection policy.,0.015811388300841903,not_selected,8.874064058915904,87.46472772259602,0.5
,17,A different valid candidate better satisfied the Occam selection policy.,0.15811388300841903,not_selected,8.874172102137484,44.52228897742474,0.25
,17,A different valid candidate better satisfied the Occam selection policy.,0.5000000000000002,not_selected,8.874437335952063,50.82346580942754,0.0625
,17,A different valid candidate better satisfied the Occam selection policy.,1.5811388300841902,not_selected,8.874644368431532,49.83292900191762,0.0625
,17,A different valid candidate better satisfied the Occam selection policy.,5.000000000000002,not_selected,8.874590530896501,52.76809536811352,0.03125
,17,A different valid candidate better satisfied the Occam selection policy.,15.811388300841903,not_selected,8.87460533132919,52.71205195718338,0.03125
,17,A different valid candidate better satisfied the Occam selection policy.,50.000000000000014,not_selected,8.874619182392008,52.69274171502938,0.03125
,18,Another step cut from the same linear candidate had a lower nonlinear RMS.,5.0000000000000016e-05,step_cut_discarded,9.059395485115692,179.1847767859234,1.0
,18,Another step cut from the same linear candidate had a lower nonlinear RMS.,5.0000000000000016e-05,step_cut_discarded,8.928813869878198,113.43230485398523,0.5
,18,Another step cut from the same linear candidate had a lower nonlinear RMS.,5.0000000000000016e-05,step_cut_discarded,8.869771155611451,91.03471515634469,0.25
,18,Another step cut from the same linear candidate had a lower nonlinear RMS.,0.00015811388300841902,step_cut_discarded,9.059377788880568,179.17947827389946,1.0
,18,Another step cut from the same linear candidate had a lower nonlinear RMS.,0.00015811388300841902,step_cut_discarded,8.928811452619279,113.43015403881114,0.5
,18,Another step cut from the same linear candidate had a lower nonlinear RMS.,0.00015811388300841902,step_cut_discarded,8.869770630767228,91.03376435896713,0.25
,18,Another step cut from the same linear candidate had a lower nonlinear RMS.,0.0005000000000000002,step_cut_discarded,9.059323627780213,179.163240136238,1.0
,18,Another step cut from the same linear candidate had a lower nonlinear RMS.,0.0005000000000000002,step_cut_discarded,8.928804059508119,113.42353662578223,0.5
,18,Another step cut from the same linear candidate had a lower nonlinear RMS.,0.0005000000000000002,step_cut_discarded,8.869769018803733,91.0308310664031,0.25
,18,Another step cut from the same linear candidate had a lower nonlinear RMS.,0.0015811388300841901,step_cut_discarded,9.059168702269137,179.11659984440496,1.0
,18,Another step cut from the same linear candidate had a lower nonlinear RMS.,0.0015811388300841901,step_cut_discarded,8.928782954312311,113.4042981288666,0.5
,18,Another step cut from the same linear candidate had a lower nonlinear RMS.,0.0015811388300841901,step_cut_discarded,8.869764357080605,91.02223223019553,0.25
,18,Another step cut from the same linear candidate had a lower nonlinear RMS.,0.005000000000000002,step_cut_discarded,8.968593079764828,149.46922843627482,1.0
,18,Another step cut from the same linear candidate had a lower nonlinear RMS.,0.005000000000000002,step_cut_discarded,8.871375979461948,104.1675825414932,0.5
,18,Another step cut from the same linear candidate had a lower nonlinear RMS.,0.015811388300841903,step_cut_discarded,8.886251939820653,80.5104068442327,1.0
,18,Another step cut from the same linear candidate had a lower nonlinear RMS.,0.05000000000000002,step_cut_discarded,9.746884666203416,32.481123665275845,1.0
,18,Another step cut from the same linear candidate had a lower nonlinear RMS.,0.05000000000000002,step_cut_discarded,8.873030000845374,46.93112066748907,0.5
,18,Another step cut from the same linear candidate had a lower nonlinear RMS.,0.15811388300841903,step_cut_discarded,12.308553940374587,15.125341646365708,1.0
,18,Another step cut from the same linear candidate had a lower nonlinear RMS.,0.15811388300841903,step_cut_discarded,8.893305869277919,33.810240505183714,0.5
,18,Another step cut from the same linear candidate had a lower nonlinear RMS.,0.15811388300841903,step_cut_discarded,8.87087480935729,51.82559628718827,0.25
,18,Another step cut from the same linear candidate had a lower nonlinear RMS.,0.15811388300841903,step_cut_discarded,8.869794628557939,63.00150076633943,0.125
,18,Another step cut from the same linear candidate had a lower nonlinear RMS.,0.5000000000000002,step_cut_discarded,16.51211851563125,5.430669209772514,1.0
,18,Another step cut from the same linear candidate had a lower nonlinear RMS.,0.5000000000000002,step_cut_discarded,8.949525554609957,25.564794425711263,0.5
,18,Another step cut from the same linear candidate had a lower nonlinear RMS.,0.5000000000000002,step_cut_discarded,8.873137700844422,46.85334578215808,0.25
,18,Another step cut from the same linear candidate had a lower nonlinear RMS.,0.5000000000000002,step_cut_discarded,8.870197905493116,60.302993647500855,0.125
,18,Another step cut from the same linear candidate had a lower nonlinear RMS.,0.5000000000000002,step_cut_discarded,8.869831379262116,67.72916062695207,0.0625
,18,Another step cut from the same linear candidate had a lower nonlinear RMS.,0.5000000000000002,step_cut_discarded,8.869762631215227,71.61757987837262,0.03125
,18,Another step cut from the same linear candidate had a lower nonlinear RMS.,0.5000000000000002,step_cut_discarded,8.869749505042137,73.60562344450666,0.015625
,18,Another step cut from the same linear candidate had a lower nonlinear RMS.,1.5811388300841902,step_cut_discarded,20.104722382679398,1.0164490904178878,1.0
,18,Another step cut from the same linear candidate had a lower nonlinear RMS.,1.5811388300841902,step_cut_discarded,9.00202438856111,21.085622256739306,0.5
,18,Another step cut from the same linear candidate had a lower nonlinear RMS.,1.5811388300841902,step_cut_discarded,8.875182254403777,44.045744170348435,0.25
,18,Another step cut from the same linear candidate had a lower nonlinear RMS.,1.5811388300841902,step_cut_discarded,8.870588597230487,58.757188959765124,0.125
,18,Another step cut from the same linear candidate had a lower nonlinear RMS.,1.5811388300841902,step_cut_discarded,8.869971298184224,66.92075731262648,0.0625
,18,Another step cut from the same linear candidate had a lower nonlinear RMS.,1.5811388300841902,step_cut_discarded,8.869823205460326,71.20450297859541,0.03125
,18,Another step cut from the same linear candidate had a lower nonlinear RMS.,1.5811388300841902,step_cut_discarded,8.86977774340442,73.39686618396445,0.015625
,18,Another step cut from the same linear candidate had a lower nonlinear RMS.,1.5811388300841902,step_cut_discarded,8.869761380528017,74.50567037974511,0.0078125
,18,Another step cut from the same linear candidate had a lower nonlinear RMS.,5.000000000000002,step_cut_discarded,22.318248220559802,0.2525853592423918,1.0
,18,Another step cut from the same linear candidate had a lower nonlinear RMS.,5.000000000000002,step_cut_discarded,9.043391622784808,19.674084987683518,0.5
,18,Another step cut from the same linear candidate had a lower nonlinear RMS.,5.000000000000002,step_cut_discarded,8.876987371634685,43.08257418495352,0.25
,18,Another step cut from the same linear candidate had a lower nonlinear RMS.,5.000000000000002,step_cut_discarded,8.870875160671874,58.21125362935091,0.125
,18,Another step cut from the same linear candidate had a lower nonlinear RMS.,5.000000000000002,step_cut_discarded,8.870054913352194,66.6317020629902,0.0625
,18,Another step cut from the same linear candidate had a lower nonlinear RMS.,5.000000000000002,step_cut_discarded,8.869854368897183,71.05595345766997,0.03125
,18,Another step cut from the same linear candidate had a lower nonlinear RMS.,5.000000000000002,step_cut_discarded,8.869790928877947,73.32158594947491,0.015625
,18,Another step cut from the same linear candidate had a lower nonlinear RMS.,5.000000000000002,step_cut_discarded,8.869767394371541,74.46777889399362,0.0078125
,18,Another step cut from the same linear candidate had a lower nonlinear RMS.,15.811388300841903,step_cut_discarded,23.44512746676303,0.08317270863277072,1.0
,18,Another step cut from the same linear candidate had a lower nonlinear RMS.,15.811388300841903,step_cut_discarded,9.081970266581042,19.18540151917445,0.5
,18,Another step cut from the same linear candidate had a lower nonlinear RMS.,15.811388300841903,step_cut_discarded,8.87876688142433,42.73723816489794,0.25
,18,Another step cut from the same linear candidate had a lower nonlinear RMS.,15.811388300841903,step_cut_discarded,8.871111918246461,58.01333704787284,0.125
,18,Another step cut from the same linear candidate had a lower nonlinear RMS.,15.811388300841903,step_cut_discarded,8.870112887824668,66.52643162938858,0.0625
,18,Another step cut from the same linear candidate had a lower nonlinear RMS.,15.811388300841903,step_cut_discarded,8.869873034358093,71.00174020515352,0.03125
,18,Another step cut from the same linear candidate had a lower nonlinear RMS.,15.811388300841903,step_cut_discarded,8.869797969008127,73.29408481428777,0.015625
,18,Another step cut from the same linear candidate had a lower nonlinear RMS.,15.811388300841903,step_cut_discarded,8.869770362020821,74.45392969916782,0.0078125
,18,Another step cut from the same linear candidate had a lower nonlinear RMS.,50.000000000000014,step_cut_discarded,23.93765186097128,0.05064603285942808,1.0
,18,Another step cut from the same linear candidate had a lower nonlinear RMS.,50.000000000000014,step_cut_discarded,9.106603417202663,19.019325362063398,0.5
,18,Another step cut from the same linear candidate had a lower nonlinear RMS.,50.000000000000014,step_cut_discarded,8.8799007647251,42.616746881536315,0.25
,18,Another step cut from the same linear candidate had a lower nonlinear RMS.,50.000000000000014,step_cut_discarded,8.8712492752447,57.943728104990505,0.125
,18,Another step cut from the same linear candidate had a lower nonlinear RMS.,50.000000000000014,step_cut_discarded,8.870143965768108,66.48928633264704,0.0625
,18,Another step cut from the same linear candidate had a lower nonlinear RMS.,50.000000000000014,step_cut_discarded,8.869882451400725,70.98258235045766,0.03125
,18,Another step cut from the same linear candidate had a lower nonlinear RMS.,50.000000000000014,step_cut_discarded,8.869801345753785,73.28435958535856,0.015625
,18,Another step cut from the same linear candidate had a lower nonlinear RMS.,50.000000000000014,step_cut_discarded,8.869771731889392,74.4490305093079,0.0078125
,18,A different valid candidate better satisfied the Occam selection policy.,5.0000000000000016e-05,not_selected,8.86929503937824,82.45558187460655,0.125
,18,A different valid candidate better satisfied the Occam selection policy.,0.00015811388300841902,not_selected,8.869294919079127,82.45513762847015,0.125
,18,A different valid candidate better satisfied the Occam selection policy.,0.0005000000000000002,not_selected,8.869294548898313,82.45376483567576,0.125
,18,A different valid candidate better satisfied the Occam selection policy.,0.0015811388300841901,not_selected,8.869293472167202,82.44972052063451,0.125
,18,A different valid candidate better satisfied the Occam selection policy.,0.015811388300841903,not_selected,8.869332222106504,73.86658569194928,0.5
,18,A different valid candidate better satisfied the Occam selection policy.,0.05000000000000002,not_selected,8.869643529149918,59.49678365655352,0.25
,18,A different valid candidate better satisfied the Occam selection policy.,0.15811388300841903,not_selected,8.869694153093965,69.13150965295225,0.0625
,18,A different valid candidate better satisfied the Occam selection policy.,0.5000000000000002,not_selected,8.869747748044418,74.61060371267962,0.0078125
,18,A different valid candidate better satisfied the Occam selection policy.,1.5811388300841902,not_selected,8.869754723851367,75.06322812590946,0.00390625
,18,A different valid candidate better satisfied the Occam selection policy.,5.000000000000002,not_selected,8.869757587860267,75.04421954090704,0.00390625
,18,A different valid candidate better satisfied the Occam selection policy.,15.811388300841903,not_selected,8.869758935326132,75.0372702866861,0.00390625
,18,A different valid candidate better satisfied the Occam selection policy.,50.000000000000014,not_selected,8.869759541862493,75.0348115479073,0.00390625
,19,Another step cut from the same linear candidate had a lower nonlinear RMS.,5.000000000000002e-06,step_cut_discarded,9.062118884015383,178.1379083163513,1.0
,19,Another step cut from the same linear candidate had a lower nonlinear RMS.,5.000000000000002e-06,step_cut_discarded,8.965060352467969,123.32686123961457,0.5
,19,Another step cut from the same linear candidate had a lower nonlinear RMS.,5.000000000000002e-06,step_cut_discarded,8.874039044053369,103.15313875229769,0.25
,19,Another step cut from the same linear candidate had a lower nonlinear RMS.,1.5811388300841904e-05,step_cut_discarded,9.062118942451626,178.13767536555287,1.0
,19,Another step cut from the same linear candidate had a lower nonlinear RMS.,1.5811388300841904e-05,step_cut_discarded,8.965060352900895,123.32671705870436,0.5
,19,Another step cut from the same linear candidate had a lower nonlinear RMS.,1.5811388300841904e-05,step_cut_discarded,8.874039032916968,103.15305973546482,0.25
,19,Another step cut from the same linear candidate had a lower nonlinear RMS.,5.000000000000002e-05,step_cut_discarded,9.062119127730128,178.13694401386323,1.0
,19,Another step cut from the same linear candidate had a lower nonlinear RMS.,5.000000000000002e-05,step_cut_discarded,8.96506035454059,123.32626382029119,0.5
,19,Another step cut from the same linear candidate had a lower nonlinear RMS.,5.000000000000002e-05,step_cut_discarded,8.874038997933562,103.15281122561613,0.25
,19,Another step cut from the same linear candidate had a lower nonlinear RMS.,0.00015811388300841902,step_cut_discarded,9.06211971821576,178.1346831023787,1.0
,19,Another step cut from the same linear candidate had a lower nonlinear RMS.,0.00015811388300841902,step_cut_discarded,8.965060362380127,123.32485703369113,0.5
,19,Another step cut from the same linear candidate had a lower nonlinear RMS.,0.00015811388300841902,step_cut_discarded,8.874038889590636,103.15203874960169,0.25
,19,Another step cut from the same linear candidate had a lower nonlinear RMS.,0.0005000000000000002,step_cut_discarded,9.0621216230732,178.12801570982307,1.0
,19,Another step cut from the same linear candidate had a lower nonlinear RMS.,0.0005000000000000002,step_cut_discarded,8.965060411571558,123.3206570308259,0.5
,19,Another step cut from the same linear candidate had a lower nonlinear RMS.,0.0005000000000000002,step_cut_discarded,8.874038568389526,103.1497221715222,0.25
,19,Another step cut from the same linear candidate had a lower nonlinear RMS.,0.0015811388300841903,step_cut_discarded,9.064676799791737,170.63407282570563,1.0
,19,Another step cut from the same linear candidate had a lower nonlinear RMS.,0.0015811388300841903,step_cut_discarded,8.965611380159354,120.29809000106097,0.5
,19,Another step cut from the same linear candidate had a lower nonlinear RMS.,0.0015811388300841903,step_cut_discarded,8.874045169447228,101.81953975971317,0.25
,19,Another step cut from the same linear candidate had a lower nonlinear RMS.,0.005000000000000002,step_cut_discarded,9.058333736524787,126.81631896372309,1.0
,19,Another step cut from the same linear candidate had a lower nonlinear RMS.,0.005000000000000002,step_cut_discarded,8.965602842380905,99.65524879054597,0.5
,19,Another step cut from the same linear candidate had a lower nonlinear RMS.,0.005000000000000002,step_cut_discarded,8.874076369758967,91.81462808457475,0.25
,19,Another step cut from the same linear candidate had a lower nonlinear RMS.,0.015811388300841903,step_cut_discarded,8.987292389357966,55.1585431009535,1.0
,19,Another step cut from the same linear candidate had a lower nonlinear RMS.,0.015811388300841903,step_cut_discarded,8.876390932612049,63.50374681703522,0.5
,19,Another step cut from the same linear candidate had a lower nonlinear RMS.,0.05000000000000002,step_cut_discarded,10.933266044019437,23.205859206842177,1.0
,19,Another step cut from the same linear candidate had a lower nonlinear RMS.,0.05000000000000002,step_cut_discarded,8.879753063854544,43.414693988310226,0.5
,19,Another step cut from the same linear candidate had a lower nonlinear RMS.,0.05000000000000002,step_cut_discarded,8.869578509793236,62.58551945250806,0.25
,19,Another step cut from the same linear candidate had a lower nonlinear RMS.,0.15811388300841903,step_cut_discarded,15.061906822380488,13.056283506930189,1.0
,19,Another step cut from the same linear candidate had a lower nonlinear RMS.,0.15811388300841903,step_cut_discarded,8.910778544077477,34.52114735226615,0.5
,19,Another step cut from the same linear candidate had a lower nonlinear RMS.,0.15811388300841903,step_cut_discarded,8.870674947869803,57.18405643796402,0.25
,19,Another step cut from the same linear candidate had a lower nonlinear RMS.,0.15811388300841903,step_cut_discarded,8.869277410088156,71.49813027157039,0.125
,19,Another step cut from the same linear candidate had a lower nonlinear RMS.,0.5000000000000002,step_cut_discarded,18.330524159596045,4.803059579456728,1.0
,19,Another step cut from the same linear candidate had a lower nonlinear RMS.,0.5000000000000002,step_cut_discarded,8.948750101742466,27.750548626484967,0.5
,19,Another step cut from the same linear candidate had a lower nonlinear RMS.,0.5000000000000002,step_cut_discarded,8.872117202351413,53.13776038456229,0.25
,19,Another step cut from the same linear candidate had a lower nonlinear RMS.,0.5000000000000002,step_cut_discarded,8.869574286262482,69.30973307224176,0.125
,19,Another step cut from the same linear candidate had a lower nonlinear RMS.,0.5000000000000002,step_cut_discarded,8.869249685122032,78.26531111824168,0.0625
,19,Another step cut from the same linear candidate had a lower nonlinear RMS.,0.5000000000000002,step_cut_discarded,8.869181392352761,82.96049806678172,0.03125
,19,Another step cut from the same linear candidate had a lower nonlinear RMS.,0.5000000000000002,step_cut_discarded,8.869164458420874,85.36244102243671,0.015625
,19,Another step cut from the same linear candidate had a lower nonlinear RMS.,0.5000000000000002,step_cut_discarded,8.869159860802238,86.57699987061049,0.0078125
,19,Another step cut from the same linear candidate had a lower nonlinear RMS.,1.5811388300841904,step_cut_discarded,21.038741201770396,0.9084978696279408,1.0
,19,Another step cut from the same linear candidate had a lower nonlinear RMS.,1.5811388300841904,step_cut_discarded,8.979925982677939,23.89831922429694,0.5
,19,Another step cut from the same linear candidate had a lower nonlinear RMS.,1.5811388300841904,step_cut_discarded,8.873588717054034,50.73540854664988,0.25
,19,Another step cut from the same linear candidate had a lower nonlinear RMS.,1.5811388300841904,step_cut_discarded,8.869900373905397,67.98949786908094,0.125
,19,Another step cut from the same linear candidate had a lower nonlinear RMS.,1.5811388300841904,step_cut_discarded,8.869367794080013,77.57542869561014,0.0625
,19,Another step cut from the same linear candidate had a lower nonlinear RMS.,1.5811388300841904,step_cut_discarded,8.869231925029169,82.60811565020313,0.03125
,19,Another step cut from the same linear candidate had a lower nonlinear RMS.,1.5811388300841904,step_cut_discarded,8.869187788013772,85.18438951283174,0.015625
,19,Another step cut from the same linear candidate had a lower nonlinear RMS.,1.5811388300841904,step_cut_discarded,8.869171058893878,86.48750904047908,0.0078125
,19,Another step cut from the same linear candidate had a lower nonlinear RMS.,5.000000000000002,step_cut_discarded,22.956936135937656,0.2043263927817443,1.0
,19,Another step cut from the same linear candidate had a lower nonlinear RMS.,5.000000000000002,step_cut_discarded,9.01302247966302,22.63294698546008,0.5
,19,Another step cut from the same linear candidate had a lower nonlinear RMS.,5.000000000000002,step_cut_discarded,8.875136834929053,49.874400802128,0.25
,19,Another step cut from the same linear candidate had a lower nonlinear RMS.,5.000000000000002,step_cut_discarded,8.870149861630495,67.50191359054415,0.125
,19,Another step cut from the same linear candidate had a lower nonlinear RMS.,5.000000000000002,step_cut_discarded,8.86943851020649,77.31736645477278,0.0625
,19,Another step cut from the same linear candidate had a lower nonlinear RMS.,5.000000000000002,step_cut_discarded,8.869257420610257,82.47551700439224,0.03125
,19,Another step cut from the same linear candidate had a lower nonlinear RMS.,5.000000000000002,step_cut_discarded,8.86919830240432,85.11719830857822,0.015625
,19,Another step cut from the same linear candidate had a lower nonlinear RMS.,5.000000000000002,step_cut_discarded,8.869175775806541,86.45369046801531,0.0078125
,19,A different valid candidate better satisfied the Occam selection policy.,5.000000000000002e-06,not_selected,8.868987801403422,94.8742277714021,0.125
,19,A different valid candidate better satisfied the Occam selection policy.,1.5811388300841904e-05,not_selected,8.868987797511311,94.87418653139126,0.125
,19,A different valid candidate better satisfied the Occam selection policy.,5.000000000000002e-05,not_selected,8.868987785279188,94.87405680380637,0.125
,19,A different valid candidate better satisfied the Occam selection policy.,0.00015811388300841902,not_selected,8.868987747340551,94.8736532951205,0.125
,19,A different valid candidate better satisfied the Occam selection policy.,0.0005000000000000002,not_selected,8.868987634334909,94.87244086191905,0.125
,19,A different valid candidate better satisfied the Occam selection policy.,0.005000000000000002,not_selected,8.868993210301102,89.32929632674346,0.125
,19,A different valid candidate better satisfied the Occam selection policy.,0.015811388300841903,not_selected,8.869065280490155,73.65822358728789,0.25
,19,A different valid candidate better satisfied the Occam selection policy.,0.05000000000000002,not_selected,8.869104122961645,74.43753420297294,0.125
,19,A different valid candidate better satisfied the Occam selection policy.,0.15811388300841903,not_selected,8.86914016831166,79.40082201106294,0.0625
,19,A different valid candidate better satisfied the Occam selection policy.,0.5000000000000002,not_selected,8.869158490628044,87.18767613728392,0.00390625
,19,A different valid candidate better satisfied the Occam selection policy.,1.5811388300841904,not_selected,8.8691639748183,87.14281445338598,0.00390625
,19,A different valid candidate better satisfied the Occam selection policy.,5.000000000000002,not_selected,8.869166199853538,87.12584942456986,0.00390625
,20,Another step cut from the same linear candidate had a lower nonlinear RMS.,1.5811388300841904e-06,step_cut_discarded,8.926075656453634,153.38613595426926,1.0
,20,Another step cut from the same linear candidate had a lower nonlinear RMS.,1.5811388300841904e-06,step_cut_discarded,8.873290025688778,120.13686086807837,0.5
,20,Another step cut from the same linear candidate had a lower nonlinear RMS.,5.000000000000002e-06,step_cut_discarded,8.926067313164511,153.3856522040715,1.0
,20,Another step cut from the same linear candidate had a lower nonlinear RMS.,5.000000000000002e-06,step_cut_discarded,8.87328898315434,120.13668598777275,0.5
,20,Another step cut from the same linear candidate had a lower nonlinear RMS.,1.5811388300841904e-05,step_cut_discarded,8.926040933416514,153.38412271082785,1.0
,20,Another step cut from the same linear candidate had a lower nonlinear RMS.,1.5811388300841904e-05,step_cut_discarded,8.873285687776756,120.13613290698208,0.5
,20,Another step cut from the same linear candidate had a lower nonlinear RMS.,5.0000000000000016e-05,step_cut_discarded,8.925957563397738,153.37929004270745,1.0
,20,Another step cut from the same linear candidate had a lower nonlinear RMS.,5.0000000000000016e-05,step_cut_discarded,8.873275282599336,120.1343862402209,0.5
,20,Another step cut from the same linear candidate had a lower nonlinear RMS.,0.00015811388300841905,step_cut_discarded,8.925694400661607,153.36403950154292,1.0
,20,Another step cut from the same linear candidate had a lower nonlinear RMS.,0.00015811388300841905,step_cut_discarded,8.873242530672002,120.12887601492862,0.5
,20,Another step cut from the same linear candidate had a lower nonlinear RMS.,0.0005000000000000002,step_cut_discarded,8.933256079026508,137.50514456712253,1.0
,20,Another step cut from the same linear candidate had a lower nonlinear RMS.,0.0005000000000000002,step_cut_discarded,8.874066725280032,113.02548563669166,0.5
,20,Another step cut from the same linear candidate had a lower nonlinear RMS.,0.0005000000000000002,step_cut_discarded,8.869004273508365,102.92570550604701,0.25
,20,Another step cut from the same linear candidate had a lower nonlinear RMS.,0.0015811388300841903,step_cut_discarded,8.929153171955788,127.06368970347732,1.0
,20,Another step cut from the same linear candidate had a lower nonlinear RMS.,0.0015811388300841903,step_cut_discarded,8.875193756779938,106.38427731449674,0.5
,20,Another step cut from the same linear candidate had a lower nonlinear RMS.,0.0015811388300841903,step_cut_discarded,8.869120457472262,99.24998112235649,0.25
,20,Another step cut from the same linear candidate had a lower nonlinear RMS.,0.005000000000000003,step_cut_discarded,8.933772802871752,87.97816896605862,1.0
,20,Another step cut from the same linear candidate had a lower nonlinear RMS.,0.005000000000000003,step_cut_discarded,8.874563431513064,86.4759187737763,0.5
,20,Another step cut from the same linear candidate had a lower nonlinear RMS.,0.005000000000000003,step_cut_discarded,8.869111306932421,89.20440230899354,0.25
,20,Another step cut from the same linear candidate had a lower nonlinear RMS.,0.015811388300841903,step_cut_discarded,9.164539739014801,44.22557082011459,1.0
,20,Another step cut from the same linear candidate had a lower nonlinear RMS.,0.015811388300841903,step_cut_discarded,8.872522549391729,59.5976317553455,0.5
,20,Another step cut from the same linear candidate had a lower nonlinear RMS.,0.015811388300841903,step_cut_discarded,8.869049974642712,74.5147618134134,0.25
,20,Another step cut from the same linear candidate had a lower nonlinear RMS.,0.050000000000000024,step_cut_discarded,11.652106509681909,24.60800809780781,1.0
,20,Another step cut from the same linear candidate had a lower nonlinear RMS.,0.050000000000000024,step_cut_discarded,8.882276481768567,45.01274553134389,0.5
,20,Another step cut from the same linear candidate had a lower nonlinear RMS.,0.050000000000000024,step_cut_discarded,8.869422612106218,66.02829248570053,0.25
,20,Another step cut from the same linear candidate had a lower nonlinear RMS.,0.15811388300841903,step_cut_discarded,15.868366800600466,14.441363119106157,1.0
,20,Another step cut from the same linear candidate had a lower nonlinear RMS.,0.15811388300841903,step_cut_discarded,8.911940593762813,36.82835479013688,0.5
,20,Another step cut from the same linear candidate had a lower nonlinear RMS.,0.15811388300841903,step_cut_discarded,8.870296096497157,61.16083005213298,0.25
,20,Another step cut from the same linear candidate had a lower nonlinear RMS.,0.15811388300841903,step_cut_discarded,8.869049329648533,76.61181253975121,0.125
,20,Another step cut from the same linear candidate had a lower nonlinear RMS.,0.5000000000000002,step_cut_discarded,18.710200942175934,4.103074425185469,1.0
,20,Another step cut from the same linear candidate had a lower nonlinear RMS.,0.5000000000000002,step_cut_discarded,8.943409986699475,28.980826452016142,0.5
,20,Another step cut from the same linear candidate had a lower nonlinear RMS.,0.5000000000000002,step_cut_discarded,8.87162577201669,56.567469885282534,0.25
,20,Another step cut from the same linear candidate had a lower nonlinear RMS.,0.5000000000000002,step_cut_discarded,8.869362212037258,74.14773345687847,0.125
,20,Another step cut from the same linear candidate had a lower nonlinear RMS.,0.5000000000000002,step_cut_discarded,8.869072552589579,83.88460070641713,0.0625
,20,Another step cut from the same linear candidate had a lower nonlinear RMS.,0.5000000000000002,step_cut_discarded,8.869009330487422,88.98971819712166,0.03125
,20,Another step cut from the same linear candidate had a lower nonlinear RMS.,0.5000000000000002,step_cut_discarded,8.868992537905815,91.60144790895768,0.015625
,20,Another step cut from the same linear candidate had a lower nonlinear RMS.,0.5000000000000002,step_cut_discarded,8.86898746508046,92.92210550649668,0.0078125
,20,Another step cut from the same linear candidate had a lower nonlinear RMS.,1.5811388300841904,step_cut_discarded,21.24595555871292,0.8645315964511343,1.0
,20,Another step cut from the same linear candidate had a lower nonlinear RMS.,1.5811388300841904,step_cut_discarded,8.970772122162469,25.451647268137865,0.5
,20,Another step cut from the same linear candidate had a lower nonlinear RMS.,1.5811388300841904,step_cut_discarded,8.87294787759847,54.32540335096561,0.25
,20,Another step cut from the same linear candidate had a lower nonlinear RMS.,1.5811388300841904,step_cut_discarded,8.869648900693754,72.90733095412556,0.125
,20,Another step cut from the same linear candidate had a lower nonlinear RMS.,1.5811388300841904,step_cut_discarded,8.869172600761269,83.23455714614207,0.0625
,20,Another step cut from the same linear candidate had a lower nonlinear RMS.,1.5811388300841904,step_cut_discarded,8.869050938531315,88.65723583975945,0.03125
,20,Another step cut from the same linear candidate had a lower nonlinear RMS.,1.5811388300841904,step_cut_discarded,8.86901141120032,91.43334158597041,0.015625
,20,Another step cut from the same linear candidate had a lower nonlinear RMS.,1.5811388300841904,step_cut_discarded,8.86899643473484,92.83758605892648,0.0078125
,20,A different valid candidate better satisfied the Occam selection policy.,1.5811388300841904e-06,not_selected,8.868957884873204,106.2741130061937,0.25
,20,A different valid candidate better satisfied the Occam selection policy.,5.000000000000002e-06,not_selected,8.868957807363316,106.27404231473919,0.25
,20,A different valid candidate better satisfied the Occam selection policy.,1.5811388300841904e-05,not_selected,8.86895756234498,106.27381869080168,0.25
,20,A different valid candidate better satisfied the Occam selection policy.,5.0000000000000016e-05,not_selected,8.868956788678798,106.27311277424586,0.25
,20,A different valid candidate better satisfied the Occam selection policy.,0.00015811388300841905,not_selected,8.868954352878948,106.27088642292217,0.25
,20,A different valid candidate better satisfied the Occam selection policy.,0.0015811388300841903,not_selected,8.868806678966626,96.48418552687384,0.125
,20,A different valid candidate better satisfied the Occam selection policy.,0.005000000000000003,not_selected,8.868815634714895,91.43854623444167,0.125
,20,A different valid candidate better satisfied the Occam selection policy.,0.015811388300841903,not_selected,8.868839947930793,83.78110174006048,0.125
,20,A different valid candidate better satisfied the Occam selection policy.,0.050000000000000024,not_selected,8.868916896047189,79.23936052227602,0.125
,20,A different valid candidate better satisfied the Occam selection policy.,0.15811388300841903,not_selected,8.868950667095813,85.15848999771536,0.0625
,20,A different valid candidate better satisfied the Occam selection policy.,0.5000000000000002,not_selected,8.868985725757172,93.58613249067137,0.00390625
,20,A different valid candidate better satisfied the Occam selection policy.,1.5811388300841904,not_selected,8.8689900954723,93.54375619536715,0.00390625
